web_scraper_order,web_scraper_start_url,title,data,data2,data3,data4,data5,image,image2,item_page_title,item_page_link,Rate,Seller_Name,Seller_Rating,Available_Colors,Product_SKU,Product_Description,product title,original price,discount,final price,image_1,image_3,Spec,comment count,rezayat
"1771406630-1","https://www.digikala.com/search/category-digital-camera/?has_selling_stock=1","","","","","","","","","","","","","","","","","","","","","","","","",""
"1771406630-2","https://www.digikala.com/search/category-digital-camera/?has_selling_stock=1","","","","","","","","","","","","","","","","","","","","","","","","",""
"1771406630-3","https://www.digikala.com/search/category-digital-camera/?has_selling_stock=1","","","","","","","","","","","","","","","","","","","","","","","","",""
"1771406630-4","https://www.digikala.com/search/category-digital-camera/?has_selling_stock=1","","","","","","","","","","","","","","","","","","","","","","","","",""
"1771406630-5","https://www.digikala.com/search/category-digital-camera/?has_selling_stock=1","","","","","","","","","","","","","","","","","","","","","","","","",""
"1771406630-6","https://www.digikala.com/search/category-digital-camera/?has_selling_stock=1","","","","","","","","","","","","","","","","","","","","","","","","",""
"1771406630-7","https://www.digikala.com/search/category-digital-camera/?has_selling_stock=1","","","","","","","","","","","","","","","","","","","","","","","","",""
"1771406630-8","https://www.digikala.com/search/category-digital-camera/?has_selling_stock=1","","","","","","","","","","","","","","","","","","","","","","","","",""
"1771406630-9","https://www.digikala.com/search/category-digital-camera/?has_selling_stock=1","","","","","","","","","","","","","","","","","","","","","","","","",""
"1771406630-10","https://www.digikala.com/search/category-digital-camera/?has_selling_stock=1","","","","","","","","","","","","","","","","","","","","","","","","",""
"1771406630-11","https://www.digikala.com/search/category-digital-camera/?has_selling_stock=1","","","","","","","","","","","","","","","","","","","","","","","","",""
"1771406630-12","https://www.digikala.com/search/category-digital-camera/?has_selling_stock=1","","","","","","","","","","","","","","","","","","","","","","","","",""
"1771406630-13","https://www.digikala.com/search/category-digital-camera/?has_selling_stock=1","","","","","","","","","","","","","","","","","","","","","","","","",""
"1771406630-14","https://www.digikala.com/search/category-digital-camera/?has_selling_stock=1","","","","","","","","","","","","","","","","","","","","","","","","",""
"1771406630-15","https://www.digikala.com/search/category-digital-camera/?has_selling_stock=1","","","","","","","","","","","","","","","","","","","","","","","","",""
"1771406630-16","https://www.digikala.com/search/category-digital-camera/?has_selling_stock=1","","","","","","","","","","","","","","","","","","","","","","","","",""
"1771406630-17","https://www.digikala.com/search/category-digital-camera/?has_selling_stock=1","","","","","","","","","","","","","","","","","","","","","","","","",""
"1771406630-18","https://www.digikala.com/search/category-digital-camera/?has_selling_stock=1","","","","","","","","","","","","","","","","","","","","","","","","",""
"1771406630-19","https://www.digikala.com/search/category-digital-camera/?has_selling_stock=1","","","","","","","","","","","","","","","","","","","","","","","","",""
"1771406630-20","https://www.digikala.com/search/category-digital-camera/?has_selling_stock=1","","","","","","","","","","","","","","","","","","","","","","","","",""
"1771406630-21","https://www.digikala.com/search/category-digital-camera/?has_selling_stock=1","","","","","","","","","","","","","","","","","","","","","","","","",""
"1771406630-22","https://www.digikala.com/search/category-digital-camera/?has_selling_stock=1","","","","","","","","","","","","","","","","","","","","","","","","",""
"1771406630-23","https://www.digikala.com/search/category-digital-camera/?has_selling_stock=1","","","","","","","","","","","","","","","","","","","","","","","","",""
"1771406630-24","https://www.digikala.com/search/category-digital-camera/?has_selling_stock=1","","","","","","","","","","","","","","","","","","","","","","","","",""
"1771406630-25","https://www.digikala.com/search/category-digital-camera/?has_selling_stock=1","","","","","","","","","","","","","","","","","","","","","","","","",""
"1771406630-26","https://www.digikala.com/search/category-digital-camera/?has_selling_stock=1","","","","","","","","","","","","","","","","","","","","","","","","",""
"1771406630-27","https://www.digikala.com/search/category-digital-camera/?has_selling_stock=1","","","","","","","","","","","","","","","","","","","","","","","","",""
"1771406630-28","https://www.digikala.com/search/category-digital-camera/?has_selling_stock=1","","","","","","","","","","","","","","","","","","","","","","","","",""
"1771406630-29","https://www.digikala.com/search/category-digital-camera/?has_selling_stock=1","","","","","","","","","","","","","","","","","","","","","","","","",""
"1771406630-30","https://www.digikala.com/search/category-digital-camera/?has_selling_stock=1","","","","","","","","","","","","","","","","","","","","","","","","",""
"1771406630-31","https://www.digikala.com/search/category-digital-camera/?has_selling_stock=1","","","","","","","","","","","","","","","","","","","","","","","","",""
"1771406630-32","https://www.digikala.com/search/category-digital-camera/?has_selling_stock=1","","","","","","","","","","","","","","","","","","","","","","","","",""
"1771406630-33","https://www.digikala.com/search/category-digital-camera/?has_selling_stock=1","","","","","","","","","","","","","","","","","","","","","","","","",""
"1771406630-34","https://www.digikala.com/search/category-digital-camera/?has_selling_stock=1","","","","","","","","","","","","","","","","","","","","","","","","",""
"1771406630-35","https://www.digikala.com/search/category-digital-camera/?has_selling_stock=1","","","","","","","","","","","","","","","","","","","","","","","","",""
"1771406630-36","https://www.digikala.com/search/category-digital-camera/?has_selling_stock=1","","","","","","","","","","","","","","","","","","","","","","","","",""
"1771406630-37","https://www.digikala.com/search/category-digital-camera/?has_selling_stock=1","","","","","","","","","","","","","","","","","","","","","","","","",""
"1771406630-38","https://www.digikala.com/search/category-digital-camera/?has_selling_stock=1","","","","","","","","","","","","","","","","","","","","","","","","",""
"1771406630-39","https://www.digikala.com/search/category-digital-camera/?has_selling_stock=1","","","","","","","","","","","","","","","","","","","","","","","","",""
"1771406630-40","https://www.digikala.com/search/category-digital-camera/?has_selling_stock=1","","","","","","","","","","","","","","","","","","","","","","","","",""
"1771406630-41","https://www.digikala.com/search/category-digital-camera/?has_selling_stock=1","","","","","","","","","","","","","","","","","","","","","","","","",""
"1771406630-42","https://www.digikala.com/search/category-digital-camera/?has_selling_stock=1","","","","","","","","","","","","","","","","","","","","","","","","",""
"1771406630-43","https://www.digikala.com/search/category-digital-camera/?has_selling_stock=1","","","","","","","","","","","","","","","","","","","","","","","","",""
"1771406630-44","https://www.digikala.com/search/category-digital-camera/?has_selling_stock=1","","","","","","","","","","","","","","","","","","","","","","","","",""
"1771406630-45","https://www.digikala.com/search/category-digital-camera/?has_selling_stock=1","","","","","","","","","","","","","","","","","","","","","","","","",""
"1771406630-46","https://www.digikala.com/search/category-digital-camera/?has_selling_stock=1","","","","","","","","","","","","","","","","","","","","","","","","",""
"1771406630-47","https://www.digikala.com/search/category-digital-camera/?has_selling_stock=1","","","","","","","","","","","","","","","","","","","","","","","","",""
"1771406630-48","https://www.digikala.com/search/category-digital-camera/?has_selling_stock=1","","","","","","","","","","","","","","","","","","","","","","","","",""
"1771406630-49","https://www.digikala.com/search/category-digital-camera/?has_selling_stock=1","","","","","","","","","","","","","","","","","","","","","","","","",""
"1771406630-50","https://www.digikala.com/search/category-digital-camera/?has_selling_stock=1","","","","","","","","","","","","","","","","","","","","","","","","",""
"1771406630-51","https://www.digikala.com/search/category-digital-camera/?has_selling_stock=1","","","","","","","","","","","","","","","","","","","","","","","","",""
"1771406630-52","https://www.digikala.com/search/category-digital-camera/?has_selling_stock=1","","","","","","","","","","","","","","","","","","","","","","","","",""
"1771406630-53","https://www.digikala.com/search/category-digital-camera/?has_selling_stock=1","","","","","","","","","","","","","","","","","","","","","","","","",""
"1771406630-54","https://www.digikala.com/search/category-digital-camera/?has_selling_stock=1","","","","","","","","","","","","","","","","","","","","","","","","",""
"1771406630-55","https://www.digikala.com/search/category-digital-camera/?has_selling_stock=1","","","","","","","","","","","","","","","","","","","","","","","","",""
"1771406630-56","https://www.digikala.com/search/category-digital-camera/?has_selling_stock=1","","","","","","","","","","","","","","","","","","","","","","","","",""
"1771406630-57","https://www.digikala.com/search/category-digital-camera/?has_selling_stock=1","","","","","","","","","","","","","","","","","","","","","","","","",""
"1771406630-58","https://www.digikala.com/search/category-digital-camera/?has_selling_stock=1","","","","","","","","","","","","","","","","","","","","","","","","",""
"1771406630-59","https://www.digikala.com/search/category-digital-camera/?has_selling_stock=1","","","","","","","","","","","","","","","","","","","","","","","","",""
"1771406630-60","https://www.digikala.com/search/category-digital-camera/?has_selling_stock=1","","","","","","","","","","","","","","","","","","","","","","","","",""
"1771406630-61","https://www.digikala.com/search/category-digital-camera/?has_selling_stock=1","","","","","","","","","","","","","","","","","","","","","","","","",""
"1771406630-62","https://www.digikala.com/search/category-digital-camera/?has_selling_stock=1","","","","","","","","","","","","","","","","","","","","","","","","",""
"1771406630-63","https://www.digikala.com/search/category-digital-camera/?has_selling_stock=1","","","","","","","","","","","","","","","","","","","","","","","","",""
"1771406630-64","https://www.digikala.com/search/category-digital-camera/?has_selling_stock=1","","","","","","","","","","","","","","","","","","","","","","","","",""
"1771406630-65","https://www.digikala.com/search/category-digital-camera/?has_selling_stock=1","","","","","","","","","","","","","","","","","","","","","","","","",""
"1771406630-66","https://www.digikala.com/search/category-digital-camera/?has_selling_stock=1","","","","","","","","","","","","","","","","","","","","","","","","",""
"1771406630-67","https://www.digikala.com/search/category-digital-camera/?has_selling_stock=1","","","","","","","","","","","","","","","","","","","","","","","","",""
"1771406630-68","https://www.digikala.com/search/category-digital-camera/?has_selling_stock=1","","","","","","","","","","","","","","","","","","","","","","","","",""
"1771406630-69","https://www.digikala.com/search/category-digital-camera/?has_selling_stock=1","","","","","","","","","","","","","","","","","","","","","","","","",""
"1771406630-70","https://www.digikala.com/search/category-digital-camera/?has_selling_stock=1","","","","","","","","","","","","","","","","","","","","","","","","",""
"1771406630-71","https://www.digikala.com/search/category-digital-camera/?has_selling_stock=1","","","","","","","","","","","","","","","","","","","","","","","","",""
"1771406630-72","https://www.digikala.com/search/category-digital-camera/?has_selling_stock=1","","","","","","","","","","","","","","","","","","","","","","","","",""
"1771406630-73","https://www.digikala.com/search/category-digital-camera/?has_selling_stock=1","","","","","","","","","","","","","","","","","","","","","","","","",""
"1771406630-74","https://www.digikala.com/search/category-digital-camera/?has_selling_stock=1","","","","","","","","","","","","","","","","","","","","","","","","",""
"1771406630-75","https://www.digikala.com/search/category-digital-camera/?has_selling_stock=1","","","","","","","","","","","","","","","","","","","","","","","","",""
"1771406630-76","https://www.digikala.com/search/category-digital-camera/?has_selling_stock=1","","","","","","","","","","","","","","","","","","","","","","","","",""
"1771406630-77","https://www.digikala.com/search/category-digital-camera/?has_selling_stock=1","","","","","","","","","","","","","","","","","","","","","","","","",""
"1771406630-78","https://www.digikala.com/search/category-digital-camera/?has_selling_stock=1","","","","","","","","","","","","","","","","","","","","","","","","",""
"1771406630-79","https://www.digikala.com/search/category-digital-camera/?has_selling_stock=1","","","","","","","","","","","","","","","","","","","","","","","","",""
"1771406630-80","https://www.digikala.com/search/category-digital-camera/?has_selling_stock=1","","","","","","","","","","","","","","","","","","","","","","","","",""
"1771406630-81","https://www.digikala.com/search/category-digital-camera/?has_selling_stock=1","","","","","","","","","","","","","","","","","","","","","","","","",""
"1771406630-82","https://www.digikala.com/search/category-digital-camera/?has_selling_stock=1","","","","","","","","","","","","","","","","","","","","","","","","",""
"1771406630-83","https://www.digikala.com/search/category-digital-camera/?has_selling_stock=1","","","","","","","","","","","","","","","","","","","","","","","","",""
"1771406630-84","https://www.digikala.com/search/category-digital-camera/?has_selling_stock=1","","","","","","","","","","","","","","","","","","","","","","","","",""
"1771406630-85","https://www.digikala.com/search/category-digital-camera/?has_selling_stock=1","","","","","","","","","","","","","","","","","","","","","","","","",""
"1771406630-86","https://www.digikala.com/search/category-digital-camera/?has_selling_stock=1","","","","","","","","","","","","","","","","","","","","","","","","",""
"1771406630-87","https://www.digikala.com/search/category-digital-camera/?has_selling_stock=1","","","","","","","","","","","","","","","","","","","","","","","","",""
"1771406630-88","https://www.digikala.com/search/category-digital-camera/?has_selling_stock=1","","","","","","","","","","","","","","","","","","","","","","","","",""
"1771406630-89","https://www.digikala.com/search/category-digital-camera/?has_selling_stock=1","","","","","","","","","","","","","","","","","","","","","","","","",""
"1771406630-90","https://www.digikala.com/search/category-digital-camera/?has_selling_stock=1","","","","","","","","","","","","","","","","","","","","","","","","",""
"1771406630-91","https://www.digikala.com/search/category-digital-camera/?has_selling_stock=1","","","","","","","","","","","","","","","","","","","","","","","","",""
"1771406630-92","https://www.digikala.com/search/category-digital-camera/?has_selling_stock=1","","","","","","","","","","","","","","","","","","","","","","","","",""
"1771406630-93","https://www.digikala.com/search/category-digital-camera/?has_selling_stock=1","","","","","","","","","","","","","","","","","","","","","","","","",""
"1771406630-94","https://www.digikala.com/search/category-digital-camera/?has_selling_stock=1","","","","","","","","","","","","","","","","","","","","","","","","",""
"1771406630-95","https://www.digikala.com/search/category-digital-camera/?has_selling_stock=1","","","","","","","","","","","","","","","","","","","","","","","","",""
"1771406630-96","https://www.digikala.com/search/category-digital-camera/?has_selling_stock=1","","","","","","","","","","","","","","","","","","","","","","","","",""
"1771406630-97","https://www.digikala.com/search/category-digital-camera/?has_selling_stock=1","","","","","","","","","","","","","","","","","","","","","","","","",""
"1771406630-98","https://www.digikala.com/search/category-digital-camera/?has_selling_stock=1","","","","","","","","","","","","","","","","","","","","","","","","",""
"1771406630-99","https://www.digikala.com/search/category-digital-camera/?has_selling_stock=1","","","","","","","","","","","","","","","","","","","","","","","","",""
"1771406630-100","https://www.digikala.com/search/category-digital-camera/?has_selling_stock=1","","","","","","","","","","","","","","","","","","","","","","","","",""
"1771406630-101","https://www.digikala.com/search/category-digital-camera/?has_selling_stock=1","","","","","","","","","","","","","","","","","","","","","","","","",""
"1771406630-102","https://www.digikala.com/search/category-digital-camera/?has_selling_stock=1","","","","","","","","","","","","","","","","","","","","","","","","",""
"1771406630-103","https://www.digikala.com/search/category-digital-camera/?has_selling_stock=1","","","","","","","","","","","","","","","","","","","","","","","","",""
"1771406630-104","https://www.digikala.com/search/category-digital-camera/?has_selling_stock=1","","","","","","","","","","","","","","","","","","","","","","","","",""
"1771406630-105","https://www.digikala.com/search/category-digital-camera/?has_selling_stock=1","","","","","","","","","","","","","","","","","","","","","","","","",""
"1771406630-106","https://www.digikala.com/search/category-digital-camera/?has_selling_stock=1","","","","","","","","","","","","","","","","","","","","","","","","",""
"1771406630-107","https://www.digikala.com/search/category-digital-camera/?has_selling_stock=1","","","","","","","","","","","","","","","","","","","","","","","","",""
"1771406630-108","https://www.digikala.com/search/category-digital-camera/?has_selling_stock=1","","","","","","","","","","","","","","","","","","","","","","","","",""
"1771406630-109","https://www.digikala.com/search/category-digital-camera/?has_selling_stock=1","","","","","","","","","","","","","","","","","","","","","","","","",""
"1771406630-110","https://www.digikala.com/search/category-digital-camera/?has_selling_stock=1","","","","","","","","","","","","","","","","","","","","","","","","",""
"1771406630-111","https://www.digikala.com/search/category-digital-camera/?has_selling_stock=1","","","","","","","","","","","","","","","","","","","","","","","","",""
"1771406630-112","https://www.digikala.com/search/category-digital-camera/?has_selling_stock=1","","","","","","","","","","","","","","","","","","","","","","","","",""
"1771406630-113","https://www.digikala.com/search/category-digital-camera/?has_selling_stock=1","","","","","","","","","","","","","","","","","","","","","","","","",""
"1771406630-114","https://www.digikala.com/search/category-digital-camera/?has_selling_stock=1","","","","","","","","","","","","","","","","","","","","","","","","",""
"1771406630-115","https://www.digikala.com/search/category-digital-camera/?has_selling_stock=1","","","","","","","","","","","","","","","","","","","","","","","","",""
"1771406630-116","https://www.digikala.com/search/category-digital-camera/?has_selling_stock=1","","","","","","","","","","","","","","","","","","","","","","","","",""
"1771406630-117","https://www.digikala.com/search/category-digital-camera/?has_selling_stock=1","","","","","","","","","","","","","","","","","","","","","","","","",""
"1771406630-118","https://www.digikala.com/search/category-digital-camera/?has_selling_stock=1","","","","","","","","","","","","","","","","","","","","","","","","",""
"1771406630-119","https://www.digikala.com/search/category-digital-camera/?has_selling_stock=1","","","","","","","","","","","","","","","","","","","","","","","","",""
"1771406630-120","https://www.digikala.com/search/category-digital-camera/?has_selling_stock=1","","","","","","","","","","","","","","","","","","","","","","","","",""
"1771406630-121","https://www.digikala.com/search/category-digital-camera/?has_selling_stock=1","","","","","","","","","","","","","","","","","","","","","","","","",""
"1771406630-122","https://www.digikala.com/search/category-digital-camera/?has_selling_stock=1","","","","","","","","","","","","","","","","","","","","","","","","",""
"1771406630-123","https://www.digikala.com/search/category-digital-camera/?has_selling_stock=1","","","","","","","","","","","","","","","","","","","","","","","","",""
"1771406630-124","https://www.digikala.com/search/category-digital-camera/?has_selling_stock=1","","","","","","","","","","","","","","","","","","","","","","","","",""
"1771406630-125","https://www.digikala.com/search/category-digital-camera/?has_selling_stock=1","","","","","","","","","","","","","","","","","","","","","","","","",""
"1771406630-126","https://www.digikala.com/search/category-digital-camera/?has_selling_stock=1","","","","","","","","","","","","","","","","","","","","","","","","",""
"1771406630-127","https://www.digikala.com/search/category-digital-camera/?has_selling_stock=1","","","","","","","","","","","","","","","","","","","","","","","","",""
"1771406630-128","https://www.digikala.com/search/category-digital-camera/?has_selling_stock=1","","","","","","","","","","","","","","","","","","","","","","","","",""
"1771406630-129","https://www.digikala.com/search/category-digital-camera/?has_selling_stock=1","","","","","","","","","","","","","","","","","","","","","","","","",""
"1771406630-130","https://www.digikala.com/search/category-digital-camera/?has_selling_stock=1","","","","","","","","","","","","","","","","","","","","","","","","",""
"1771406630-131","https://www.digikala.com/search/category-digital-camera/?has_selling_stock=1","","","","","","","","","","","","","","","","","","","","","","","","",""
"1771406630-132","https://www.digikala.com/search/category-digital-camera/?has_selling_stock=1","","","","","","","","","","","","","","","","","","","","","","","","",""
"1771406630-133","https://www.digikala.com/search/category-digital-camera/?has_selling_stock=1","","","","","","","","","","","","","","","","","","","","","","","","",""
"1771406630-134","https://www.digikala.com/search/category-digital-camera/?has_selling_stock=1","","","","","","","","","","","","","","","","","","","","","","","","",""
"1771406630-135","https://www.digikala.com/search/category-digital-camera/?has_selling_stock=1","","","","","","","","","","","","","","","","","","","","","","","","",""
"1771406630-136","https://www.digikala.com/search/category-digital-camera/?has_selling_stock=1","","","","","","","","","","","","","","","","","","","","","","","","",""
"1771406630-137","https://www.digikala.com/search/category-digital-camera/?has_selling_stock=1","","","","","","","","","","","","","","","","","","","","","","","","",""
"1771406630-138","https://www.digikala.com/search/category-digital-camera/?has_selling_stock=1","","","","","","","","","","","","","","","","","","","","","","","","",""
"1771406630-139","https://www.digikala.com/search/category-digital-camera/?has_selling_stock=1","","","","","","","","","","","","","","","","","","","","","","","","",""
"1771406630-140","https://www.digikala.com/search/category-digital-camera/?has_selling_stock=1","","","","","","","","","","","","","","","","","","","","","","","","",""
"1771406630-141","https://www.digikala.com/search/category-digital-camera/?has_selling_stock=1","","","","","","","","","","","","","","","","","","","","","","","","",""
"1771406630-142","https://www.digikala.com/search/category-digital-camera/?has_selling_stock=1","","","","","","","","","","","","","","","","","","","","","","","","",""
"1771406630-143","https://www.digikala.com/search/category-digital-camera/?has_selling_stock=1","","","","","","","","","","","","","","","","","","","","","","","","",""
"1771406630-144","https://www.digikala.com/search/category-digital-camera/?has_selling_stock=1","","","","","","","","","","","","","","","","","","","","","","","","",""
"1771406630-145","https://www.digikala.com/search/category-digital-camera/?has_selling_stock=1","","","","","","","","","","","","","","","","","","","","","","","","",""
"1771406630-146","https://www.digikala.com/search/category-digital-camera/?has_selling_stock=1","","","","","","","","","","","","","","","","","","","","","","","","",""
"1771406630-147","https://www.digikala.com/search/category-digital-camera/?has_selling_stock=1","","","","","","","","","","","","","","","","","","","","","","","","",""
"1771406630-148","https://www.digikala.com/search/category-digital-camera/?has_selling_stock=1","","","","","","","","","","","","","","","","","","","","","","","","",""
"1771406630-149","https://www.digikala.com/search/category-digital-camera/?has_selling_stock=1","","","","","","","","","","","","","","","","","","","","","","","","",""
"1771406630-150","https://www.digikala.com/search/category-digital-camera/?has_selling_stock=1","","","","","","","","","","","","","","","","","","","","","","","","",""
"1771406630-151","https://www.digikala.com/search/category-digital-camera/?has_selling_stock=1","","","","","","","","","","","","","","","","","","","","","","","","",""
"1771406630-152","https://www.digikala.com/search/category-digital-camera/?has_selling_stock=1","","","","","","","","","","","","","","","","","","","","","","","","",""
"1771406630-153","https://www.digikala.com/search/category-digital-camera/?has_selling_stock=1","","","","","","","","","","","","","","","","","","","","","","","","",""
"1771406630-154","https://www.digikala.com/search/category-digital-camera/?has_selling_stock=1","","","","","","","","","","","","","","","","","","","","","","","","",""
"1771406630-155","https://www.digikala.com/search/category-digital-camera/?has_selling_stock=1","","","","","","","","","","","","","","","","","","","","","","","","",""
"1771406630-156","https://www.digikala.com/search/category-digital-camera/?has_selling_stock=1","","","","","","","","","","","","","","","","","","","","","","","","",""
"1771406630-157","https://www.digikala.com/search/category-digital-camera/?has_selling_stock=1","","","","","","","","","","","","","","","","","","","","","","","","",""
"1771406632-158","https://www.digikala.com/search/category-digital-camera/?has_selling_stock=1","دوربین دیجیتال کانن مدل EOS 2000D BODY","۴۹,۹۴۹,۴۴۰","","","۵","&nbsp;","","","دوربین دیجیتال کانن مدل EOS 2000D BODY&nbsp;
۵۴۹,۹۴۹,۴۴۰","https://www.digikala.com/product/dkp-4095216/%D8%AF%D9%88%D8%B1%D8%A8%DB%8C%D9%86-%D8%AF%DB%8C%D8%AC%DB%8C%D8%AA%D8%A7%D9%84-%DA%A9%D8%A7%D9%86%D9%86-%D9%85%D8%AF%D9%84-eos-2000d-body/","۵","آل قاچ","خوب","مشکی","DKP-4095216","دوربین حرفه‌ای یا گوشی؟؟؟","دوربین دیجیتال کانن مدل EOS 2000D BODY","۴۹,۹۴۹,۴۴۰","","","https://dkstatics-public.digikala.com/digikala-products/427900f4ea7259bdc174ba9d01f7a259cc772cee_1754244052.jpg?x-oss-process=image/resize,m_lfit,h_800,w_800/quality,q_90
https://dkstatics-public.digikala.com/digikala-products/427900f4ea7259bdc174ba9d01f7a259cc772cee_1754244052.jpg?x-oss-process=image/resize,m_lfit,h_800,w_800/quality,q_90
https://dkstatics-public.digikala.com/digikala-products/85eb6bbaf4884afeee2c6ea9cc02443189f41d20_1609057135.jpg?x-oss-process=image/resize,m_lfit,h_800,w_800/quality,q_90
https://dkstatics-public.digikala.com/digikala-products/427900f4ea7259bdc174ba9d01f7a259cc772cee_1754244052.jpg?x-oss-process=image/resize,m_lfit,h_800,w_800/quality,q_90","https://dkstatics-public.digikala.com/digikala-products/427900f4ea7259bdc174ba9d01f7a259cc772cee_1754244052.jpg?x-oss-process=image/resize,m_lfit,h_800,w_800/quality,q_90","مشخصات ظاهری و کلینوع کیت دوربینفقط بدنه‌ی دوربین بدون لنز نوع دوربین عکاسیDSLR با لنز قابل تعویض مدلEOS ۲۰۰۰D سطح کاربریمبتدی ابعاد۱۲۹x۱۰۱x۷۷ میلی‌متروزن۴۲۷ گرموزن دوربین با باتری و کارت‌حافظه۴۷۵ گرمجنس بدنهپلی‌کربنات مانت لنزCanon-EF-S اقلام همراه دوربینباتری","۱ دیدگاه",""
"1771406634-159","https://www.digikala.com/search/category-digital-camera/?has_selling_stock=1","دوربین دیجیتال کانن مدل EOS 850D به همراه لنز 55-18 میلی متر IS STM","۱۴۵,۰۰۰,۰۰۰","","","۴","تنها ۲ عدد در انبار باقی مانده","","","دوربین دیجیتال کانن مدل EOS 850D به همراه لنز 55-18 میلی متر IS STMتنها ۲ عدد در انبار باقی مانده
۴۱۴۵,۰۰۰,۰۰۰","https://www.digikala.com/product/dkp-4265550/%D8%AF%D9%88%D8%B1%D8%A8%DB%8C%D9%86-%D8%AF%DB%8C%D8%AC%DB%8C%D8%AA%D8%A7%D9%84-%DA%A9%D8%A7%D9%86%D9%86-%D9%85%D8%AF%D9%84-eos-850d-%D8%A8%D9%87-%D9%87%D9%85%D8%B1%D8%A7%D9%87-%D9%84%D9%86%D8%B2-55-18-%D9%85%DB%8C%D9%84%DB%8C-%D9%85%D8%AA%D8%B1-is-stm/","۴","مدیاکمرا","","مشکی","DKP-4265550","نگاهی به مزایای فنی و طراحی کانن EOS 850D","دوربین دیجیتال کانن مدل EOS 850D به همراه لنز 55-18 میلی متر IS STM","۱۴۵,۰۰۰,۰۰۰","","","https://dkstatics-public.digikala.com/digikala-products/e4b9e853768375cd478e24741656d45015b9e35e_1760949516.jpg?x-oss-process=image/resize,m_lfit,h_800,w_800/quality,q_90
https://dkstatics-public.digikala.com/digikala-products/e4b9e853768375cd478e24741656d45015b9e35e_1760949516.jpg?x-oss-process=image/resize,m_lfit,h_800,w_800/quality,q_90
https://dkstatics-public.digikala.com/digikala-products/7dbcc0a5aead562f7409143a3e3f8a9bfba2cd0f_1754244184.jpg?x-oss-process=image/resize,m_lfit,h_800,w_800/quality,q_90
https://dkstatics-public.digikala.com/digikala-products/e4b9e853768375cd478e24741656d45015b9e35e_1760949516.jpg?x-oss-process=image/resize,m_lfit,h_800,w_800/quality,q_90","https://dkstatics-public.digikala.com/digikala-products/e4b9e853768375cd478e24741656d45015b9e35e_1760949516.jpg?x-oss-process=image/resize,m_lfit,h_800,w_800/quality,q_90","مشخصات ظاهری و کلینوع کیت دوربیندوربین با لنز قابل تعویض نوع دوربین عکاسیDSLR با لنز قابل تعویض مدلEOS ۸۵۰D سطح کاربریمبتدی ابعاد۱۳۱x۱۰۳x۷۶ میلی‌متروزن۴۷۱ گرمجنس بدنهپلی‌کربنات مانت لنزCanon-EF-S اقلام همراه دوربینباتری","۳ دیدگاه",""
"1771406643-160","https://www.digikala.com/search/category-digital-camera/?has_selling_stock=1","دوربین دیجیتال الیمپوس مدل Stylus VG-180","۲۵,۳۸۰,۰۰۰","۲۸,۲۰۰,۰۰۰","۱۰٪","","تنها ۱ عدد در انبار باقی مانده","","","دوربین دیجیتال الیمپوس مدل Stylus VG-180تنها ۱ عدد در انبار باقی مانده
۱۰٪۲۵,۳۸۰,۰۰۰۲۸,۲۰۰,۰۰۰","https://www.digikala.com/product/dkp-45354/%D8%AF%D9%88%D8%B1%D8%A8%DB%8C%D9%86-%D8%AF%DB%8C%D8%AC%DB%8C%D8%AA%D8%A7%D9%84-%D8%A7%D9%84%DB%8C%D9%85%D9%BE%D9%88%D8%B3-%D9%85%D8%AF%D9%84-stylus-vg-180/","","حافظ تیم","خیلی خوب","مشکی","DKP-45354","","دوربین دیجیتال الیمپوس مدل Stylus VG-180","۲۸,۲۰۰,۰۰۰","۱۰٪","۲۵,۳۸۰,۰۰۰","https://dkstatics-public.digikala.com/digikala-products/187536.jpg?x-oss-process=image/resize,m_lfit,h_800,w_800/quality,q_90
https://dkstatics-public.digikala.com/digikala-products/187536.jpg?x-oss-process=image/resize,m_lfit,h_800,w_800/quality,q_90
https://dkstatics-public.digikala.com/digikala-products/187608.jpg?x-oss-process=image/resize,m_lfit,h_800,w_800/quality,q_90
https://dkstatics-public.digikala.com/digikala-products/187685.jpg?x-oss-process=image/resize,m_lfit,h_800,w_800/quality,q_90
https://dkstatics-public.digikala.com/digikala-products/187536.jpg?x-oss-process=image/resize,m_lfit,h_800,w_800/quality,q_90","https://dkstatics-public.digikala.com/digikala-products/187536.jpg?x-oss-process=image/resize,m_lfit,h_800,w_800/quality,q_90","مشخصات ظاهری و کلیوزن۱۲۲ گرم","۳ دیدگاه",""
"1771406645-161","https://www.digikala.com/search/category-digital-camera/?has_selling_stock=1","دوربین دیجیتال کانن مدل EOS 850D به همراه لنز 18-135 میلی متر IS USM","۱۵۷,۹۰۰,۰۰۰","","","۴.۲","تنها ۱ عدد در انبار باقی مانده","","","دوربین دیجیتال کانن مدل EOS 850D به همراه لنز 18-135 میلی متر IS USM تنها ۱ عدد در انبار باقی مانده
۴.۲۱۵۷,۹۰۰,۰۰۰","https://www.digikala.com/product/dkp-3544365/%D8%AF%D9%88%D8%B1%D8%A8%DB%8C%D9%86-%D8%AF%DB%8C%D8%AC%DB%8C%D8%AA%D8%A7%D9%84-%DA%A9%D8%A7%D9%86%D9%86-%D9%85%D8%AF%D9%84-eos-850d-%D8%A8%D9%87-%D9%87%D9%85%D8%B1%D8%A7%D9%87-%D9%84%D9%86%D8%B2-18-135-%D9%85%DB%8C%D9%84%DB%8C-%D9%85%D8%AA%D8%B1-is-usm/","۴.۲","ستاره سهیل پارسا","عالی","مشکی","DKP-3544365","نگاهی به مزایای فنی و طراحی کانن EOS 850D","دوربین دیجیتال کانن مدل EOS 850D به همراه لنز 18-135 میلی متر IS USM","۱۵۷,۹۰۰,۰۰۰","","","https://dkstatics-public.digikala.com/digikala-products/275c24950bc9d84a614442cd6fd758ce77589ae9_1751008586.jpg?x-oss-process=image/resize,m_lfit,h_800,w_800/quality,q_90
https://dkstatics-public.digikala.com/digikala-products/275c24950bc9d84a614442cd6fd758ce77589ae9_1751008586.jpg?x-oss-process=image/resize,m_lfit,h_800,w_800/quality,q_90
https://dkstatics-public.digikala.com/digikala-products/5f5f209fd1b424787e841986245422885fe95304_1754243648.jpg?x-oss-process=image/resize,m_lfit,h_800,w_800/quality,q_90
https://dkstatics-public.digikala.com/digikala-products/7274ed6ee0a177dc7f09b001ae42f5ba0a4c403d_1751982629.jpg?x-oss-process=image/resize,m_lfit,h_800,w_800/quality,q_90
https://dkstatics-public.digikala.com/digikala-products/275c24950bc9d84a614442cd6fd758ce77589ae9_1751008586.jpg?x-oss-process=image/resize,m_lfit,h_800,w_800/quality,q_90","https://dkstatics-public.digikala.com/digikala-products/275c24950bc9d84a614442cd6fd758ce77589ae9_1751008586.jpg?x-oss-process=image/resize,m_lfit,h_800,w_800/quality,q_90","مشخصات ظاهری و کلینوع کیت دوربیندوربین با لنز قابل تعویض نوع دوربین عکاسیDSLR با لنز قابل تعویض مدلEOS ۸۵۰D سطح کاربریمبتدی ابعاد۱۳۱x۱۰۳x۷۶ میلی‌متروزن۴۷۱ گرموزن دوربین با باتری و کارت‌حافظه۵۱۵ گرمجنس بدنهپلی‌کربنات مانت لنزCanon-EF-S اقلام همراه دوربینباتری","۳۰ دیدگاه",""
"1771406648-162","https://www.digikala.com/search/category-digital-camera/?has_selling_stock=1","دوربین دیجیتال نیکون مدل Coolpix S4200","۲۵,۰۰۰,۰۰۰","","","","تنها ۱ عدد در انبار باقی مانده","","","دوربین دیجیتال نیکون مدل Coolpix S4200تنها ۱ عدد در انبار باقی مانده
۲۵,۰۰۰,۰۰۰","https://www.digikala.com/product/dkp-18246298/%D8%AF%D9%88%D8%B1%D8%A8%DB%8C%D9%86-%D8%AF%DB%8C%D8%AC%DB%8C%D8%AA%D8%A7%D9%84-%D9%86%DB%8C%DA%A9%D9%88%D9%86-%D9%85%D8%AF%D9%84-coolpix-s4200/","","دوربین کام","عالی","مشکی","DKP-18246298","دوربین دیجیتال نیکون مدل Coolpix S4200 یکی از محصولات خوش‌ساخت و محبوب در رده دوربین‌های کامپکت است که برای کاربران مبتدی و علاقه‌مندان به عکاسی روزمره طراحی شده است. طراحی ظاهری آن ساده، ظریف و در عین حال مقاوم است؛ بدنه فلزی با ابعاد ۹۵.۵x۵۹x۲۱ میلی‌متر و وزن ۱۳۹ گرم احساس استحکام و کیفیت را به کاربر منتقل می‌کند، در حالی که اندازه کوچک و سبک آن حمل آسان در کیف یا جیب را ممکن می‌سازد. این دوربین به‌عنوان یک دستگاه همه‌کاره خانوادگی، ترکیبی از کاربری ساده، عملکرد سریع و کیفی ...","دوربین دیجیتال نیکون مدل Coolpix S4200","۲۵,۰۰۰,۰۰۰","","","https://dkstatics-public.digikala.com/digikala-products/0d1e330d04529d60d9bdb6855d4f5ef04b58c0bd_1754239979.jpg?x-oss-process=image/resize,m_lfit,h_800,w_800/quality,q_90
https://dkstatics-public.digikala.com/digikala-products/0d1e330d04529d60d9bdb6855d4f5ef04b58c0bd_1754239979.jpg?x-oss-process=image/resize,m_lfit,h_800,w_800/quality,q_90
https://dkstatics-public.digikala.com/digikala-products/6074beeb6d33dc7cd3186b29103938e92f741e10_1738834269.jpg?x-oss-process=image/resize,m_lfit,h_800,w_800/quality,q_90
https://dkstatics-public.digikala.com/digikala-products/4bb7f037b2580a2737016f225fad60c90db6b35c_1738834277.jpg?x-oss-process=image/resize,m_lfit,h_800,w_800/quality,q_90
https://dkstatics-public.digikala.com/digikala-products/0d1e330d04529d60d9bdb6855d4f5ef04b58c0bd_1754239979.jpg?x-oss-process=image/resize,m_lfit,h_800,w_800/quality,q_90","https://dkstatics-public.digikala.com/digikala-products/0d1e330d04529d60d9bdb6855d4f5ef04b58c0bd_1754239979.jpg?x-oss-process=image/resize,m_lfit,h_800,w_800/quality,q_90","مشخصات ظاهری و کلینوع کیت دوربیندوربین با لنز غیرقابل تعویض نوع دوربین عکاسیکامپکت مدلCoolpix S۴۲۰۰ سطح کاربریمبتدی ابعاد۹۵.۵x۵۹x۲۱ میلی‌متروزن۱۳۹ گرمجنس بدنهفلز اقلام همراه دوربینباتری","",""
"1771406650-163","https://www.digikala.com/search/category-digital-camera/?has_selling_stock=1","دوربین دیجیتال سامسونگ مدل WB2100","۴۳,۰۲۰,۰۰۰","۴۷,۸۰۰,۰۰۰","۱۰٪","۳.۶","تنها ۱ عدد در انبار باقی مانده","","","دوربین دیجیتال سامسونگ مدل WB2100تنها ۱ عدد در انبار باقی مانده
۳.۶۱۰٪۴۳,۰۲۰,۰۰۰۴۷,۸۰۰,۰۰۰","https://www.digikala.com/product/dkp-38437/%D8%AF%D9%88%D8%B1%D8%A8%DB%8C%D9%86-%D8%AF%DB%8C%D8%AC%DB%8C%D8%AA%D8%A7%D9%84-%D8%B3%D8%A7%D9%85%D8%B3%D9%88%D9%86%DA%AF-%D9%85%D8%AF%D9%84-wb2100/","۳.۶","حافظ تیم","خیلی خوب","مشکی","DKP-38437","می‌خواهیم عکس خوب بگیریم. می‌خواهیم خوب عکس بگیریم. به همین سادگی. ثبت کردن لحظه‌های خوب یکی از قشنگ‌ترین کارهایی است که می‌توانیم بکنیم. حالا به لطف دوربین‌های دیجیتال، خاطره بازی ساده‌تر و لذت‌بخش‌تر از همیشه شده. کمپانی‌های بزرگ ابزارهایی را در اختیار ما گذاشته‌اند که با کمی آموزش و البته کمی ذوق و سلیقه می‌توانیم قاب‌هایی را ثبت کنیم و سال‌های سال از مرور کردن آن لحظه‌های ثبت شده لذت ببریم. در سال& ...","دوربین دیجیتال سامسونگ مدل WB2100","۴۷,۸۰۰,۰۰۰","۱۰٪","۴۳,۰۲۰,۰۰۰","https://dkstatics-public.digikala.com/digikala-products/d722008e049f9f1d2b7666374fcf7aa79e59752f_1753697489.jpg?x-oss-process=image/resize,m_lfit,h_800,w_800/quality,q_90
https://dkstatics-public.digikala.com/digikala-products/d722008e049f9f1d2b7666374fcf7aa79e59752f_1753697489.jpg?x-oss-process=image/resize,m_lfit,h_800,w_800/quality,q_90
https://dkstatics-public.digikala.com/digikala-products/dccf83de5ad7d2796791cba23795c815dc380267_1753003072.jpg?x-oss-process=image/resize,m_lfit,h_800,w_800/quality,q_90
https://dkstatics-public.digikala.com/digikala-products/d722008e049f9f1d2b7666374fcf7aa79e59752f_1753697489.jpg?x-oss-process=image/resize,m_lfit,h_800,w_800/quality,q_90","https://dkstatics-public.digikala.com/digikala-products/d722008e049f9f1d2b7666374fcf7aa79e59752f_1753697489.jpg?x-oss-process=image/resize,m_lfit,h_800,w_800/quality,q_90","مشخصات ظاهری و کلینوع کیت دوربیندوربین با لنز غیرقابل تعویض نوع دوربین عکاسیشبه SLR (بریج) سطح کاربرینیمه‌حرفه‌ای ابعاد۱۱۹x۸۴x۵۷ میلی‌متروزن۵۱۲ گرماقلام همراه دوربینباتری","۱۵ دیدگاه",""
"1771406652-164","https://www.digikala.com/search/category-digital-camera/?has_selling_stock=1","دوربین عکاسی چاپ سریع مدل MS2383","۶,۱۶۵,۰۰۰","۶,۸۵۰,۰۰۰","۱۰٪","۳","تنها ۱ عدد در انبار باقی مانده","","","دوربین عکاسی چاپ سریع مدل MS2383تنها ۱ عدد در انبار باقی مانده
۳۱۰٪۶,۱۶۵,۰۰۰۶,۸۵۰,۰۰۰","https://www.digikala.com/product/dkp-14382916/%D8%AF%D9%88%D8%B1%D8%A8%DB%8C%D9%86-%D8%B9%DA%A9%D8%A7%D8%B3%DB%8C-%DA%86%D8%A7%D9%BE-%D8%B3%D8%B1%DB%8C%D8%B9-%D9%85%D8%AF%D9%84-ms2383/","۳","حافظ تیم","خیلی خوب","چند رنگ","DKP-14382916","این دوربین دارای قابلیت عکاسی 48 مگاپیکسلی و قابلیت فیلمبرداری FULL HD را دارا میباشد  که روی مموری کارت ظبط مینماید همچنین از قابلیت های دیگر این دوربین جذاب قابلیت بازی برای کودک پخش موزیک از مموری کارت.عکاسی تایم لپس .و همچنین چاپ عکس روی رول بضورت سیاه سفید که 2 بسته داخل پک رو داره .چند ماطیک برای رنگ امیزی هم داره","دوربین عکاسی چاپ سریع مدل MS2383","۶,۸۵۰,۰۰۰","۱۰٪","۶,۱۶۵,۰۰۰","https://dkstatics-public.digikala.com/digikala-products/c202e0894a538602f63e3d3a33bc03d9eff4e16f_1755788644.jpg?x-oss-process=image/resize,m_lfit,h_800,w_800/quality,q_90
https://dkstatics-public.digikala.com/digikala-products/853d334524f19f37064812082d24407a8b372896_1751977759.jpg?x-oss-process=image/resize,m_lfit,h_800,w_800/quality,q_90
https://dkstatics-public.digikala.com/digikala-products/391985459810f20782466bb2c951d78897e0867b_1755712637.jpg?x-oss-process=image/resize,m_lfit,h_800,w_800/quality,q_90
https://dkstatics-public.digikala.com/digikala-products/c202e0894a538602f63e3d3a33bc03d9eff4e16f_1755788644.jpg?x-oss-process=image/resize,m_lfit,h_800,w_800/quality,q_90","https://dkstatics-public.digikala.com/digikala-products/c202e0894a538602f63e3d3a33bc03d9eff4e16f_1755788644.jpg?x-oss-process=image/resize,m_lfit,h_800,w_800/quality,q_90","مشخصات ظاهری و کلیوزن۲۰۰ گرم","۳ دیدگاه","۸۰%"
"1771406654-165","https://www.digikala.com/search/category-digital-camera/?has_selling_stock=1","دوربین دیجیتال داتینو مدل 20135","۶,۵۴۵,۰۰۰","","","","تنها ۱ عدد در انبار باقی مانده","","","دوربین دیجیتال داتینو مدل 20135تنها ۱ عدد در انبار باقی مانده
۶,۵۴۵,۰۰۰","https://www.digikala.com/product/dkp-21245964/%D8%AF%D9%88%D8%B1%D8%A8%DB%8C%D9%86-%D8%AF%DB%8C%D8%AC%DB%8C%D8%AA%D8%A7%D9%84-%D8%AF%D8%A7%D8%AA%DB%8C%D9%86%D9%88-%D9%85%D8%AF%D9%84-20135/","","گرالت","خوب","قهوه‌ای شتری","DKP-21245964","دوربین دیجیتال فوق، با وضوح تصویر مناسب، می‌تواند به شما در ثبت هر لحظه عالی در هنگام ضبط ویدئو بلاگ کمک کند. این دوربین می‌تواند به عنوان هدیه‌ای خوب برای شما و خانواده یا دوستانتان باشد و هدیه ای ماندگار برای ثبت خاطرات شماست. این دوربین مینی میتواند هدیه مناسبی برای دوست داران دنیای عکاسی باشد. این دوربین با قابلیت تصویربرداری و فیلمبرداری، به همراه کارت حافظه یک محصول کاربردی برای ثبت لحظات به یاد ماندنی شماست!","دوربین دیجیتال داتینو مدل 20135","۶,۵۴۵,۰۰۰","","","https://dkstatics-public.digikala.com/digikala-products/f4509d0cb8c143a830891df02939d9a0ac70bd67_1768029385.jpg?x-oss-process=image/resize,m_lfit,h_800,w_800/quality,q_90
https://dkstatics-public.digikala.com/digikala-products/594a9da53fa5d1971304fe5e04656fa189258391_1768029384.jpg?x-oss-process=image/resize,m_lfit,h_800,w_800/quality,q_90
https://dkstatics-public.digikala.com/digikala-products/6359d17ed2369a30e9d037a3f73f2570e4862ed0_1768029382.jpg?x-oss-process=image/resize,m_lfit,h_800,w_800/quality,q_90
https://dkstatics-public.digikala.com/digikala-products/f4509d0cb8c143a830891df02939d9a0ac70bd67_1768029385.jpg?x-oss-process=image/resize,m_lfit,h_800,w_800/quality,q_90","https://dkstatics-public.digikala.com/digikala-products/f4509d0cb8c143a830891df02939d9a0ac70bd67_1768029385.jpg?x-oss-process=image/resize,m_lfit,h_800,w_800/quality,q_90","مشخصات ظاهری و کلینوع کیت دوربینفقط بدنه‌ی دوربین بدون لنز نوع دوربین عکاسیAHD مدلS۱۵۰ مینی سطح کاربریمبتدی ابعاد۳.۵*۲.۵*۳ میلی‌متروزن۱۸ گرموزن دوربین با باتری و کارت‌حافظه۱۸ گرمجنس بدنهپلاستیک قابلیت‌های مقاومتیبدون قابلیت مقاومتی اقلام همراه دوربینکارت حافظه بند دوربین سایر توضیحات- دارای کارت حافظه
- دارای بند گردنی
- دارای آویز جاکلیدی
- دارای Ram Reader
- بروشور راهنما
- دارای قبلیت فیلمبرداری و عکسبرداری به همراه امکان روشن/خاموش کردن فلاش دوربین و فعال/غیرفعال کردن صدای دوربین و امکان اتصال با کابل یو اس بی به رایانه و تنظیم زمان","",""
"1771406656-166","https://www.digikala.com/search/category-digital-camera/?has_selling_stock=1","دوربین دیجیتال مدل HELLO KITTY","۱,۳۸۸,۵۲۰","۱,۵۹۶,۰۰۰","۱۳٪","۵","ارسال فروشنده","","","دوربین دیجیتال مدل HELLO KITTYارسال فروشنده
۵۱۳٪۱,۳۸۸,۵۲۰۱,۵۹۶,۰۰۰","https://www.digikala.com/product/dkp-19938883/%D8%AF%D9%88%D8%B1%D8%A8%DB%8C%D9%86-%D8%AF%DB%8C%D8%AC%DB%8C%D8%AA%D8%A7%D9%84-%D9%85%D8%AF%D9%84-hello-kitty/","۵","فروشگاه لیاقت","خیلی خوب","آبی روشن","DKP-19938883","بهترین دوربین کودکان: دوربین اسباب‌بازی مخصوص کودکان دارای عملکردهای متنوعی مانند ضبط عکس و فیلم، پخش، تأخیر، صدا، تنظیم تاریخ، قاب‌های تصویر و فیلترهای مختلف است. کودکان را سرگرم‌تر کرده و تخیل آنها را تشویق می‌کند. دوربین دیجیتال کودکان با قابلیت شارژ USB: دوربین کودکان از طریق USB شارژ می‌شود و با قراردادن یک کارت حافظه میکرو SD با ظرفیت 32 گیگابایت می‌شود که در آن حدود 3000 عکس یا صدها فیلم قابل ذخیره کرد. عکاس کوچک شما می‌تواند شروع به کشف دنیای اطراف خود کند و لحظات هیج ...","دوربین دیجیتال مدل HELLO KITTY","۱,۵۹۶,۰۰۰","۱۳٪","۱,۳۸۸,۵۲۰","https://dkstatics-public.digikala.com/digikala-products/ee20b791495894aef0b1e0563f2fa9d10be7e7ff_1753344453.jpg?x-oss-process=image/resize,m_lfit,h_800,w_800/quality,q_90
https://dkstatics-public.digikala.com/digikala-products/b256f876db725d4697b46124a53e42b1ecb68bc4_1753344437.jpg?x-oss-process=image/resize,m_lfit,h_800,w_800/quality,q_90
https://dkstatics-public.digikala.com/digikala-products/47285c5f64ea77ed899e84b23f377c41949f5ce7_1753344449.jpg?x-oss-process=image/resize,m_lfit,h_800,w_800/quality,q_90
https://dkstatics-public.digikala.com/digikala-products/ee20b791495894aef0b1e0563f2fa9d10be7e7ff_1753344453.jpg?x-oss-process=image/resize,m_lfit,h_800,w_800/quality,q_90","https://dkstatics-public.digikala.com/digikala-products/ee20b791495894aef0b1e0563f2fa9d10be7e7ff_1753344453.jpg?x-oss-process=image/resize,m_lfit,h_800,w_800/quality,q_90","مشخصات ظاهری و کلینوع کیت دوربیندوربین با لنز غیرقابل تعویض نوع دوربین عکاسیکامپکت سطح کاربریمبتدی ابعاد۵۰*۱۱۰*۱۳۰ میلی‌متروزن۹۰ گرماقلام همراه دوربینبند دوربین کابل شارژ","۲ دیدگاه",""
"1771406659-167","https://www.digikala.com/search/category-digital-camera/?has_selling_stock=1","دوربین دیجیتال پرودو مدل PD-FHDCAM48","۱۲,۰۰۰,۰۰۰","۱۲,۵۰۰,۰۰۰","۴٪","۱.۸","تنها ۱ عدد در انبار باقی مانده","","","دوربین دیجیتال پرودو مدل PD-FHDCAM48تنها ۱ عدد در انبار باقی مانده
۱.۸۴٪۱۲,۰۰۰,۰۰۰۱۲,۵۰۰,۰۰۰","https://www.digikala.com/product/dkp-17208704/%D8%AF%D9%88%D8%B1%D8%A8%DB%8C%D9%86-%D8%AF%DB%8C%D8%AC%DB%8C%D8%AA%D8%A7%D9%84-%D9%BE%D8%B1%D9%88%D8%AF%D9%88-%D9%85%D8%AF%D9%84-pd-fhdcam48/","۱.۸","همرام کالا","عالی","مشکی","DKP-17208704","دوربین دیجیتالی پرودو مدل PD-FHDCAM48 ،با دوربین دیجیتال پیشرفته Porodo، عکس‌ها و ویدیوهای حرفه‌ای و باکیفیت ثبت کنید. این دوربین با عملکرد بالا، تثبیت‌کننده ویدیو و زوم ۱۸ برابری را ارائه می‌دهد که تضمین‌کننده تصاویر دقیق و ویدیوهای روان است. دوربین دیجیتال پیشرفته Porodo دارای باتری ۲۰۰۰ میلی‌آمپری است که امکان ۲ تا ۳ ساعت عکاسی و ۱.۵ ساعت فیلم‌برداری را (بسته به وضوح تصویر) فراهم می‌کند. این دوربین تنها در ۳ ساعت شارژ می‌شود تا بتوانید به سرعت به ثبت لحظات محبوب خود بازگرد ...","دوربین دیجیتال پرودو مدل PD-FHDCAM48","۱۲,۵۰۰,۰۰۰","۴٪","۱۲,۰۰۰,۰۰۰","https://dkstatics-public.digikala.com/digikala-products/ba12e1385db709a971dd62ab61f1ec244e90ce57_1754237393.jpg?x-oss-process=image/resize,m_lfit,h_800,w_800/quality,q_90
https://dkstatics-public.digikala.com/digikala-products/180ab05bdd57c6bbb6b30ab11d16ee9eba3758cf_1730276520.jpg?x-oss-process=image/resize,m_lfit,h_800,w_800/quality,q_90
https://dkstatics-public.digikala.com/digikala-products/7241ea247513992e1cb2c924e1e4c2a8d7169f0c_1730276521.jpg?x-oss-process=image/resize,m_lfit,h_800,w_800/quality,q_90
https://dkstatics-public.digikala.com/digikala-products/ba12e1385db709a971dd62ab61f1ec244e90ce57_1754237393.jpg?x-oss-process=image/resize,m_lfit,h_800,w_800/quality,q_90","https://dkstatics-public.digikala.com/digikala-products/ba12e1385db709a971dd62ab61f1ec244e90ce57_1754237393.jpg?x-oss-process=image/resize,m_lfit,h_800,w_800/quality,q_90","مشخصات ظاهری و کلینوع کیت دوربیندوربین با لنز غیرقابل تعویض نوع دوربین عکاسیکامپکت سطح کاربریمبتدی ابعاد۵۵x۳۹x۱۵ میلی‌متروزن۱۴۰ گرماقلام همراه دوربینکابل شارژ","۴ دیدگاه","۲۰%"
"1771406661-168","https://www.digikala.com/search/category-digital-camera/?has_selling_stock=1","دوربین دیجیتال کانن مدل EOS 90D","۱۴۱,۵۰۰,۰۰۰","","","۳.۹","تنها ۱ عدد در انبار باقی مانده","","","دوربین دیجیتال کانن مدل EOS 90Dتنها ۱ عدد در انبار باقی مانده
۳.۹۱۴۱,۵۰۰,۰۰۰","https://www.digikala.com/product/dkp-2577216/%D8%AF%D9%88%D8%B1%D8%A8%DB%8C%D9%86-%D8%AF%DB%8C%D8%AC%DB%8C%D8%AA%D8%A7%D9%84-%DA%A9%D8%A7%D9%86%D9%86-%D9%85%D8%AF%D9%84-eos-90d/","۳.۹","ستاره سهیل پارسا","عالی","مشکی","DKP-2577216","نگاهی کوتاه به Canon EOS 90D","دوربین دیجیتال کانن مدل EOS 90D","۱۴۱,۵۰۰,۰۰۰","","","https://dkstatics-public.digikala.com/digikala-products/cfa914682bf4d5c94e932326f75a40ed06fc5329_1754242614.jpg?x-oss-process=image/resize,m_lfit,h_800,w_800/quality,q_90
https://dkstatics-public.digikala.com/digikala-products/cfa914682bf4d5c94e932326f75a40ed06fc5329_1754242614.jpg?x-oss-process=image/resize,m_lfit,h_800,w_800/quality,q_90
https://dkstatics-public.digikala.com/digikala-products/cb5dd59e2415aa56a2367b29fd806b02eff5d0f8_1753003149.jpg?x-oss-process=image/resize,m_lfit,h_800,w_800/quality,q_90
https://dkstatics-public.digikala.com/digikala-products/cfa914682bf4d5c94e932326f75a40ed06fc5329_1754242614.jpg?x-oss-process=image/resize,m_lfit,h_800,w_800/quality,q_90","https://dkstatics-public.digikala.com/digikala-products/cfa914682bf4d5c94e932326f75a40ed06fc5329_1754242614.jpg?x-oss-process=image/resize,m_lfit,h_800,w_800/quality,q_90","مشخصات ظاهری و کلینوع کیت دوربینفقط بدنه‌ی دوربین بدون لنز نوع دوربین عکاسیDSLR با لنز قابل تعویض مدلEOS ۹۰D سطح کاربرینیمه‌حرفه‌ای ابعاد۱۴۱x۱۰۵x۷۷ میلی‌متروزن۶۱۹ گرموزن دوربین با باتری و کارت‌حافظه۷۰۱ گرمجنس بدنهپلی‌کربنات و فلز (آلیژ منیزیم) اقلام همراه دوربینباتری شارژر بند دوربین","۱۷ دیدگاه","۱۰۰%"
"1771406663-169","https://www.digikala.com/search/category-digital-camera/?has_selling_stock=1","دوربین دیجیتال کاسیو مدل Exlim Ex-Z15","۲۹,۸۸۰,۰۰۰","۳۳,۲۰۰,۰۰۰","۱۰٪","۴.۵","تنها ۱ عدد در انبار باقی مانده","","","دوربین دیجیتال کاسیو مدل Exlim Ex-Z15تنها ۱ عدد در انبار باقی مانده
۴.۵۱۰٪۲۹,۸۸۰,۰۰۰۳۳,۲۰۰,۰۰۰","https://www.digikala.com/product/dkp-12693150/%D8%AF%D9%88%D8%B1%D8%A8%DB%8C%D9%86-%D8%AF%DB%8C%D8%AC%DB%8C%D8%AA%D8%A7%D9%84-%DA%A9%D8%A7%D8%B3%DB%8C%D9%88-%D9%85%D8%AF%D9%84-exlim-ex-z15/","۴.۵","حافظ تیم","خیلی خوب","نقره ای","DKP-12693150","همانطور که گفتیم، ZS15 از هر نظر یک دوربین کامپکت کاملا معمولی است. این را از روی ویژگی های فنی آن که شامل سنسور تصویر 14 مگاپیکسلی، توانایی ضبط ویدیویی HD و لنز 26 میلی تری واید با توانایی زوم 5 برابر می شود می توان فهمید. کمینه ی نسبت کانونی این لنز f/3.2-8.0 می باشد که در حالت واید لنزی نسبتا سریع و خوب محسوب می شود ولی در زوم کامل در حقیقت لنزی کند است. از دیگر امکانات این دوربین می توان به نمایشگر لمسی 3 اینچی 230000 پیکسلی اشاره کرد که با توجه به لمس بودن می تواند امکان ...","دوربین دیجیتال کاسیو مدل Exlim Ex-Z15","۳۳,۲۰۰,۰۰۰","۱۰٪","۲۹,۸۸۰,۰۰۰","https://dkstatics-public.digikala.com/digikala-products/876c16aba63fccdf63a279beb732a10fbf51fb4c_1754251052.jpg?x-oss-process=image/resize,m_lfit,h_800,w_800/quality,q_90
https://dkstatics-public.digikala.com/digikala-products/9ea499b1556a60acd4260a658a45d148ec4e7cd1_1695027566.jpg?x-oss-process=image/resize,m_lfit,h_800,w_800/quality,q_90
https://dkstatics-public.digikala.com/digikala-products/8638fb991d0ee777c9fdb43dc291d1c2dad89764_1695027553.jpg?x-oss-process=image/resize,m_lfit,h_800,w_800/quality,q_90
https://dkstatics-public.digikala.com/digikala-products/876c16aba63fccdf63a279beb732a10fbf51fb4c_1754251052.jpg?x-oss-process=image/resize,m_lfit,h_800,w_800/quality,q_90","https://dkstatics-public.digikala.com/digikala-products/876c16aba63fccdf63a279beb732a10fbf51fb4c_1754251052.jpg?x-oss-process=image/resize,m_lfit,h_800,w_800/quality,q_90","مشخصات ظاهری و کلیوزن۱۵۷ گرم","۳ دیدگاه",""
"1771406665-170","https://www.digikala.com/search/category-digital-camera/?has_selling_stock=1","دوربین دیجیتال سامسونگ مدل WB800F","۳۱,۷۴۰,۰۰۰","۳۴,۵۰۰,۰۰۰","۸٪","۳.۸","تنها ۱ عدد در انبار باقی مانده","","","دوربین دیجیتال سامسونگ مدل WB800Fتنها ۱ عدد در انبار باقی مانده
۳.۸۸٪۳۱,۷۴۰,۰۰۰۳۴,۵۰۰,۰۰۰","https://www.digikala.com/product/dkp-12041/%D8%AF%D9%88%D8%B1%D8%A8%DB%8C%D9%86-%D8%AF%DB%8C%D8%AC%DB%8C%D8%AA%D8%A7%D9%84-%D8%B3%D8%A7%D9%85%D8%B3%D9%88%D9%86%DA%AF-%D9%85%D8%AF%D9%84-wb800f/","۳.۸","حافظ تیم","خیلی خوب","مشکی","DKP-12041","همانطور که گفتیم، پیشرفت‌های WB800F نسبت به مدل پیشین بنیادین بوده است. از ظاهر که شروع کنیم می‌توان تغییراتی را در قسمت دستگیره و در نمای کلی مشاهده کرد. ظاهر خیلی تر و تمیز و شیک شده. برای مثال دیگر شاهد آن فلاش داخلی نیستیم و به جایش، یک فلاش بالاجهنده در قسمت بالا قرار دارد. دیگر اینکه پیچ تنظیم مودهای عکاسی هم سطح با بدنه قرار گرفته است. از قسمت پشتی هم که به دوربین نگاه کنیم چینش دکمه‌ها شبیه به مدل پیشین است ولی کاربردها تا حدی تغییر داشته‌اند. بعلا ...","دوربین دیجیتال سامسونگ مدل WB800F","۳۴,۵۰۰,۰۰۰","۸٪","۳۱,۷۴۰,۰۰۰","https://dkstatics-public.digikala.com/digikala-products/77126.jpg?x-oss-process=image/resize,m_lfit,h_800,w_800/quality,q_90
https://dkstatics-public.digikala.com/digikala-products/77176.jpg?x-oss-process=image/resize,m_lfit,h_800,w_800/quality,q_90
https://dkstatics-public.digikala.com/digikala-products/85538.jpg?x-oss-process=image/resize,m_lfit,h_800,w_800/quality,q_90
https://dkstatics-public.digikala.com/digikala-products/77126.jpg?x-oss-process=image/resize,m_lfit,h_800,w_800/quality,q_90","https://dkstatics-public.digikala.com/digikala-products/77126.jpg?x-oss-process=image/resize,m_lfit,h_800,w_800/quality,q_90","مشخصات ظاهری و کلیوزن۲۱۸ گرم","۱۵۴ دیدگاه",""
"1771406667-171","https://www.digikala.com/search/category-digital-camera/?has_selling_stock=1","دوربین دیجیتال سونی سایبرشات DSC-H400","","","","۴","&nbsp;","","","دوربین دیجیتال سونی سایبرشات DSC-H400&nbsp;
۴ناموجود","https://www.digikala.com/product/dkp-29059/%D8%AF%D9%88%D8%B1%D8%A8%DB%8C%D9%86-%D8%AF%DB%8C%D8%AC%DB%8C%D8%AA%D8%A7%D9%84-%D8%B3%D9%88%D9%86%DB%8C-%D8%B3%D8%A7%DB%8C%D8%A8%D8%B1%D8%B4%D8%A7%D8%AA-dsc-h400/","۴","","","","DKP-29059","دوربین Sony H400 که در واقع برادر کوچک همان دوربین HX400 می‌باشد، یک سوپر زوم ارزان قیمت از سونی به حساب می‌آید. شاخص‌ترین مشخصه این دوربین نیز همان لنز بزرگ جثه ای ایست که در جلوی آن قرار گرفته است. توانایی بزرگ نمایی 63 برابر که تنها با استفاده از این لنز عظیم‌الجثه امکان پذیر است در کنار یک سنسور تصویر 20 مگاپیکسلی و یک صفحه نمایشگر 3 اینچی ترکیب جذابی را برای خریداران دوربین‌های سوپر زوم ارزان قیمت ایجاد کرده است.H400 که بر خلاف HX400 از یک سنسور تصویر CCD 20 مگاپیکسلی اس ...","","","","","https://dkstatics-public.digikala.com/digikala-products/130728.jpg?x-oss-process=image/resize,m_lfit,h_800,w_800/quality,q_90
https://dkstatics-public.digikala.com/digikala-products/130881.jpg?x-oss-process=image/resize,m_lfit,h_800,w_800/quality,q_90
https://dkstatics-public.digikala.com/digikala-products/130946.jpg?x-oss-process=image/resize,m_lfit,h_800,w_800/quality,q_90
https://dkstatics-public.digikala.com/digikala-products/130728.jpg?x-oss-process=image/resize,m_lfit,h_800,w_800/quality,q_90","https://dkstatics-public.digikala.com/digikala-products/130728.jpg?x-oss-process=image/resize,m_lfit,h_800,w_800/quality,q_90","مشخصات ظاهری و کلیوزن۶۲۸ گرم","۸ دیدگاه",""
"1771406669-172","https://www.digikala.com/search/category-digital-camera/?has_selling_stock=1","دوربین عکاسی چاپ سریع مدل DG mini","۳,۱۵۰,۰۰۰","","","","&nbsp;","","","دوربین عکاسی چاپ سریع مدل DG mini&nbsp;
۳,۱۵۰,۰۰۰","https://www.digikala.com/product/dkp-19027141/%D8%AF%D9%88%D8%B1%D8%A8%DB%8C%D9%86-%D8%B9%DA%A9%D8%A7%D8%B3%DB%8C-%DA%86%D8%A7%D9%BE-%D8%B3%D8%B1%DB%8C%D8%B9-%D9%85%D8%AF%D9%84-dg-mini/","","پخش کابان","خیلی خوب","صورتیآبیآبی روشن","DKP-19027141","این دوربین‌های کوچک که برای بچه‌ها طراحی شده‌اند، به طور ویژه برای ثبت لحظات خاص و سرگرم‌کننده طراحی شده‌اند. با ظاهری جذاب و کاربری ساده، این دوربین‌ها به کودکان امکان می‌دهند تا به راحتی عکس‌های سیاه‌سفید چاپی بگیرند و در دنیای خود خاطرات جدیدی بسازند. ویژگی اصلی این دوربین‌ها استفاده از رول‌های چاپ فوری است که به محض گرفتن عکس، چاپ شده و آماده استفاده می‌شود. این دوربین‌ها، علاوه بر سرگرم‌کننده بودن، به تقویت خلاقیت و مهارت‌های دیداری کودکان کمک می‌کنند. با طراحی جمع‌وجور  ...","دوربین عکاسی چاپ سریع مدل DG mini","۳,۱۰۰,۰۰۰","","","https://dkstatics-public.digikala.com/digikala-products/510e6e9dafa22d62e4ee31981504518641603981_1745324112.jpg?x-oss-process=image/resize,m_lfit,h_800,w_800/quality,q_90
https://dkstatics-public.digikala.com/digikala-products/d22552f03f708bf8550af15f324a3dcd3fff1da6_1745324118.jpg?x-oss-process=image/resize,m_lfit,h_800,w_800/quality,q_90
https://dkstatics-public.digikala.com/digikala-products/7d43bc8d8f23ccbda5f2eef0d067e887632d460e_1745324119.jpg?x-oss-process=image/resize,m_lfit,h_800,w_800/quality,q_90
https://dkstatics-public.digikala.com/digikala-products/510e6e9dafa22d62e4ee31981504518641603981_1745324112.jpg?x-oss-process=image/resize,m_lfit,h_800,w_800/quality,q_90","https://dkstatics-public.digikala.com/digikala-products/510e6e9dafa22d62e4ee31981504518641603981_1745324112.jpg?x-oss-process=image/resize,m_lfit,h_800,w_800/quality,q_90","مشخصات ظاهری و کلینوع دوربین عکاسیچاپ سریع ابعاد۱۱۰x۹۰x۵۰ میلی‌متر میلی‌متروزن۳۰۰ گرم گرم","",""
"1771406672-173","https://www.digikala.com/search/category-digital-camera/?has_selling_stock=1","دوربین عکاسی چاپ سریع مدل 98942-3","۳,۴۰۰,۰۰۰","","","۳.۷","تنها ۱ عدد در انبار باقی مانده","","","دوربین عکاسی چاپ سریع مدل 98942-3تنها ۱ عدد در انبار باقی مانده
۳.۷۳,۴۰۰,۰۰۰","https://www.digikala.com/product/dkp-19759734/%D8%AF%D9%88%D8%B1%D8%A8%DB%8C%D9%86-%D8%B9%DA%A9%D8%A7%D8%B3%DB%8C-%DA%86%D8%A7%D9%BE-%D8%B3%D8%B1%DB%8C%D8%B9-%D9%85%D8%AF%D9%84-98942-3/","۳.۷","میسار","خیلی خوب","صورتیبنفشآبی","DKP-19759734","","دوربین عکاسی چاپ سریع مدل 98942-3","۳,۱۰۰,۰۰۰","","","https://dkstatics-public.digikala.com/digikala-products/d3f5136810afe96d150336905f6d5c689665b7ca_1752079245.jpg?x-oss-process=image/resize,m_lfit,h_800,w_800/quality,q_90
https://dkstatics-public.digikala.com/digikala-products/80008eee70ed531e254bc6e22a8d9f994508047b_1752079299.jpg?x-oss-process=image/resize,m_lfit,h_800,w_800/quality,q_90
https://dkstatics-public.digikala.com/digikala-products/4c372d28351ddeddcce1882e9c12f9b1c6c8a48e_1752079209.jpg?x-oss-process=image/resize,m_lfit,h_800,w_800/quality,q_90
https://dkstatics-public.digikala.com/digikala-products/d3f5136810afe96d150336905f6d5c689665b7ca_1752079245.jpg?x-oss-process=image/resize,m_lfit,h_800,w_800/quality,q_90","https://dkstatics-public.digikala.com/digikala-products/d3f5136810afe96d150336905f6d5c689665b7ca_1752079245.jpg?x-oss-process=image/resize,m_lfit,h_800,w_800/quality,q_90","مشخصات ظاهری و کلینوع کیت دوربیندوربین با لنز غیرقابل تعویض نوع دوربین عکاسیچاپ سریع سطح کاربریمبتدی ابعاد۱۰×۴×۷.۵ میلی‌متروزن۱۷۵ گرمجنس بدنهپلاستیک درجه یک به همراه روکش سیلیکونی اقلام همراه دوربینکابل شارژ باتری","۳ دیدگاه",""
"1771406674-174","https://www.digikala.com/search/category-digital-camera/?has_selling_stock=1","دوربین دیجیتال مدل CC01","۱,۵۹۰,۰۰۰","","","۲.۵","تنها ۱ عدد در انبار باقی مانده","","","دوربین دیجیتال مدل CC01تنها ۱ عدد در انبار باقی مانده
۲.۵۱,۵۹۰,۰۰۰","https://www.digikala.com/product/dkp-13651207/%D8%AF%D9%88%D8%B1%D8%A8%DB%8C%D9%86-%D8%AF%DB%8C%D8%AC%DB%8C%D8%AA%D8%A7%D9%84-%D9%85%D8%AF%D9%84-cc01/","۲.۵","موبیگو","خیلی خوب","صورتیآبی فیروزه ایآبی","DKP-13651207","","دوربین دیجیتال مدل CC01","۱,۵۹۰,۰۰۰","","","https://dkstatics-public.digikala.com/digikala-products/8deae5ea407c369007ed314c781abf97fd84d115_1702106820.jpg?x-oss-process=image/resize,m_lfit,h_800,w_800/quality,q_90
https://dkstatics-public.digikala.com/digikala-products/15417eac835b05950a94575cfde9a0efc497861a_1702106816.jpg?x-oss-process=image/resize,m_lfit,h_800,w_800/quality,q_90
https://dkstatics-public.digikala.com/digikala-products/15227b17c9ea180f7d3efa5f2a3711d5965c28a6_1702106817.jpg?x-oss-process=image/resize,m_lfit,h_800,w_800/quality,q_90
https://dkstatics-public.digikala.com/digikala-products/8deae5ea407c369007ed314c781abf97fd84d115_1702106820.jpg?x-oss-process=image/resize,m_lfit,h_800,w_800/quality,q_90","https://dkstatics-public.digikala.com/digikala-products/8deae5ea407c369007ed314c781abf97fd84d115_1702106820.jpg?x-oss-process=image/resize,m_lfit,h_800,w_800/quality,q_90","مشخصات ظاهری و کلیوزن۱۰۰ گرم","",""
"1771406676-175","https://www.digikala.com/search/category-digital-camera/?has_selling_stock=1","دوربین دیجیتال بدون آینه سونی مدل a7R IV","۳۱۲,۰۰۰,۰۰۰","","","","تنها ۲ عدد در انبار باقی مانده","","","دوربین دیجیتال بدون آینه سونی مدل a7R IVتنها ۲ عدد در انبار باقی مانده
۳۱۲,۰۰۰,۰۰۰","https://www.digikala.com/product/dkp-8723718/%D8%AF%D9%88%D8%B1%D8%A8%DB%8C%D9%86-%D8%AF%DB%8C%D8%AC%DB%8C%D8%AA%D8%A7%D9%84-%D8%A8%D8%AF%D9%88%D9%86-%D8%A2%DB%8C%D9%86%D9%87-%D8%B3%D9%88%D9%86%DB%8C-%D9%85%D8%AF%D9%84-a7r-iv/","","فیدار نامدار سورین","عالی","مشکی","DKP-8723718","دوربین دیجیتال بدون آینه سونی مدل A7R IV برای عکاسان حرفه‌ای طراحی شده که به بالاترین سطح از جزئیات، وضوح تصویر و کنترل خلاقانه نیاز دارند. این مدل با حسگر فول‌فریم ۶۳ مگاپیکسلی، توانایی ثبت تصاویری شگفت‌انگیز با وضوح فوق‌العاده بالا را دارد که برای چاپ در ابعاد بزرگ یا کراپ‌های سنگین ایده‌آل است.
سرعت عکاسی پیاپی ۱۰ فریم‌بر‌ثانیه، آن را به گزینه‌ای کارآمد برای ثبت سوژه‌های سریع تبدیل می‌کند. همچنین، قابلیت فیلم‌برداری با کیفیت 4K UHD و Full HD با نرخ حداکثر ۱۲۰ فریم‌برثانیه، ...","دوربین دیجیتال بدون آینه سونی مدل a7R IV","۳۱۲,۰۰۰,۰۰۰","","","https://dkstatics-public.digikala.com/digikala-products/72f8b5782d88ef64e3746b475b9c44d570f14885_1754248463.jpg?x-oss-process=image/resize,m_lfit,h_800,w_800/quality,q_90
https://dkstatics-public.digikala.com/digikala-products/72f8b5782d88ef64e3746b475b9c44d570f14885_1754248463.jpg?x-oss-process=image/resize,m_lfit,h_800,w_800/quality,q_90
https://dkstatics-public.digikala.com/digikala-products/bea5c2a599414ce7685182bc2c6086637856001c_1654981194.jpg?x-oss-process=image/resize,m_lfit,h_800,w_800/quality,q_90
https://dkstatics-public.digikala.com/digikala-products/72f8b5782d88ef64e3746b475b9c44d570f14885_1754248463.jpg?x-oss-process=image/resize,m_lfit,h_800,w_800/quality,q_90","https://dkstatics-public.digikala.com/digikala-products/72f8b5782d88ef64e3746b475b9c44d570f14885_1754248463.jpg?x-oss-process=image/resize,m_lfit,h_800,w_800/quality,q_90","مشخصات ظاهری و کلینوع کیت دوربینفقط بدنه‌ی دوربین بدون لنز نوع دوربین عکاسیبدون آینه با لنز قابل تعویض مدلa۷R IV سطح کاربریحرفه‌ای ابعاد۱۲۹x۹۶x۷۸ میلی‌متروزن۶۷۰ گرموزن دوربین با باتری و کارت‌حافظه۶۷۰ گرمجنس بدنهپلاستیک و فلز (آلیاژ منیزیم) مانت لنزSony-E قابلیت‌های مقاومتیمقاومت در برابر پاشش آب و گرد و غبار اقلام همراه دوربینباتری","۹ دیدگاه",""
"1771406678-176","https://www.digikala.com/search/category-digital-camera/?has_selling_stock=1","دوربین عکاسی چاپ سریع مدل monkey","۲,۸۶۸,۰۰۰","","","۴.۵","&nbsp;","","","دوربین عکاسی چاپ سریع مدل monkey&nbsp;
۴.۵۲,۸۶۸,۰۰۰","https://www.digikala.com/product/dkp-19998837/%D8%AF%D9%88%D8%B1%D8%A8%DB%8C%D9%86-%D8%B9%DA%A9%D8%A7%D8%B3%DB%8C-%DA%86%D8%A7%D9%BE-%D8%B3%D8%B1%DB%8C%D8%B9-%D9%85%D8%AF%D9%84-monkey/","۴.۵","رابین توی","عالی","زردآبی","DKP-19998837","دوربین دیجیتال کودکان Kids Printing Camera monkey یکی از بروزترین و جذاب‌ترین دوربین‌های کودکانه است که با طراحی فانتزی و دو رنگ زرد و آبی شاد، توجه هر کودک کنجکاوی را جلب می تواند ‌کند. این دوربین سلفی کودکانه علاوه بر عکاسی، قابلیت چاپ فوری عکس دارد و همراه با یک رول کاغذ چاپ ارائه می‌شود تا کودک شما بتواند عکس‌های خود را بلافاصله چاپ کرده و نگه دارد.
در کنار این قابلیت منحصربه‌فرد، دوربین دارای قابلیت فیلم‌برداری، پخش موسیقی و انجام بازی‌های کودکانه است که آن را به یک وسیل ...","دوربین عکاسی چاپ سریع مدل monkey","۲,۸۶۸,۰۰۰","","","https://dkstatics-public.digikala.com/digikala-products/424fb73cc643fd7c9f2654a37f941030205ffbe9_1753878852.jpg?x-oss-process=image/resize,m_lfit,h_800,w_800/quality,q_90
https://dkstatics-public.digikala.com/digikala-products/a280fedd6ae329f112348a5a14006117067fbaa1_1760955679.jpg?x-oss-process=image/resize,m_lfit,h_800,w_800/quality,q_90
https://dkstatics-public.digikala.com/digikala-products/aac16a2b1dd67c81ece0dbd38bb0cc5522fc92c0_1760955707.jpg?x-oss-process=image/resize,m_lfit,h_800,w_800/quality,q_90","","مشخصات ظاهری و کلینوع کیت دوربیندوربین با لنز غیرقابل تعویض نوع دوربین عکاسیچاپ سریع سطح کاربرینیمه‌حرفه‌ای ابعاد۵۰*۱۲۰*۱۲۰ میلی‌متروزن۱۷۶ گرماقلام همراه دوربینشارژر بند دوربین","۵ دیدگاه","۸۰%"
"1771406680-177","https://www.digikala.com/search/category-digital-camera/?has_selling_stock=1","دوربین عکاسی چاپ سریع مدل Q5-Sc","۵,۸۸۸,۰۰۰","۶,۴۰۰,۰۰۰","۸٪","۴.۱","ارسال فروشنده","","","دوربین عکاسی چاپ سریع مدل Q5-Scارسال فروشنده
۴.۱۸٪۵,۸۸۸,۰۰۰۶,۴۰۰,۰۰۰","https://www.digikala.com/product/dkp-16050328/%D8%AF%D9%88%D8%B1%D8%A8%DB%8C%D9%86-%D8%B9%DA%A9%D8%A7%D8%B3%DB%8C-%DA%86%D8%A7%D9%BE-%D8%B3%D8%B1%DB%8C%D8%B9-%D9%85%D8%AF%D9%84-q5-sc/","۴.۱","حافظ تیم","خوب","سبز آبیصورتی","DKP-16050328","دوربین چاپ فوری مدل Q5-sc یک دستگاه بسیار جالب بوده که امکان چاپ در لحظه و سیاه سفید تصاویر روی رول های حرارتی مشابه دستگاه کارتخوان را فراهم میکند(این رول ها ارزان قیمت و در دسترس هستند). این دوربین از سنسور48مگاپیکسلی و قابلیت پشتیبانی کارت حافظه میکرو SD تا 64 گیگ و با قابلیت زوم به همراه یک کاور سیلیکونی و همچنین قادر به فیلمبرداری به صورت فول اچ دی نیز می باشد و به وسیله این دوربین کودکان شما میتوانند عکس های دلخواه و زیبای خود را پرینت کنند و داخل پک دوربین دو عدد رول پ ...","دوربین عکاسی چاپ سریع مدل Q5-Sc","۶,۴۰۰,۰۰۰","۸٪","۵,۸۸۸,۰۰۰","https://dkstatics-public.digikala.com/digikala-products/eb810dec834197a9529b7960f50b90c4835f0549_1754235583.jpg?x-oss-process=image/resize,m_lfit,h_800,w_800/quality,q_90
https://dkstatics-public.digikala.com/digikala-products/f9c643b9ba5bcd4c3c6e90956c10664075dc3eeb_1720856610.jpg?x-oss-process=image/resize,m_lfit,h_800,w_800/quality,q_90
https://dkstatics-public.digikala.com/digikala-products/f3ab259ec9b1af5cdef369d687454fa60889293a_1720856685.jpg?x-oss-process=image/resize,m_lfit,h_800,w_800/quality,q_90
https://dkstatics-public.digikala.com/digikala-products/eb810dec834197a9529b7960f50b90c4835f0549_1754235583.jpg?x-oss-process=image/resize,m_lfit,h_800,w_800/quality,q_90","https://dkstatics-public.digikala.com/digikala-products/eb810dec834197a9529b7960f50b90c4835f0549_1754235583.jpg?x-oss-process=image/resize,m_lfit,h_800,w_800/quality,q_90","مشخصات ظاهری و کلیوزن۲۲۹ گرمجنس بدنهپلاستیک","۱۰ دیدگاه",""
"1771406682-178","https://www.digikala.com/search/category-digital-camera/?has_selling_stock=1","دوربین عکاسی چاپ سریع مدل Z11","۳,۵۰۰,۰۰۰","","","۳.۷","تنها ۱ عدد در انبار باقی مانده","","","دوربین عکاسی چاپ سریع مدل Z11تنها ۱ عدد در انبار باقی مانده
۳.۷۳,۵۰۰,۰۰۰","https://www.digikala.com/product/dkp-17989021/%D8%AF%D9%88%D8%B1%D8%A8%DB%8C%D9%86-%D8%B9%DA%A9%D8%A7%D8%B3%DB%8C-%DA%86%D8%A7%D9%BE-%D8%B3%D8%B1%DB%8C%D8%B9-%D9%85%D8%AF%D9%84-z11/","۳.۷","موبیگو","عالی","صورتیآبی","DKP-17989021","دوربین عکاسی چاپ سریع مدل Z11","دوربین عکاسی چاپ سریع مدل Z11","۳,۵۰۰,۰۰۰","","","https://dkstatics-public.digikala.com/digikala-products/f256bdec0e1930c39945a44fed2aa72348b255cc_1736614617.jpg?x-oss-process=image/resize,m_lfit,h_800,w_800/quality,q_90
https://dkstatics-public.digikala.com/digikala-products/d567f8ff6f5ca860f97bedc2fa8f41c842afde76_1736614554.jpg?x-oss-process=image/resize,m_lfit,h_800,w_800/quality,q_90
https://dkstatics-public.digikala.com/digikala-products/7d28b375c618e452062153f05439539e6fb5307a_1736614555.jpg?x-oss-process=image/resize,m_lfit,h_800,w_800/quality,q_90
https://dkstatics-public.digikala.com/digikala-products/f256bdec0e1930c39945a44fed2aa72348b255cc_1736614617.jpg?x-oss-process=image/resize,m_lfit,h_800,w_800/quality,q_90","https://dkstatics-public.digikala.com/digikala-products/f256bdec0e1930c39945a44fed2aa72348b255cc_1736614617.jpg?x-oss-process=image/resize,m_lfit,h_800,w_800/quality,q_90","مشخصات ظاهری و کلینوع دوربین عکاسیچاپ سریع وزن۱۲۰ گرم","۴ دیدگاه",""
"1771406685-179","https://www.digikala.com/search/category-digital-camera/?has_selling_stock=1","دوربین عکاسی چاپ سریع مدل G11 طرح دایناسور","۳,۱۰۰,۰۰۰","","","۵","ارسال فروشنده","","","دوربین عکاسی چاپ سریع مدل G11 طرح دایناسورارسال فروشنده
۵۳,۱۰۰,۰۰۰","https://www.digikala.com/product/dkp-19486191/%D8%AF%D9%88%D8%B1%D8%A8%DB%8C%D9%86-%D8%B9%DA%A9%D8%A7%D8%B3%DB%8C-%DA%86%D8%A7%D9%BE-%D8%B3%D8%B1%DB%8C%D8%B9-%D9%85%D8%AF%D9%84-g11-%D8%B7%D8%B1%D8%AD-%D8%AF%D8%A7%DB%8C%D9%86%D8%A7%D8%B3%D9%88%D8%B1/","۵","پخش کابان","خیلی خوب","آبیآبی روشن","DKP-19486191","","دوربین عکاسی چاپ سریع مدل G11 طرح دایناسور","۳,۰۰۰,۰۰۰","","","https://dkstatics-public.digikala.com/digikala-products/89c116c04a145097e3497540af5fb53e6a6337f6_1749455873.jpg?x-oss-process=image/resize,m_lfit,h_800,w_800/quality,q_90
https://dkstatics-public.digikala.com/digikala-products/fb0b2f7e7fb360d2b273837aac188810ac7dd595_1749455873.jpg?x-oss-process=image/resize,m_lfit,h_800,w_800/quality,q_90
https://dkstatics-public.digikala.com/digikala-products/0a845d5d33bf11dd30129711d8565a9ed2170d27_1749456696.jpg?x-oss-process=image/resize,m_lfit,h_800,w_800/quality,q_90","","مشخصات ظاهری و کلینوع کیت دوربینفقط بدنه‌ی دوربین بدون لنز نوع دوربین عکاسیچاپ سریع سطح کاربریمبتدی ابعاد۶۰*۹۰*۵۰ میلی‌متروزن۱۵۰ گرماقلام همراه دوربینشارژر","","۲۰%"
"1771406687-180","https://www.digikala.com/search/category-digital-camera/?has_selling_stock=1","دوربین دیجیتال کانن مدل EOS R50 BODY","۹۹,۵۰۰,۰۰۰","","","۵","&nbsp;","","","دوربین دیجیتال کانن مدل EOS R50 BODY&nbsp;
۵۹۹,۵۰۰,۰۰۰","https://www.digikala.com/product/dkp-12389245/%D8%AF%D9%88%D8%B1%D8%A8%DB%8C%D9%86-%D8%AF%DB%8C%D8%AC%DB%8C%D8%AA%D8%A7%D9%84-%DA%A9%D8%A7%D9%86%D9%86-%D9%85%D8%AF%D9%84-eos-r50-body/","۵","آل قاچ","خوب","مشکی","DKP-12389245","دوربین دیجیتال بدون آینه کانن مدل EOS R50 BODY، انتخابی سبک و قدرتمند برای کاربران تازه‌کار و نیمه‌حرفه‌ای است که به دنبال عملکردی فراتر از موبایل‌های هوشمند هستند. این دوربین با وزن ۳۲۸ گرم و ابعاد ۱۱۶×۸۶×۶۹ میلی‌متر، راحتی در حمل و استفاده را تضمین می‌کند.
حسگر APS-C با دقت ۲۵.۵ مگاپیکسل، ثبت تصاویر واضح و شارپ را در شرایط نوری مختلف امکان‌پذیر می‌سازد. سرعت عکاسی پیاپی تا ۱۵ فریم بر ثانیه، برای ثبت لحظات پرتحرک مانند سوژه‌های ورزشی یا حیوانات بسیار کارآمد است. قابلیت فیلم‌ ...","دوربین دیجیتال کانن مدل EOS R50 BODY","۹۹,۵۰۰,۰۰۰","","","https://dkstatics-public.digikala.com/digikala-products/eaf686752bd53536aa9cad9a7bcc02865e1d8c47_1754250719.jpg?x-oss-process=image/resize,m_lfit,h_800,w_800/quality,q_90
https://dkstatics-public.digikala.com/digikala-products/eaf686752bd53536aa9cad9a7bcc02865e1d8c47_1754250719.jpg?x-oss-process=image/resize,m_lfit,h_800,w_800/quality,q_90
https://dkstatics-public.digikala.com/digikala-products/ef0d37a6e6af9a91cd14e509e5cd8ebf4ed18ee7_1692109653.jpg?x-oss-process=image/resize,m_lfit,h_800,w_800/quality,q_90
https://dkstatics-public.digikala.com/digikala-products/eaf686752bd53536aa9cad9a7bcc02865e1d8c47_1754250719.jpg?x-oss-process=image/resize,m_lfit,h_800,w_800/quality,q_90","https://dkstatics-public.digikala.com/digikala-products/eaf686752bd53536aa9cad9a7bcc02865e1d8c47_1754250719.jpg?x-oss-process=image/resize,m_lfit,h_800,w_800/quality,q_90","مشخصات ظاهری و کلینوع کیت دوربینفقط بدنه‌ی دوربین بدون لنز نوع دوربین عکاسیبدون آینه با لنز قابل تعویض سطح کاربرینیمه‌حرفه‌ای ابعاد۱۱۶x۸۶x۶۹ میلی‌متروزن۳۲۸ گرموزن دوربین با باتری و کارت‌حافظه۳۷۵ گرمجنس بدنهپلاستیک و فلز (آلیاژ آلومینیوم) مانت لنزCanon-RF اقلام همراه دوربینباتری","۲ دیدگاه","۱۰۰%"
"1771406689-181","https://www.digikala.com/search/category-digital-camera/?has_selling_stock=1","دوربین عکاسی چاپ سریع مدل 2026","۴,۱۰۰,۰۰۰","","","۳","تنها ۲ عدد در انبار باقی مانده","","","دوربین عکاسی چاپ سریع مدل 2026تنها ۲ عدد در انبار باقی مانده
۳۴,۱۰۰,۰۰۰","https://www.digikala.com/product/dkp-19377474/%D8%AF%D9%88%D8%B1%D8%A8%DB%8C%D9%86-%D8%B9%DA%A9%D8%A7%D8%B3%DB%8C-%DA%86%D8%A7%D9%BE-%D8%B3%D8%B1%DB%8C%D8%B9-%D9%85%D8%AF%D9%84-2026/","۳","پخش کابان","خیلی خوب","صورتیآبی روشنآبی","DKP-19377474","اگر صاحب فرزندی هستید که سن و سال کمی دارد ممکن است برای شناخت جهان و ثبت آنها از اسمارت فون ها استفاده نماید که بسیار بد است چرا که محققان معتقدند تلفن‌های همراه خطر ابتلا به تومورهای مغزی را در کودکان و نوجوانان افزایش می‌دهد ما در این جا سعی کرده ایم تا برای عکاسان مشتاق و نوجوان زیر 10 سالتان دوربین هایی را دسته بندی کنیم که متناسب با شرایط سنی و توانایی هایشان است. اگر برای کودک زیر 8 سال دوربینی میخرید احتمالا در نظر دارید که در کنار کارایی و سادگی از ظاهری زیبا و چشم ن ...","دوربین عکاسی چاپ سریع مدل 2026","۳,۹۰۰,۰۰۰","","","https://dkstatics-public.digikala.com/digikala-products/053b0f269df9f6dfdfe4413f6e4f4f5b0b46f939_1748634792.jpg?x-oss-process=image/resize,m_lfit,h_800,w_800/quality,q_90
https://dkstatics-public.digikala.com/digikala-products/d9e445e3496dbe79a29a04817a312e6aabb4f600_1748634340.jpg?x-oss-process=image/resize,m_lfit,h_800,w_800/quality,q_90
https://dkstatics-public.digikala.com/digikala-products/206c05d63143651639b08ad9d419e372ec67ec85_1748634341.jpg?x-oss-process=image/resize,m_lfit,h_800,w_800/quality,q_90
https://dkstatics-public.digikala.com/digikala-products/053b0f269df9f6dfdfe4413f6e4f4f5b0b46f939_1748634792.jpg?x-oss-process=image/resize,m_lfit,h_800,w_800/quality,q_90","https://dkstatics-public.digikala.com/digikala-products/053b0f269df9f6dfdfe4413f6e4f4f5b0b46f939_1748634792.jpg?x-oss-process=image/resize,m_lfit,h_800,w_800/quality,q_90","مشخصات ظاهری و کلینوع دوربین عکاسیچاپ سریع ابعاد۱۲۰*۱۰۰*۳۰ میلی‌متروزن۱۲۰ گرم","۳ دیدگاه",""
"1771406691-182","https://www.digikala.com/search/category-digital-camera/?has_selling_stock=1","دوربین دیجیتال بدون آینه کانن مدل EOS R10  به همراه لنز  45-18","۱۲۶,۰۰۰,۰۰۰","","","۴.۴","ارسال فروشنده","","","دوربین دیجیتال بدون آینه کانن مدل EOS R10  به همراه لنز  45-18ارسال فروشنده
۴.۴۱۲۶,۰۰۰,۰۰۰","https://www.digikala.com/product/dkp-10082188/%D8%AF%D9%88%D8%B1%D8%A8%DB%8C%D9%86-%D8%AF%DB%8C%D8%AC%DB%8C%D8%AA%D8%A7%D9%84-%D8%A8%D8%AF%D9%88%D9%86-%D8%A2%DB%8C%D9%86%D9%87-%DA%A9%D8%A7%D9%86%D9%86-%D9%85%D8%AF%D9%84-eos-r10-%D8%A8%D9%87-%D9%87%D9%85%D8%B1%D8%A7%D9%87-%D9%84%D9%86%D8%B2-45-18/","۴.۴","فیدار نامدار سورین","عالی","مشکی","DKP-10082188","بچه غول کانن!!!","دوربین دیجیتال بدون آینه کانن مدل EOS R10  به همراه لنز  45-18","۱۲۶,۰۰۰,۰۰۰","","","https://dkstatics-public.digikala.com/digikala-products/3e1c5542715148c27c868a98714b1a27758486f2_1754242971.jpg?x-oss-process=image/resize,m_lfit,h_800,w_800/quality,q_90
https://dkstatics-public.digikala.com/digikala-products/3e1c5542715148c27c868a98714b1a27758486f2_1754242971.jpg?x-oss-process=image/resize,m_lfit,h_800,w_800/quality,q_90
https://dkstatics-public.digikala.com/digikala-products/65ba14a7115edc3fdeee813e47b4ecfa458d4f78_1753002957.jpg?x-oss-process=image/resize,m_lfit,h_800,w_800/quality,q_90
https://dkstatics-public.digikala.com/digikala-products/3e1c5542715148c27c868a98714b1a27758486f2_1754242971.jpg?x-oss-process=image/resize,m_lfit,h_800,w_800/quality,q_90","https://dkstatics-public.digikala.com/digikala-products/3e1c5542715148c27c868a98714b1a27758486f2_1754242971.jpg?x-oss-process=image/resize,m_lfit,h_800,w_800/quality,q_90","مشخصات ظاهری و کلینوع کیت دوربیندوربین با لنز قابل تعویض نوع دوربین عکاسیبدون آینه با لنز قابل تعویض مدلEOS R۱۰ سطح کاربرینیمه‌حرفه‌ای ابعاد۱۲۲.۵x۸۷.۸x۸۳.۴ میلی‌متروزن۳۸۲ گرموزن دوربین با باتری و کارت‌حافظه۴۲۹ گرمجنس بدنهپلاستیک و فلز (آلیاژ منیزیم) مانت لنزCanon-RF اقلام همراه دوربینباتری","۱۰ دیدگاه","۱۰۰%"
"1771406693-183","https://www.digikala.com/search/category-digital-camera/?has_selling_stock=1","دوربین عکاسی چاپ سریع مدل ZOO12","۳,۲۰۰,۰۰۰","","","۲.۷","&nbsp;","","","دوربین عکاسی چاپ سریع مدل ZOO12&nbsp;
۲.۷۳,۲۰۰,۰۰۰","https://www.digikala.com/product/dkp-19656607/%D8%AF%D9%88%D8%B1%D8%A8%DB%8C%D9%86-%D8%B9%DA%A9%D8%A7%D8%B3%DB%8C-%DA%86%D8%A7%D9%BE-%D8%B3%D8%B1%DB%8C%D8%B9-%D9%85%D8%AF%D9%84-zoo12/","۲.۷","اسباب بازی روحی تویز","ضعیف","صورتیبنفشآبی","DKP-19656607","اگر صاحب فرزندی هستید که سن و سال کمی دارد ممکن است برای شناخت جهان و ثبت آنها از اسمارت فون ها استفاده نماید که بسیار بد است چرا که محققان معتقدند تلفن‌های همراه خطر ابتلا به تومورهای مغزی را در کودکان و نوجوانان افزایش می‌دهد ما در این جا سعی کرده ایم تا برای عکاسان مشتاق و نوجوان زیر 10 سالتان دوربین هایی را دسته بندی کنیم که متناسب با شرایط سنی و توانایی هایشان است. اگر برای کودک زیر 10 سال دوربینی میخرید احتمالا در نظر دارید که در کنار کارایی و سادگی از ظاهری زیبا و چشم  ...","دوربین عکاسی چاپ سریع مدل ZOO12","۳,۲۰۰,۰۰۰","","","https://dkstatics-public.digikala.com/digikala-products/e7e0536c8bcc48d82ddddd8c37dab5f786fb451e_1751109166.jpg?x-oss-process=image/resize,m_lfit,h_800,w_800/quality,q_90
https://dkstatics-public.digikala.com/digikala-products/2f0528ff79f2a5b43318edd11d1b120261cff627_1751109176.jpg?x-oss-process=image/resize,m_lfit,h_800,w_800/quality,q_90
https://dkstatics-public.digikala.com/digikala-products/c0a941b9305621d85e9885e9c6e82087344f9276_1751109214.jpg?x-oss-process=image/resize,m_lfit,h_800,w_800/quality,q_90
https://dkstatics-public.digikala.com/digikala-products/e7e0536c8bcc48d82ddddd8c37dab5f786fb451e_1751109166.jpg?x-oss-process=image/resize,m_lfit,h_800,w_800/quality,q_90","https://dkstatics-public.digikala.com/digikala-products/e7e0536c8bcc48d82ddddd8c37dab5f786fb451e_1751109166.jpg?x-oss-process=image/resize,m_lfit,h_800,w_800/quality,q_90","مشخصات ظاهری و کلینوع کیت دوربیندوربین با لنز غیرقابل تعویض نوع دوربین عکاسیچاپ سریع سطح کاربریمبتدی ابعاد۱۲۰x۶۰x۴۵ میلی‌متروزن۲۰۰ گرماقلام همراه دوربینشارژر بند دوربین کابل شارژ","",""
"1771406696-184","https://www.digikala.com/search/category-digital-camera/?has_selling_stock=1","دوربین دیجیتال بدون آینه کانن مدل EOS R10 body","۱۱۵,۵۰۰,۰۰۰","","","","تنها ۱ عدد در انبار باقی مانده","","","دوربین دیجیتال بدون آینه کانن مدل EOS R10 bodyتنها ۱ عدد در انبار باقی مانده
۱۱۵,۵۰۰,۰۰۰","https://www.digikala.com/product/dkp-17779337/%D8%AF%D9%88%D8%B1%D8%A8%DB%8C%D9%86-%D8%AF%DB%8C%D8%AC%DB%8C%D8%AA%D8%A7%D9%84-%D8%A8%D8%AF%D9%88%D9%86-%D8%A2%DB%8C%D9%86%D9%87-%DA%A9%D8%A7%D9%86%D9%86-%D9%85%D8%AF%D9%84-eos-r10-body/","","ستاره سهیل پارسا","عالی","مشکی","DKP-17779337","","دوربین دیجیتال بدون آینه کانن مدل EOS R10 body","۱۱۵,۵۰۰,۰۰۰","","","https://dkstatics-public.digikala.com/digikala-products/1a003b0e2b36718257cfb376b4d4f6d87c0df887_1734784390.jpg?x-oss-process=image/resize,m_lfit,h_800,w_800/quality,q_90
https://dkstatics-public.digikala.com/digikala-products/1a003b0e2b36718257cfb376b4d4f6d87c0df887_1734784390.jpg?x-oss-process=image/resize,m_lfit,h_800,w_800/quality,q_90
https://dkstatics-public.digikala.com/digikala-products/a82ff4f371ecb89885f73acf39f5b1f10d275976_1734784390.jpg?x-oss-process=image/resize,m_lfit,h_800,w_800/quality,q_90
https://dkstatics-public.digikala.com/digikala-products/1a003b0e2b36718257cfb376b4d4f6d87c0df887_1734784390.jpg?x-oss-process=image/resize,m_lfit,h_800,w_800/quality,q_90","https://dkstatics-public.digikala.com/digikala-products/1a003b0e2b36718257cfb376b4d4f6d87c0df887_1734784390.jpg?x-oss-process=image/resize,m_lfit,h_800,w_800/quality,q_90","مشخصات ظاهری و کلینوع دوربین عکاسیبدون آینه با لنز قابل تعویض وزن۳۸۰ گرم","",""
"1771406698-185","https://www.digikala.com/search/category-digital-camera/?has_selling_stock=1","دوربین دیجیتال پرودو مدل LFS014","۲,۶۷۰,۰۰۰","","","۲","تنها ۲ عدد در انبار باقی مانده","","","دوربین دیجیتال پرودو مدل LFS014تنها ۲ عدد در انبار باقی مانده
۲۲,۶۷۰,۰۰۰","https://www.digikala.com/product/dkp-18025818/%D8%AF%D9%88%D8%B1%D8%A8%DB%8C%D9%86-%D8%AF%DB%8C%D8%AC%DB%8C%D8%AA%D8%A7%D9%84-%D9%BE%D8%B1%D9%88%D8%AF%D9%88-%D9%85%D8%AF%D9%84-lfs014/","۲","باران اصفهان","خیلی خوب","آبیصورتی","DKP-18025818","","دوربین دیجیتال پرودو مدل LFS014","۲,۶۵۰,۰۰۰","","","https://dkstatics-public.digikala.com/digikala-products/1fc19f0790a035a5c501d4e591a4b071b699dd8f_1754239406.jpg?x-oss-process=image/resize,m_lfit,h_800,w_800/quality,q_90
https://dkstatics-public.digikala.com/digikala-products/5ee0ff60ca45e45cd2f1f1318fb48cd6b2e01379_1736930263.jpg?x-oss-process=image/resize,m_lfit,h_800,w_800/quality,q_90
https://dkstatics-public.digikala.com/digikala-products/ae4c4ca7028c697da5f22fbc9cdd9af85100fda3_1736930263.jpg?x-oss-process=image/resize,m_lfit,h_800,w_800/quality,q_90
https://dkstatics-public.digikala.com/digikala-products/1fc19f0790a035a5c501d4e591a4b071b699dd8f_1754239406.jpg?x-oss-process=image/resize,m_lfit,h_800,w_800/quality,q_90","https://dkstatics-public.digikala.com/digikala-products/1fc19f0790a035a5c501d4e591a4b071b699dd8f_1754239406.jpg?x-oss-process=image/resize,m_lfit,h_800,w_800/quality,q_90","مشخصات ظاهری و کلینوع دوربین عکاسیکامپکت وزن۲۰۰ گرم","","۴۰%"
"1771406700-186","https://www.digikala.com/search/category-digital-camera/?has_selling_stock=1","دوربین دیجیتال بدون آینه کانن مدل  EOS R5 BODY","۴۰۰,۰۰۰,۰۰۰","","","","تنها ۱ عدد در انبار باقی مانده","","","دوربین دیجیتال بدون آینه کانن مدل  EOS R5 BODYتنها ۱ عدد در انبار باقی مانده
۴۰۰,۰۰۰,۰۰۰","https://www.digikala.com/product/dkp-10160704/%D8%AF%D9%88%D8%B1%D8%A8%DB%8C%D9%86-%D8%AF%DB%8C%D8%AC%DB%8C%D8%AA%D8%A7%D9%84-%D8%A8%D8%AF%D9%88%D9%86-%D8%A2%DB%8C%D9%86%D9%87-%DA%A9%D8%A7%D9%86%D9%86-%D9%85%D8%AF%D9%84-eos-r5-body/","","فیدار نامدار سورین","عالی","مشکی","DKP-10160704","تیزر رسمی کنن آر۵ - Canon R5","دوربین دیجیتال بدون آینه کانن مدل  EOS R5 BODY","۴۰۰,۰۰۰,۰۰۰","","","https://dkstatics-public.digikala.com/digikala-products/3fd4b0e2a54392d8dd7deb1f0a7cad3e7e216ee9_1754249926.jpg?x-oss-process=image/resize,m_lfit,h_800,w_800/quality,q_90
https://dkstatics-public.digikala.com/digikala-products/3fd4b0e2a54392d8dd7deb1f0a7cad3e7e216ee9_1754249926.jpg?x-oss-process=image/resize,m_lfit,h_800,w_800/quality,q_90
https://dkstatics-public.digikala.com/digikala-products/a6e8abece457887e0dd63589ef97ed5d97a391f9_1671095133.jpg?x-oss-process=image/resize,m_lfit,h_800,w_800/quality,q_90
https://dkstatics-public.digikala.com/digikala-products/3fd4b0e2a54392d8dd7deb1f0a7cad3e7e216ee9_1754249926.jpg?x-oss-process=image/resize,m_lfit,h_800,w_800/quality,q_90","https://dkstatics-public.digikala.com/digikala-products/3fd4b0e2a54392d8dd7deb1f0a7cad3e7e216ee9_1754249926.jpg?x-oss-process=image/resize,m_lfit,h_800,w_800/quality,q_90","مشخصات ظاهری و کلیوزن۷۳۸ گرم","۱ دیدگاه",""
"1771406702-187","https://www.digikala.com/search/category-digital-camera/?has_selling_stock=1","دوربین دیجیتال کودک زوی زویی مدل E28 Star","۴,۶۸۰,۰۰۰","","","۳","تنها ۱ عدد در انبار باقی مانده","","","دوربین دیجیتال کودک زوی زویی مدل E28 Starتنها ۱ عدد در انبار باقی مانده
۳۴,۶۸۰,۰۰۰","https://www.digikala.com/product/dkp-18578315/%D8%AF%D9%88%D8%B1%D8%A8%DB%8C%D9%86-%D8%AF%DB%8C%D8%AC%DB%8C%D8%AA%D8%A7%D9%84-%DA%A9%D9%88%D8%AF%DA%A9-%D8%B2%D9%88%DB%8C-%D8%B2%D9%88%DB%8C%DB%8C-%D9%85%D8%AF%D9%84-e28-star/","۳","ایوان دیجیتال","عالی","زرد","DKP-18578315","","دوربین دیجیتال کودک زوی زویی مدل E28 Star","۴,۶۸۰,۰۰۰","","","https://dkstatics-public.digikala.com/digikala-products/b73b6b2d0b67238abec866e3a582c180ca0f2055_1754240903.jpg?x-oss-process=image/resize,m_lfit,h_800,w_800/quality,q_90
https://dkstatics-public.digikala.com/digikala-products/8e37273f7d136465718588e0e6a17e694f49293a_1741530229.jpg?x-oss-process=image/resize,m_lfit,h_800,w_800/quality,q_90
https://dkstatics-public.digikala.com/digikala-products/a0a6ec9600b1f9de5fee6206aa201e1696977652_1741530078.jpg?x-oss-process=image/resize,m_lfit,h_800,w_800/quality,q_90
https://dkstatics-public.digikala.com/digikala-products/b73b6b2d0b67238abec866e3a582c180ca0f2055_1754240903.jpg?x-oss-process=image/resize,m_lfit,h_800,w_800/quality,q_90","https://dkstatics-public.digikala.com/digikala-products/b73b6b2d0b67238abec866e3a582c180ca0f2055_1754240903.jpg?x-oss-process=image/resize,m_lfit,h_800,w_800/quality,q_90","مشخصات ظاهری و کلینوع دوربین عکاسیکامپکت وزن۲۱۱ گرم","۱ دیدگاه","۶۰%"
"1771406705-188","https://www.digikala.com/search/category-digital-camera/?has_selling_stock=1","دوربین دیجیتال بدون آینه کانن مدل EOS R10 با لنز ۱۸ - ۱۵۰ میلی‌متر f/3.5 - f/6.3","۱۶۸,۰۰۰,۰۰۰","","","۴.۳","&nbsp;","","","دوربین دیجیتال بدون آینه کانن مدل EOS R10 با لنز ۱۸ - ۱۵۰ میلی‌متر f/3.5 - f/6.3&nbsp;
۴.۳۱۶۸,۰۰۰,۰۰۰","https://www.digikala.com/product/dkp-10110914/%D8%AF%D9%88%D8%B1%D8%A8%DB%8C%D9%86-%D8%AF%DB%8C%D8%AC%DB%8C%D8%AA%D8%A7%D9%84-%D8%A8%D8%AF%D9%88%D9%86-%D8%A2%DB%8C%D9%86%D9%87-%DA%A9%D8%A7%D9%86%D9%86-%D9%85%D8%AF%D9%84-eos-r10-%D8%A8%D8%A7-%D9%84%D9%86%D8%B2-%DB%B1%DB%B8-%DB%B1%DB%B5%DB%B0-%D9%85%DB%8C%D9%84%DB%8C%D9%85%D8%AA%D8%B1-f35-f63/","۴.۳","ستاره سهیل پارسا","عالی","مشکی","DKP-10110914","بچه غول کانن!!!","دوربین دیجیتال بدون آینه کانن مدل EOS R10 با لنز ۱۸ - ۱۵۰ میلی‌متر f/3.5 - f/6.3","۱۶۸,۳۰۰,۰۰۰","","","https://dkstatics-public.digikala.com/digikala-products/95befc3145f72633319bf5362e685cf239d7a12b_1754249920.jpg?x-oss-process=image/resize,m_lfit,h_800,w_800/quality,q_90
https://dkstatics-public.digikala.com/digikala-products/95befc3145f72633319bf5362e685cf239d7a12b_1754249920.jpg?x-oss-process=image/resize,m_lfit,h_800,w_800/quality,q_90
https://dkstatics-public.digikala.com/digikala-products/fb9c4af60d7cb46397aac48c4bd494b27f8be8e4_1670681933.jpg?x-oss-process=image/resize,m_lfit,h_800,w_800/quality,q_90
https://dkstatics-public.digikala.com/digikala-products/95befc3145f72633319bf5362e685cf239d7a12b_1754249920.jpg?x-oss-process=image/resize,m_lfit,h_800,w_800/quality,q_90","https://dkstatics-public.digikala.com/digikala-products/95befc3145f72633319bf5362e685cf239d7a12b_1754249920.jpg?x-oss-process=image/resize,m_lfit,h_800,w_800/quality,q_90","مشخصات ظاهری و کلینوع کیت دوربیندوربین با لنز قابل تعویض نوع دوربین عکاسیبدون آینه با لنز قابل تعویض مدلEOS R۱۰ سطح کاربرینیمه‌حرفه‌ای ابعاد۱۲۲.۵x۸۷.۸x۸۳.۴ میلی‌متروزن۳۸۲ گرموزن دوربین با باتری و کارت‌حافظه۴۲۹ گرمجنس بدنهپلاستیک و فلز (آلیاژ منیزیم) مانت لنزCanon-RF اقلام همراه دوربینباتری","۶ دیدگاه","۱۰۰%"
"1771406707-189","https://www.digikala.com/search/category-digital-camera/?has_selling_stock=1","دوربین دیجیتال عکاسی چاپ سریع مدل KIDS-A600","۳,۵۷۰,۰۰۰","۴,۲۰۰,۰۰۰","۱۵٪","۴.۵","تنها ۲ عدد در انبار باقی مانده","","","دوربین دیجیتال عکاسی چاپ سریع مدل KIDS-A600تنها ۲ عدد در انبار باقی مانده
۴.۵۱۵٪۳,۵۷۰,۰۰۰۴,۲۰۰,۰۰۰","https://www.digikala.com/product/dkp-18174242/%D8%AF%D9%88%D8%B1%D8%A8%DB%8C%D9%86-%D8%AF%DB%8C%D8%AC%DB%8C%D8%AA%D8%A7%D9%84-%D8%B9%DA%A9%D8%A7%D8%B3%DB%8C-%DA%86%D8%A7%D9%BE-%D8%B3%D8%B1%DB%8C%D8%B9-%D9%85%D8%AF%D9%84-kids-a600/","۴.۵","تاروش مارکت","عالی","سبزآبی روشنیاسیسبز آبیبنفش روشنصورتی","DKP-18174242","این دوربین‌های کوچک که برای بچه‌ها طراحی شده‌اند، به طور ویژه برای ثبت لحظات خاص و سرگرم‌کننده طراحی شده‌اند. با ظاهری جذاب و کاربری ساده، این دوربین‌ها به کودکان امکان می‌دهند تا به راحتی عکس‌های سیاه‌سفید چاپی بگیرند و در دنیای خود خاطرات جدیدی بسازند. ویژگی اصلی این دوربین‌ها استفاده از رول‌های چاپ فوری است که به محض گرفتن عکس، چاپ شده و آماده استفاده می‌شود.

این دوربین‌ها، علاوه بر سرگرم‌کننده بودن، به تقویت خلاقیت و مهارت‌های دیداری کودکان کمک می‌کنند. با طراحی جمع‌وجور ...","دوربین دیجیتال عکاسی چاپ سریع مدل KIDS-A600","۳,۵۹۹,۲۵۰","۶٪","۳,۳۹۵,۱۳۰","https://dkstatics-public.digikala.com/digikala-products/d22f40e395a662f481ff42c31e8add22b3ea573c_1754239761.jpg?x-oss-process=image/resize,m_lfit,h_800,w_800/quality,q_90
https://dkstatics-public.digikala.com/digikala-products/d22f40e395a662f481ff42c31e8add22b3ea573c_1754239761.jpg?x-oss-process=image/resize,m_lfit,h_800,w_800/quality,q_90
https://dkstatics-public.digikala.com/digikala-products/b7c45ddb75115ebcb412851ae2ebe28538e3cf5d_1738241800.jpg?x-oss-process=image/resize,m_lfit,h_800,w_800/quality,q_90
https://dkstatics-public.digikala.com/digikala-products/48bc65bb7929f1a2cae8689f4878c88d18585784_1738241800.jpg?x-oss-process=image/resize,m_lfit,h_800,w_800/quality,q_90","https://dkstatics-public.digikala.com/digikala-products/d22f40e395a662f481ff42c31e8add22b3ea573c_1754239761.jpg?x-oss-process=image/resize,m_lfit,h_800,w_800/quality,q_90","مشخصات ظاهری و کلینوع دوربین عکاسیچاپ سریع وزن۳۲۱ گرم","۴ دیدگاه","۱۰۰%"
"1771406709-190","https://www.digikala.com/search/category-digital-camera/?has_selling_stock=1","دوربین عکاسی چاپ سریع مدل Q5","۴,۴۰۰,۰۰۰","","","۳.۶","&nbsp;","","","دوربین عکاسی چاپ سریع مدل Q5&nbsp;
۳.۶۴,۴۰۰,۰۰۰","https://www.digikala.com/product/dkp-14815512/%D8%AF%D9%88%D8%B1%D8%A8%DB%8C%D9%86-%D8%B9%DA%A9%D8%A7%D8%B3%DB%8C-%D9%85%D8%AF%D9%84-%DA%86%D8%A7%D9%BE-%D8%B3%D8%B1%DB%8C%D8%B9-%DA%A9%D8%AF-q5/","۳.۶","تاروش مارکت","عالی","سبز آبیصورتیآبی فیروزه ای","DKP-14815512","در دوران رونق عکاسی دیجیتال که تقریبا هر کس با هر نیاز و سلیقه‌ای می‌تواند دوربین دیجیتال مناسب خود را بیابد، هستند کسانی که به دنبال تجربه‌های هیجان‌انگیزتری می‌گردند. یکی از تجربه‌های لذت‌بخش عکاسی، عکاسی با دوربین‌ های پیرینت حرارتی چاپ سریع است. در این دوربین‌های ساده و سرگرم‌کننده، پس از فشردن دکمه‌ی شاتر، فیلمی از داخل دوربین خارج می‌شود و پس از چند لحظه عکس شما چاپ می شود . عکاسی با این دوربین‌ها بسیار سرگرم‌کننده و لذت‌بخش است و لحظه‌های شادی برای شما به ارمغان می‌آور ...","دوربین عکاسی چاپ سریع مدل Q5","۴,۴۰۰,۰۰۰","۷٪","۴,۰۹۲,۰۰۰","https://dkstatics-public.digikala.com/digikala-products/4c6c15b8c31353eb353083703a58e34e7d692ce5_1755788776.jpg?x-oss-process=image/resize,m_lfit,h_800,w_800/quality,q_90
https://dkstatics-public.digikala.com/digikala-products/853ad0cb89424fdef36e744a364242fc4a791452_1751977746.jpg?x-oss-process=image/resize,m_lfit,h_800,w_800/quality,q_90
https://dkstatics-public.digikala.com/digikala-products/42caf19ee1d8b6a2879caa305e552568e3890d78_1755712650.jpg?x-oss-process=image/resize,m_lfit,h_800,w_800/quality,q_90
https://dkstatics-public.digikala.com/digikala-products/4c6c15b8c31353eb353083703a58e34e7d692ce5_1755788776.jpg?x-oss-process=image/resize,m_lfit,h_800,w_800/quality,q_90","https://dkstatics-public.digikala.com/digikala-products/4c6c15b8c31353eb353083703a58e34e7d692ce5_1755788776.jpg?x-oss-process=image/resize,m_lfit,h_800,w_800/quality,q_90","مشخصات ظاهری و کلیوزن۳۵۳ گرمجنس بدنهپلاستیک","۲۲ دیدگاه","۸۰%"
"1771406711-191","https://www.digikala.com/search/category-digital-camera/?has_selling_stock=1","دوربین دیجیتال مدل 4K Ultra HD 48MP 16X  3.2inch IPS","۲۵,۶۳۰,۰۰۰","","","","تنها ۱ عدد در انبار باقی مانده","","","دوربین دیجیتال مدل 4K Ultra HD 48MP 16X  3.2inch IPSتنها ۱ عدد در انبار باقی مانده
۲۵,۶۳۰,۰۰۰","https://www.digikala.com/product/dkp-13591216/%D8%AF%D9%88%D8%B1%D8%A8%DB%8C%D9%86-%D8%AF%DB%8C%D8%AC%DB%8C%D8%AA%D8%A7%D9%84-%D9%85%D8%AF%D9%84-4k-ultra-hd-48mp-16x-32inch-ips/","","ایران خاص مارکت","عالی","مشکی","DKP-13591216","(دوربین 4K 48 مگاپیکسلی) دوربین 48 مگاپیکسلی، وضوح 4K و صفحه نمایش 3.2 اینچی IPS دارد. شما می توانید عکس های فوق العاده ای بگیرید و ضبط کنید و خاطرات خوبی را در هر زمان با خانواده و دوستان خود نگه دارید. زوم دیجیتال 16 برابری به دریافت تصاویر و ویدیوهای با کیفیت بالا با دامنه دینامیکی گسترده کمک می کند.
(عملکرد WEBCAM) دوربین از عملکرد دوربین کامپیوتر پشتیبانی می کند، کامپیوتر را از طریق کابل USB متصل می کند و می تواند برای پخش زنده در رسانه های اجتماعی استفاده شود. با یک پو ...","دوربین دیجیتال مدل 4K Ultra HD 48MP 16X  3.2inch IPS","۲۵,۶۳۰,۰۰۰","۲۰٪","۲۰,۵۰۴,۰۰۰","https://dkstatics-public.digikala.com/digikala-products/e18340b59a6dc35ec8268caf561aa832aabd842c_1754251978.jpg?x-oss-process=image/resize,m_lfit,h_800,w_800/quality,q_90
https://dkstatics-public.digikala.com/digikala-products/e18340b59a6dc35ec8268caf561aa832aabd842c_1754251978.jpg?x-oss-process=image/resize,m_lfit,h_800,w_800/quality,q_90
https://dkstatics-public.digikala.com/digikala-products/80a33a349b60ab1b151ab0670c479d3daae118ed_1701607318.jpg?x-oss-process=image/resize,m_lfit,h_800,w_800/quality,q_90
https://dkstatics-public.digikala.com/digikala-products/e18340b59a6dc35ec8268caf561aa832aabd842c_1754251978.jpg?x-oss-process=image/resize,m_lfit,h_800,w_800/quality,q_90","https://dkstatics-public.digikala.com/digikala-products/e18340b59a6dc35ec8268caf561aa832aabd842c_1754251978.jpg?x-oss-process=image/resize,m_lfit,h_800,w_800/quality,q_90","مشخصات ظاهری و کلیوزن۴۰۰ گرمجنس بدنهپلاستیک مخصوص","۳ دیدگاه",""
"1771406713-192","https://www.digikala.com/search/category-digital-camera/?has_selling_stock=1","دوربین دیجیتال بدون آیینه سونی مدل  Alpha A7c II body","۲۵۲,۰۰۰,۰۰۰","","","۵","تنها ۱ عدد در انبار باقی مانده","","","دوربین دیجیتال بدون آیینه سونی مدل  Alpha A7c II bodyتنها ۱ عدد در انبار باقی مانده
۵۲۵۲,۰۰۰,۰۰۰","https://www.digikala.com/product/dkp-14021258/%D8%AF%D9%88%D8%B1%D8%A8%DB%8C%D9%86-%D8%AF%DB%8C%D8%AC%DB%8C%D8%AA%D8%A7%D9%84-%D8%A8%D8%AF%D9%88%D9%86-%D8%A2%DB%8C%DB%8C%D9%86%D9%87-%D8%B3%D9%88%D9%86%DB%8C-%D9%85%D8%AF%D9%84-alpha-a7c-ii-body/","۵","فیدار نامدار سورین","عالی","مشکی","DKP-14021258","دوربین سونی a7C II با ترکیبی از مشخصات شیک و حسگر فول فریم نسل اول خود، وضوح بهبود یافته، فوکوس خودکار، تثبیت‌ کننده تصویر درون بدنه و قابلیت‌ های فیلم برداری را در یک فرم فشرده، برای استفاده ی روزمره ارائه می ‌کند.

بط 10 بیتی 4:2:2 با استفاده از فرمت پیشرفته XAVC S-I برای عملکرد و کیفیت ثابت با نرخ بیت تا 600 مگابایت بر ثانیه
ضبط فول فریم 4K با نرخ فریم تا p30، تا p 60 در 4K با برش Super35، و ضبط فول اچ‌ دی تا p120، با استفاده از بازخوانی کامل پیکسل 1:1 بدون binning امکا ...","دوربین دیجیتال بدون آیینه سونی مدل  Alpha A7c II body","۲۵۲,۰۰۰,۰۰۰","","","https://dkstatics-public.digikala.com/digikala-products/4e58c4a27bc3c5b4d03b8dcdb5f0b311bc5f66c4_1754252506.jpg?x-oss-process=image/resize,m_lfit,h_800,w_800/quality,q_90
https://dkstatics-public.digikala.com/digikala-products/4e58c4a27bc3c5b4d03b8dcdb5f0b311bc5f66c4_1754252506.jpg?x-oss-process=image/resize,m_lfit,h_800,w_800/quality,q_90
https://dkstatics-public.digikala.com/digikala-products/d591494c3bd772b34ac766da0d6938ac0aef492b_1753002821.jpg?x-oss-process=image/resize,m_lfit,h_800,w_800/quality,q_90
https://dkstatics-public.digikala.com/digikala-products/4e58c4a27bc3c5b4d03b8dcdb5f0b311bc5f66c4_1754252506.jpg?x-oss-process=image/resize,m_lfit,h_800,w_800/quality,q_90","https://dkstatics-public.digikala.com/digikala-products/4e58c4a27bc3c5b4d03b8dcdb5f0b311bc5f66c4_1754252506.jpg?x-oss-process=image/resize,m_lfit,h_800,w_800/quality,q_90","مشخصات ظاهری و کلینوع کیت دوربینفقط بدنه‌ی دوربین بدون لنز نوع دوربین عکاسیبدون آینه با لنز قابل تعویض مدلa۷c II سطح کاربریحرفه‌ای ابعاد۱۲۴x۷۱x۶۴ میلی‌متروزن۴۲۹ گرموزن دوربین با باتری و کارت‌حافظه۵۱۴ گرمجنس بدنهپلاستیک و فلز (آلیاژ منیزیم) مانت لنزSony-E اقلام همراه دوربینباتری","۳ دیدگاه","۱۰۰%"
"1771406715-193","https://www.digikala.com/search/category-digital-camera/?has_selling_stock=1","دوربین دیجیتال کانن مدل EOS 2000D به همراه لنز 18-55 میلی متر IS II","۵۹,۸۰۰,۰۰۰","","","۴.۷","&nbsp;","","","دوربین دیجیتال کانن مدل EOS 2000D به همراه لنز 18-55 میلی متر IS II&nbsp;
۴.۷۵۹,۸۰۰,۰۰۰","https://www.digikala.com/product/dkp-3884577/%D8%AF%D9%88%D8%B1%D8%A8%DB%8C%D9%86-%D8%AF%DB%8C%D8%AC%DB%8C%D8%AA%D8%A7%D9%84-%DA%A9%D8%A7%D9%86%D9%86-%D9%85%D8%AF%D9%84-eos-2000d-%D8%A8%D9%87-%D9%87%D9%85%D8%B1%D8%A7%D9%87-%D9%84%D9%86%D8%B2-18-55-%D9%85%DB%8C%D9%84%DB%8C-%D9%85%D8%AA%D8%B1-is-ii/","۴.۷","آل قاچ","خوب","مشکی","DKP-3884577","مدل «2000D» در سری دوربین‌های مبتدی DSLR کانن قرار می‌گیرد. این مدل را کمپانی مشهور «کانن» (Canon) تولید کرده است و همراه آن  لنز 18-55 میلی‌متر ارائه می‌شود. 18-55  لنز نرمالی است که می‌توانید با آن محدوده‌ی قابل‌قبولی را هنگام عکاسی پوشش داده و عکس‌های واضح و باکیفیتی ثبت کنید. برای توضیح درباره‌ی مشخصات فنی این دوربین باید گفت که 2000D با برخورداری از عالی‌ترین سطح تنظیمات دستی و پیشرفته‌ترین تکنولوژی‌های به‌روز دوربین‌های دیجیتال و همچنین قیمتی به‌صرفه و مناسب، نزد مشتاقا ...","دوربین دیجیتال کانن مدل EOS 2000D به همراه لنز 18-55 میلی متر IS II","۵۶,۸۱۰,۰۰۰","","","https://dkstatics-public.digikala.com/digikala-products/78da5bd5f3a7588e52f6d0ff9a249857cbb4d340_1753792693.jpg?x-oss-process=image/resize,m_lfit,h_800,w_800/quality,q_90
https://dkstatics-public.digikala.com/digikala-products/78da5bd5f3a7588e52f6d0ff9a249857cbb4d340_1753792693.jpg?x-oss-process=image/resize,m_lfit,h_800,w_800/quality,q_90
https://dkstatics-public.digikala.com/digikala-products/37f01277b6e2c18e5c5b62a1c57935774d71d3df_1757321684.jpg?x-oss-process=image/resize,m_lfit,h_800,w_800/quality,q_90
https://dkstatics-public.digikala.com/digikala-products/78da5bd5f3a7588e52f6d0ff9a249857cbb4d340_1753792693.jpg?x-oss-process=image/resize,m_lfit,h_800,w_800/quality,q_90","https://dkstatics-public.digikala.com/digikala-products/78da5bd5f3a7588e52f6d0ff9a249857cbb4d340_1753792693.jpg?x-oss-process=image/resize,m_lfit,h_800,w_800/quality,q_90","مشخصات ظاهری و کلینوع کیت دوربیندوربین با لنز قابل تعویض نوع دوربین عکاسیDSLR با لنز قابل تعویض مدلEOS ۲۰۰۰D سطح کاربریمبتدی ابعاد۱۲۹x۱۰۱x۷۷ میلی‌متروزن۴۲۷ گرموزن دوربین با باتری و کارت‌حافظه۴۷۵ گرم گرمجنس بدنهپلی‌کربنات مانت لنزCanon-EF-S اقلام همراه دوربینباتری","۵ دیدگاه",""
"1771406718-194","https://www.digikala.com/search/category-digital-camera/?has_selling_stock=1","دوربین دیجیتال نیکون مدل  COOLPIX P1100","۱۶۱,۷۰۰,۰۰۰","","","","تنها ۱ عدد در انبار باقی مانده","https://dkstatics-public.digikala.com/digikala-products/07c6cdb3ad2257839c49d6d6430503ab6eadd6da_1755593673.jpg?x-oss-process=image/resize,m_lfit,h_300,w_300/quality,q_80","","دوربین دیجیتال نیکون مدل  COOLPIX P1100 تنها ۱ عدد در انبار باقی مانده
۱۶۱,۷۰۰,۰۰۰","https://www.digikala.com/product/dkp-19316643/%D8%AF%D9%88%D8%B1%D8%A8%DB%8C%D9%86-%D8%AF%DB%8C%D8%AC%DB%8C%D8%AA%D8%A7%D9%84-%D9%86%DB%8C%DA%A9%D9%88%D9%86-%D9%85%D8%AF%D9%84-coolpix-p1100/","","ستاره سهیل پارسا","عالی","مشکی","DKP-19316643","دوربین دیجیتال نیکون COOLPIX P1100 یک محصول کامپکت سوپرزوم است که برای علاقه‌مندان نیمه‌حرفه‌ای طراحی شده و ترکیبی از امکانات پیشرفته و عملکرد راحت را ارائه می‌دهد. این دوربین با ابعاد ۱۴۶x۱۱۸x۱۸۱ میلی‌متر و وزن ۱۴۱۵ گرم (همراه باتری و کارت حافظه نیز ۱۴۱۵ گرم) طراحی شده و با وجود بدنه‌ای نسبتاً بزرگ، حس کنترل و استحکام خوبی به کاربر منتقل می‌کند. این محصول برای کسانی که به دنبال یک سوپرزوم قوی و کارایی بالا هستند، گزینه‌ای ایده‌آل محسوب می‌شود.
COOLPIX P1100 به حسگر CMOS با ا ...","دوربین دیجیتال نیکون مدل  COOLPIX P1100","۱۶۱,۷۰۰,۰۰۰","","","https://dkstatics-public.digikala.com/digikala-products/07c6cdb3ad2257839c49d6d6430503ab6eadd6da_1755593673.jpg?x-oss-process=image/resize,m_lfit,h_800,w_800/quality,q_90
https://dkstatics-public.digikala.com/digikala-products/07c6cdb3ad2257839c49d6d6430503ab6eadd6da_1755593673.jpg?x-oss-process=image/resize,m_lfit,h_800,w_800/quality,q_90
https://dkstatics-public.digikala.com/digikala-products/0795feb7810fc5cc7d2ad64973426c5edda66b79_1757322125.jpg?x-oss-process=image/resize,m_lfit,h_800,w_800/quality,q_90
https://dkstatics-public.digikala.com/digikala-products/07c6cdb3ad2257839c49d6d6430503ab6eadd6da_1755593673.jpg?x-oss-process=image/resize,m_lfit,h_800,w_800/quality,q_90","https://dkstatics-public.digikala.com/digikala-products/07c6cdb3ad2257839c49d6d6430503ab6eadd6da_1755593673.jpg?x-oss-process=image/resize,m_lfit,h_800,w_800/quality,q_90","مشخصات ظاهری و کلینوع کیت دوربیندوربین با لنز غیرقابل تعویض نوع دوربین عکاسیکامپکت سوپرزوم مدلCOOLPIX P۱۱۰۰ سطح کاربرینیمه‌حرفه‌ای ابعاد۱۴۶x۱۱۸x۱۸۱ میلی‌متروزن۱۴۱۵ گرموزن دوربین با باتری و کارت‌حافظه۱۴۱۵ گرماقلام همراه دوربینباتری","۴ دیدگاه",""
"1771406720-195","https://www.digikala.com/search/category-digital-camera/?has_selling_stock=1","دوربین دیجیتال مدل XL830","۲,۸۰۰,۰۰۰","","","۵","تنها ۲ عدد در انبار باقی مانده","https://dkstatics-public.digikala.com/digikala-products/c6c6815927eaa6dd4ed560bb987db726aa32ae6b_1754240904.jpg?x-oss-process=image/resize,m_lfit,h_300,w_300/quality,q_80","","دوربین دیجیتال مدل XL830تنها ۲ عدد در انبار باقی مانده
۵۲,۸۰۰,۰۰۰","https://www.digikala.com/product/dkp-18581203/%D8%AF%D9%88%D8%B1%D8%A8%DB%8C%D9%86-%D8%AF%DB%8C%D8%AC%DB%8C%D8%AA%D8%A7%D9%84-%D9%85%D8%AF%D9%84-xl830/","۵","کیمیا استور","عالی","صورتیچند رنگ","DKP-18581203","","دوربین دیجیتال مدل XL830","۲,۸۰۰,۰۰۰","","","https://dkstatics-public.digikala.com/digikala-products/c6c6815927eaa6dd4ed560bb987db726aa32ae6b_1754240904.jpg?x-oss-process=image/resize,m_lfit,h_800,w_800/quality,q_90
https://dkstatics-public.digikala.com/digikala-products/a92f6f459fe6cde83fb440d56bf27e2a99ad7525_1741549458.jpg?x-oss-process=image/resize,m_lfit,h_800,w_800/quality,q_90
https://dkstatics-public.digikala.com/digikala-products/cb39e8c9fa60f9a32fa1fb70879b7a400a5f7cae_1741549461.jpg?x-oss-process=image/resize,m_lfit,h_800,w_800/quality,q_90
https://dkstatics-public.digikala.com/digikala-products/c6c6815927eaa6dd4ed560bb987db726aa32ae6b_1754240904.jpg?x-oss-process=image/resize,m_lfit,h_800,w_800/quality,q_90","https://dkstatics-public.digikala.com/digikala-products/c6c6815927eaa6dd4ed560bb987db726aa32ae6b_1754240904.jpg?x-oss-process=image/resize,m_lfit,h_800,w_800/quality,q_90","مشخصات ظاهری و کلینوع دوربین عکاسیDSLR با لنز قابل تعویض وزن۱۲۰ گرم","۳ دیدگاه","۱۰۰%"
"1771406722-196","https://www.digikala.com/search/category-digital-camera/?has_selling_stock=1","دوربین دیجیتال کانن مدل EOS 4000D به همراه لنز 18-55 میلی متر DC III","۵۶,۹۳۰,۰۰۰","","","۴.۲","تنها ۲ عدد در انبار باقی مانده","https://dkstatics-public.digikala.com/digikala-products/9fbbf0b7bfd0877054bedd98bffb74df28456c73_1754485502.jpg?x-oss-process=image/resize,m_lfit,h_300,w_300/quality,q_80","","دوربین دیجیتال کانن مدل EOS 4000D به همراه لنز 18-55 میلی متر DC IIIتنها ۲ عدد در انبار باقی مانده
۴.۲۵۶,۹۳۰,۰۰۰","https://www.digikala.com/product/dkp-777295/%D8%AF%D9%88%D8%B1%D8%A8%DB%8C%D9%86-%D8%AF%DB%8C%D8%AC%DB%8C%D8%AA%D8%A7%D9%84-%DA%A9%D8%A7%D9%86%D9%86-%D9%85%D8%AF%D9%84-eos-4000d-%D8%A8%D9%87-%D9%87%D9%85%D8%B1%D8%A7%D9%87-%D9%84%D9%86%D8%B2-18-55-%D9%85%DB%8C%D9%84%DB%8C-%D9%85%D8%AA%D8%B1-dc-iii/","۴.۲","نگاه شاپ","خوب","مشکی","DKP-777295","دوربین حرفه‌ای چی بخریم؟؟؟ 🤔","دوربین دیجیتال کانن مدل EOS 4000D به همراه لنز 18-55 میلی متر DC III","۵۶,۹۳۰,۰۰۰","","","https://dkstatics-public.digikala.com/digikala-products/9fbbf0b7bfd0877054bedd98bffb74df28456c73_1754485502.jpg?x-oss-process=image/resize,m_lfit,h_800,w_800/quality,q_90
https://dkstatics-public.digikala.com/digikala-products/9fbbf0b7bfd0877054bedd98bffb74df28456c73_1754485502.jpg?x-oss-process=image/resize,m_lfit,h_800,w_800/quality,q_90
https://dkstatics-public.digikala.com/digikala-products/9fbbf0b7bfd0877054bedd98bffb74df28456c73_1754247356.jpg?x-oss-process=image/resize,m_lfit,h_800,w_800/quality,q_90
https://dkstatics-public.digikala.com/digikala-products/9fbbf0b7bfd0877054bedd98bffb74df28456c73_1754485502.jpg?x-oss-process=image/resize,m_lfit,h_800,w_800/quality,q_90","https://dkstatics-public.digikala.com/digikala-products/9fbbf0b7bfd0877054bedd98bffb74df28456c73_1754485502.jpg?x-oss-process=image/resize,m_lfit,h_800,w_800/quality,q_90","مشخصات ظاهری و کلیوزن۴۳۶ گرم","۴۰۰ دیدگاه",""
"1771406724-197","https://www.digikala.com/search/category-digital-camera/?has_selling_stock=1","دوربین دیجیتال بدون آینه کانن مدل EOS RP به همراه لنز 24 - 105 میلی‌متر f/4 - f/7.1","۱۳۷,۰۰۰,۰۰۰","","","۴.۳","تنها ۲ عدد در انبار باقی مانده","https://dkstatics-public.digikala.com/digikala-products/4a3fbf8ed65bfb8aa06d62d1fec0e889cd5fba4a_1754249921.jpg?x-oss-process=image/resize,m_lfit,h_300,w_300/quality,q_80","","دوربین دیجیتال بدون آینه کانن مدل EOS RP به همراه لنز 24 - 105 میلی‌متر f/4 - f/7.1تنها ۲ عدد در انبار باقی مانده
۴.۳۱۳۷,۰۰۰,۰۰۰","https://www.digikala.com/product/dkp-10118468/%D8%AF%D9%88%D8%B1%D8%A8%DB%8C%D9%86-%D8%AF%DB%8C%D8%AC%DB%8C%D8%AA%D8%A7%D9%84-%D8%A8%D8%AF%D9%88%D9%86-%D8%A2%DB%8C%D9%86%D9%87-%DA%A9%D8%A7%D9%86%D9%86-%D9%85%D8%AF%D9%84-eos-rp-%D8%A8%D9%87-%D9%87%D9%85%D8%B1%D8%A7%D9%87-%D9%84%D9%86%D8%B2-24-105-%D9%85%DB%8C%D9%84%DB%8C%D9%85%D8%AA%D8%B1-f4-f71/","۴.۳","فیدار نامدار سورین","عالی","مشکی","DKP-10118468","تیزر رسمی کنن ای‌اوس آر پی - Canon EOS RP","دوربین دیجیتال بدون آینه کانن مدل EOS RP به همراه لنز 24 - 105 میلی‌متر f/4 - f/7.1","۱۳۷,۰۰۰,۰۰۰","","","https://dkstatics-public.digikala.com/digikala-products/4a3fbf8ed65bfb8aa06d62d1fec0e889cd5fba4a_1754249921.jpg?x-oss-process=image/resize,m_lfit,h_800,w_800/quality,q_90
https://dkstatics-public.digikala.com/digikala-products/4a3fbf8ed65bfb8aa06d62d1fec0e889cd5fba4a_1754249921.jpg?x-oss-process=image/resize,m_lfit,h_800,w_800/quality,q_90
https://dkstatics-public.digikala.com/digikala-products/28fe9d00b7d594e12695b75857670fddab8af1a9_1753002201.jpg?x-oss-process=image/resize,m_lfit,h_800,w_800/quality,q_90
https://dkstatics-public.digikala.com/digikala-products/4a3fbf8ed65bfb8aa06d62d1fec0e889cd5fba4a_1754249921.jpg?x-oss-process=image/resize,m_lfit,h_800,w_800/quality,q_90","https://dkstatics-public.digikala.com/digikala-products/4a3fbf8ed65bfb8aa06d62d1fec0e889cd5fba4a_1754249921.jpg?x-oss-process=image/resize,m_lfit,h_800,w_800/quality,q_90","مشخصات ظاهری و کلینوع کیت دوربیندوربین با لنز قابل تعویض نوع دوربین عکاسیبدون آینه با لنز قابل تعویض مدلEOS RP سطح کاربرینیمه‌حرفه‌ای ابعاد۱۳۳x۸۵x۷۰  میلی‌متروزن۴۴۰ گرموزن دوربین با باتری و کارت‌حافظه۴۸۵ گرمجنس بدنهپلی‌کربنات و فلز (آلیاژ آلومینویم و آلیاژ منیزیم) مانت لنزCanon-RF اقلام همراه دوربینباتری","۵ دیدگاه","۸۰%"
"1771406726-198","https://www.digikala.com/search/category-digital-camera/?has_selling_stock=1","دوربین دیجیتال مدل Full HD 2.7K 30MP 4X","","","","","&nbsp;","","","دوربین دیجیتال مدل Full HD 2.7K 30MP 4X&nbsp;
ناموجود","https://www.digikala.com/product/dkp-13747689/%D8%AF%D9%88%D8%B1%D8%A8%DB%8C%D9%86-%D8%AF%DB%8C%D8%AC%DB%8C%D8%AA%D8%A7%D9%84-%D9%85%D8%AF%D9%84-full-hd-27k-30mp-4x/","","","","","DKP-13747689","(دوربین 2.7K با صفحه نمایش تلنگر) دوربین دیجیتال از وضوح تصویر 2.7K و وضوح تصویر 30 مگاپیکسل با کیفیت تصویر خوب پشتیبانی می کند. این دوربین دارای صفحه نمایش چرخشی 3 اینچی است که می تواند در 180 درجه بچرخد و به راحتی می توانید سلفی بگیرید. این دوربین همچنین از زوم دیجیتال 4 برابری پشتیبانی می کند، به این معنی که می توانید برای ثبت بهتر جزئیات، تصویر را بزرگنمایی یا کوچکنمایی کنید.
(عملکرد وب کم و انتقال آسان به رایانه) با استفاده از این ویژگی، دوربین یوتیوب می تواند یک تصویر  ...","","","","","https://dkstatics-public.digikala.com/digikala-products/1aefdbdf8d30b81032baa2586af33b7836c51999_1754252235.jpg?x-oss-process=image/resize,m_lfit,h_800,w_800/quality,q_90
https://dkstatics-public.digikala.com/digikala-products/1aefdbdf8d30b81032baa2586af33b7836c51999_1754252235.jpg?x-oss-process=image/resize,m_lfit,h_800,w_800/quality,q_90
https://dkstatics-public.digikala.com/digikala-products/07e6bde15f5fb96bc2f139b6790e849b0a5e9bca_1702676302.jpg?x-oss-process=image/resize,m_lfit,h_800,w_800/quality,q_90
https://dkstatics-public.digikala.com/digikala-products/1aefdbdf8d30b81032baa2586af33b7836c51999_1754252235.jpg?x-oss-process=image/resize,m_lfit,h_800,w_800/quality,q_90","https://dkstatics-public.digikala.com/digikala-products/1aefdbdf8d30b81032baa2586af33b7836c51999_1754252235.jpg?x-oss-process=image/resize,m_lfit,h_800,w_800/quality,q_90","مشخصات ظاهری و کلینوع کیت دوربیندوربین با لنز غیرقابل تعویض نوع دوربین عکاسیکامپکت سطح کاربریمبتدی ابعاد۱۱۵x۶۵x۴۵ میلی‌متروزن۳۰۰ گرماقلام همراه دوربینبند دوربین کابل شارژ","۱ دیدگاه",""
"1771406729-199","https://www.digikala.com/search/category-digital-camera/?has_selling_stock=1","دوربین دیجیتال مدل 4K ULTRA HD 44MP 16X","۲۰,۶۰۰,۰۰۰","","","","تنها ۱ عدد در انبار باقی مانده","","","دوربین دیجیتال مدل 4K ULTRA HD 44MP 16Xتنها ۱ عدد در انبار باقی مانده
۲۰,۶۰۰,۰۰۰","https://www.digikala.com/product/dkp-18516001/%D8%AF%D9%88%D8%B1%D8%A8%DB%8C%D9%86-%D8%AF%DB%8C%D8%AC%DB%8C%D8%AA%D8%A7%D9%84-%D9%85%D8%AF%D9%84-4k-ultra-hd-44mp-16x/","","ایران خاص مارکت","خوب","مشکی","DKP-18516001","(شفافیت 4K UHD را آزاد کنید): با این دوربین دیجیتال خود را در دنیای فیلمبرداری 4K و عکاسی 44 مگاپیکسلی غرق کنید. با زوم دیجیتال 16 برابری در دستان شما، ثبت نماهای نزدیک و مناظر خیره کننده با جزئیات هرگز آسان تر نبوده است. تجربه ای در عکاسی ندارید؟ مشکلی نیست! به سادگی از دکمه های ""W"" و ""T"" برای کنترل بزرگنمایی استفاده کنید. استفاده از این دوربین کوچک بسیار آسان است، حتی کودکان نیز می توانند بر آن مسلط شوند.
(کمال فوکوس خودکار): هرگز دوباره یک عکس عالی را از دست ندهید. عملکرد  ...","دوربین دیجیتال مدل 4K ULTRA HD 44MP 16X","۲۰,۶۰۰,۰۰۰","۲۰٪","۱۶,۴۸۰,۰۰۰","https://dkstatics-public.digikala.com/digikala-products/2360708f79a8fe9760e8e6f717bda48e8f80158c_1754240759.jpg?x-oss-process=image/resize,m_lfit,h_800,w_800/quality,q_90
https://dkstatics-public.digikala.com/digikala-products/7711587d60f16d42722e0ab65f7c923cfaa1355c_1741065914.jpg?x-oss-process=image/resize,m_lfit,h_800,w_800/quality,q_90
https://dkstatics-public.digikala.com/digikala-products/528a90ef56d19d452b7ee5d4772e984930cb079d_1741065949.jpg?x-oss-process=image/resize,m_lfit,h_800,w_800/quality,q_90
https://dkstatics-public.digikala.com/digikala-products/2360708f79a8fe9760e8e6f717bda48e8f80158c_1754240759.jpg?x-oss-process=image/resize,m_lfit,h_800,w_800/quality,q_90","https://dkstatics-public.digikala.com/digikala-products/2360708f79a8fe9760e8e6f717bda48e8f80158c_1754240759.jpg?x-oss-process=image/resize,m_lfit,h_800,w_800/quality,q_90","مشخصات ظاهری و کلینوع دوربین عکاسیکامپکت وزن۲۰۰ گرم","",""
"1771406731-200","https://www.digikala.com/search/category-digital-camera/?has_selling_stock=1","دوربین دیجیتال مدل AF007-6","۱,۰۴۵,۰۰۰","۱,۱۰۰,۰۰۰","۵٪","۳","ارسال فروشنده","","","دوربین دیجیتال مدل AF007-6ارسال فروشنده
۳۵٪۱,۰۴۵,۰۰۰۱,۱۰۰,۰۰۰","https://www.digikala.com/product/dkp-12534435/%D8%AF%D9%88%D8%B1%D8%A8%DB%8C%D9%86-%D8%AF%DB%8C%D8%AC%DB%8C%D8%AA%D8%A7%D9%84-%D9%85%D8%AF%D9%84-af007-6/","۳","بابل کالا استور","عالی","آبی","DKP-12534435","اگر صاحب فرزندی هستید که سن و سال کمی دارد ممکن است برای شناخت جهان و ثبت آنها از اسمارت فون ها استفاده نماید که بسیار بد است چرا که محققان معتقدند تلفن‌های همراه خطر ابتلا به تومورهای مغزی را در کودکان و نوجوانان افزایش می‌دهد ما در این جا سعی کرده ایم تا برای عکاسان مشتاق و نوجوان زیر 10 سالتان دوربین هایی را دسته بندی کنیم که متناسب با شرایط سنی و توانایی هایشان است. اگر برای کودک زیر 8 سال دوربینی میخرید احتمالا در نظر دارید که در کنار کارایی و سادگی از ظاهری زیبا و چشم ن ...","دوربین دیجیتال مدل AF007-6","۱,۱۰۰,۰۰۰","۵٪","۱,۰۴۵,۰۰۰","https://dkstatics-public.digikala.com/digikala-products/51e3c80f470312658a4def07a751cfaf9fee3c69_1693383483.jpg?x-oss-process=image/resize,m_lfit,h_800,w_800/quality,q_90
https://dkstatics-public.digikala.com/digikala-products/a997696c8e5660cd8ada466fd8a66ec944c3f5c7_1693383502.jpg?x-oss-process=image/resize,m_lfit,h_800,w_800/quality,q_90
https://dkstatics-public.digikala.com/digikala-products/3dab6185c3b863a4dd1ffbc37cbceb67a050cc8e_1693383550.jpg?x-oss-process=image/resize,m_lfit,h_800,w_800/quality,q_90
https://dkstatics-public.digikala.com/digikala-products/51e3c80f470312658a4def07a751cfaf9fee3c69_1693383483.jpg?x-oss-process=image/resize,m_lfit,h_800,w_800/quality,q_90","https://dkstatics-public.digikala.com/digikala-products/51e3c80f470312658a4def07a751cfaf9fee3c69_1693383483.jpg?x-oss-process=image/resize,m_lfit,h_800,w_800/quality,q_90","مشخصات ظاهری و کلینوع کیت دوربیندوربین با لنز غیرقابل تعویض نوع دوربین عکاسیکامپکت سطح کاربریمبتدی ابعاد۱۰۰x۶۰x۳۰ میلی‌متروزن۱۰۵ گرماقلام همراه دوربینکابل شارژ","۴ دیدگاه","۸۰%"
"1771406733-201","https://www.digikala.com/search/category-digital-camera/?has_selling_stock=1","دوربین دیجیتال نیکون مدل D7500 به همراه لنز 18-140 میلی متر VR AF-S DX","۱۵۱,۴۰۰,۰۰۰","","","۴.۳","تنها ۱ عدد در انبار باقی مانده","","","دوربین دیجیتال نیکون مدل D7500 به همراه لنز 18-140 میلی متر VR AF-S DXتنها ۱ عدد در انبار باقی مانده
۴.۳۱۵۱,۴۰۰,۰۰۰","https://www.digikala.com/product/dkp-293835/%D8%AF%D9%88%D8%B1%D8%A8%DB%8C%D9%86-%D8%AF%DB%8C%D8%AC%DB%8C%D8%AA%D8%A7%D9%84-%D9%86%DB%8C%DA%A9%D9%88%D9%86-%D9%85%D8%AF%D9%84-d7500-%D8%A8%D9%87-%D9%87%D9%85%D8%B1%D8%A7%D9%87-%D9%84%D9%86%D8%B2-18-140-%D9%85%DB%8C%D9%84%DB%8C-%D9%85%D8%AA%D8%B1-vr-af-s-dx/","۴.۳","ستاره سهیل پارسا","عالی","مشکی","DKP-293835","دوربین D7500 به سنسور 20.9 مگاپیکسلی APS-C با فرمت DX مجهز شده است. از این سنسور پیش از این در دوربین D500 نیز استفاده شده است. هرچند که روی کاغذ ممکن است که در مقایسه با دوربین‌های 24 مگاپیکسلی، دوربین D7500 در یک رده پایین‌تر قرار بگیرد، اما ISO1,640,000 می‌تواند در ثبت تصاویری خارق‌العاده بیش از هرگونه فاکتورهای دیگری کمک کننده باشد. یکی از قابلیت‌های بسیاری کلیدی دوربین D7500 این است که می‌توانید روی 51 نقطه فوکوس داشته باشید. کمپانی نیکون ادعا می‌کند که این سیستم فوکوس ج ...","دوربین دیجیتال نیکون مدل D7500 به همراه لنز 18-140 میلی متر VR AF-S DX","۱۵۱,۴۰۰,۰۰۰","","","https://dkstatics-public.digikala.com/digikala-products/f7516de70b9da12beae53f2b94c9e3947836ef92_1753699006.jpg?x-oss-process=image/resize,m_lfit,h_800,w_800/quality,q_90
https://dkstatics-public.digikala.com/digikala-products/f7516de70b9da12beae53f2b94c9e3947836ef92_1753699006.jpg?x-oss-process=image/resize,m_lfit,h_800,w_800/quality,q_90
https://dkstatics-public.digikala.com/digikala-products/1192481.jpg?x-oss-process=image/resize,m_lfit,h_800,w_800/quality,q_90
https://dkstatics-public.digikala.com/digikala-products/f7516de70b9da12beae53f2b94c9e3947836ef92_1753699006.jpg?x-oss-process=image/resize,m_lfit,h_800,w_800/quality,q_90","https://dkstatics-public.digikala.com/digikala-products/f7516de70b9da12beae53f2b94c9e3947836ef92_1753699006.jpg?x-oss-process=image/resize,m_lfit,h_800,w_800/quality,q_90","مشخصات ظاهری و کلینوع کیت دوربیندوربین با لنز قابل تعویض نوع دوربین عکاسیDSLR با لنز قابل تعویض مدلD۷۵۰۰ سطح کاربرینیمه‌حرفه‌ای ابعاد۱۳۶x۱۰۴x۷۳ میلی‌متروزن۶۴۰ گرموزن دوربین با باتری و کارت‌حافظه۷۲۰ گرممانت لنزNikon-F قابلیت‌های مقاومتیمقاومت در برابر پاشش آب و گرد و غبار اقلام همراه دوربینباتری","۱۱۱ دیدگاه","۸۰%"
"1771406735-202","https://www.digikala.com/search/category-digital-camera/?has_selling_stock=1","دوربین دیجیتال بدون آینه سونی مدل ZV-E10 به همراه لنز 16-50 میلی متر OSS","۱۰۵,۹۰۰,۰۰۰","","","۴.۳","تنها ۱ عدد در انبار باقی مانده","","","دوربین دیجیتال بدون آینه سونی مدل ZV-E10 به همراه لنز 16-50 میلی متر OSSتنها ۱ عدد در انبار باقی مانده
۴.۳۱۰۵,۹۰۰,۰۰۰","https://www.digikala.com/product/dkp-6329224/%D8%AF%D9%88%D8%B1%D8%A8%DB%8C%D9%86-%D8%AF%DB%8C%D8%AC%DB%8C%D8%AA%D8%A7%D9%84-%D8%A8%D8%AF%D9%88%D9%86-%D8%A2%DB%8C%D9%86%D9%87-%D8%B3%D9%88%D9%86%DB%8C-%D9%85%D8%AF%D9%84-zv-e10-%D8%A8%D9%87-%D9%87%D9%85%D8%B1%D8%A7%D9%87-%D9%84%D9%86%D8%B2-16-50-%D9%85%DB%8C%D9%84%DB%8C-%D9%85%D8%AA%D8%B1-oss/","۴.۳","ستاره سهیل پارسا","عالی","مشکی","DKP-6329224","دوربین حرفه‌ای چی بخریم؟؟؟ 🤔","دوربین دیجیتال بدون آینه سونی مدل ZV-E10 به همراه لنز 16-50 میلی متر OSS","۱۰۵,۹۰۰,۰۰۰","","","https://dkstatics-public.digikala.com/digikala-products/92fb1d77f29de16dcfd94d6b12fce0417c7e97cc_1754246027.jpg?x-oss-process=image/resize,m_lfit,h_800,w_800/quality,q_90
https://dkstatics-public.digikala.com/digikala-products/92fb1d77f29de16dcfd94d6b12fce0417c7e97cc_1754246027.jpg?x-oss-process=image/resize,m_lfit,h_800,w_800/quality,q_90
https://dkstatics-public.digikala.com/digikala-products/56c4644e3cdabf81cb2dd22009942435175e1ffc_1751029968.jpg?x-oss-process=image/resize,m_lfit,h_800,w_800/quality,q_90
https://dkstatics-public.digikala.com/digikala-products/92fb1d77f29de16dcfd94d6b12fce0417c7e97cc_1754246027.jpg?x-oss-process=image/resize,m_lfit,h_800,w_800/quality,q_90","https://dkstatics-public.digikala.com/digikala-products/92fb1d77f29de16dcfd94d6b12fce0417c7e97cc_1754246027.jpg?x-oss-process=image/resize,m_lfit,h_800,w_800/quality,q_90","مشخصات ظاهری و کلینوع کیت دوربیندوربین با لنز غیرقابل تعویض نوع دوربین عکاسیبدون آینه با لنز قابل تعویض مدلZV-E۱۰ سطح کاربرینیمه‌حرفه‌ای ابعاد۱۱۵x۶۴x۴۵ میلی‌متروزن۳۴۳ گرموزن دوربین با باتری و کارت‌حافظه۳۴۳ گرممانت لنزSony-E اقلام همراه دوربینباتری","۳۰ دیدگاه","۱۰۰%"
"1771406737-203","https://www.digikala.com/search/category-digital-camera/?has_selling_stock=1","دوربین عکاسی چاپ سریع مدل DA3000","","","","۳.۷","&nbsp;","","","دوربین عکاسی چاپ سریع مدل DA3000&nbsp;
۳.۷ناموجود","https://www.digikala.com/product/dkp-14436383/%D8%AF%D9%88%D8%B1%D8%A8%DB%8C%D9%86-%D8%B9%DA%A9%D8%A7%D8%B3%DB%8C-%DA%86%D8%A7%D9%BE-%D8%B3%D8%B1%DB%8C%D8%B9-%D9%85%D8%AF%D9%84-da3000/","۳.۷","","","","DKP-14436383","خاص ترین دوربین😁🤫","","","","","https://dkstatics-public.digikala.com/digikala-products/b2b5e27f5de9e983c48500e2aaae4dd6ef2f93da_1755788647.jpg?x-oss-process=image/resize,m_lfit,h_800,w_800/quality,q_90
https://dkstatics-public.digikala.com/digikala-products/3a723ec901d440927de6fe6173d23e9040eadb53_1751977759.jpg?x-oss-process=image/resize,m_lfit,h_800,w_800/quality,q_90
https://dkstatics-public.digikala.com/digikala-products/a7d81bf84ac7ba5f6e8c737849dbcbab28a09289_1755712640.jpg?x-oss-process=image/resize,m_lfit,h_800,w_800/quality,q_90
https://dkstatics-public.digikala.com/digikala-products/b2b5e27f5de9e983c48500e2aaae4dd6ef2f93da_1755788647.jpg?x-oss-process=image/resize,m_lfit,h_800,w_800/quality,q_90","https://dkstatics-public.digikala.com/digikala-products/b2b5e27f5de9e983c48500e2aaae4dd6ef2f93da_1755788647.jpg?x-oss-process=image/resize,m_lfit,h_800,w_800/quality,q_90","مشخصات ظاهری و کلیوزن۲۰۰ گرمجنس بدنهپلاستیک","۳۳ دیدگاه",""
"1771406739-204","https://www.digikala.com/search/category-digital-camera/?has_selling_stock=1","دوربین دیجیتال کانن مدل EOS 2000D به همراه لنز 18-55 میلی متر DC III","۵۴,۹۰۰,۰۰۰","","","۴","&nbsp;","","","دوربین دیجیتال کانن مدل EOS 2000D به همراه لنز 18-55 میلی متر DC III&nbsp;
۴۵۴,۹۰۰,۰۰۰","https://www.digikala.com/product/dkp-5614627/%D8%AF%D9%88%D8%B1%D8%A8%DB%8C%D9%86-%D8%AF%DB%8C%D8%AC%DB%8C%D8%AA%D8%A7%D9%84-%DA%A9%D8%A7%D9%86%D9%86-%D9%85%D8%AF%D9%84-eos-2000d-%D8%A8%D9%87-%D9%87%D9%85%D8%B1%D8%A7%D9%87-%D9%84%D9%86%D8%B2-18-55-%D9%85%DB%8C%D9%84%DB%8C-%D9%85%D8%AA%D8%B1-dc-iii/","۴","دهکده دوربین","عالی","مشکی","DKP-5614627","دوربین کانن EOS 2000D با حسگر CMOS ، پردازشگر DIGIC 4+،حداکثر رزولوشن 6000 × 4000 ، دقت موثر حسگر24.1 مگاپیکسل ، نسبت ابعاد عکس3:2 - 4:3 - 16:9 - 1:1 همراه با فرمت غیرفشرده عکس RAWو قطع APS-C در اختیار کاربران قرار گرفته است. ایزوی تعبیه شده در دوربین کانن 2000D برابر 6400 ( 12800 ایزوی گسترش یافته)می باشد که امکان کار در محیط های نوری ضعیف را نیز میسر کرده است و این در حالی است که پردازنده ی Digic 4+ این دوربین عکاسی نیز باعث افزایش عملکرد بسیار بالای Scene inteligent Auto M ...","دوربین دیجیتال کانن مدل EOS 2000D به همراه لنز 18-55 میلی متر DC III","۵۴,۹۰۰,۰۰۰","","","https://dkstatics-public.digikala.com/digikala-products/a03b586a4e185ec403501f5064c2bf5572649089_1754245365.jpg?x-oss-process=image/resize,m_lfit,h_800,w_800/quality,q_90
https://dkstatics-public.digikala.com/digikala-products/a03b586a4e185ec403501f5064c2bf5572649089_1754245365.jpg?x-oss-process=image/resize,m_lfit,h_800,w_800/quality,q_90
https://dkstatics-public.digikala.com/digikala-products/d1ef18d8b39bc9861be338ad8579fe59c4515630_1624872294.jpg?x-oss-process=image/resize,m_lfit,h_800,w_800/quality,q_90
https://dkstatics-public.digikala.com/digikala-products/a03b586a4e185ec403501f5064c2bf5572649089_1754245365.jpg?x-oss-process=image/resize,m_lfit,h_800,w_800/quality,q_90","https://dkstatics-public.digikala.com/digikala-products/a03b586a4e185ec403501f5064c2bf5572649089_1754245365.jpg?x-oss-process=image/resize,m_lfit,h_800,w_800/quality,q_90","مشخصات ظاهری و کلیوزن۶۷۵ گرمجنس بدنهآلیاژ فلز و پلاستیک","۶ دیدگاه",""
"1771406742-205","https://www.digikala.com/search/category-digital-camera/?has_selling_stock=1","دوربین دیجیتال کودک پرودو مدل Dual Lens Selfie","۵,۷۰۰,۰۰۰","","","۳.۵","تنها ۲ عدد در انبار باقی مانده","","","دوربین دیجیتال کودک پرودو مدل Dual Lens Selfieتنها ۲ عدد در انبار باقی مانده
۳.۵۵,۷۰۰,۰۰۰","https://www.digikala.com/product/dkp-20481251/%D8%AF%D9%88%D8%B1%D8%A8%DB%8C%D9%86-%D8%AF%DB%8C%D8%AC%DB%8C%D8%AA%D8%A7%D9%84-%DA%A9%D9%88%D8%AF%DA%A9-%D9%BE%D8%B1%D9%88%D8%AF%D9%88-%D9%85%D8%AF%D9%84-dual-lens-selfie/","۳.۵","باران اصفهان","عالی","صورتی","DKP-20481251","","دوربین دیجیتال کودک پرودو مدل Dual Lens Selfie","۵,۷۰۰,۰۰۰","","","https://dkstatics-public.digikala.com/digikala-products/c3eeabf24c2f190ae3c0554fb46cbc039991e4bb_1758351806.jpg?x-oss-process=image/resize,m_lfit,h_800,w_800/quality,q_90
https://dkstatics-public.digikala.com/digikala-products/6b0fbb89e92b5e00ed761226b51998bbb8d01c1f_1758351806.jpg?x-oss-process=image/resize,m_lfit,h_800,w_800/quality,q_90
https://dkstatics-public.digikala.com/digikala-products/2e647cb4adeccee6ff5d553e48ed46b08571d5b5_1758351806.jpg?x-oss-process=image/resize,m_lfit,h_800,w_800/quality,q_90
https://dkstatics-public.digikala.com/digikala-products/c3eeabf24c2f190ae3c0554fb46cbc039991e4bb_1758351806.jpg?x-oss-process=image/resize,m_lfit,h_800,w_800/quality,q_90","https://dkstatics-public.digikala.com/digikala-products/c3eeabf24c2f190ae3c0554fb46cbc039991e4bb_1758351806.jpg?x-oss-process=image/resize,m_lfit,h_800,w_800/quality,q_90","مشخصات ظاهری و کلینوع کیت دوربینفقط بدنه‌ی دوربین بدون لنز نوع دوربین عکاسیکامپکت کامپکت سطح پیشرفته سطح کاربریمبتدی ابعاد۱۵۰*۱۰۰*۸۰ میلی‌متروزن۱۵۰ گرماقلام همراه دوربینشارژر","۲ دیدگاه","۸۰%"
"1771406744-206","https://www.digikala.com/search/category-digital-camera/?has_selling_stock=1","دوربین دیجیتال مدل AF10","۱,۵۸۴,۰۰۰","","","۳","تنها ۲ عدد در انبار باقی مانده","","","دوربین دیجیتال مدل AF10تنها ۲ عدد در انبار باقی مانده
۳۱,۵۸۴,۰۰۰","https://www.digikala.com/product/dkp-17303946/%D8%AF%D9%88%D8%B1%D8%A8%DB%8C%D9%86-%D8%AF%DB%8C%D8%AC%DB%8C%D8%AA%D8%A7%D9%84-%D9%85%D8%AF%D9%84-af10/","۳","رابین توی","عالی","آبی","DKP-17303946","اگر صاحب فرزندی هستید که سن و سال کمی دارد ممکن است برای شناخت جهان و ثبت آنها از اسمارت فون ها استفاده نماید که بسیار بد است چرا که محققان معتقدند تلفن‌های همراه خطر ابتلا به تومورهای مغزی را در کودکان و نوجوانان افزایش می‌دهد ما در این جا سعی کرده ایم تا برای عکاسان مشتاق و نوجوان زیر 10 سالتان دوربین هایی را دسته بندی کنیم که متناسب با شرایط سنی و توانایی هایشان است. اگر برای کودک زیر 10 سال دوربینی میخرید احتمالا در نظر دارید که در کنار کارایی و سادگی از ظاهری زیبا و چشم  ...","دوربین دیجیتال مدل AF10","۱,۵۸۴,۰۰۰","","","https://dkstatics-public.digikala.com/digikala-products/4926f3b85ebf00088f52883a7007f698427c8e4a_1754237661.jpg?x-oss-process=image/resize,m_lfit,h_800,w_800/quality,q_90
https://dkstatics-public.digikala.com/digikala-products/de2a17540d6999d984da2878f403303d97f42d8b_1730983893.jpg?x-oss-process=image/resize,m_lfit,h_800,w_800/quality,q_90
https://dkstatics-public.digikala.com/digikala-products/c28eaa04ffb6011ac27fea991e7359fe70557b62_1730983945.jpg?x-oss-process=image/resize,m_lfit,h_800,w_800/quality,q_90
https://dkstatics-public.digikala.com/digikala-products/4926f3b85ebf00088f52883a7007f698427c8e4a_1754237661.jpg?x-oss-process=image/resize,m_lfit,h_800,w_800/quality,q_90","https://dkstatics-public.digikala.com/digikala-products/4926f3b85ebf00088f52883a7007f698427c8e4a_1754237661.jpg?x-oss-process=image/resize,m_lfit,h_800,w_800/quality,q_90","مشخصات ظاهری و کلینوع کیت دوربیندوربین با لنز غیرقابل تعویض نوع دوربین عکاسیکامپکت سطح کاربریمبتدی ابعاد۱۰۰x۵۰x۳۰ میلی‌متروزن۱۰۰ گرماقلام همراه دوربینکابل شارژ","۶ دیدگاه",""
"1771406746-207","https://www.digikala.com/search/category-digital-camera/?has_selling_stock=1","دوربین آنالوگ مدل ساحل","۲,۵۰۰,۰۰۰","","","","تنها ۱ عدد در انبار باقی مانده","","","دوربین آنالوگ مدل ساحل تنها ۱ عدد در انبار باقی مانده
۲,۵۰۰,۰۰۰","https://www.digikala.com/product/dkp-20576661/%D8%AF%D9%88%D8%B1%D8%A8%DB%8C%D9%86-%D8%A2%D9%86%D8%A7%D9%84%D9%88%DA%AF-%D9%85%D8%AF%D9%84-%D8%B3%D8%A7%D8%AD%D9%84/","","میوزمد","عالی","سفید","DKP-20576661","دوربین آنالوگ کتون، حال و هوای قدیم رو برای شما‌ زنده میکند، و با وجود کاور پلاستیکی ضد آب آن میتوانید در دریا و ساحل عکاسی کنید و خاطره‌سازی کنید.
برای عکاسی نگاتیو ۳۵ میلیمتری باید تهیه کنید.","دوربین آنالوگ مدل ساحل","۲,۵۰۰,۰۰۰","","","https://dkstatics-public.digikala.com/digikala-products/6f0bc11746ec5635c2efe18a3659155bd0b21fc6_1759569454.jpg?x-oss-process=image/resize,m_lfit,h_800,w_800/quality,q_90
https://dkstatics-public.digikala.com/digikala-products/01b4a151f2262cf4ba34d0654fe9592129fd0fe9_1759356413.jpg?x-oss-process=image/resize,m_lfit,h_800,w_800/quality,q_90
https://dkstatics-public.digikala.com/digikala-products/95e012c0d85a26d174da4ea832c82c9d1230acf2_1759392849.jpg?x-oss-process=image/resize,m_lfit,h_800,w_800/quality,q_90","","مشخصات ظاهری و کلینوع کیت دوربینفقط بدنه‌ی دوربین بدون لنز نوع دوربین عکاسیکامپکت سطح کاربرینیمه‌حرفه‌ای ابعاد۱۵×۱۰×۳ میلی‌متروزن۱۰۰ گرماقلام همراه دوربیندرپوش بدنه دوربین بند دوربین","",""
"1771406748-208","https://www.digikala.com/search/category-digital-camera/?has_selling_stock=1","دوربین دیجیتال سونی مدل  Alpha a7 III 28-70mm","۲۲۵,۴۰۰,۰۰۰","","","۴","تنها ۱ عدد در انبار باقی مانده","","","دوربین دیجیتال سونی مدل  Alpha a7 III 28-70mmتنها ۱ عدد در انبار باقی مانده
۴۲۲۵,۴۰۰,۰۰۰","https://www.digikala.com/product/dkp-11853394/%D8%AF%D9%88%D8%B1%D8%A8%DB%8C%D9%86-%D8%AF%DB%8C%D8%AC%DB%8C%D8%AA%D8%A7%D9%84-%D8%B3%D9%88%D9%86%DB%8C-%D9%85%D8%AF%D9%84-alpha-a7-iii-28-70mm/","۴","ستاره سهیل پارسا","عالی","مشکی","DKP-11853394","سونی A7 III ارزش خرید داره؟","دوربین دیجیتال سونی مدل  Alpha a7 III 28-70mm","۲۲۵,۴۰۰,۰۰۰","","","https://dkstatics-public.digikala.com/digikala-products/4fb64814d1edfa3c96d46ae5411c43a7a7895127_1754250187.jpg?x-oss-process=image/resize,m_lfit,h_800,w_800/quality,q_90
https://dkstatics-public.digikala.com/digikala-products/4fb64814d1edfa3c96d46ae5411c43a7a7895127_1754250187.jpg?x-oss-process=image/resize,m_lfit,h_800,w_800/quality,q_90
https://dkstatics-public.digikala.com/digikala-products/355dff6d45477d5dfd81e78ca7be008ef304e724_1751004951.jpg?x-oss-process=image/resize,m_lfit,h_800,w_800/quality,q_90
https://dkstatics-public.digikala.com/digikala-products/4fb64814d1edfa3c96d46ae5411c43a7a7895127_1754250187.jpg?x-oss-process=image/resize,m_lfit,h_800,w_800/quality,q_90","https://dkstatics-public.digikala.com/digikala-products/4fb64814d1edfa3c96d46ae5411c43a7a7895127_1754250187.jpg?x-oss-process=image/resize,m_lfit,h_800,w_800/quality,q_90","مشخصات ظاهری و کلینوع کیت دوربیندوربین با لنز قابل تعویض نوع دوربین عکاسیبدون آینه با لنز قابل تعویض مدلa۷ III سطح کاربریحرفه‌ای ابعاد۱۲۷x۹۶x۷۴ میلی‌متروزن۶۵۰ گرموزن دوربین با باتری و کارت‌حافظه۶۵۰ گرمجنس بدنهپلاستیک و فلز (آلیاژ منیزیم) مانت لنزSony-E اقلام همراه دوربینباتری","۳ دیدگاه",""
"1771406750-209","https://www.digikala.com/search/category-digital-camera/?has_selling_stock=1","دوربین دیجیتال سامسونگ مدل ST69","۲۷,۸۰۰,۰۰۰","","","۳.۹","تنها ۱ عدد در انبار باقی مانده","","","دوربین دیجیتال سامسونگ مدل ST69تنها ۱ عدد در انبار باقی مانده
۳.۹۲۷,۸۰۰,۰۰۰","https://www.digikala.com/product/dkp-25947/%D8%AF%D9%88%D8%B1%D8%A8%DB%8C%D9%86-%D8%AF%DB%8C%D8%AC%DB%8C%D8%AA%D8%A7%D9%84-%D8%B3%D8%A7%D9%85%D8%B3%D9%88%D9%86%DA%AF-%D9%85%D8%AF%D9%84-st69/","۳.۹","حافظ تیم","خوب","خاکستریمشکی","DKP-25947","دوربین جدید و زیبای سامسونگ با نام ST69 که به تازگی روانه‌ی بازار شده است از یک سنسور CCD 14.2 مگاپیکسلی در کنار یک لنز پر سرعت با F/2.5 و بزرگنمایی 5 برابر استفاده می‌کند. همچنین این دوربین توانایی ثبت تصاویر ویدیویی را به صورت HD دارد.","دوربین دیجیتال سامسونگ مدل ST69","۲۷,۸۰۰,۰۰۰","","","https://dkstatics-public.digikala.com/digikala-products/f27e0d5d723ccbef9b5072429b5e8db5a0707cdc_1753100845.jpg?x-oss-process=image/resize,m_lfit,h_800,w_800/quality,q_90
https://dkstatics-public.digikala.com/digikala-products/f27e0d5d723ccbef9b5072429b5e8db5a0707cdc_1753100845.jpg?x-oss-process=image/resize,m_lfit,h_800,w_800/quality,q_90
https://dkstatics-public.digikala.com/digikala-products/2645961.jpg?x-oss-process=image/resize,m_lfit,h_800,w_800/quality,q_90
https://dkstatics-public.digikala.com/digikala-products/f27e0d5d723ccbef9b5072429b5e8db5a0707cdc_1753100845.jpg?x-oss-process=image/resize,m_lfit,h_800,w_800/quality,q_90","https://dkstatics-public.digikala.com/digikala-products/f27e0d5d723ccbef9b5072429b5e8db5a0707cdc_1753100845.jpg?x-oss-process=image/resize,m_lfit,h_800,w_800/quality,q_90","مشخصات ظاهری و کلینوع کیت دوربیندوربین با لنز غیرقابل تعویض نوع دوربین عکاسیکامپکت مدلST۶۹ سطح کاربریمبتدی ابعاد۹۰x۵۲x۱۷ میلی‌متروزن۱۰۱ گرماقلام همراه دوربینباتری شارژر کابل شارژ بند دوربین","۳۶۱ دیدگاه",""
"1771406753-210","https://www.digikala.com/search/category-digital-camera/?has_selling_stock=1","دوربین دیجیتال کودک مدل C3","۱,۱۳۸,۰۰۰","","","۲.۹","تنها ۱ عدد در انبار باقی مانده","","","دوربین دیجیتال کودک مدل C3 تنها ۱ عدد در انبار باقی مانده
۲.۹۱,۱۳۸,۰۰۰","https://www.digikala.com/product/dkp-12907853/%D8%AF%D9%88%D8%B1%D8%A8%DB%8C%D9%86-%D8%AF%DB%8C%D8%AC%DB%8C%D8%AA%D8%A7%D9%84-%DA%A9%D9%88%D8%AF%DA%A9-%D9%85%D8%AF%D9%84-c3/","۲.۹","رابین توی","عالی","آبی","DKP-12907853","ارزونترین دوربین عکاسی دیجیکالا 😉","دوربین دیجیتال کودک مدل C3","۱,۱۳۸,۰۰۰","","","https://dkstatics-public.digikala.com/digikala-products/2d42c33b2cf219af24b019abdeb74c2dd42afa61_1754251249.jpg?x-oss-process=image/resize,m_lfit,h_800,w_800/quality,q_90
https://dkstatics-public.digikala.com/digikala-products/b68cefaab752a48f312d7c12d5fbd2056d60916c_1696634754.jpg?x-oss-process=image/resize,m_lfit,h_800,w_800/quality,q_90
https://dkstatics-public.digikala.com/digikala-products/91e7db59ad1c52a94fb50d49818b3036e7abe477_1696634764.jpg?x-oss-process=image/resize,m_lfit,h_800,w_800/quality,q_90
https://dkstatics-public.digikala.com/digikala-products/2d42c33b2cf219af24b019abdeb74c2dd42afa61_1754251249.jpg?x-oss-process=image/resize,m_lfit,h_800,w_800/quality,q_90","https://dkstatics-public.digikala.com/digikala-products/2d42c33b2cf219af24b019abdeb74c2dd42afa61_1754251249.jpg?x-oss-process=image/resize,m_lfit,h_800,w_800/quality,q_90","مشخصات ظاهری و کلینوع کیت دوربیندوربین با لنز غیرقابل تعویض نوع دوربین عکاسیکامپکت سطح کاربریمبتدی ابعاد۱۳۰x۷۵x۵۰ میلی‌متروزن۱۵۰ گرمجنس بدنهپلاستیک اقلام همراه دوربینبند دوربین","۷ دیدگاه",""
"1771406755-211","https://www.digikala.com/search/category-digital-camera/?has_selling_stock=1","دوربین دیجیتال کانن مدل EOS 5D Mark IV به همراه لنز 24-105 میلی متر F4 L IS II","۳۶۳,۵۰۰,۰۰۰","","","۴.۹","تنها ۱ عدد در انبار باقی مانده","","","دوربین دیجیتال کانن مدل EOS 5D Mark IV به همراه لنز 24-105 میلی متر F4 L IS IIتنها ۱ عدد در انبار باقی مانده
۴.۹۳۶۳,۵۰۰,۰۰۰","https://www.digikala.com/product/dkp-222934/%D8%AF%D9%88%D8%B1%D8%A8%DB%8C%D9%86-%D8%AF%DB%8C%D8%AC%DB%8C%D8%AA%D8%A7%D9%84-%DA%A9%D8%A7%D9%86%D9%86-%D9%85%D8%AF%D9%84-eos-5d-mark-iv-%D8%A8%D9%87-%D9%87%D9%85%D8%B1%D8%A7%D9%87-%D9%84%D9%86%D8%B2-24-105-%D9%85%DB%8C%D9%84%DB%8C-%D9%85%D8%AA%D8%B1-f4-l-is-ii/","۴.۹","ستاره سهیل پارسا","عالی","مشکی","DKP-222934","Canon 5D Mark IV دوربین","دوربین دیجیتال کانن مدل EOS 5D Mark IV به همراه لنز 24-105 میلی متر F4 L IS II","۳۶۳,۹۰۰,۰۰۰","","","https://dkstatics-public.digikala.com/digikala-products/8678170a0160ce1febe97d9996c77f4324462ef7_1753698873.jpg?x-oss-process=image/resize,m_lfit,h_800,w_800/quality,q_90
https://dkstatics-public.digikala.com/digikala-products/8678170a0160ce1febe97d9996c77f4324462ef7_1753698873.jpg?x-oss-process=image/resize,m_lfit,h_800,w_800/quality,q_90
https://dkstatics-public.digikala.com/digikala-products/638044.jpg?x-oss-process=image/resize,m_lfit,h_800,w_800/quality,q_90
https://dkstatics-public.digikala.com/digikala-products/8678170a0160ce1febe97d9996c77f4324462ef7_1753698873.jpg?x-oss-process=image/resize,m_lfit,h_800,w_800/quality,q_90","https://dkstatics-public.digikala.com/digikala-products/8678170a0160ce1febe97d9996c77f4324462ef7_1753698873.jpg?x-oss-process=image/resize,m_lfit,h_800,w_800/quality,q_90","مشخصات ظاهری و کلینوع کیت دوربیندوربین با لنز قابل تعویض نوع دوربین عکاسیDSLR با لنز قابل تعویض مدلEOS ۵D Mark IV سطح کاربریحرفه‌ای ابعاد۱۵۰x۱۱۶x۷۶ میلی‌متروزن۸۰۰ گرموزن دوربین با باتری و کارت‌حافظه۸۹۰ گرمجنس بدنهپلاستیک و فلز (آلیاژ منیزیم) مانت لنزCanon-EF قابلیت‌های مقاومتیمقاومت در برابر پاشش آب و گرد و غبار اقلام همراه دوربینباتری","۸۵ دیدگاه",""
"1771406757-212","https://www.digikala.com/search/category-digital-camera/?has_selling_stock=1","دوربین عکاسی چاپ سریع مدل G11 طرح اسب شاخ دار","۴,۲۰۰,۰۰۰","","","۵","تنها ۲ عدد در انبار باقی مانده","","","دوربین عکاسی چاپ سریع مدل G11 طرح اسب شاخ دارتنها ۲ عدد در انبار باقی مانده
۵۴,۲۰۰,۰۰۰","https://www.digikala.com/product/dkp-19332750/%D8%AF%D9%88%D8%B1%D8%A8%DB%8C%D9%86-%D8%B9%DA%A9%D8%A7%D8%B3%DB%8C-%DA%86%D8%A7%D9%BE-%D8%B3%D8%B1%DB%8C%D8%B9-%D9%85%D8%AF%D9%84-g11-%D8%B7%D8%B1%D8%AD-%D8%A7%D8%B3%D8%A8-%D8%B4%D8%A7%D8%AE-%D8%AF%D8%A7%D8%B1/","۵","رادتویز","خوب","بنفشآبی","DKP-19332750","","دوربین عکاسی چاپ سریع مدل G11 طرح اسب شاخ دار","۴,۲۰۰,۰۰۰","","","https://dkstatics-public.digikala.com/digikala-products/04cfa378fb77072d5f759294a634829bf828b9c3_1749279099.jpg?x-oss-process=image/resize,m_lfit,h_800,w_800/quality,q_90
https://dkstatics-public.digikala.com/digikala-products/849b45362403a341595f352e6d13f889cbfe283a_1748249606.jpg?x-oss-process=image/resize,m_lfit,h_800,w_800/quality,q_90
https://dkstatics-public.digikala.com/digikala-products/05d470991855a3eaaa829817ad0a3c4bf687b494_1749279090.jpg?x-oss-process=image/resize,m_lfit,h_800,w_800/quality,q_90","","مشخصات ظاهری و کلینوع کیت دوربینفقط بدنه‌ی دوربین بدون لنز نوع دوربین عکاسیچاپ سریع سطح کاربریمبتدی ابعاد۶۰*۹۰*۸۰ میلی‌متروزن۱۵۰ گرماقلام همراه دوربینکابل شارژ","۲ دیدگاه",""
"1771406760-213","https://www.digikala.com/search/category-digital-camera/?has_selling_stock=1","دوربین دیجیتال کودک مدل D32","۴,۵۷۵,۰۰۰","","","۵","تنها ۱ عدد در انبار باقی مانده","","","دوربین دیجیتال کودک مدل D32تنها ۱ عدد در انبار باقی مانده
۵۴,۵۷۵,۰۰۰","https://www.digikala.com/product/dkp-20894942/%D8%AF%D9%88%D8%B1%D8%A8%DB%8C%D9%86-%D8%AF%DB%8C%D8%AC%DB%8C%D8%AA%D8%A7%D9%84-%DA%A9%D9%88%D8%AF%DA%A9-%D9%85%D8%AF%D9%84-d32/","۵","آتازتکنولوژی","عالی","صورتی","DKP-20894942","دوربین دیجیتال کودک مدل D32 یک دوربین کامپکت و کاربردی است که برای تشویق کودکان به عکاسی و فیلم‌برداری طراحی شده است. این دوربین با بدنه مقاوم و طراحی ارگونومیک، برای استفاده آسان توسط دست‌های کوچک مناسب است.

مدل D32 از صفحه‌نمایش رنگی IPS با وضوح بالا برای نمایش زنده تصاویر و منوهای جذاب بهره می‌برد. قابلیت‌های اصلی این دستگاه شامل ثبت عکس با وضوح بالا (احتمالاً تا ۲۰ مگاپیکسل) و فیلم‌برداری HD یا Full HD است.

برای تامین انرژی، این دوربین مجهز به باتری داخلی لیتیوم یون قاب ...","دوربین دیجیتال کودک مدل D32","۴,۵۷۵,۰۰۰","","","https://dkstatics-public.digikala.com/digikala-products/aeb61e7d0b29fffeba7a9e516122781f7846b271_1763194301.jpg?x-oss-process=image/resize,m_lfit,h_800,w_800/quality,q_90
https://dkstatics-public.digikala.com/digikala-products/6e6728eb129c5e38c42784ced2f4239817418687_1763194301.jpg?x-oss-process=image/resize,m_lfit,h_800,w_800/quality,q_90
https://dkstatics-public.digikala.com/digikala-products/10ab48f37215b417d1a91052f44fbdcf13606312_1763194301.jpg?x-oss-process=image/resize,m_lfit,h_800,w_800/quality,q_90
https://dkstatics-public.digikala.com/digikala-products/48eeba1b5fa5be10f956cea57fd0b0f3bac4d600_1763194301.jpg?x-oss-process=image/resize,m_lfit,h_800,w_800/quality,q_90","","مشخصات ظاهری و کلینوع کیت دوربیندوربین با لنز غیرقابل تعویض نوع دوربین عکاسیکامپکت سطح کاربریمبتدی ابعاد۱۳۰ ۱۲۰ ۶۰ میلی‌متروزن۲۷۰ گرماقلام همراه دوربینکابل شارژ بند دوربین","۴ دیدگاه",""
"1771406762-214","https://www.digikala.com/search/category-digital-camera/?has_selling_stock=1","دوربین دیجیتال مدل SB1301","","","","","&nbsp;","https://dkstatics-public.digikala.com/digikala-products/926a33412e830732f4f61d1df3b97cce77817b29_1754237879.jpg?x-oss-process=image/resize,m_lfit,h_300,w_300/quality,q_80","","دوربین دیجیتال مدل SB1301&nbsp;
ناموجود","https://www.digikala.com/product/dkp-17426242/%D8%AF%D9%88%D8%B1%D8%A8%DB%8C%D9%86-%D8%AF%DB%8C%D8%AC%DB%8C%D8%AA%D8%A7%D9%84-%D9%85%D8%AF%D9%84-sb1301/","","","","","DKP-17426242","اگر صاحب فرزندی هستید که سن و سال کمی دارد ممکن است برای شناخت جهان و ثبت آنها از اسمارت فون ها استفاده نماید که بسیار بد است چرا که محققان معتقدند تلفن‌های همراه خطر ابتلا به تومورهای مغزی را در کودکان و نوجوانان افزایش می‌دهد ما در این جا سعی کرده ایم تا برای عکاسان مشتاق و نوجوان زیر 10 سالتان دوربین هایی را دسته بندی کنیم که متناسب با شرایط سنی و توانایی هایشان است. اگر برای کودک زیر 8 سال دوربینی میخرید احتمالا در نظر دارید که در کنار کارایی و سادگی از ظاهری زیبا و چشم ن ...","","","","","https://dkstatics-public.digikala.com/digikala-products/926a33412e830732f4f61d1df3b97cce77817b29_1754237879.jpg?x-oss-process=image/resize,m_lfit,h_800,w_800/quality,q_90
https://dkstatics-public.digikala.com/digikala-products/97cc4fa962f64edc4304fae83180533ad23775b8_1731846172.jpg?x-oss-process=image/resize,m_lfit,h_800,w_800/quality,q_90
https://dkstatics-public.digikala.com/digikala-products/d8eb0b2b8e151f54e843bf7bb523a415dbce2faf_1731846180.jpg?x-oss-process=image/resize,m_lfit,h_800,w_800/quality,q_90
https://dkstatics-public.digikala.com/digikala-products/926a33412e830732f4f61d1df3b97cce77817b29_1754237879.jpg?x-oss-process=image/resize,m_lfit,h_800,w_800/quality,q_90","https://dkstatics-public.digikala.com/digikala-products/926a33412e830732f4f61d1df3b97cce77817b29_1754237879.jpg?x-oss-process=image/resize,m_lfit,h_800,w_800/quality,q_90","مشخصات ظاهری و کلینوع دوربین عکاسیکامپکت وزن۶۰ گرم","",""
"1771406764-215","https://www.digikala.com/search/category-digital-camera/?has_selling_stock=1","دوربین دیجیتال سونی مدل ALPHA  A7 IV 28-70","۳۱۰,۲۰۰,۰۰۰","","","","تنها ۱ عدد در انبار باقی مانده","https://dkstatics-public.digikala.com/digikala-products/9e9d20d976967357de687e793dab91c76761851a_1754250252.jpg?x-oss-process=image/resize,m_lfit,h_300,w_300/quality,q_80","","دوربین دیجیتال سونی مدل ALPHA  A7 IV 28-70تنها ۱ عدد در انبار باقی مانده
۳۱۰,۲۰۰,۰۰۰","https://www.digikala.com/product/dkp-11932531/%D8%AF%D9%88%D8%B1%D8%A8%DB%8C%D9%86-%D8%AF%DB%8C%D8%AC%DB%8C%D8%AA%D8%A7%D9%84-%D8%B3%D9%88%D9%86%DB%8C-%D9%85%D8%AF%D9%84-alpha-a7-iv-28-70/","","ستاره سهیل پارسا","عالی","مشکی","DKP-11932531","سونی آلفا سون iv","دوربین دیجیتال سونی مدل ALPHA  A7 IV 28-70","۳۱۰,۲۰۰,۰۰۰","","","https://dkstatics-public.digikala.com/digikala-products/9e9d20d976967357de687e793dab91c76761851a_1754250252.jpg?x-oss-process=image/resize,m_lfit,h_800,w_800/quality,q_90
https://dkstatics-public.digikala.com/digikala-products/9e9d20d976967357de687e793dab91c76761851a_1754250252.jpg?x-oss-process=image/resize,m_lfit,h_800,w_800/quality,q_90
https://dkstatics-public.digikala.com/digikala-products/a19ef644f547693b1ed5f2f00ddcc5f24699272a_1751015214.jpg?x-oss-process=image/resize,m_lfit,h_800,w_800/quality,q_90
https://dkstatics-public.digikala.com/digikala-products/9e9d20d976967357de687e793dab91c76761851a_1754250252.jpg?x-oss-process=image/resize,m_lfit,h_800,w_800/quality,q_90","https://dkstatics-public.digikala.com/digikala-products/9e9d20d976967357de687e793dab91c76761851a_1754250252.jpg?x-oss-process=image/resize,m_lfit,h_800,w_800/quality,q_90","مشخصات ظاهری و کلینوع کیت دوربیندوربین با لنز قابل تعویض نوع دوربین عکاسیبدون آینه با لنز قابل تعویض مدلa۷ IV سطح کاربریحرفه‌ای ابعاد۱۳۱.۳x۹۶.۴x۷۹.۸ میلی‌متروزن۶۵۹ گرموزن دوربین با باتری و کارت‌حافظه۶۵۹ گرمجنس بدنهپلاستیک و فلز (آلیاژ منیزیم) مانت لنزSony-E قابلیت‌های مقاومتیمقاومت در برابر پاشش آب و گرد و غبار اقلام همراه دوربینباتری","۵ دیدگاه",""
"1771406766-216","https://www.digikala.com/search/category-digital-camera/?has_selling_stock=1","دوربین عکاسی چاپ سریع مدل چاپگردار دایناسور کد N56","۳,۵۰۰,۰۰۰","","","۳.۲","ارسال فروشنده","https://dkstatics-public.digikala.com/digikala-products/04c8538fe1d517d8079a877f200f792857ce1cdf_1754241043.jpg?x-oss-process=image/resize,m_lfit,h_300,w_300/quality,q_80","","دوربین عکاسی چاپ سریع مدل چاپگردار دایناسور کد N56ارسال فروشنده
۳.۲۳,۵۰۰,۰۰۰","https://www.digikala.com/product/dkp-18672029/%D8%AF%D9%88%D8%B1%D8%A8%DB%8C%D9%86-%D8%B9%DA%A9%D8%A7%D8%B3%DB%8C-%DA%86%D8%A7%D9%BE-%D8%B3%D8%B1%DB%8C%D8%B9-%D9%85%D8%AF%D9%84-%DA%86%D8%A7%D9%BE%DA%AF%D8%B1%D8%AF%D8%A7%D8%B1-%D8%AF%D8%A7%DB%8C%D9%86%D8%A7%D8%B3%D9%88%D8%B1-%DA%A9%D8%AF-n56/","۳.۲","بانومد","عالی","آبی کم‌رنگسبز فسفری","DKP-18672029","اسباب بازی کودک مدل دوربین عکاسی چاپگر فوری، اگر برای کودک زیر 10 سال دوربینی میخرید احتمالا در نظر دارید که در کنار کارایی و سادگی از ظاهری زیبا و چشم نوازی برای کودکتان برخوردار باشد. دوربین عکاسی بهترین گزینه برای کودکانی در این رنج سنی است ، این دوربین اسباب بازی قابلیت پشتیبانی کارت حافظه میکرو sd تا 32 گیگ و با قابلیت زوم و قابلیت چاپ در لحظه و همچنین قادر به فیلمبرداری نیز می باشد و دارایی بازی و 6 زبان و دارایی بک گراند گذاری مختلف تصاویر کودکان می باشد. این دوربین قا ...","دوربین عکاسی چاپ سریع مدل چاپگردار دایناسور کد N56","۳,۵۰۰,۰۰۰","","","https://dkstatics-public.digikala.com/digikala-products/04c8538fe1d517d8079a877f200f792857ce1cdf_1754241043.jpg?x-oss-process=image/resize,m_lfit,h_800,w_800/quality,q_90
https://dkstatics-public.digikala.com/digikala-products/11316daac0d8a9f538a60732801f35d82e2ff4b5_1742298595.jpg?x-oss-process=image/resize,m_lfit,h_800,w_800/quality,q_90
https://dkstatics-public.digikala.com/digikala-products/41471b0a70d420a2d26f148d32e58850a93a50b5_1742298471.jpg?x-oss-process=image/resize,m_lfit,h_800,w_800/quality,q_90
https://dkstatics-public.digikala.com/digikala-products/04c8538fe1d517d8079a877f200f792857ce1cdf_1754241043.jpg?x-oss-process=image/resize,m_lfit,h_800,w_800/quality,q_90","https://dkstatics-public.digikala.com/digikala-products/04c8538fe1d517d8079a877f200f792857ce1cdf_1754241043.jpg?x-oss-process=image/resize,m_lfit,h_800,w_800/quality,q_90","مشخصات ظاهری و کلینوع دوربین عکاسیچاپ سریع وزن۲۰۵ گرم","۲ دیدگاه","۷۳.۴%"
"1771406768-217","https://www.digikala.com/search/category-digital-camera/?has_selling_stock=1","دوربین عکاسی چاپ سریع مدل PANDA PARAOISE","۳,۴۹۰,۰۰۰","","","","ارسال سریع دیجی‌کالا","https://dkstatics-public.digikala.com/digikala-products/bbf27695b167ed0aa6d382c7cf1fab8df7c40b9e_1758449460.jpg?x-oss-process=image/resize,m_lfit,h_300,w_300/quality,q_80","","دوربین عکاسی چاپ سریع مدل PANDA PARAOISEارسال سریع دیجی‌کالا
۳,۴۹۰,۰۰۰","https://www.digikala.com/product/dkp-20487971/%D8%AF%D9%88%D8%B1%D8%A8%DB%8C%D9%86-%D8%B9%DA%A9%D8%A7%D8%B3%DB%8C-%DA%86%D8%A7%D9%BE-%D8%B3%D8%B1%DB%8C%D8%B9-%D9%85%D8%AF%D9%84-panda-paraoise/","","اسباب بازی روحی تویز","ضعیف","بنفشزرد فسفری","DKP-20487971","دوربین بچه گانه PANDA PARAOISE با ظاهری زیبا و امکان عکاسی و چاپ سریع ، فیلم برداری ،پخش موزیک و بازی های سرگرم کننده و با یک صفحه نمایش 2.4 اینچی تجربه ای جذاب و منحصر به فرد را برای کودک شما فراهم می کند فناوری چاپ حرارتی این دوربین نیاز به جوهر را از بین برده است.","دوربین عکاسی چاپ سریع مدل PANDA PARAOISE","۳,۴۹۰,۰۰۰","","","https://dkstatics-public.digikala.com/digikala-products/bbf27695b167ed0aa6d382c7cf1fab8df7c40b9e_1758449460.jpg?x-oss-process=image/resize,m_lfit,h_800,w_800/quality,q_90
https://dkstatics-public.digikala.com/digikala-products/0aaf4d9375ab017b74d4b3263a57d065c92512c6_1758403427.jpg?x-oss-process=image/resize,m_lfit,h_800,w_800/quality,q_90
https://dkstatics-public.digikala.com/digikala-products/610c45c47b124c6ce2b1887d7926efb1ddf6ba07_1758403427.jpg?x-oss-process=image/resize,m_lfit,h_800,w_800/quality,q_90
https://dkstatics-public.digikala.com/digikala-products/bbf27695b167ed0aa6d382c7cf1fab8df7c40b9e_1758449460.jpg?x-oss-process=image/resize,m_lfit,h_800,w_800/quality,q_90","https://dkstatics-public.digikala.com/digikala-products/bbf27695b167ed0aa6d382c7cf1fab8df7c40b9e_1758449460.jpg?x-oss-process=image/resize,m_lfit,h_800,w_800/quality,q_90","مشخصات ظاهری و کلینوع کیت دوربیندوربین با لنز غیرقابل تعویض نوع دوربین عکاسیچاپ سریع سطح کاربریمبتدی ابعاد۱۰۰*۸۰*۵۰ میلی‌متروزن۲۵۰ گرماقلام همراه دوربینکابل شارژ بند دوربین سایر توضیحاتاقلام همراه:
دفترچه راهنما 
رول کاغذ
کابل شارژ
بندنگهدارنده","",""
"1771406771-218","https://www.digikala.com/search/category-digital-camera/?has_selling_stock=1","دوربین دیجیتال بدون آینه سونی مدل Alpha A6400 به همراه لنز 16-50 میلی متر OSS","۱۱۹,۹۰۰,۰۰۰","","","۴.۶","تنها ۱ عدد در انبار باقی مانده","","","دوربین دیجیتال بدون آینه سونی مدل Alpha A6400 به همراه لنز 16-50 میلی متر OSSتنها ۱ عدد در انبار باقی مانده
۴.۶۱۱۹,۹۰۰,۰۰۰","https://www.digikala.com/product/dkp-1886115/%D8%AF%D9%88%D8%B1%D8%A8%DB%8C%D9%86-%D8%AF%DB%8C%D8%AC%DB%8C%D8%AA%D8%A7%D9%84-%D8%A8%D8%AF%D9%88%D9%86-%D8%A2%DB%8C%D9%86%D9%87-%D8%B3%D9%88%D9%86%DB%8C-%D9%85%D8%AF%D9%84-alpha-a6400-%D8%A8%D9%87-%D9%87%D9%85%D8%B1%D8%A7%D9%87-%D9%84%D9%86%D8%B2-16-50-%D9%85%DB%8C%D9%84%DB%8C-%D9%85%D8%AA%D8%B1-oss/","۴.۶","ستاره سهیل پارسا","عالی","مشکی","DKP-1886115","فرزند خلف باشه ؟!","دوربین دیجیتال بدون آینه سونی مدل Alpha A6400 به همراه لنز 16-50 میلی متر OSS","۱۱۹,۹۰۰,۰۰۰","","","https://dkstatics-public.digikala.com/digikala-products/688736c115963a75eee765fa47eda3aed8542b52_1754484526.jpg?x-oss-process=image/resize,m_lfit,h_800,w_800/quality,q_90
https://dkstatics-public.digikala.com/digikala-products/688736c115963a75eee765fa47eda3aed8542b52_1754484526.jpg?x-oss-process=image/resize,m_lfit,h_800,w_800/quality,q_90
https://dkstatics-public.digikala.com/digikala-products/688736c115963a75eee765fa47eda3aed8542b52_1754241258.jpg?x-oss-process=image/resize,m_lfit,h_800,w_800/quality,q_90
https://dkstatics-public.digikala.com/digikala-products/688736c115963a75eee765fa47eda3aed8542b52_1754484526.jpg?x-oss-process=image/resize,m_lfit,h_800,w_800/quality,q_90","https://dkstatics-public.digikala.com/digikala-products/688736c115963a75eee765fa47eda3aed8542b52_1754484526.jpg?x-oss-process=image/resize,m_lfit,h_800,w_800/quality,q_90","مشخصات ظاهری و کلینوع کیت دوربیندوربین با لنز قابل تعویض نوع دوربین عکاسیبدون آینه با لنز قابل تعویض مدلAlpha ۶۴۰۰ سطح کاربرینیمه‌حرفه‌ای ابعاد۱۲۰x۶۷x۵۹ میلی‌متروزن۳۵۹ گرموزن دوربین با باتری و کارت‌حافظه۴۰۳ گرمجنس بدنهفلز (آلیاژ منیزیم) مانت لنزSony-E اقلام همراه دوربینباتری","۲۲ دیدگاه",""
"1771406773-219","https://www.digikala.com/search/category-digital-camera/?has_selling_stock=1","دوربین دیجیتال کودک مدل A19","۳,۷۹۹,۹۱۰","۳,۹۹۹,۹۰۰","۵٪","","تنها ۲ عدد در انبار باقی مانده","","","دوربین دیجیتال کودک مدل A19تنها ۲ عدد در انبار باقی مانده
۵٪۳,۷۹۹,۹۱۰۳,۹۹۹,۹۰۰","https://www.digikala.com/product/dkp-21308806/%D8%AF%D9%88%D8%B1%D8%A8%DB%8C%D9%86-%D8%AF%DB%8C%D8%AC%DB%8C%D8%AA%D8%A7%D9%84-%DA%A9%D9%88%D8%AF%DA%A9-%D9%85%D8%AF%D9%84-a19/","","تاروش مارکت","عالی","صورتی","DKP-21308806","اگر صاحب فرزندی هستید که سن و سال کمی دارد ممکن است برای شناخت جهان و ثبت آنها از اسمارت فون ها استفاده نماید که بسیار بد است چرا که محققان معتقدند تلفن‌های همراه خطر ابتلا به تومورهای مغزی را در کودکان و نوجوانان افزایش می‌دهد ما در این جا سعی کرده ایم تا برای عکاسان مشتاق و نوجوان ،دوربین هایی را دسته بندی کنیم که متناسب با شرایط سنی و توانایی هایشان است. اگر برای کودک خود دوربینی میخرید احتمالا در نظر دارید که در کنار کارایی و سادگی از ظاهری زیبا و چشم نوازی برای کودکتان ب ...","دوربین دیجیتال کودک مدل A19","۳,۹۹۹,۹۰۰","۵٪","۳,۷۹۹,۹۱۰","https://dkstatics-public.digikala.com/digikala-products/f2e104160444229ea983c9f2fca345db65e8abe9_1769236910.jpg?x-oss-process=image/resize,m_lfit,h_800,w_800/quality,q_90
https://dkstatics-public.digikala.com/digikala-products/93abb5e400278102745ad7f3d00bcc48f3e05046_1769236915.jpg?x-oss-process=image/resize,m_lfit,h_800,w_800/quality,q_90
https://dkstatics-public.digikala.com/digikala-products/03ad5f26374b1136f63aa77bb77980f47ce38052_1769236936.jpg?x-oss-process=image/resize,m_lfit,h_800,w_800/quality,q_90
https://dkstatics-public.digikala.com/digikala-products/f2e104160444229ea983c9f2fca345db65e8abe9_1769236910.jpg?x-oss-process=image/resize,m_lfit,h_800,w_800/quality,q_90","https://dkstatics-public.digikala.com/digikala-products/f2e104160444229ea983c9f2fca345db65e8abe9_1769236910.jpg?x-oss-process=image/resize,m_lfit,h_800,w_800/quality,q_90","مشخصات ظاهری و کلینوع کیت دوربیندوربین با لنز غیرقابل تعویض نوع دوربین عکاسیچاپ سریع کامپکت سطح کاربریمبتدی ابعاد۵۰*۹۰*۱۰۰ میلی‌متروزن۲۱۳ گرماقلام همراه دوربینبند دوربین کابل شارژ","",""
"1771406775-220","https://www.digikala.com/search/category-digital-camera/?has_selling_stock=1","دوربین دیجیتال کودک مدل M8","۴,۹۵۶,۰۰۰","۵,۹۰۰,۰۰۰","۱۶٪","","ارسال فروشنده","","","دوربین دیجیتال کودک مدل M8ارسال فروشنده
۱۶٪۴,۹۵۶,۰۰۰۵,۹۰۰,۰۰۰","https://www.digikala.com/product/dkp-21305456/%D8%AF%D9%88%D8%B1%D8%A8%DB%8C%D9%86-%D8%AF%DB%8C%D8%AC%DB%8C%D8%AA%D8%A7%D9%84-%DA%A9%D9%88%D8%AF%DA%A9-%D9%85%D8%AF%D9%84-m8/","","تاروش مارکت","عالی","بنفشصورتیآبی","DKP-21305456","توصیفی مرتبط با تصویر برای جذب مشتری ارائه کنیداگر صاحب فرزندی هستید که سن و سال کمی دارد ممکن است برای شناخت جهان و ثبت آنها از اسمارت فون ها استفاده نماید که بسیار بد است چرا که محققان معتقدند تلفن‌های همراه خطر ابتلا به تومورهای مغزی را در کودکان و نوجوانان افزایش می‌دهد ما در این جا سعی کرده ایم تا برای عکاسان مشتاق و نوجوان ،دوربین هایی را دسته بندی کنیم که متناسب با شرایط سنی و توانایی هایشان است. اگر برای کودک خود دوربینی میخرید احتمالا در نظر دارید که در کنار کارایی و ...","دوربین دیجیتال کودک مدل M8","۵,۹۰۰,۰۰۰","۱۶٪","۴,۹۵۶,۰۰۰","https://dkstatics-public.digikala.com/digikala-products/17ed8cc6fa34bcd4799c6c611aa4582da588e4b4_1769177892.jpg?x-oss-process=image/resize,m_lfit,h_800,w_800/quality,q_90
https://dkstatics-public.digikala.com/digikala-products/48ced41e890408e024441b0622a123eab81025d2_1769177901.jpg?x-oss-process=image/resize,m_lfit,h_800,w_800/quality,q_90
https://dkstatics-public.digikala.com/digikala-products/d651513b6aae75253e24198242345bcc91595f57_1769177905.jpg?x-oss-process=image/resize,m_lfit,h_800,w_800/quality,q_90
https://dkstatics-public.digikala.com/digikala-products/17ed8cc6fa34bcd4799c6c611aa4582da588e4b4_1769177892.jpg?x-oss-process=image/resize,m_lfit,h_800,w_800/quality,q_90","https://dkstatics-public.digikala.com/digikala-products/17ed8cc6fa34bcd4799c6c611aa4582da588e4b4_1769177892.jpg?x-oss-process=image/resize,m_lfit,h_800,w_800/quality,q_90","مشخصات ظاهری و کلینوع کیت دوربیندوربین با لنز غیرقابل تعویض نوع دوربین عکاسیکامپکت چاپ سریع سطح کاربریمبتدی ابعاد۱۰۰*۸۰*۵۵ میلی‌متروزن۱۹۸ گرماقلام همراه دوربینبند دوربین کابل شارژ","",""
"1771406777-221","https://www.digikala.com/search/category-digital-camera/?has_selling_stock=1","دوربین دیجیتال مدل LX230","۲,۸۰۰,۰۰۰","","","۵","تنها ۳ عدد در انبار باقی مانده","","","دوربین دیجیتال مدل LX230تنها ۳ عدد در انبار باقی مانده
۵۲,۸۰۰,۰۰۰","https://www.digikala.com/product/dkp-18581204/%D8%AF%D9%88%D8%B1%D8%A8%DB%8C%D9%86-%D8%AF%DB%8C%D8%AC%DB%8C%D8%AA%D8%A7%D9%84-%D9%85%D8%AF%D9%84-lx230/","۵","کیمیا استور","عالی","بنفش روشنبنفش","DKP-18581204","","دوربین دیجیتال مدل LX230","۲,۸۰۰,۰۰۰","","","https://dkstatics-public.digikala.com/digikala-products/222498af193b030df58573ffcb2ba30e5b94beab_1754240905.jpg?x-oss-process=image/resize,m_lfit,h_800,w_800/quality,q_90
https://dkstatics-public.digikala.com/digikala-products/70b3135b5398390d324f667ee8f6a635c853b2d4_1741549561.jpg?x-oss-process=image/resize,m_lfit,h_800,w_800/quality,q_90
https://dkstatics-public.digikala.com/digikala-products/a8a8c7e300fa7fbea9d142578e59042a8043f8f5_1741549556.jpg?x-oss-process=image/resize,m_lfit,h_800,w_800/quality,q_90
https://dkstatics-public.digikala.com/digikala-products/9a9503c95aa9ec719d0be7e0fa16eabaf1adc13e_1741549561.jpg?x-oss-process=image/resize,m_lfit,h_800,w_800/quality,q_90","","مشخصات ظاهری و کلینوع دوربین عکاسیDSLR با لنز قابل تعویض وزن۱۲۰ گرم","۱ دیدگاه","۱۰۰%"
"1771406779-222","https://www.digikala.com/search/category-digital-camera/?has_selling_stock=1","دوربین دیجیتال کودک مدل خرس لاتسو کد X11","۴,۰۴۹,۱۰۰","۴,۴۹۹,۰۰۰","۱۰٪","","ارسال فروشنده","","","دوربین دیجیتال کودک مدل خرس لاتسو کد X11ارسال فروشنده
۱۰٪۴,۰۴۹,۱۰۰۴,۴۹۹,۰۰۰","https://www.digikala.com/product/dkp-21312637/%D8%AF%D9%88%D8%B1%D8%A8%DB%8C%D9%86-%D8%AF%DB%8C%D8%AC%DB%8C%D8%AA%D8%A7%D9%84-%DA%A9%D9%88%D8%AF%DA%A9-%D9%85%D8%AF%D9%84-%D8%AE%D8%B1%D8%B3-%D9%84%D8%A7%D8%AA%D8%B3%D9%88-%DA%A9%D8%AF-x11/","","تاروش مارکت","عالی","صورتیبنفش","DKP-21312637","اگر صاحب فرزندی هستید که سن و سال کمی دارد ممکن است برای شناخت جهان و ثبت آنها از اسمارت فون ها استفاده نماید که بسیار بد است چرا که محققان معتقدند تلفن‌های همراه خطر ابتلا به تومورهای مغزی را در کودکان و نوجوانان افزایش می‌دهد ما در این جا سعی کرده ایم تا برای عکاسان مشتاق و نوجوان ،دوربین هایی را دسته بندی کنیم که متناسب با شرایط سنی و توانایی هایشان است. اگر برای کودک خود دوربینی میخرید احتمالا در نظر دارید که در کنار کارایی و سادگی از ظاهری زیبا و چشم نوازی برای کودکتان ب ...","دوربین دیجیتال کودک مدل خرس لاتسو کد X11","۴,۴۹۹,۰۰۰","۱۰٪","۴,۰۴۹,۱۰۰","https://dkstatics-public.digikala.com/digikala-products/a628c9393242b0ecc2a8cc2e475999179f8d0d47_1769265358.jpg?x-oss-process=image/resize,m_lfit,h_800,w_800/quality,q_90
https://dkstatics-public.digikala.com/digikala-products/e112f3e4da304333616778431ea7a66f6740bdf6_1769265364.jpg?x-oss-process=image/resize,m_lfit,h_800,w_800/quality,q_90
https://dkstatics-public.digikala.com/digikala-products/3eea4e265d28f6c47e6a9274cd7aeb796bc3aed7_1769265368.jpg?x-oss-process=image/resize,m_lfit,h_800,w_800/quality,q_90
https://dkstatics-public.digikala.com/digikala-products/a628c9393242b0ecc2a8cc2e475999179f8d0d47_1769265358.jpg?x-oss-process=image/resize,m_lfit,h_800,w_800/quality,q_90","https://dkstatics-public.digikala.com/digikala-products/a628c9393242b0ecc2a8cc2e475999179f8d0d47_1769265358.jpg?x-oss-process=image/resize,m_lfit,h_800,w_800/quality,q_90","مشخصات ظاهری و کلینوع کیت دوربیندوربین با لنز غیرقابل تعویض نوع دوربین عکاسیکامپکت چاپ سریع سطح کاربریمبتدی ابعاد۵۰*۹۰*۱۰۰ میلی‌متروزن۲۲۴ گرماقلام همراه دوربینبند دوربین کابل شارژ","",""
"1771406781-223","https://www.digikala.com/search/category-digital-camera/?has_selling_stock=1","دوربین دیجیتال بدون آینه کانن مدل EOS M50 Mark II kit 15-45mm f/3.5-6.3 IS STM","۸۱,۵۰۰,۰۰۰","","","۴.۴","تنها ۱ عدد در انبار باقی مانده","","","دوربین دیجیتال بدون آینه کانن مدل EOS M50 Mark II kit 15-45mm f/3.5-6.3 IS STMتنها ۱ عدد در انبار باقی مانده
۴.۴۸۱,۵۰۰,۰۰۰","https://www.digikala.com/product/dkp-5979092/%D8%AF%D9%88%D8%B1%D8%A8%DB%8C%D9%86-%D8%AF%DB%8C%D8%AC%DB%8C%D8%AA%D8%A7%D9%84-%D8%A8%D8%AF%D9%88%D9%86-%D8%A2%DB%8C%D9%86%D9%87-%DA%A9%D8%A7%D9%86%D9%86-%D9%85%D8%AF%D9%84-eos-m50-mark-ii-kit-15-45mm-f35-63-is-stm/","۴.۴","مدیاکمرا","","مشکی","DKP-5979092","دوربین حرفه‌ای چی بخریم؟؟؟ 🤔","دوربین دیجیتال بدون آینه کانن مدل EOS M50 Mark II kit 15-45mm f/3.5-6.3 IS STM","۸۱,۵۰۰,۰۰۰","","","https://dkstatics-public.digikala.com/digikala-products/a5c5180b1db820752dae70163ebbe36029d12c3b_1754245688.jpg?x-oss-process=image/resize,m_lfit,h_800,w_800/quality,q_90
https://dkstatics-public.digikala.com/digikala-products/a5c5180b1db820752dae70163ebbe36029d12c3b_1754245688.jpg?x-oss-process=image/resize,m_lfit,h_800,w_800/quality,q_90
https://dkstatics-public.digikala.com/digikala-products/fe5cca30c162145bdcfbb3fbd34bf88adb69e4fd_1627934222.jpg?x-oss-process=image/resize,m_lfit,h_800,w_800/quality,q_90
https://dkstatics-public.digikala.com/digikala-products/a5c5180b1db820752dae70163ebbe36029d12c3b_1754245688.jpg?x-oss-process=image/resize,m_lfit,h_800,w_800/quality,q_90","https://dkstatics-public.digikala.com/digikala-products/a5c5180b1db820752dae70163ebbe36029d12c3b_1754245688.jpg?x-oss-process=image/resize,m_lfit,h_800,w_800/quality,q_90","مشخصات ظاهری و کلیوزن۴۰۰ گرم","۲۶ دیدگاه","۸۰%"
"1771406784-224","https://www.digikala.com/search/category-digital-camera/?has_selling_stock=1","دوربین دیجیتال کانن مدل EOS R50 RF-S 18-45MM","۱۰۵,۳۸۰,۰۰۰","","","۴.۱","&nbsp;","","","دوربین دیجیتال کانن مدل EOS R50 RF-S 18-45MM&nbsp;
۴.۱۱۰۵,۳۸۰,۰۰۰","https://www.digikala.com/product/dkp-11628034/%D8%AF%D9%88%D8%B1%D8%A8%DB%8C%D9%86-%D8%AF%DB%8C%D8%AC%DB%8C%D8%AA%D8%A7%D9%84-%DA%A9%D8%A7%D9%86%D9%86-%D9%85%D8%AF%D9%84-eos-r50-rf-s-18-45mm/","۴.۱","ستاره سهیل پارسا","عالی","مشکی","DKP-11628034","دوربین حرفه‌ای چی بخریم؟؟؟ 🤔","دوربین دیجیتال کانن مدل EOS R50 RF-S 18-45MM","۱۰۶,۴۰۰,۰۰۰","","","https://dkstatics-public.digikala.com/digikala-products/d3d5df5870cf6ea90a290b6818f26a78c29fe41d_1754249592.jpg?x-oss-process=image/resize,m_lfit,h_800,w_800/quality,q_90
https://dkstatics-public.digikala.com/digikala-products/d3d5df5870cf6ea90a290b6818f26a78c29fe41d_1754249592.jpg?x-oss-process=image/resize,m_lfit,h_800,w_800/quality,q_90
https://dkstatics-public.digikala.com/digikala-products/bf41598be1fd009a81e3a6d47db416c93ae1dcc6_1753002599.jpg?x-oss-process=image/resize,m_lfit,h_800,w_800/quality,q_90
https://dkstatics-public.digikala.com/digikala-products/d3d5df5870cf6ea90a290b6818f26a78c29fe41d_1754249592.jpg?x-oss-process=image/resize,m_lfit,h_800,w_800/quality,q_90","https://dkstatics-public.digikala.com/digikala-products/d3d5df5870cf6ea90a290b6818f26a78c29fe41d_1754249592.jpg?x-oss-process=image/resize,m_lfit,h_800,w_800/quality,q_90","مشخصات ظاهری و کلینوع کیت دوربیندوربین با لنز قابل تعویض نوع دوربین عکاسیبدون آینه با لنز قابل تعویض مدلEOS R۵۰ سطح کاربرینیمه‌حرفه‌ای ابعاد۱۱۶x۸۶x۶۹ میلی‌متروزن۳۲۸ گرموزن دوربین با باتری و کارت‌حافظه۳۷۵ گرمجنس بدنهپلاستیک و فلز (آلیاژ آلومینیوم) مانت لنزCanon-RF اقلام همراه دوربینباتری","۱۸ دیدگاه","۹۶%"
"1771406786-225","https://www.digikala.com/search/category-digital-camera/?has_selling_stock=1","دوربین دیجیتال کانن مدل EOS 2000D به همراه لنز 18-55 میلی متر IS II","۵۵,۶۰۰,۰۰۰","","","۴.۳","تنها ۳ عدد در انبار باقی مانده","","","دوربین دیجیتال کانن مدل EOS 2000D به همراه لنز 18-55 میلی متر IS IIتنها ۳ عدد در انبار باقی مانده
۴.۳۵۵,۶۰۰,۰۰۰","https://www.digikala.com/product/dkp-870282/%D8%AF%D9%88%D8%B1%D8%A8%DB%8C%D9%86-%D8%AF%DB%8C%D8%AC%DB%8C%D8%AA%D8%A7%D9%84-%DA%A9%D8%A7%D9%86%D9%86-%D9%85%D8%AF%D9%84-eos-2000d-%D8%A8%D9%87-%D9%87%D9%85%D8%B1%D8%A7%D9%87-%D9%84%D9%86%D8%B2-18-55-%D9%85%DB%8C%D9%84%DB%8C-%D9%85%D8%AA%D8%B1-is-ii/","۴.۳","دهکده دوربین","عالی","مشکی","DKP-870282","دوربین حرفه‌ای یا گوشی؟؟؟","دوربین دیجیتال کانن مدل EOS 2000D به همراه لنز 18-55 میلی متر IS II","۵۵,۶۰۰,۰۰۰","","","https://dkstatics-public.digikala.com/digikala-products/818b2b568c02da1215e5e61fd83b2563420115f0_1752479758.jpg?x-oss-process=image/resize,m_lfit,h_800,w_800/quality,q_90
https://dkstatics-public.digikala.com/digikala-products/818b2b568c02da1215e5e61fd83b2563420115f0_1752479758.jpg?x-oss-process=image/resize,m_lfit,h_800,w_800/quality,q_90
https://dkstatics-public.digikala.com/digikala-products/12800887d4598bbb155624ca5774895d5d340c93_1754248403.jpg?x-oss-process=image/resize,m_lfit,h_800,w_800/quality,q_90
https://dkstatics-public.digikala.com/digikala-products/818b2b568c02da1215e5e61fd83b2563420115f0_1752479758.jpg?x-oss-process=image/resize,m_lfit,h_800,w_800/quality,q_90","https://dkstatics-public.digikala.com/digikala-products/818b2b568c02da1215e5e61fd83b2563420115f0_1752479758.jpg?x-oss-process=image/resize,m_lfit,h_800,w_800/quality,q_90","مشخصات ظاهری و کلینوع کیت دوربیندوربین با لنز قابل تعویض نوع دوربین عکاسیDSLR با لنز قابل تعویض مدلEOS ۲۰۰۰D سطح کاربریمبتدی ابعاد۱۲۹x۱۰۱x۷۷ میلی‌متروزن۴۲۷ گرموزن دوربین با باتری و کارت‌حافظه۴۷۵ گرمجنس بدنهپلی‌کربنات مانت لنزCanon-EF-S اقلام همراه دوربینباتری","۲۵۱ دیدگاه","۹۷.۶%"
"1771406788-226","https://www.digikala.com/search/category-digital-camera/?has_selling_stock=1","دوربین دیجیتال کودک ناب سل مدل چاپ سریع شارژی موزیکال طرح دایناسور","۶,۲۵۰,۰۰۰","","","۴","تنها ۳ عدد در انبار باقی مانده","","","دوربین دیجیتال کودک ناب سل مدل چاپ سریع شارژی موزیکال طرح دایناسورتنها ۳ عدد در انبار باقی مانده
۴۶,۲۵۰,۰۰۰","https://www.digikala.com/product/dkp-20715248/%D8%AF%D9%88%D8%B1%D8%A8%DB%8C%D9%86-%D8%AF%DB%8C%D8%AC%DB%8C%D8%AA%D8%A7%D9%84-%DA%A9%D9%88%D8%AF%DA%A9-%D9%86%D8%A7%D8%A8-%D8%B3%D9%84-%D9%85%D8%AF%D9%84-%DA%86%D8%A7%D9%BE-%D8%B3%D8%B1%DB%8C%D8%B9-%D8%B4%D8%A7%D8%B1%DA%98%DB%8C-%D9%85%D9%88%D8%B2%DB%8C%DA%A9%D8%A7%D9%84-%D8%B7%D8%B1%D8%AD-%D8%AF%D8%A7%DB%8C%D9%86%D8%A7%D8%B3%D9%88%D8%B1/","۴","نابسل","عالی","سبز آبی","DKP-20715248","دوربین عکاسی چاپ سریع ناب سل مدل شارژی موزیکال طرح دایناسور، با دقت موثر 48 مگاپیکسل، فیلمبرداری با رزولیشن FULL HD، نمایشگر ثابت،دارای گیم، قابلیت پخش موزیک به همراه سه عدد رول ،فناوری چاپ حرارتی فوری عکس های سیاه و سفید را روی کاغذ عکس سازگار با محیط زیست، ایمن و بدون BPA چاپ می کند. پسران و دختران می توانند از مداد رنگی برای ساختن دکوراسیون DIY و رنگ آمیزی عکس های چاپ شده استفاده کنند، مهارت های عملی خود را بهبود بخشند و کنجکاوی و علاقه خود را به عکاسی پرورش دهند و خلاقیت  ...","دوربین دیجیتال کودک ناب سل مدل چاپ سریع شارژی موزیکال طرح دایناسور","۶,۲۵۰,۰۰۰","","","https://dkstatics-public.digikala.com/digikala-products/61eb9e56e905fd7f46db156bec0ed4133e1a90a9_1760856801.jpg?x-oss-process=image/resize,m_lfit,h_800,w_800/quality,q_90
https://dkstatics-public.digikala.com/digikala-products/4ae38061e34e06e0970ab5d6dccd5a49eaeec75a_1760856801.jpg?x-oss-process=image/resize,m_lfit,h_800,w_800/quality,q_90
https://dkstatics-public.digikala.com/digikala-products/90b4597a7ee4d59b045777170eb78d9de7ee30fb_1760856801.jpg?x-oss-process=image/resize,m_lfit,h_800,w_800/quality,q_90
https://dkstatics-public.digikala.com/digikala-products/61eb9e56e905fd7f46db156bec0ed4133e1a90a9_1760856801.jpg?x-oss-process=image/resize,m_lfit,h_800,w_800/quality,q_90","https://dkstatics-public.digikala.com/digikala-products/61eb9e56e905fd7f46db156bec0ed4133e1a90a9_1760856801.jpg?x-oss-process=image/resize,m_lfit,h_800,w_800/quality,q_90","مشخصات ظاهری و کلینوع کیت دوربیندوربین با لنز غیرقابل تعویض نوع دوربین عکاسیچاپ سریع سطح کاربریمبتدی ابعاد۱۲۰*۱۱۰*۵۰ میلی‌متروزن۲۲۰ گرماقلام همراه دوربینکابل شارژ بند دوربین","۳ دیدگاه","۸۰%"
"1771406790-227","https://www.digikala.com/search/category-digital-camera/?has_selling_stock=1","دوربین دیجیتال مدل AF003-2","۱,۴۵۰,۰۰۰","۱,۶۵۰,۰۰۰","۱۲٪","۳.۵","ارسال سریع دیجی‌کالا","","","دوربین دیجیتال مدل AF003-2ارسال سریع دیجی‌کالا
۳.۵۱۲٪۱,۴۵۰,۰۰۰۱,۶۵۰,۰۰۰","https://www.digikala.com/product/dkp-12521026/%D8%AF%D9%88%D8%B1%D8%A8%DB%8C%D9%86-%D8%AF%DB%8C%D8%AC%DB%8C%D8%AA%D8%A7%D9%84-%D9%85%D8%AF%D9%84-af003-2/","۳.۵","تاروش مارکت","عالی","صورتیآبیآبی روشن","DKP-12521026","اگر صاحب فرزندی هستید که سن و سال کمی دارد ممکن است برای شناخت جهان و ثبت آنها از اسمارت فون ها استفاده نماید که بسیار بد است چرا که محققان معتقدند تلفن‌های همراه خطر ابتلا به تومورهای مغزی را در کودکان و نوجوانان افزایش می‌دهد ما در این جا سعی کرده ایم تا برای عکاسان مشتاق و نوجوان زیر 10 سالتان دوربین هایی را دسته بندی کنیم که متناسب با شرایط سنی و توانایی هایشان است. اگر برای کودک زیر 8 سال دوربینی میخرید احتمالا در نظر دارید که در کنار کارایی و سادگی از ظاهری زیبا و چشم ن ...","دوربین دیجیتال مدل AF003-2","۱,۶۷۰,۰۰۰","۲۲٪","۱,۲۹۹,۰۰۰","https://dkstatics-public.digikala.com/digikala-products/43e33d620587c3f4df6809f74266484bd83805ac_1754250915.jpg?x-oss-process=image/resize,m_lfit,h_800,w_800/quality,q_90
https://dkstatics-public.digikala.com/digikala-products/e0d7731ae99d75074d0265a0a5153bbcce0da2e7_1693226972.jpg?x-oss-process=image/resize,m_lfit,h_800,w_800/quality,q_90
https://dkstatics-public.digikala.com/digikala-products/6eaf27fc6eca370dc0d1622dc10071f75cc13c50_1693226091.jpg?x-oss-process=image/resize,m_lfit,h_800,w_800/quality,q_90
https://dkstatics-public.digikala.com/digikala-products/43e33d620587c3f4df6809f74266484bd83805ac_1754250915.jpg?x-oss-process=image/resize,m_lfit,h_800,w_800/quality,q_90","https://dkstatics-public.digikala.com/digikala-products/43e33d620587c3f4df6809f74266484bd83805ac_1754250915.jpg?x-oss-process=image/resize,m_lfit,h_800,w_800/quality,q_90","مشخصات ظاهری و کلینوع کیت دوربیندوربین با لنز غیرقابل تعویض نوع دوربین عکاسیکامپکت سطح کاربریمبتدی ابعاد۱۰۰x۵۰x۳۰ میلی‌متروزن۱۰۷ گرماقلام همراه دوربینکابل شارژ","۱۰ دیدگاه","۶۰%"
"1771406793-228","https://www.digikala.com/search/category-digital-camera/?has_selling_stock=1","دوربین دیجیتال کانن مدل EOS 250D به همراه لنز 55-18 میلی متر IS STM","۸۲,۸۰۰,۰۰۰","","","۴.۳","&nbsp;","","","دوربین دیجیتال کانن مدل EOS 250D به همراه لنز 55-18 میلی متر IS STM&nbsp;
۴.۳۸۲,۸۰۰,۰۰۰","https://www.digikala.com/product/dkp-2025154/%D8%AF%D9%88%D8%B1%D8%A8%DB%8C%D9%86-%D8%AF%DB%8C%D8%AC%DB%8C%D8%AA%D8%A7%D9%84-%DA%A9%D8%A7%D9%86%D9%86-%D9%85%D8%AF%D9%84-eos-250d-%D8%A8%D9%87-%D9%87%D9%85%D8%B1%D8%A7%D9%87-%D9%84%D9%86%D8%B2-55-18-%D9%85%DB%8C%D9%84%DB%8C-%D9%85%D8%AA%D8%B1-is-stm/","۴.۳","دهکده دوربین","عالی","مشکی","DKP-2025154","دوربین حرفه‌ای چی بخریم؟؟؟ 🤔","دوربین دیجیتال کانن مدل EOS 250D به همراه لنز 55-18 میلی متر IS STM","۸۲,۹۰۰,۰۰۰","","","https://dkstatics-public.digikala.com/digikala-products/bc59a62d9be6388a7e9563df8d0ade7b633cc26d_1751181770.jpg?x-oss-process=image/resize,m_lfit,h_800,w_800/quality,q_90
https://dkstatics-public.digikala.com/digikala-products/bc59a62d9be6388a7e9563df8d0ade7b633cc26d_1751181770.jpg?x-oss-process=image/resize,m_lfit,h_800,w_800/quality,q_90
https://dkstatics-public.digikala.com/digikala-products/723a8373ab2db63109459f21904ed600cab73df2_1754241906.jpg?x-oss-process=image/resize,m_lfit,h_800,w_800/quality,q_90
https://dkstatics-public.digikala.com/digikala-products/bc59a62d9be6388a7e9563df8d0ade7b633cc26d_1751181770.jpg?x-oss-process=image/resize,m_lfit,h_800,w_800/quality,q_90","https://dkstatics-public.digikala.com/digikala-products/bc59a62d9be6388a7e9563df8d0ade7b633cc26d_1751181770.jpg?x-oss-process=image/resize,m_lfit,h_800,w_800/quality,q_90","مشخصات ظاهری و کلینوع کیت دوربیندوربین با لنز قابل تعویض نوع دوربین عکاسیDSLR با لنز قابل تعویض مدلEOS ۲۵۰D سطح کاربریمبتدی ابعاد۱۲۲x۹۳x۷۰ میلی‌متروزن۴۰۴ گرموزن دوربین با باتری و کارت‌حافظه۳۷۵ گرممانت لنزCanon-EF-S اقلام همراه دوربینباتری","۱۲۳ دیدگاه",""
"1771406795-229","https://www.digikala.com/search/category-digital-camera/?has_selling_stock=1","دوربین دیجیتال کانن مدل EOS 250D به همراه لنز 18-55 میلی متر DC III","۸۰,۲۵۰,۰۰۰","","","۴.۳","&nbsp;","","","دوربین دیجیتال کانن مدل EOS 250D به همراه لنز 18-55 میلی متر DC III&nbsp;
۴.۳۸۰,۲۵۰,۰۰۰","https://www.digikala.com/product/dkp-2443978/%D8%AF%D9%88%D8%B1%D8%A8%DB%8C%D9%86-%D8%AF%DB%8C%D8%AC%DB%8C%D8%AA%D8%A7%D9%84-%DA%A9%D8%A7%D9%86%D9%86-%D9%85%D8%AF%D9%84-eos-250d-%D8%A8%D9%87-%D9%87%D9%85%D8%B1%D8%A7%D9%87-%D9%84%D9%86%D8%B2-18-55-%D9%85%DB%8C%D9%84%DB%8C-%D9%85%D8%AA%D8%B1-dc-iii/","۴.۳","ستاره سهیل پارسا","عالی","مشکی","DKP-2443978","دوربین حرفه‌ای چی بخریم؟؟؟ 🤔","دوربین دیجیتال کانن مدل EOS 250D به همراه لنز 18-55 میلی متر DC III","۷۸,۹۰۰,۰۰۰","","","https://dkstatics-public.digikala.com/digikala-products/4f85ca6d5a2954d2c43c1e02a8209d43a8e67c77_1754242472.jpg?x-oss-process=image/resize,m_lfit,h_800,w_800/quality,q_90
https://dkstatics-public.digikala.com/digikala-products/4f85ca6d5a2954d2c43c1e02a8209d43a8e67c77_1754242472.jpg?x-oss-process=image/resize,m_lfit,h_800,w_800/quality,q_90
https://dkstatics-public.digikala.com/digikala-products/50d70b2163a254794d7e6e46f572153c29d438c1_1751182838.jpg?x-oss-process=image/resize,m_lfit,h_800,w_800/quality,q_90
https://dkstatics-public.digikala.com/digikala-products/4f85ca6d5a2954d2c43c1e02a8209d43a8e67c77_1754242472.jpg?x-oss-process=image/resize,m_lfit,h_800,w_800/quality,q_90","https://dkstatics-public.digikala.com/digikala-products/4f85ca6d5a2954d2c43c1e02a8209d43a8e67c77_1754242472.jpg?x-oss-process=image/resize,m_lfit,h_800,w_800/quality,q_90","مشخصات ظاهری و کلینوع کیت دوربیندوربین با لنز قابل تعویض نوع دوربین عکاسیDSLR با لنز قابل تعویض مدلEOS ۲۵۰D سطح کاربریمبتدی ابعاد۱۲۲x۹۳x۷۰ میلی‌متروزن۴۰۴ گرموزن دوربین با باتری و کارت‌حافظه۳۷۵ گرممانت لنزCanon-EF-S اقلام همراه دوربینباتری","۵۰ دیدگاه","۹۳.۴%"
"1771406797-230","https://www.digikala.com/search/category-digital-camera/?has_selling_stock=1","دوربین دیجیتال مدل fun camera rabbit","۱,۳۰۴,۳۸۰","۱,۳۳۱,۰۰۰","۲٪","۳.۹","ارسال فروشنده","","","دوربین دیجیتال مدل fun camera rabbitارسال فروشنده
۳.۹۲٪۱,۳۰۴,۳۸۰۱,۳۳۱,۰۰۰","https://www.digikala.com/product/dkp-18355140/%D8%AF%D9%88%D8%B1%D8%A8%DB%8C%D9%86-%D8%AF%DB%8C%D8%AC%DB%8C%D8%AA%D8%A7%D9%84-%D9%85%D8%AF%D9%84-fun-camera-rabbit/","۳.۹","تاروش مارکت","عالی","آبیصورتی","DKP-18355140","اگر برای کودک زیر 10 سال دوربینی میخرید احتمالا در نظر دارید که در کنار کارایی و سادگی از ظاهری زیبا و چشم نوازی برای کودکتان برخوردار باشد. این دوربین بهترین گزینه برای کودکانی در این رنج سنی که هم ارزان است و هم سبک ، این دوربین اسباب بازی از سنسور 2 مگاپیکسلی و قابلیت پشتیبانی کارت حافظه میکرو sd تا 32 گیگ و با قابلیت زوم به همراه یک کاور سیلیکونی و همچنین قادر به فیلمبرداری نیز می باشد و دارایی بازی و 6 زبان و دارایی بک گراند گذاری مختلف تصاویر کودکان می باشد. این دوربین  ...","دوربین دیجیتال مدل fun camera rabbit","۱,۳۳۱,۰۰۰","۲٪","۱,۳۰۴,۳۸۰","https://dkstatics-public.digikala.com/digikala-products/ac05483fdc6c334c8c486175911310386aa820db_1739795594.jpg?x-oss-process=image/resize,m_lfit,h_800,w_800/quality,q_90
https://dkstatics-public.digikala.com/digikala-products/df93abcbe00fdb2a8c0d168213c978620d9286c8_1739795593.jpg?x-oss-process=image/resize,m_lfit,h_800,w_800/quality,q_90
https://dkstatics-public.digikala.com/digikala-products/de411e63e1b37edb51e312e852c8c7184d52e6b5_1739795593.jpg?x-oss-process=image/resize,m_lfit,h_800,w_800/quality,q_90
https://dkstatics-public.digikala.com/digikala-products/ac05483fdc6c334c8c486175911310386aa820db_1739795594.jpg?x-oss-process=image/resize,m_lfit,h_800,w_800/quality,q_90","https://dkstatics-public.digikala.com/digikala-products/ac05483fdc6c334c8c486175911310386aa820db_1739795594.jpg?x-oss-process=image/resize,m_lfit,h_800,w_800/quality,q_90","مشخصات ظاهری و کلینوع دوربین عکاسیمقاوم (ضد آب،ضد ضربه) وزن۱۰۰ گرم","۱۲ دیدگاه",""
"1771406799-231","https://www.digikala.com/search/category-digital-camera/?has_selling_stock=1","دوربین دیجیتال مدل AFCCD-Y02","۳,۹۶۰,۰۰۰","۴,۹۵۰,۰۰۰","۲۰٪","۱","تنها ۳ عدد در انبار باقی مانده","","","دوربین دیجیتال مدل AFCCD-Y02تنها ۳ عدد در انبار باقی مانده
۱۲۰٪۳,۹۶۰,۰۰۰۴,۹۵۰,۰۰۰","https://www.digikala.com/product/dkp-21337069/%D8%AF%D9%88%D8%B1%D8%A8%DB%8C%D9%86-%D8%AF%DB%8C%D8%AC%DB%8C%D8%AA%D8%A7%D9%84-%D9%85%D8%AF%D9%84-afccd-y02/","۱","فروشگاه نومی","عالی","سفیدقهوه ایمشکی","DKP-21337069","این محصول یک دوربین دیجیتالی اقتصادی میباشد برای آموزش عکاسی این دوربین دارای ال سی دی قابل چرخش است و میتواند تا 64 مگاپیکسل و فیلمبداری 2K تنظیم شود.این محصول جذاب دارای ال سی دی 2.4 اینچ و باتری 850 میلی آمپر میباشد  که میتواند با شارژ کامل تا 2500 عدد عکسبرداری کند. توجه در حالت عکسبرداری 64 مگا پیکسلی با وقفه هر 5 ثانیه عکسبرداری میکند.این دوربین دارای انواع فیلتر و امکان پخش موزیک را دارا می باشد و بسیار مناسب برای یک هدیه جذاب برای کودکان و نوجوانان و دانش آموزان علاقه ...","دوربین دیجیتال مدل AFCCD-Y02","۴,۹۵۰,۰۰۰","۲۰٪","۳,۹۶۰,۰۰۰","https://dkstatics-public.digikala.com/digikala-products/1147e8fe2cc71c9ff46f6eeed397ecc77ef38463_1769578264.jpg?x-oss-process=image/resize,m_lfit,h_800,w_800/quality,q_90
https://dkstatics-public.digikala.com/digikala-products/17a1bbca0daaa2653139dcbdeca141ed7e52a342_1769578264.jpg?x-oss-process=image/resize,m_lfit,h_800,w_800/quality,q_90
https://dkstatics-public.digikala.com/digikala-products/1b3225ee3b228a97fb4ed13559626b67d9ac5eea_1769578264.jpg?x-oss-process=image/resize,m_lfit,h_800,w_800/quality,q_90
https://dkstatics-public.digikala.com/digikala-products/1147e8fe2cc71c9ff46f6eeed397ecc77ef38463_1769578264.jpg?x-oss-process=image/resize,m_lfit,h_800,w_800/quality,q_90","https://dkstatics-public.digikala.com/digikala-products/1147e8fe2cc71c9ff46f6eeed397ecc77ef38463_1769578264.jpg?x-oss-process=image/resize,m_lfit,h_800,w_800/quality,q_90","مشخصات ظاهری و کلینوع کیت دوربیندوربین با لنز غیرقابل تعویض نوع دوربین عکاسیکامپکت سطح کاربرینیمه‌حرفه‌ای ابعاد۱۰۰*۴۰*۲۰ میلی‌متروزن۲۰۰ گرماقلام همراه دوربینباتری کابل شارژ","",""
"1771406801-232","https://www.digikala.com/search/category-digital-camera/?has_selling_stock=1","دوربین عکاسی چاپ سریع مدل G11 طرح گربه","۳,۱۲۰,۰۰۰","","","","تنها ۳ عدد در انبار باقی مانده","","","دوربین عکاسی چاپ سریع مدل G11 طرح گربهتنها ۳ عدد در انبار باقی مانده
۳,۱۲۰,۰۰۰","https://www.digikala.com/product/dkp-19462922/%D8%AF%D9%88%D8%B1%D8%A8%DB%8C%D9%86-%D8%B9%DA%A9%D8%A7%D8%B3%DB%8C-%DA%86%D8%A7%D9%BE-%D8%B3%D8%B1%DB%8C%D8%B9-%D9%85%D8%AF%D9%84-g11-%D8%B7%D8%B1%D8%AD-%DA%AF%D8%B1%D8%A8%D9%87/","","اسباب بازی روحی تویز","ضعیف","بنفشآبیصورتی","DKP-19462922","","دوربین عکاسی چاپ سریع مدل G11 طرح گربه","۳,۱۲۰,۰۰۰","","","https://dkstatics-public.digikala.com/digikala-products/0720430b03071805ef3c69bf3692af3b228604de_1749365817.jpg?x-oss-process=image/resize,m_lfit,h_800,w_800/quality,q_90
https://dkstatics-public.digikala.com/digikala-products/235fad54fa669ecaa58e874a3ad3fce59fe20183_1749305694.jpg?x-oss-process=image/resize,m_lfit,h_800,w_800/quality,q_90
https://dkstatics-public.digikala.com/digikala-products/fb0b2f7e7fb360d2b273837aac188810ac7dd595_1749306763.jpg?x-oss-process=image/resize,m_lfit,h_800,w_800/quality,q_90","","مشخصات ظاهری و کلینوع کیت دوربینفقط بدنه‌ی دوربین بدون لنز نوع دوربین عکاسیچاپ سریع سطح کاربریمبتدی ابعاد۶۰*۹۰*۸۰ میلی‌متروزن۱۵۰ گرماقلام همراه دوربینشارژر","",""
"1771406803-233","https://www.digikala.com/search/category-digital-camera/?has_selling_stock=1","دوربین دیجیتال ناب سل مدل چاپ سریع شارژی موزیکال طرح گربه؛ با دقت موثر 48 مگاپیکسل، فیلمبرداری با رزولیشن FULL HD، نمایشگر ثابت، دارای گیم، قابلیت پخش موزیک به همراه یک عدد رول","۳,۲۰۰,۰۰۰","","","","&nbsp;","","","دوربین دیجیتال ناب سل مدل چاپ سریع شارژی موزیکال طرح گربه؛ با دقت موثر 48 مگاپیکسل، فیلمبرداری با رزولیشن FULL HD، نمایشگر ثابت، دارای گیم، قابلیت پخش موزیک به همراه یک عدد رول &nbsp;
۳,۲۰۰,۰۰۰","https://www.digikala.com/product/dkp-20725499/%D8%AF%D9%88%D8%B1%D8%A8%DB%8C%D9%86-%D8%AF%DB%8C%D8%AC%DB%8C%D8%AA%D8%A7%D9%84-%D9%86%D8%A7%D8%A8-%D8%B3%D9%84-%D9%85%D8%AF%D9%84-%DA%86%D8%A7%D9%BE-%D8%B3%D8%B1%DB%8C%D8%B9-%D8%B4%D8%A7%D8%B1%DA%98%DB%8C-%D9%85%D9%88%D8%B2%DB%8C%DA%A9%D8%A7%D9%84-%D8%B7%D8%B1%D8%AD-%DA%AF%D8%B1%D8%A8%D9%87-%D8%A8%D8%A7-%D8%AF%D9%82%D8%AA-%D9%85%D9%88%D8%AB%D8%B1-48-%D9%85%DA%AF%D8%A7%D9%BE%DB%8C%DA%A9%D8%B3%D9%84-%D9%81%DB%8C%D9%84%D9%85%D8%A8%D8%B1%D8%AF%D8%A7%D8%B1%DB%8C-%D8%A8%D8%A7-%D8%B1%D8%B2%D9%88%D9%84%DB%8C%D8%B4%D9%86-full-hd-%D9%86%D9%85%D8%A7%DB%8C%D8%B4%DA%AF%D8%B1-%D8%AB%D8%A7%D8%A8%D8%AA-%D8%AF%D8%A7%D8%B1%D8%A7%DB%8C-%DA%AF%DB%8C%D9%85-%D9%82%D8%A7%D8%A8%D9%84%DB%8C%D8%AA-%D9%BE%D8%AE%D8%B4-%D9%85%D9%88%D8%B2%DB%8C%DA%A9-%D8%A8%D9%87-%D9%87%D9%85%D8%B1%D8%A7%D9%87-%DB%8C%DA%A9-%D8%B9%D8%AF%D8%AF-%D8%B1%D9%88%D9%84/","","اسباب بازی روحی تویز","ضعیف","آبیبنفشصورتی","DKP-20725499","این دوربین مجهز به تکنولوژی چاپ حرارتی است که امکان چاپ عکس‌ها بدون نیاز به جوهر یا تونر را فراهم می‌کند.صفحه نمایش دوربین برای مشاهده تصاویر و فریم‌بندی مناسب هنگام عکاسی طراحی شده است.دوربین دارای دوربین جلو و عقب است و به کودکان امکان گرفتن سلفی و عکس از محیط اطراف را می‌دهد.حسگر CMOS با وضوح بالا جزئیات تصاویر را به خوبی ثبت می‌کند و مناسب چاپ عکس‌های کوچک است. بدنه از جنس ABS و PC ساخته شده است که مقاومت کافی در برابر استفاده کودکان دارد.با قابلیت ضبط ویدئو ولنز با زاویه ...","دوربین دیجیتال ناب سل مدل چاپ سریع شارژی موزیکال طرح گربه؛ با دقت موثر 48 مگاپیکسل، فیلمبرداری با رزولیشن FULL HD، نمایشگر ثابت، دارای گیم، قابلیت پخش موزیک به همراه یک عدد رول","۳,۲۰۰,۰۰۰","","","https://dkstatics-public.digikala.com/digikala-products/8b28e784677d16c51e206b88f573e601b71800e0_1761733205.jpg?x-oss-process=image/resize,m_lfit,h_800,w_800/quality,q_90
https://dkstatics-public.digikala.com/digikala-products/02a907e2100f53016757d7174e98ae00388c7bbe_1760959045.jpg?x-oss-process=image/resize,m_lfit,h_800,w_800/quality,q_90
https://dkstatics-public.digikala.com/digikala-products/ef3941e2f85c2ee7d29728f425bc080c20ab01f5_1760959045.jpg?x-oss-process=image/resize,m_lfit,h_800,w_800/quality,q_90
https://dkstatics-public.digikala.com/digikala-products/8b28e784677d16c51e206b88f573e601b71800e0_1761733205.jpg?x-oss-process=image/resize,m_lfit,h_800,w_800/quality,q_90","https://dkstatics-public.digikala.com/digikala-products/8b28e784677d16c51e206b88f573e601b71800e0_1761733205.jpg?x-oss-process=image/resize,m_lfit,h_800,w_800/quality,q_90","مشخصات ظاهری و کلینوع کیت دوربیندوربین با لنز غیرقابل تعویض نوع دوربین عکاسیچاپ سریع سطح کاربریمبتدی ابعاد۱۲۰*۸۰*۴۰ میلی‌متروزن۳۷۵ گرماقلام همراه دوربینکابل شارژ بند دوربین","",""
"1771406806-234","https://www.digikala.com/search/category-digital-camera/?has_selling_stock=1","دوربین دیجیتال کانن مدل CANON S110","۴۰,۰۰۰,۰۰۰","","","","&nbsp;","https://dkstatics-public.digikala.com/digikala-products/8296b5b63c2171c75113ed784ab3eba1223ecbb6_1765189786.jpg?x-oss-process=image/resize,m_lfit,h_300,w_300/quality,q_80","","دوربین دیجیتال کانن مدل CANON S110&nbsp;
۴۰,۰۰۰,۰۰۰","https://www.digikala.com/product/dkp-21039008/%D8%AF%D9%88%D8%B1%D8%A8%DB%8C%D9%86-%D8%AF%DB%8C%D8%AC%DB%8C%D8%AA%D8%A7%D9%84-%DA%A9%D8%A7%D9%86%D9%86-%D9%85%D8%AF%D9%84-canon-s110/","","","","","DKP-21039008","","","","","","https://dkstatics-public.digikala.com/digikala-products/8296b5b63c2171c75113ed784ab3eba1223ecbb6_1765189786.jpg?x-oss-process=image/resize,m_lfit,h_800,w_800/quality,q_90
https://dkstatics-public.digikala.com/digikala-products/97474fd886732b29180be09ae75ecbd1309dd7a3_1765293678.jpg?x-oss-process=image/resize,m_lfit,h_800,w_800/quality,q_90","","مشخصات ظاهری و کلینوع کیت دوربیندوربین با لنز غیرقابل تعویض نوع دوربین عکاسیکامپکت سطح پیشرفته سطح کاربرینیمه‌حرفه‌ای ابعاد۹۰x۲۰x۵۰ میلی‌متروزن۱۹۸ گرماقلام همراه دوربینباتری شارژر بند دوربین","",""
"1771406808-235","https://www.digikala.com/search/category-digital-camera/?has_selling_stock=1","دوربین دیجیتال بدون آینه سونی مدل a6400 با لنز ۱۸ - ۱۳۵ میلی‌متر f/3.5 - f/5.6","۱۹۸,۵۰۰,۰۰۰","","","","&nbsp;","https://dkstatics-public.digikala.com/digikala-products/73032abe67fbbcc6a9e8e02580f880a320c28e24_1754243181.jpg?x-oss-process=image/resize,m_lfit,h_300,w_300/quality,q_80","","دوربین دیجیتال بدون آینه سونی مدل a6400 با لنز ۱۸ - ۱۳۵ میلی‌متر f/3.5 - f/5.6&nbsp;
۱۹۸,۵۰۰,۰۰۰","https://www.digikala.com/product/dkp-2973212/%D8%AF%D9%88%D8%B1%D8%A8%DB%8C%D9%86-%D8%AF%DB%8C%D8%AC%DB%8C%D8%AA%D8%A7%D9%84-%D8%A8%D8%AF%D9%88%D9%86-%D8%A2%DB%8C%D9%86%D9%87-%D8%B3%D9%88%D9%86%DB%8C-%D9%85%D8%AF%D9%84-a6400-%D8%A8%D8%A7-%D9%84%D9%86%D8%B2-%DB%B1%DB%B8-%DB%B1%DB%B3%DB%B5-%D9%85%DB%8C%D9%84%DB%8C%D9%85%D8%AA%D8%B1-f35-f56/","","آل قاچ","خوب","مشکی","DKP-2973212","دوربین Sony A6400 یک کامپکت ۲۴ مگاپیکسلی بدون آینه ( Mirror Less ) است؛ دوربینی با سنسور APS-C و دارای لنز قابل تعویض. سونی برای این دوربین، بازاری گسترده از عکاسان خانگی، تازه‌واردان دنیای عکاسی و حتی عکاسان حرفه‌ای درنظر گرفته است.

کیفیت عکاسی این دوربین موجب شده است حتی عکاسان حرفه‌ای هم دوربین A6400 را به‌عنوان دوربین کم وزن دوم خود انتخاب کنند. سونی برای تشویق عکاسان به خرید دوربین سونی A6400 ویژگی فوق‌العاده‌ای از دوربین A9 را در این دستگاه کامپکت قرار داده است.

س ...","دوربین دیجیتال بدون آینه سونی مدل a6400 با لنز ۱۸ - ۱۳۵ میلی‌متر f/3.5 - f/5.6","۱۹۸,۵۰۰,۰۰۰","","","https://dkstatics-public.digikala.com/digikala-products/73032abe67fbbcc6a9e8e02580f880a320c28e24_1754243181.jpg?x-oss-process=image/resize,m_lfit,h_800,w_800/quality,q_90
https://dkstatics-public.digikala.com/digikala-products/73032abe67fbbcc6a9e8e02580f880a320c28e24_1754243181.jpg?x-oss-process=image/resize,m_lfit,h_800,w_800/quality,q_90
https://dkstatics-public.digikala.com/digikala-products/121867844.jpg?x-oss-process=image/resize,m_lfit,h_800,w_800/quality,q_90
https://dkstatics-public.digikala.com/digikala-products/73032abe67fbbcc6a9e8e02580f880a320c28e24_1754243181.jpg?x-oss-process=image/resize,m_lfit,h_800,w_800/quality,q_90","https://dkstatics-public.digikala.com/digikala-products/73032abe67fbbcc6a9e8e02580f880a320c28e24_1754243181.jpg?x-oss-process=image/resize,m_lfit,h_800,w_800/quality,q_90","مشخصات ظاهری و کلینوع کیت دوربیندوربین با لنز قابل تعویض نوع دوربین عکاسیبدون آینه با لنز قابل تعویض مدلa۶۴۰۰ سطح کاربرینیمه‌حرفه‌ای ابعاد۱۲۰x۶۶.۹x۴۹.۹ میلی‌متروزن۳۵۹ گرموزن دوربین با باتری و کارت‌حافظه۴۰۳ گرمجنس بدنهپلاستیک و فلز (آلیاژ منیزیم) مانت لنزSony-E قابلیت‌های مقاومتیمقاومت در برابر پاشش آب و گرد و غبار اقلام همراه دوربینباتری","",""
"1771406810-236","https://www.digikala.com/search/category-digital-camera/?has_selling_stock=1","دوربین عکاسی چاپ سریع مدل SB1502","۳,۴۹۹,۹۰۰","۳,۷۰۰,۰۰۰","۵٪","۴.۳","تنها ۱ عدد در انبار باقی مانده","https://www.digikala.com/statics/img/svg/productCard/topBadge/SpecialSell.svg","https://www.digikala.com/statics/img/svg/productCard/topBadge/SpecialSell.svg","دوربین عکاسی چاپ سریع مدل SB1502تنها ۱ عدد در انبار باقی مانده
۴.۳۵٪۳,۴۹۹,۹۰۰۳,۷۰۰,۰۰۰","https://www.digikala.com/product/dkp-17435104/%D8%AF%D9%88%D8%B1%D8%A8%DB%8C%D9%86-%D8%B9%DA%A9%D8%A7%D8%B3%DB%8C-%DA%86%D8%A7%D9%BE-%D8%B3%D8%B1%DB%8C%D8%B9-%D9%85%D8%AF%D9%84-sb1502/","۴.۳","تاروش مارکت","عالی","سبزآبی روشنیاسیآبی فیروزه ایبنفشصورتیآبی","DKP-17435104","اگر صاحب فرزندی هستید که سن و سال کمی دارد ممکن است برای شناخت جهان و ثبت آنها از اسمارت فون ها استفاده نماید که بسیار بد است چرا که محققان معتقدند تلفن‌های همراه خطر ابتلا به تومورهای مغزی را در کودکان و نوجوانان افزایش می‌دهد ما در این جا سعی کرده ایم تا برای عکاسان مشتاق و نوجوان زیر 10 سالتان دوربین هایی را دسته بندی کنیم که متناسب با شرایط سنی و توانایی هایشان است. اگر برای کودک زیر 8 سال دوربینی میخرید احتمالا در نظر دارید که در کنار کارایی و سادگی از ظاهری زیبا و چشم ن ...","دوربین عکاسی چاپ سریع مدل SB1502","۳,۹۵۰,۰۰۰","۱۲٪","۳,۴۷۶,۰۰۰","https://dkstatics-public.digikala.com/digikala-products/9c54557983e783c224b089149bd2633f3ebac35c_1754237942.jpg?x-oss-process=image/resize,m_lfit,h_800,w_800/quality,q_90
https://dkstatics-public.digikala.com/digikala-products/9c54557983e783c224b089149bd2633f3ebac35c_1754237942.jpg?x-oss-process=image/resize,m_lfit,h_800,w_800/quality,q_90
https://dkstatics-public.digikala.com/digikala-products/3a2362bd4c8aaddedb7344328ddce84e2bac7f67_1731909357.jpg?x-oss-process=image/resize,m_lfit,h_800,w_800/quality,q_90
https://dkstatics-public.digikala.com/digikala-products/9c54557983e783c224b089149bd2633f3ebac35c_1754237942.jpg?x-oss-process=image/resize,m_lfit,h_800,w_800/quality,q_90","https://dkstatics-public.digikala.com/digikala-products/9c54557983e783c224b089149bd2633f3ebac35c_1754237942.jpg?x-oss-process=image/resize,m_lfit,h_800,w_800/quality,q_90","مشخصات ظاهری و کلینوع دوربین عکاسیچاپ سریع وزن۱۲۰ گرم","۳۰ دیدگاه","۱۰۰%"
"1771406812-237","https://www.digikala.com/search/category-digital-camera/?has_selling_stock=1","دوربین عکاسی چاپ سریع مدل Happy-Child","۴,۴۹۰,۰۰۰","۶,۶۰۰,۰۰۰","۳۲٪","۳.۵","ارسال سریع دیجی‌کالا","https://www.digikala.com/statics/img/svg/productCard/topBadge/SpecialSell.svg","https://www.digikala.com/statics/img/svg/productCard/topBadge/SpecialSell.svg","دوربین عکاسی چاپ سریع مدل Happy-Child ارسال سریع دیجی‌کالا
۳.۵۳۲٪۴,۴۹۰,۰۰۰۶,۶۰۰,۰۰۰","https://www.digikala.com/product/dkp-20663923/%D8%AF%D9%88%D8%B1%D8%A8%DB%8C%D9%86-%D8%B9%DA%A9%D8%A7%D8%B3%DB%8C-%DA%86%D8%A7%D9%BE-%D8%B3%D8%B1%DB%8C%D8%B9-%D9%85%D8%AF%D9%84-happy-child/","۳.۵","جهان دخت","عالی","صورتیسبز","DKP-20663923","در دوران رونق عکاسی دیجیتال که تقریبا هر کس با هر نیاز و سلیقه‌ای می‌تواند دوربین دیجیتال مناسب خود را بیابد، هستند کسانی که به دنبال تجربه‌های هیجان‌انگیزتری می‌گردند. یکی از تجربه‌های لذت‌بخش عکاسی، عکاسی با دوربین‌ های پیرینت حرارتی چاپ سریع است. در این دوربین‌های ساده و سرگرم‌کننده، پس از فشردن دکمه‌ی شاتر، فیلمی از داخل دوربین خارج می‌شود و پس از چند لحظه عکس شما چاپ می شود . عکاسی با این دوربین‌ها بسیار سرگرم‌کننده و لذت‌بخش است و لحظه‌های شادی برای شما به ارمغان می‌آور ...","دوربین عکاسی چاپ سریع مدل Happy-Child","۶,۶۰۰,۰۰۰","۳۲٪","۴,۴۹۰,۰۰۰","https://dkstatics-public.digikala.com/digikala-products/bfb6c3bcbbfd711fb7082d767da9de83e05d3575_1760351736.jpg?x-oss-process=image/resize,m_lfit,h_800,w_800/quality,q_90
https://dkstatics-public.digikala.com/digikala-products/4339b3a77aeeceaf26f1f31624b8e18b1eaded14_1760351736.jpg?x-oss-process=image/resize,m_lfit,h_800,w_800/quality,q_90
https://dkstatics-public.digikala.com/digikala-products/5bced034db778e6098eb11076e206033abbce26d_1760351748.jpg?x-oss-process=image/resize,m_lfit,h_800,w_800/quality,q_90
https://dkstatics-public.digikala.com/digikala-products/bfb6c3bcbbfd711fb7082d767da9de83e05d3575_1760351736.jpg?x-oss-process=image/resize,m_lfit,h_800,w_800/quality,q_90","https://dkstatics-public.digikala.com/digikala-products/bfb6c3bcbbfd711fb7082d767da9de83e05d3575_1760351736.jpg?x-oss-process=image/resize,m_lfit,h_800,w_800/quality,q_90","مشخصات ظاهری و کلینوع کیت دوربیندوربین با لنز غیرقابل تعویض نوع دوربین عکاسیچاپ سریع سطح کاربریمبتدی ابعاد۹۴x۸۵x۴۸ میلی‌متروزن۰.۱۹۳ گرماقلام همراه دوربینشارژر بند دوربین سایر توضیحاتاندازه محصول: ۹۴x۸۵x۴۸ میلی‌متر
رسانه ذخیره‌سازی: TF
محدوده پیکسل: ۴۸۰۰ وات
عمر باتری: ۱۵۰۰ میلی‌آمپر ساعت
مدل محصول: P۰۳
عملکرد محصول: برچسب عکس DIY، قاب عکس، فیلترهای متعدد، عکسبرداری فوری
وضوح تصویر: ۱۹۲۰*۱۰۸۰
لنز: تراشه COMS
صفحه نمایش: صفحه نمایش ۲.۴ اینچی HD
کاغذ حرارتی سیاه و سفید پیش‌فرض استاندارد است. استاندارد با کاغذ رنگی ارائه نمی‌شود و کاغذ رنگی باید جداگانه خریداری شود.
رنگ: سبز/صورتی","۱ دیدگاه","۱۰۰%"
"1771406814-238","https://www.digikala.com/search/category-digital-camera/?has_selling_stock=1","دوربین دیجیتال کودک مدل click_clack","۳,۱۵۰,۰۰۰","","","۴.۵","تنها ۱ عدد در انبار باقی مانده","","","دوربین دیجیتال کودک مدل click_clackتنها ۱ عدد در انبار باقی مانده
۴.۵۳,۱۵۰,۰۰۰","https://www.digikala.com/product/dkp-18880759/%D8%AF%D9%88%D8%B1%D8%A8%DB%8C%D9%86-%D8%AF%DB%8C%D8%AC%DB%8C%D8%AA%D8%A7%D9%84-%DA%A9%D9%88%D8%AF%DA%A9-%D9%85%D8%AF%D9%84-click-clack/","۴.۵","گالری موب جانبی","خوب","صورتیآبیبنفش","DKP-18880759","دوربین عکاسی چاپ سریع مدل kids printing camera CP02 یک دوربین زیبا با ۳ رنگبندی جذاب است که با قابلیت چاپ فوری سیاه و سفید، حس و تجربه متفاوتی از عکاسی را به کودکان منتقل می‌کند. همچنین این دستگاه منحصر به فرد دارای فلاش میباشد که در نور کم امکان عکاسی را فراهم میکند. از دیگر امکانات آن می‌توان به داشتن چند بازی جالب و امکان پخش موسیقی اشاره کرد. با استفاده از این دستگاه میتوانید عکس با رزولوشن تا ۴۸ مگاپیکسل و فیلمبرداری فول اچ دی را تجربه کنید.صفحه نمایش ۲.۴اینچی و حافظه ۱۲ ...","دوربین دیجیتال کودک مدل click_clack","۳,۲۰۰,۰۰۰","","","https://dkstatics-public.digikala.com/digikala-products/63a8b4490e103e7e5376e2c32931a595bbf83d97_1754241260.jpg?x-oss-process=image/resize,m_lfit,h_800,w_800/quality,q_90
https://dkstatics-public.digikala.com/digikala-products/74c6966d161c1939d94a0af1272300db1063d397_1744303389.jpg?x-oss-process=image/resize,m_lfit,h_800,w_800/quality,q_90
https://dkstatics-public.digikala.com/digikala-products/893575672a71812695e2e54104df7de1eb147f7e_1744303390.jpg?x-oss-process=image/resize,m_lfit,h_800,w_800/quality,q_90","","مشخصات ظاهری و کلینوع دوربین عکاسیچاپ سریع وزن۲۰۰ گرم","۵ دیدگاه","۱۰۰%"
"1771406816-239","https://www.digikala.com/search/category-digital-camera/?has_selling_stock=1","دوربین عکاسی و پرینتر حرارتی مدل S6pu","۲,۹۵۰,۰۰۰","","","۴.۳","تنها ۱ عدد در انبار باقی مانده","","","دوربین عکاسی و پرینتر حرارتی مدل S6puتنها ۱ عدد در انبار باقی مانده
۴.۳۲,۹۵۰,۰۰۰","https://www.digikala.com/product/dkp-18272062/%D8%AF%D9%88%D8%B1%D8%A8%DB%8C%D9%86-%D8%B9%DA%A9%D8%A7%D8%B3%DB%8C-%D9%88-%D9%BE%D8%B1%DB%8C%D9%86%D8%AA%D8%B1-%D8%AD%D8%B1%D8%A7%D8%B1%D8%AA%DB%8C-%D9%85%D8%AF%D9%84-s6pu/","۴.۳","هیلان شاپ","خوب","بنفشصورتیسبززردسبز تیره","DKP-18272062","این دوربین دیجیتال کودکان دارای قابلیت های عملکرد بالا است که آن را برای برنامه های مختلف از جمله تبلیغات، تجارت، مدرسه و استفاده اداری مناسب می کند. 
به عنوان یک چاپگر دستی و بی سیم، این دستگاه امکان استفاده آسان و راحت را فراهم می کند و برای کاربرانی که می خواهند یک تجربه چاپ بدون دردسر داشته باشند عالی است.
دستگاه دارای یک گزینه قالب خصوصی است که به کاربران امکان می دهد دوربین خود را با طراحی دلخواه خود شخصی سازی کنند و آن را به یک هدیه عالی برای کودکان یا یک تبلیغات منحصر ...","دوربین عکاسی و پرینتر حرارتی مدل S6pu","۲,۹۵۰,۰۰۰","","","https://dkstatics-public.digikala.com/digikala-products/5e19d394e96af3a49f88f39b7ff274a6b0fc9c9f_1754240048.jpg?x-oss-process=image/resize,m_lfit,h_800,w_800/quality,q_90
https://dkstatics-public.digikala.com/digikala-products/d4a3b7fcb9bcb68b9fb9b539e114087ea0ad8bb8_1739089256.jpg?x-oss-process=image/resize,m_lfit,h_800,w_800/quality,q_90
https://dkstatics-public.digikala.com/digikala-products/be22fa5718dd8c726281bea2e7c0e0a345a63a3f_1739777156.jpg?x-oss-process=image/resize,m_lfit,h_800,w_800/quality,q_90
https://dkstatics-public.digikala.com/digikala-products/5e19d394e96af3a49f88f39b7ff274a6b0fc9c9f_1754240048.jpg?x-oss-process=image/resize,m_lfit,h_800,w_800/quality,q_90","https://dkstatics-public.digikala.com/digikala-products/5e19d394e96af3a49f88f39b7ff274a6b0fc9c9f_1754240048.jpg?x-oss-process=image/resize,m_lfit,h_800,w_800/quality,q_90","مشخصات ظاهری و کلینوع دوربین عکاسیچاپ سریع وزن۲۱۵ گرم","۲ دیدگاه","۸۰%"
"1771406819-240","https://www.digikala.com/search/category-digital-camera/?has_selling_stock=1","دوربین دیجیتال اس جی کم مدل ZV100","۱۲,۰۰۰,۰۰۰","","","","&nbsp;","","","دوربین دیجیتال اس جی کم مدل ZV100&nbsp;
۱۲,۰۰۰,۰۰۰","https://www.digikala.com/product/dkp-20948464/%D8%AF%D9%88%D8%B1%D8%A8%DB%8C%D9%86-%D8%AF%DB%8C%D8%AC%DB%8C%D8%AA%D8%A7%D9%84-%D8%A7%D8%B3-%D8%AC%DB%8C-%DA%A9%D9%85-%D9%85%D8%AF%D9%84-zv100/","","فیدار نامدار سورین","عالی","مشکیسفیدصورتی","DKP-20948464","به لطف طراحی باریک، دوربین دیجیتال ZV100 به طرز باورنکردنی حمل و نقل و حمل در حال حرکت را آسان می‌کند.
این دوربین تا 80 مگاپیکسل را پشتیبانی می‌کند و در مجموع 11 وضوح مختلف را برای هر موقعیتی ارائه می‌دهد.
دوربین دیجیتال ZV100 هر لحظه خاص را با جزئیات عالی ثبت می‌کند. این دوربین ویدیوی 5K را با سرعت 30 فریم در ثانیه یا ویدیوی 4K را با سرعت 60 فریم در ثانیه ارائه می‌دهد.","دوربین دیجیتال اس جی کم مدل ZV100","۱۲,۰۰۰,۰۰۰","","","https://dkstatics-public.digikala.com/digikala-products/e0bdfc74477673ecb2d7584e67cf40f3d9badfd4_1763817361.jpg?x-oss-process=image/resize,m_lfit,h_800,w_800/quality,q_90
https://dkstatics-public.digikala.com/digikala-products/26373aab5658a8fcecc1ae272db30204bb0a7b46_1763817361.jpg?x-oss-process=image/resize,m_lfit,h_800,w_800/quality,q_90
https://dkstatics-public.digikala.com/digikala-products/24172b30281c3905644ec9d5334f895d4b89abbd_1763817361.jpg?x-oss-process=image/resize,m_lfit,h_800,w_800/quality,q_90
https://dkstatics-public.digikala.com/digikala-products/e0bdfc74477673ecb2d7584e67cf40f3d9badfd4_1763817361.jpg?x-oss-process=image/resize,m_lfit,h_800,w_800/quality,q_90","https://dkstatics-public.digikala.com/digikala-products/e0bdfc74477673ecb2d7584e67cf40f3d9badfd4_1763817361.jpg?x-oss-process=image/resize,m_lfit,h_800,w_800/quality,q_90","مشخصات ظاهری و کلینوع کیت دوربیندوربین با لنز غیرقابل تعویض نوع دوربین عکاسیکامپکت کامپکت سطح پیشرفته سطح کاربریحرفه‌ای ابعاد۱۴۰*۱۰۰*۵۰ میلی‌متروزن۳۰۰ گرماقلام همراه دوربینبند دوربین کیف حمل کابل شارژ باتری","",""
"1771406821-241","https://www.digikala.com/search/category-digital-camera/?has_selling_stock=1","دوربین کانن کد EOS R100 Mirrorless with RF-S 18-45mm","۷۴,۷۳۰,۰۰۰","","","۴","&nbsp;","","","دوربین کانن کد EOS R100 Mirrorless with RF-S 18-45mm&nbsp;
۴۷۴,۷۳۰,۰۰۰","https://www.digikala.com/product/dkp-13692525/%D8%AF%D9%88%D8%B1%D8%A8%DB%8C%D9%86-%DA%A9%D8%A7%D9%86%D9%86-%DA%A9%D8%AF-eos-r100-mirrorless-with-rf-s-18-45mm/","۴","دهکده دوربین","عالی","مشکی","DKP-13692525","دوربین برای مدرسه","دوربین کانن کد EOS R100 Mirrorless with RF-S 18-45mm","۶۹,۴۹۰,۰۰۰","","","https://dkstatics-public.digikala.com/digikala-products/13a08376ba934b7d5a2ab576d38417a63835d6b3_1751005881.jpg?x-oss-process=image/resize,m_lfit,h_800,w_800/quality,q_90
https://dkstatics-public.digikala.com/digikala-products/13a08376ba934b7d5a2ab576d38417a63835d6b3_1751005881.jpg?x-oss-process=image/resize,m_lfit,h_800,w_800/quality,q_90
https://dkstatics-public.digikala.com/digikala-products/c2758f6e2e2848a777e1f41445be9664ef534c46_1754252171.jpg?x-oss-process=image/resize,m_lfit,h_800,w_800/quality,q_90
https://dkstatics-public.digikala.com/digikala-products/13a08376ba934b7d5a2ab576d38417a63835d6b3_1751005881.jpg?x-oss-process=image/resize,m_lfit,h_800,w_800/quality,q_90","https://dkstatics-public.digikala.com/digikala-products/13a08376ba934b7d5a2ab576d38417a63835d6b3_1751005881.jpg?x-oss-process=image/resize,m_lfit,h_800,w_800/quality,q_90","مشخصات ظاهری و کلینوع کیت دوربیندوربین با لنز قابل تعویض نوع دوربین عکاسیبدون آینه با لنز قابل تعویض مدلEOS R۱۰۰ سطح کاربریمبتدی ابعاد۱۱۶x۸۶x۶۹ میلی‌متروزن۳۰۹ گرموزن دوربین با باتری و کارت‌حافظه۳۵۶ گرممانت لنزCanon-RF اقلام همراه دوربینباتری","۱۴ دیدگاه","۵۰%"
"1771406823-242","https://www.digikala.com/search/category-digital-camera/?has_selling_stock=1","دوربین دیجیتال سونی مدل a7 IV","۲۸۶,۰۰۰,۰۰۰","","","۴.۸","تنها ۱ عدد در انبار باقی مانده","","","دوربین دیجیتال سونی مدل a7 IVتنها ۱ عدد در انبار باقی مانده
۴.۸۲۸۶,۰۰۰,۰۰۰","https://www.digikala.com/product/dkp-8186357/%D8%AF%D9%88%D8%B1%D8%A8%DB%8C%D9%86-%D8%AF%DB%8C%D8%AC%DB%8C%D8%AA%D8%A7%D9%84-%D8%B3%D9%88%D9%86%DB%8C-%D9%85%D8%AF%D9%84-a7-iv/","۴.۸","ستاره سهیل پارسا","عالی","مشکی","DKP-8186357","هوم تور داریم!","دوربین دیجیتال سونی مدل a7 IV","۲۸۶,۰۰۰,۰۰۰","","","https://dkstatics-public.digikala.com/digikala-products/64ed8729272e2960ffc722d630e674cc300e7713_1754247809.jpg?x-oss-process=image/resize,m_lfit,h_800,w_800/quality,q_90
https://dkstatics-public.digikala.com/digikala-products/64ed8729272e2960ffc722d630e674cc300e7713_1754247809.jpg?x-oss-process=image/resize,m_lfit,h_800,w_800/quality,q_90
https://dkstatics-public.digikala.com/digikala-products/322c38fffc4aedebddedcf136c5911803a88543e_1649043727.jpg?x-oss-process=image/resize,m_lfit,h_800,w_800/quality,q_90
https://dkstatics-public.digikala.com/digikala-products/64ed8729272e2960ffc722d630e674cc300e7713_1754247809.jpg?x-oss-process=image/resize,m_lfit,h_800,w_800/quality,q_90","https://dkstatics-public.digikala.com/digikala-products/64ed8729272e2960ffc722d630e674cc300e7713_1754247809.jpg?x-oss-process=image/resize,m_lfit,h_800,w_800/quality,q_90","مشخصات ظاهری و کلینوع کیت دوربینفقط بدنه‌ی دوربین بدون لنز نوع دوربین عکاسیبدون آینه با لنز قابل تعویض مدلa۷ IV سطح کاربریحرفه‌ای ابعاد۱۳۱.۳x۹۶.۴x۷۹.۸ میلی‌متروزن۶۵۹ گرموزن دوربین با باتری و کارت‌حافظه۶۵۹ گرمجنس بدنهپلاستیک و فلز (آلیاژ منیزیم) مانت لنزSony-E قابلیت‌های مقاومتیمقاومت در برابر پاشش آب و گرد و غبار اقلام همراه دوربینباتری","۱۲ دیدگاه",""
"1771406825-243","https://www.digikala.com/search/category-digital-camera/?has_selling_stock=1","دوربین دیجیتال مدل AF121","۱,۴۵۰,۰۰۰","۱,۷۵۰,۰۰۰","۱۷٪","۳.۱","تنها ۱ عدد در انبار باقی مانده","","","دوربین دیجیتال مدل AF121تنها ۱ عدد در انبار باقی مانده
۳.۱۱۷٪۱,۴۵۰,۰۰۰۱,۷۵۰,۰۰۰","https://www.digikala.com/product/dkp-17721809/%D8%AF%D9%88%D8%B1%D8%A8%DB%8C%D9%86-%D8%AF%DB%8C%D8%AC%DB%8C%D8%AA%D8%A7%D9%84-%D9%85%D8%AF%D9%84-af121/","۳.۱","نومی راد","عالی","صورتیسبزآبی","DKP-17721809","اگر صاحب فرزندی هستید که سن و سال کمی دارد ممکن است برای شناخت جهان و ثبت آنها از اسمارت فون ها استفاده نماید که بسیار بد است چرا که محققان معتقدند تلفن‌های همراه خطر ابتلا به تومورهای مغزی را در کودکان و نوجوانان افزایش می‌دهد ما در این جا سعی کرده ایم تا برای عکاسان مشتاق و نوجوان زیر 10 سالتان دوربین هایی را دسته بندی کنیم که متناسب با شرایط سنی و توانایی هایشان است. اگر برای کودک زیر 10 سال دوربینی میخرید احتمالا در نظر دارید که در کنار کارایی و سادگی از ظاهری زیبا و چشم  ...","دوربین دیجیتال مدل AF121","۱,۷۵۰,۰۰۰","۱۷٪","۱,۴۵۰,۰۰۰","https://dkstatics-public.digikala.com/digikala-products/9eed97b65d5c4c1772e5d4187377ec4fc7add38f_1754238530.jpg?x-oss-process=image/resize,m_lfit,h_800,w_800/quality,q_90
https://dkstatics-public.digikala.com/digikala-products/cc59f23d42aea0d2c93763989fb450b6a2dbab47_1734272638.jpg?x-oss-process=image/resize,m_lfit,h_800,w_800/quality,q_90
https://dkstatics-public.digikala.com/digikala-products/033b4a1600ebd922a5fe6aeff5a0799509d33d40_1734272638.jpg?x-oss-process=image/resize,m_lfit,h_800,w_800/quality,q_90
https://dkstatics-public.digikala.com/digikala-products/9eed97b65d5c4c1772e5d4187377ec4fc7add38f_1754238530.jpg?x-oss-process=image/resize,m_lfit,h_800,w_800/quality,q_90","https://dkstatics-public.digikala.com/digikala-products/9eed97b65d5c4c1772e5d4187377ec4fc7add38f_1754238530.jpg?x-oss-process=image/resize,m_lfit,h_800,w_800/quality,q_90","مشخصات ظاهری و کلینوع کیت دوربیندوربین با لنز غیرقابل تعویض نوع دوربین عکاسیکامپکت سطح کاربریمبتدی ابعاد۱۲۰x۸۰x۳۰ میلی‌متروزن۱۰۰ گرماقلام همراه دوربینکابل شارژ","۹ دیدگاه","۷۵%"
"1771406828-244","https://www.digikala.com/search/category-digital-camera/?has_selling_stock=1","دوربین دیجیتال یون لون مدل  FHD 1080P/30fps 31MP 20X","۱۵,۴۸۰,۰۰۰","","","","تنها ۱ عدد در انبار باقی مانده","","","دوربین دیجیتال یون لون مدل  FHD 1080P/30fps 31MP 20X تنها ۱ عدد در انبار باقی مانده
۱۵,۴۸۰,۰۰۰","https://www.digikala.com/product/dkp-16645801/%D8%AF%D9%88%D8%B1%D8%A8%DB%8C%D9%86-%D8%AF%DB%8C%D8%AC%DB%8C%D8%AA%D8%A7%D9%84-%DB%8C%D9%88%D9%86-%D9%84%D9%88%D9%86-%D9%85%D8%AF%D9%84-fhd-1080p30fps-31mp-20x/","","ایران خاص مارکت","خوب","مشکی","DKP-16645801","(دوربین دیجیتال SLR با تصاویر واضح) دوربین SLR تصویری واضح با 6112x4584 پیکسل، ویدئوی FHD 1080P/30fps ارائه می دهد. وضوح تصویر تا حد زیادی بهبود یافته است، کودکان را برای ثبت لحظه های ارزشمند ترغیب می کند. طراحی ظریف دوربین SLR، پوشش خمیده با طراحی ارگونومیک و تصویر واضح و واضح، این دوربین دیجیتال را به هدیه ای عالی برای کودکان 3 تا 12 ساله تبدیل کرده است. سرگرمی های عکاسی را پرورش دهید و مهارت های عکاسی کودکان را بهبود بخشید.
(دوربین دیجیتال چند منظوره با AF، MF، ضبط لبخند)  ...","دوربین دیجیتال یون لون مدل  FHD 1080P/30fps 31MP 20X","۱۵,۴۸۰,۰۰۰","۲۰٪","۱۲,۳۸۴,۰۰۰","https://dkstatics-public.digikala.com/digikala-products/9490d7251376b127da191445c20c18272c4b5697_1754236390.jpg?x-oss-process=image/resize,m_lfit,h_800,w_800/quality,q_90
https://dkstatics-public.digikala.com/digikala-products/6e4a47ebb49f4859d4a6f73ec52b7fdbc6e32049_1725659459.jpg?x-oss-process=image/resize,m_lfit,h_800,w_800/quality,q_90
https://dkstatics-public.digikala.com/digikala-products/3c424e3061a2e79403e778df968382f7890ba0db_1725658911.jpg?x-oss-process=image/resize,m_lfit,h_800,w_800/quality,q_90
https://dkstatics-public.digikala.com/digikala-products/9490d7251376b127da191445c20c18272c4b5697_1754236390.jpg?x-oss-process=image/resize,m_lfit,h_800,w_800/quality,q_90","https://dkstatics-public.digikala.com/digikala-products/9490d7251376b127da191445c20c18272c4b5697_1754236390.jpg?x-oss-process=image/resize,m_lfit,h_800,w_800/quality,q_90","مشخصات ظاهری و کلینوع کیت دوربیندوربین با لنز غیرقابل تعویض نوع دوربین عکاسیکامپکت سطح کاربریمبتدی ابعاد۹۳x۶۸x۴۵ میلی‌متروزن۱۲۰ گرماقلام همراه دوربینکابل شارژ","",""
"1771406830-245","https://www.digikala.com/search/category-digital-camera/?has_selling_stock=1","دوربین عکاسی چاپ سریع مدل تکشاخ","۴,۵۸۰,۰۰۰","","","۴.۱","تنها ۳ عدد در انبار باقی مانده","","","دوربین عکاسی چاپ سریع مدل تکشاختنها ۳ عدد در انبار باقی مانده
۴.۱۴,۵۸۰,۰۰۰","https://www.digikala.com/product/dkp-20311857/%D8%AF%D9%88%D8%B1%D8%A8%DB%8C%D9%86-%D8%B9%DA%A9%D8%A7%D8%B3%DB%8C-%DA%86%D8%A7%D9%BE-%D8%B3%D8%B1%DB%8C%D8%B9-%D9%85%D8%AF%D9%84-%D8%AA%DA%A9%D8%B4%D8%A7%D8%AE/","۴.۱","رابین توی","خیلی خوب","صورتی","DKP-20311857","خرید دوربین چاپ سریع کودکانه مدل یونیکورن تک شاخ – بنفش و صورتی
اگر به دنبال بهترین دوربین عکاسی برای کودکان هستید که هم سرگرم‌کننده باشد و هم آموزشی، دوربین یونیکورن چاپی کودکانه دقیقاً همان چیزی است که نیاز دارید! این دوربین دیجیتال کودکانه با طراحی جذاب یونیکورن، قابلیت چاپ رنگی، و امکاناتی مانند فیلم‌برداری، بازی، پخش موسیقی و حافظه جانبی، تجربه‌ای متفاوت برای کودک شما می‌سازد. با داشتن این دوربین، دیگر نیازی به گوشی نیست و کودک می‌تواند خلاقیت خود را در دنیای رنگ‌ها و عک ...","دوربین عکاسی چاپ سریع مدل تکشاخ","۴,۵۸۰,۰۰۰","","","https://dkstatics-public.digikala.com/digikala-products/5c120e00ddf2558d69f4201f558eb022263f9a94_1756632932.jpg?x-oss-process=image/resize,m_lfit,h_800,w_800/quality,q_90
https://dkstatics-public.digikala.com/digikala-products/5c120e00ddf2558d69f4201f558eb022263f9a94_1756632932.jpg?x-oss-process=image/resize,m_lfit,h_800,w_800/quality,q_90
https://dkstatics-public.digikala.com/digikala-products/36e129165ee2c96be02ed115cf890bd5539256aa_1756633472.jpg?x-oss-process=image/resize,m_lfit,h_800,w_800/quality,q_90
https://dkstatics-public.digikala.com/digikala-products/5c120e00ddf2558d69f4201f558eb022263f9a94_1756632932.jpg?x-oss-process=image/resize,m_lfit,h_800,w_800/quality,q_90","https://dkstatics-public.digikala.com/digikala-products/5c120e00ddf2558d69f4201f558eb022263f9a94_1756632932.jpg?x-oss-process=image/resize,m_lfit,h_800,w_800/quality,q_90","مشخصات ظاهری و کلینوع کیت دوربیندوربین با لنز غیرقابل تعویض نوع دوربین عکاسیچاپ سریع مدلKIDS INSTANT CAMERA X۵D سطح کاربریمبتدی ابعاد۱۸*۱۴*۵ میلی‌متروزن۳۰۰ گرموزن دوربین با باتری و کارت‌حافظه۳۵۰ گرمجنس بدنهسیلیکونی قابلیت‌های مقاومتیمقاوم در برابر نفوذ گرد و غبار اقلام همراه دوربینباتری بند دوربین کارت حافظه کابل شارژ سایر توضیحاتقابلیت پخش موسیقی دارد","۱۱ دیدگاه","۸۴%"
"1771406833-246","https://www.digikala.com/search/category-digital-camera/?has_selling_stock=1","دوربین دیجیتال مدل AF_Y03","۳,۹۵۰,۰۰۰","","","۳.۷","تنها ۲ عدد در انبار باقی مانده","","","دوربین دیجیتال مدل AF_Y03تنها ۲ عدد در انبار باقی مانده
۳.۷۳,۹۵۰,۰۰۰","https://www.digikala.com/product/dkp-21337115/%D8%AF%D9%88%D8%B1%D8%A8%DB%8C%D9%86-%D8%AF%DB%8C%D8%AC%DB%8C%D8%AA%D8%A7%D9%84-%D9%85%D8%AF%D9%84-af-y03/","۳.۷","فروشگاه نومی","عالی","سفیدقهوه ایصورتیمشکیسبز","DKP-21337115","دوربین دیجیتال Y03 با قابلیت عکسبرداری تا 50 مگاپیکسل و فیلمبرداری تا 2K یک انتخاب جذاب برای آموزش عکاسی برای دانش آموزان میباشد. این دوربین دارای ال سی دی 2.4 اینچ میباشد.این دوربین که مجهز به حسگر CMOS 5000 وات (تا 68 مگاپیکسل) است، تصاویر و ویدیوهای واضح و شفافی را با وضوح 720P/1080P/2K ضبط می‌کند.این دوربین دارای گزینه‌های وضوح چندگانه از 1 مگاپیکسل تا 68 مگاپیکسل، زوم دیجیتال 16 برابر و جلوه‌های فیلتر مختلف برای عکاسی خلاقانه میباشد.صفحه نمایش 2.4 اینچی IPS HD امکان مشاه ...","دوربین دیجیتال مدل AF_Y03","۳,۹۵۰,۰۰۰","۲۰٪","۳,۱۶۰,۰۰۰","https://dkstatics-public.digikala.com/digikala-products/22a7275a6807d3e08bc32738ce1d62ad5f9efe22_1769579478.jpg?x-oss-process=image/resize,m_lfit,h_800,w_800/quality,q_90
https://dkstatics-public.digikala.com/digikala-products/417a542e4830a657e85dac4d39fde078ffddc460_1769579478.jpg?x-oss-process=image/resize,m_lfit,h_800,w_800/quality,q_90
https://dkstatics-public.digikala.com/digikala-products/b54cb3b6294d09f169c2e6966d25c2c0b10b5780_1769579478.jpg?x-oss-process=image/resize,m_lfit,h_800,w_800/quality,q_90
https://dkstatics-public.digikala.com/digikala-products/22a7275a6807d3e08bc32738ce1d62ad5f9efe22_1769579478.jpg?x-oss-process=image/resize,m_lfit,h_800,w_800/quality,q_90","https://dkstatics-public.digikala.com/digikala-products/22a7275a6807d3e08bc32738ce1d62ad5f9efe22_1769579478.jpg?x-oss-process=image/resize,m_lfit,h_800,w_800/quality,q_90","مشخصات ظاهری و کلینوع کیت دوربیندوربین با لنز غیرقابل تعویض نوع دوربین عکاسیکامپکت سطح کاربرینیمه‌حرفه‌ای ابعاد۱۲۰*۵۰*۲۰ میلی‌متروزن۲۰۰ گرماقلام همراه دوربینکابل شارژ","۲ دیدگاه","۱۰۰%"
"1771406835-247","https://www.digikala.com/search/category-digital-camera/?has_selling_stock=1","دوربین عکاسی چاپ سریع مدل AM300","۲,۸۰۰,۰۰۰","","","۳.۸","&nbsp;","","","دوربین عکاسی چاپ سریع مدل AM300&nbsp;
۳.۸۲,۸۰۰,۰۰۰","https://www.digikala.com/product/dkp-20476971/%D8%AF%D9%88%D8%B1%D8%A8%DB%8C%D9%86-%D8%B9%DA%A9%D8%A7%D8%B3%DB%8C-%DA%86%D8%A7%D9%BE-%D8%B3%D8%B1%DB%8C%D8%B9-%D9%85%D8%AF%D9%84-am300/","۳.۸","گالری موب جانبی","خوب","آبیبنفشصورتی","DKP-20476971","دوربین بچه گانه   AM300 با ظاهری زیبا و امکان عکاسی و چاپ سریع ، فیلم برداری ،پخش موزیک و بازی های سرگرم کننده و با یک صفحه نمایش 2.4 اینچی  تجربه ای جذاب و منحصر به فرد را برای  کودک شما فراهم می کند
فناوری چاپ حرارتی این دوربین نیاز به جوهر را از بین برده است.","دوربین عکاسی چاپ سریع مدل AM300","۲,۸۰۰,۰۰۰","","","https://dkstatics-public.digikala.com/digikala-products/859d5f5e84088ba5d357ee538f4d559ed3f929f6_1758401874.jpg?x-oss-process=image/resize,m_lfit,h_800,w_800/quality,q_90
https://dkstatics-public.digikala.com/digikala-products/1af0fb361039a56e7b3ee2e601f34fc95d2a7ea2_1758277162.jpg?x-oss-process=image/resize,m_lfit,h_800,w_800/quality,q_90
https://dkstatics-public.digikala.com/digikala-products/1b8dd7ff76751a55f5c287dc644528b9600386d6_1758277162.jpg?x-oss-process=image/resize,m_lfit,h_800,w_800/quality,q_90
https://dkstatics-public.digikala.com/digikala-products/859d5f5e84088ba5d357ee538f4d559ed3f929f6_1758401874.jpg?x-oss-process=image/resize,m_lfit,h_800,w_800/quality,q_90","https://dkstatics-public.digikala.com/digikala-products/859d5f5e84088ba5d357ee538f4d559ed3f929f6_1758401874.jpg?x-oss-process=image/resize,m_lfit,h_800,w_800/quality,q_90","مشخصات ظاهری و کلینوع کیت دوربیندوربین با لنز غیرقابل تعویض نوع دوربین عکاسیچاپ سریع سطح کاربریمبتدی ابعاد۱۰۰*۸۰*۴۰ میلی‌متروزن۲۵۰ گرمجنس بدنهسیلیکونی اقلام همراه دوربینبند دوربین کابل شارژ سایر توضیحاتاقلام همراه
دفترچه راهنما
کابل شارژر
بند گردنی
رول کاغذی داخل دوربین","۵ دیدگاه","۸۰%"
"1771406837-248","https://www.digikala.com/search/category-digital-camera/?has_selling_stock=1","دوربین دیجیتال کودک مدل X1","۱,۱۹۰,۰۰۰","۱,۴۰۰,۰۰۰","۱۵٪","","ارسال فروشنده","","","دوربین دیجیتال کودک مدل X1ارسال فروشنده
۱۵٪۱,۱۹۰,۰۰۰۱,۴۰۰,۰۰۰","https://www.digikala.com/product/dkp-21308487/%D8%AF%D9%88%D8%B1%D8%A8%DB%8C%D9%86-%D8%AF%DB%8C%D8%AC%DB%8C%D8%AA%D8%A7%D9%84-%DA%A9%D9%88%D8%AF%DA%A9-%D9%85%D8%AF%D9%84-x1/","","تاروش مارکت","عالی","صورتیسبزآبی","DKP-21308487","اگر صاحب فرزندی هستید که سن و سال کمی دارد ممکن است برای شناخت جهان و ثبت آنها از اسمارت فون ها استفاده نماید که بسیار بد است چرا که محققان معتقدند تلفن‌های همراه خطر ابتلا به تومورهای مغزی را در کودکان و نوجوانان افزایش می‌دهد ما در این جا سعی کرده ایم تا برای عکاسان مشتاق و نوجوان  دوربین هایی را دسته بندی کنیم که متناسب با شرایط سنی و توانایی هایشان است. اگر برای کودکتان دوربینی میخرید احتمالا در نظر دارید که در کنار کارایی و سادگی از ظاهری زیبا و چشم نوازی برای کودکتان بر ...","دوربین دیجیتال کودک مدل X1","۱,۴۰۰,۰۰۰","۱۵٪","۱,۱۹۰,۰۰۰","https://dkstatics-public.digikala.com/digikala-products/1b92d1259f2f63f9449e1b2e80787c5ddc172d6e_1769232613.jpg?x-oss-process=image/resize,m_lfit,h_800,w_800/quality,q_90
https://dkstatics-public.digikala.com/digikala-products/2b73104d1dd444ef6be88d1050da8b7a4c862d27_1769232619.jpg?x-oss-process=image/resize,m_lfit,h_800,w_800/quality,q_90
https://dkstatics-public.digikala.com/digikala-products/5e712d13775c935e683722e88b97bf62e39871ef_1769232792.jpg?x-oss-process=image/resize,m_lfit,h_800,w_800/quality,q_90
https://dkstatics-public.digikala.com/digikala-products/1b92d1259f2f63f9449e1b2e80787c5ddc172d6e_1769232613.jpg?x-oss-process=image/resize,m_lfit,h_800,w_800/quality,q_90","https://dkstatics-public.digikala.com/digikala-products/1b92d1259f2f63f9449e1b2e80787c5ddc172d6e_1769232613.jpg?x-oss-process=image/resize,m_lfit,h_800,w_800/quality,q_90","مشخصات ظاهری و کلینوع کیت دوربیندوربین با لنز غیرقابل تعویض نوع دوربین عکاسیکامپکت سطح کاربریمبتدی ابعاد۵۲*۶۰*۸۰ میلی‌متروزن۵۴ گرماقلام همراه دوربینبند دوربین کابل شارژ","",""
"1771406839-249","https://www.digikala.com/search/category-digital-camera/?has_selling_stock=1","دوربین دیجیتال بدون آینه کانن مدل EOS R6 Mark II","۲۴۷,۰۰۰,۰۰۰","","","۵","تنها ۱ عدد در انبار باقی مانده","","","دوربین دیجیتال بدون آینه کانن مدل EOS R6 Mark IIتنها ۱ عدد در انبار باقی مانده
۵۲۴۷,۰۰۰,۰۰۰","https://www.digikala.com/product/dkp-11593416/%D8%AF%D9%88%D8%B1%D8%A8%DB%8C%D9%86-%D8%AF%DB%8C%D8%AC%DB%8C%D8%AA%D8%A7%D9%84-%D8%A8%D8%AF%D9%88%D9%86-%D8%A2%DB%8C%D9%86%D9%87-%DA%A9%D8%A7%D9%86%D9%86-%D9%85%D8%AF%D9%84-eos-r6-mark-ii/","۵","ستاره سهیل پارسا","عالی","مشکی","DKP-11593416","دوربین دیجیتال بدون آینه کانن مدل EOS R6 Mark II یک بدنه حرفه‌ای مخصوص عکاسان و فیلمبرداران است که با ترکیب حسگر فول فریم، پردازشگر پرسرعت و ساختار مکانیکی مقاوم طراحی شده است. ابعاد دوربین دیجیتال بدون آینه کانن مدل EOS R6 Mark II برابر با 138x98x88 میلی‌متر است و وزن 588 گرم برای بدنه و 670 گرم در حالت مجهز به باتری و کارت حافظه ارائه می‌شود. جنس بدنه از ترکیب پلاستیک تقویت شده و آلیاژ منیزیم ساخته شده است تا مقاومت مناسب در برابر پاشش آب و نفوذ گرد و غبار ایجاد شود. اقلام  ...","دوربین دیجیتال بدون آینه کانن مدل EOS R6 Mark II","۲۴۳,۱۰۰,۰۰۰","","","https://dkstatics-public.digikala.com/digikala-products/4286cedaacf3ffa519cdfc57294c8deffccf649f_1762240057.jpg?x-oss-process=image/resize,m_lfit,h_800,w_800/quality,q_90
https://dkstatics-public.digikala.com/digikala-products/4286cedaacf3ffa519cdfc57294c8deffccf649f_1762240057.jpg?x-oss-process=image/resize,m_lfit,h_800,w_800/quality,q_90
https://dkstatics-public.digikala.com/digikala-products/8958031b8b0bc4aaedee7d5c892e23dc6e61f8b4_1686150501.jpg?x-oss-process=image/resize,m_lfit,h_800,w_800/quality,q_90
https://dkstatics-public.digikala.com/digikala-products/4286cedaacf3ffa519cdfc57294c8deffccf649f_1762240057.jpg?x-oss-process=image/resize,m_lfit,h_800,w_800/quality,q_90","https://dkstatics-public.digikala.com/digikala-products/4286cedaacf3ffa519cdfc57294c8deffccf649f_1762240057.jpg?x-oss-process=image/resize,m_lfit,h_800,w_800/quality,q_90","مشخصات ظاهری و کلینوع کیت دوربینفقط بدنه‌ی دوربین بدون لنز نوع دوربین عکاسیبدون آینه با لنز قابل تعویض مدلEOS R۶ Mark II سطح کاربریحرفه‌ای ابعاد۱۳۸x۹۸x۸۸ میلی‌متروزن۵۸۸ گرموزن دوربین با باتری و کارت‌حافظه۶۷۰ گرمجنس بدنهپلاستیک و فلز (آلیاژ منیزیم) قابلیت‌های مقاومتیمقاومت در برابر پاشش آب و گرد و غبار اقلام همراه دوربینباتری بند دوربین","۲ دیدگاه","۱۰۰%"
"1771406841-250","https://www.digikala.com/search/category-digital-camera/?has_selling_stock=1","دوربین عکاسی و پرینتر حرارتی مدل S6gr","۲,۹۵۰,۰۰۰","","","۵","ارسال فروشنده","","","دوربین عکاسی و پرینتر حرارتی مدل S6grارسال فروشنده
۵۲,۹۵۰,۰۰۰","https://www.digikala.com/product/dkp-18352277/%D8%AF%D9%88%D8%B1%D8%A8%DB%8C%D9%86-%D8%B9%DA%A9%D8%A7%D8%B3%DB%8C-%D9%88-%D9%BE%D8%B1%DB%8C%D9%86%D8%AA%D8%B1-%D8%AD%D8%B1%D8%A7%D8%B1%D8%AA%DB%8C-%D9%85%D8%AF%D9%84-s6gr/","۵","موبایل تبریزاستور","خوب","سبز تیرهسبززرد","DKP-18352277","این دوربین دیجیتال کودکان دارای قابلیت های عملکرد بالا است که آن را برای برنامه های مختلف از جمله تبلیغات، تجارت، مدرسه و استفاده اداری مناسب می کند. 
به عنوان یک چاپگر دستی و بی سیم، این دستگاه امکان استفاده آسان و راحت را فراهم می کند و برای کاربرانی که می خواهند یک تجربه چاپ بدون دردسر داشته باشند عالی است.
دستگاه دارای یک گزینه قالب خصوصی است که به کاربران امکان می دهد دوربین خود را با طراحی دلخواه خود شخصی سازی کنند و آن را به یک هدیه عالی برای کودکان یا یک تبلیغات منحصر ...","دوربین عکاسی و پرینتر حرارتی مدل S6gr","۲,۸۰۰,۰۰۰","","","https://dkstatics-public.digikala.com/digikala-products/8c5012ed13d166a28a71a7f62fe0fe8630d26783_1754240263.jpg?x-oss-process=image/resize,m_lfit,h_800,w_800/quality,q_90
https://dkstatics-public.digikala.com/digikala-products/4d20cc1cfb1769b91444ce37d3012ee6a1b35ec4_1739782666.jpg?x-oss-process=image/resize,m_lfit,h_800,w_800/quality,q_90
https://dkstatics-public.digikala.com/digikala-products/b484152ac5a6ee570f66b07800c944f7f0e9f36d_1739782463.jpg?x-oss-process=image/resize,m_lfit,h_800,w_800/quality,q_90
https://dkstatics-public.digikala.com/digikala-products/8c5012ed13d166a28a71a7f62fe0fe8630d26783_1754240263.jpg?x-oss-process=image/resize,m_lfit,h_800,w_800/quality,q_90","https://dkstatics-public.digikala.com/digikala-products/8c5012ed13d166a28a71a7f62fe0fe8630d26783_1754240263.jpg?x-oss-process=image/resize,m_lfit,h_800,w_800/quality,q_90","مشخصات ظاهری و کلینوع دوربین عکاسیچاپ سریع وزن۲۱۵ گرم","۲ دیدگاه",""
"1771406843-251","https://www.digikala.com/search/category-digital-camera/?has_selling_stock=1","دوربین عکاسی چاپ سریع مدل P03","۳,۶۹۸,۰۰۰","۴,۴۷۰,۰۰۰","۱۷٪","۴.۳","ارسال سریع دیجی‌کالا","","","دوربین عکاسی چاپ سریع مدل P03ارسال سریع دیجی‌کالا
۴.۳۱۷٪۳,۶۹۸,۰۰۰۴,۴۷۰,۰۰۰","https://www.digikala.com/product/dkp-18673828/%D8%AF%D9%88%D8%B1%D8%A8%DB%8C%D9%86-%D8%B9%DA%A9%D8%A7%D8%B3%DB%8C-%DA%86%D8%A7%D9%BE-%D8%B3%D8%B1%DB%8C%D8%B9-%D9%85%D8%AF%D9%84-p03/","۴.۳","جهان دخت","عالی","صورتیآبی","DKP-18673828","در دوران رونق عکاسی دیجیتال که تقریبا هر کس با هر نیاز و سلیقه‌ای می‌تواند دوربین دیجیتال مناسب خود را بیابد، هستند کسانی که به دنبال تجربه‌های هیجان‌انگیزتری می‌گردند. یکی از تجربه‌های لذت‌بخش عکاسی، عکاسی با دوربین‌ های پیرینت حرارتی چاپ سریع است. در این دوربین‌های ساده و سرگرم‌کننده، پس از فشردن دکمه‌ی شاتر، فیلمی از داخل دوربین خارج می‌شود و پس از چند لحظه عکس شما چاپ می شود . عکاسی با این دوربین‌ها بسیار سرگرم‌کننده و لذت‌بخش است و لحظه‌های شادی برای شما به ارمغان می‌آور ...","دوربین عکاسی چاپ سریع مدل P03","۴,۴۷۰,۰۰۰","۱۷٪","۳,۶۹۸,۰۰۰","https://dkstatics-public.digikala.com/digikala-products/aff6030404428e7585d1f56b7d8d68578a19c76d_1754241044.jpg?x-oss-process=image/resize,m_lfit,h_800,w_800/quality,q_90
https://dkstatics-public.digikala.com/digikala-products/76c994fd03d712a3557907e1545c22eb416bb941_1742228911.jpg?x-oss-process=image/resize,m_lfit,h_800,w_800/quality,q_90
https://dkstatics-public.digikala.com/digikala-products/0bd9440e76be8afd97713e04dcc226a4f49978b5_1742228915.jpg?x-oss-process=image/resize,m_lfit,h_800,w_800/quality,q_90
https://dkstatics-public.digikala.com/digikala-products/aff6030404428e7585d1f56b7d8d68578a19c76d_1754241044.jpg?x-oss-process=image/resize,m_lfit,h_800,w_800/quality,q_90","https://dkstatics-public.digikala.com/digikala-products/aff6030404428e7585d1f56b7d8d68578a19c76d_1754241044.jpg?x-oss-process=image/resize,m_lfit,h_800,w_800/quality,q_90","مشخصات ظاهری و کلینوع دوربین عکاسیچاپ سریع وزن۲۰۰ گرم","۱۵ دیدگاه","۱۰۰%"
"1771406846-252","https://www.digikala.com/search/category-digital-camera/?has_selling_stock=1","دوربین عکاسی چاپ سریع مدل چاپگر دار خرگوش کد s6","۲,۴۳۰,۰۰۰","","","۴.۹","&nbsp;","","","دوربین عکاسی چاپ سریع مدل چاپگر دار خرگوش کد s6&nbsp;
۴.۹۲,۴۳۰,۰۰۰","https://www.digikala.com/product/dkp-17768533/%D8%AF%D9%88%D8%B1%D8%A8%DB%8C%D9%86-%D8%B9%DA%A9%D8%A7%D8%B3%DB%8C-%DA%86%D8%A7%D9%BE-%D8%B3%D8%B1%DB%8C%D8%B9-%D9%85%D8%AF%D9%84-%DA%86%D8%A7%D9%BE%DA%AF%D8%B1-%D8%AF%D8%A7%D8%B1-%D8%AE%D8%B1%DA%AF%D9%88%D8%B4-%DA%A9%D8%AF-s6/","۴.۹","موبایل تبریزاستور","خوب","زرد","DKP-17768533","","دوربین عکاسی چاپ سریع مدل چاپگر دار خرگوش کد s6","۲,۴۳۰,۰۰۰","","","https://dkstatics-public.digikala.com/digikala-products/d07cd21e2600ffa5e7a21f450f20663a8e370c77_1754238601.jpg?x-oss-process=image/resize,m_lfit,h_800,w_800/quality,q_90
https://dkstatics-public.digikala.com/digikala-products/3c2fbfca8a936b0cd832231cccfd631954ca612c_1734641089.jpg?x-oss-process=image/resize,m_lfit,h_800,w_800/quality,q_90
https://dkstatics-public.digikala.com/digikala-products/fbace0f305c302c7474caf97649dbbaf01e3b521_1734641089.jpg?x-oss-process=image/resize,m_lfit,h_800,w_800/quality,q_90","","مشخصات ظاهری و کلینوع دوربین عکاسیچاپ سریع وزن۴۰۰ گرم","۴ دیدگاه","۱۰۰%"
"1771406848-253","https://www.digikala.com/search/category-digital-camera/?has_selling_stock=1","دوربین دیجیتال کودک مدل Y20-PI0N","۲,۴۹۸,۰۰۰","۲,۷۵۰,۰۰۰","۹٪","۴","ارسال سریع دیجی‌کالا","","","دوربین دیجیتال کودک مدل Y20-PI0Nارسال سریع دیجی‌کالا
۴۹٪۲,۴۹۸,۰۰۰۲,۷۵۰,۰۰۰","https://www.digikala.com/product/dkp-18857219/%D8%AF%D9%88%D8%B1%D8%A8%DB%8C%D9%86-%D8%AF%DB%8C%D8%AC%DB%8C%D8%AA%D8%A7%D9%84-%DA%A9%D9%88%D8%AF%DA%A9-%D9%85%D8%AF%D9%84-y20-pi0n/","۴","جهان دخت","عالی","بنفشصورتیآبی","DKP-18857219","اگر صاحب فرزندی هستید که سن و سال کمی دارد ممکن است برای شناخت جهان و ثبت آنها از اسمارت فون ها استفاده نماید که بسیار بد است چرا که محققان معتقدند تلفن‌های همراه خطر ابتلا به تومورهای مغزی را در کودکان و نوجوانان افزایش می‌دهد ما در این جا سعی کرده ایم تا برای عکاسان مشتاق و نوجوان زیر 10 سالتان دوربین هایی را دسته بندی کنیم که متناسب با شرایط سنی و توانایی هایشان است. اگر برای کودک زیر 10 سال دوربینی میخرید احتمالا در نظر دارید که در کنار کارایی و سادگی از ظاهری زیبا و چشم  ...","دوربین دیجیتال کودک مدل Y20-PI0N","۲,۷۵۰,۰۰۰","۹٪","۲,۴۹۸,۰۰۰","https://dkstatics-public.digikala.com/digikala-products/5c00c7628145416ab8c9fc8b86f19d25cf77975a_1754241191.jpg?x-oss-process=image/resize,m_lfit,h_800,w_800/quality,q_90
https://dkstatics-public.digikala.com/digikala-products/36f65218c755c9a2821b4f212a983256edd463bb_1744187334.jpg?x-oss-process=image/resize,m_lfit,h_800,w_800/quality,q_90
https://dkstatics-public.digikala.com/digikala-products/25733bc105ec5ead78c2b631768421e7a5b50402_1744188429.jpg?x-oss-process=image/resize,m_lfit,h_800,w_800/quality,q_90
https://dkstatics-public.digikala.com/digikala-products/5c00c7628145416ab8c9fc8b86f19d25cf77975a_1754241191.jpg?x-oss-process=image/resize,m_lfit,h_800,w_800/quality,q_90","https://dkstatics-public.digikala.com/digikala-products/5c00c7628145416ab8c9fc8b86f19d25cf77975a_1754241191.jpg?x-oss-process=image/resize,m_lfit,h_800,w_800/quality,q_90","مشخصات ظاهری و کلینوع دوربین عکاسیکامپکت وزن۱۱۰ گرم","۸ دیدگاه","۱۰۰%"
"1771406850-254","https://www.digikala.com/search/category-digital-camera/?has_selling_stock=1","دوربین دیجیتال سونی مدل ZV-1","۸۸,۰۰۰,۰۰۰","","","۳.۷","تنها ۱ عدد در انبار باقی مانده","","","دوربین دیجیتال سونی مدل ZV-1تنها ۱ عدد در انبار باقی مانده
۳.۷۸۸,۰۰۰,۰۰۰","https://www.digikala.com/product/dkp-6063581/%D8%AF%D9%88%D8%B1%D8%A8%DB%8C%D9%86-%D8%AF%DB%8C%D8%AC%DB%8C%D8%AA%D8%A7%D9%84-%D8%B3%D9%88%D9%86%DB%8C-%D9%85%D8%AF%D9%84-zv-1/","۳.۷","ستاره سهیل پارسا","عالی","مشکیسفید","DKP-6063581","این دوربین‌ها رو نخر!!!","دوربین دیجیتال سونی مدل ZV-1","۸۸,۰۰۰,۰۰۰","","","https://dkstatics-public.digikala.com/digikala-products/0cadc1fb10156123ca793e3edf5cf182353b4a57_1754245757.jpg?x-oss-process=image/resize,m_lfit,h_800,w_800/quality,q_90
https://dkstatics-public.digikala.com/digikala-products/0cadc1fb10156123ca793e3edf5cf182353b4a57_1754245757.jpg?x-oss-process=image/resize,m_lfit,h_800,w_800/quality,q_90
https://dkstatics-public.digikala.com/digikala-products/e6659e87f0acb187ddc755963da351f1f20d5e34_1628496541.jpg?x-oss-process=image/resize,m_lfit,h_800,w_800/quality,q_90
https://dkstatics-public.digikala.com/digikala-products/0cadc1fb10156123ca793e3edf5cf182353b4a57_1754245757.jpg?x-oss-process=image/resize,m_lfit,h_800,w_800/quality,q_90","https://dkstatics-public.digikala.com/digikala-products/0cadc1fb10156123ca793e3edf5cf182353b4a57_1754245757.jpg?x-oss-process=image/resize,m_lfit,h_800,w_800/quality,q_90","مشخصات ظاهری و کلینوع کیت دوربیندوربین با لنز غیرقابل تعویض نوع دوربین عکاسیکامپکت سطح پیشرفته مدلZV-۱ سطح کاربرینیمه‌حرفه‌ای ابعاد۱۰۵x۶۰x۴۴ میلی‌متروزن۲۶۷ گرموزن دوربین با باتری و کارت‌حافظه۲۹۵ گرماقلام همراه دوربینباتری","۸ دیدگاه","۲۰%"
"1771406852-255","https://www.digikala.com/search/category-digital-camera/?has_selling_stock=1","دوربین عکاسی چاپ سریع فوجی فیلم مدل Instax Mini 12","۱۰,۲۳۵,۶۰۰","۱۶,۳۷۶,۹۰۰","۳۷٪","۴.۳","تنها ۳ عدد در انبار باقی مانده","","","دوربین عکاسی چاپ سریع فوجی فیلم مدل Instax Mini 12تنها ۳ عدد در انبار باقی مانده
۴.۳۳۷٪۱۰,۲۳۵,۶۰۰۱۶,۳۷۶,۹۰۰","https://www.digikala.com/product/dkp-12294673/%D8%AF%D9%88%D8%B1%D8%A8%DB%8C%D9%86-%D8%B9%DA%A9%D8%A7%D8%B3%DB%8C-%DA%86%D8%A7%D9%BE-%D8%B3%D8%B1%DB%8C%D8%B9-%D9%81%D9%88%D8%AC%DB%8C-%D9%81%DB%8C%D9%84%D9%85-%D9%85%D8%AF%D9%84-instax-mini-12/","۴.۳","دیجی‌کالا","عالی","آبیسفیدسبزصورتیبنفش","DKP-12294673","","دوربین عکاسی چاپ سریع فوجی فیلم مدل Instax Mini 12","۱۶,۳۷۶,۹۰۰","۳۷٪","۱۰,۲۳۵,۶۰۰","https://dkstatics-public.digikala.com/digikala-products/61318900be02d15e96d90bc6887d2943ec64aded_1755788227.jpg?x-oss-process=image/resize,m_lfit,h_800,w_800/quality,q_90
https://dkstatics-public.digikala.com/digikala-products/61318900be02d15e96d90bc6887d2943ec64aded_1755788227.jpg?x-oss-process=image/resize,m_lfit,h_800,w_800/quality,q_90
https://dkstatics-public.digikala.com/digikala-products/43e3f5b79e9237d6fddef3ba39d481ccd5f2b883_1740309441.jpg?x-oss-process=image/resize,m_lfit,h_800,w_800/quality,q_90
https://dkstatics-public.digikala.com/digikala-products/61318900be02d15e96d90bc6887d2943ec64aded_1755788227.jpg?x-oss-process=image/resize,m_lfit,h_800,w_800/quality,q_90","https://dkstatics-public.digikala.com/digikala-products/61318900be02d15e96d90bc6887d2943ec64aded_1755788227.jpg?x-oss-process=image/resize,m_lfit,h_800,w_800/quality,q_90","مشخصات ظاهری و کلیوزن۳۰۶ گرم","۱۲۱ دیدگاه","۹۵.۸%"
"1771406854-256","https://www.digikala.com/search/category-digital-camera/?has_selling_stock=1","دوربین عکاسی چاپ سریع مدل Kids Printing Camera","۳,۹۵۰,۰۰۰","","","۴.۵","تنها ۲ عدد در انبار باقی مانده","https://dkstatics-public.digikala.com/digikala-products/44adf900e9cad32248273a021036cae28a919f5f_1754238161.jpg?x-oss-process=image/resize,m_lfit,h_300,w_300/quality,q_80","","دوربین عکاسی چاپ سریع مدل Kids Printing Cameraتنها ۲ عدد در انبار باقی مانده
۴.۵۳,۹۵۰,۰۰۰","https://www.digikala.com/product/dkp-17559169/%D8%AF%D9%88%D8%B1%D8%A8%DB%8C%D9%86-%D8%B9%DA%A9%D8%A7%D8%B3%DB%8C-%DA%86%D8%A7%D9%BE-%D8%B3%D8%B1%DB%8C%D8%B9-%D9%85%D8%AF%D9%84-kids-printing-camera/","۴.۵","رابین توی","خیلی خوب","آبیبنفش روشنصورتیسفید","DKP-17559169","","دوربین عکاسی چاپ سریع مدل Kids Printing Camera","۳,۹۵۲,۰۰۰","","","https://dkstatics-public.digikala.com/digikala-products/44adf900e9cad32248273a021036cae28a919f5f_1754238161.jpg?x-oss-process=image/resize,m_lfit,h_800,w_800/quality,q_90
https://dkstatics-public.digikala.com/digikala-products/9422d7ce3323d835ebd1bdb6649b42dc5ef74650_1732886530.jpg?x-oss-process=image/resize,m_lfit,h_800,w_800/quality,q_90
https://dkstatics-public.digikala.com/digikala-products/3d41c79d0c4d680aa537e766d4e56795c389c0ae_1732887525.jpg?x-oss-process=image/resize,m_lfit,h_800,w_800/quality,q_90
https://dkstatics-public.digikala.com/digikala-products/44adf900e9cad32248273a021036cae28a919f5f_1754238161.jpg?x-oss-process=image/resize,m_lfit,h_800,w_800/quality,q_90","https://dkstatics-public.digikala.com/digikala-products/44adf900e9cad32248273a021036cae28a919f5f_1754238161.jpg?x-oss-process=image/resize,m_lfit,h_800,w_800/quality,q_90","مشخصات ظاهری و کلینوع دوربین عکاسیچاپ سریع وزن۱۷۶ گرمجنس بدنهABS , Silicone","۴۵ دیدگاه","۸۸%"
"1771406856-257","https://www.digikala.com/search/category-digital-camera/?has_selling_stock=1","دوربین دیجیتال کانن مدل EOS 2000D به همراه لنز 18-55 میلی متر DC III","۵۱,۷۰۰,۰۰۰","","","۴.۴","تنها ۳ عدد در انبار باقی مانده","https://dkstatics-public.digikala.com/digikala-products/698d76a5254bbb1dae848e82360f78144b08ad99_1754484467.jpg?x-oss-process=image/resize,m_lfit,h_300,w_300/quality,q_80","","دوربین دیجیتال کانن مدل EOS 2000D به همراه لنز 18-55 میلی متر DC IIIتنها ۳ عدد در انبار باقی مانده
۴.۴۵۱,۷۰۰,۰۰۰","https://www.digikala.com/product/dkp-1856080/%D8%AF%D9%88%D8%B1%D8%A8%DB%8C%D9%86-%D8%AF%DB%8C%D8%AC%DB%8C%D8%AA%D8%A7%D9%84-%DA%A9%D8%A7%D9%86%D9%86-%D9%85%D8%AF%D9%84-eos-2000d-%D8%A8%D9%87-%D9%87%D9%85%D8%B1%D8%A7%D9%87-%D9%84%D9%86%D8%B2-18-55-%D9%85%DB%8C%D9%84%DB%8C-%D9%85%D8%AA%D8%B1-dc-iii/","۴.۴","ستاره سهیل پارسا","عالی","مشکی","DKP-1856080","دوربین حرفه‌ای یا گوشی؟؟؟","دوربین دیجیتال کانن مدل EOS 2000D به همراه لنز 18-55 میلی متر DC III","۵۱,۷۰۰,۰۰۰","","","https://dkstatics-public.digikala.com/digikala-products/698d76a5254bbb1dae848e82360f78144b08ad99_1754484467.jpg?x-oss-process=image/resize,m_lfit,h_800,w_800/quality,q_90
https://dkstatics-public.digikala.com/digikala-products/698d76a5254bbb1dae848e82360f78144b08ad99_1754484467.jpg?x-oss-process=image/resize,m_lfit,h_800,w_800/quality,q_90
https://dkstatics-public.digikala.com/digikala-products/698d76a5254bbb1dae848e82360f78144b08ad99_1754240835.jpg?x-oss-process=image/resize,m_lfit,h_800,w_800/quality,q_90
https://dkstatics-public.digikala.com/digikala-products/698d76a5254bbb1dae848e82360f78144b08ad99_1754484467.jpg?x-oss-process=image/resize,m_lfit,h_800,w_800/quality,q_90","https://dkstatics-public.digikala.com/digikala-products/698d76a5254bbb1dae848e82360f78144b08ad99_1754484467.jpg?x-oss-process=image/resize,m_lfit,h_800,w_800/quality,q_90","مشخصات ظاهری و کلینوع کیت دوربیندوربین با لنز قابل تعویض نوع دوربین عکاسیDSLR با لنز قابل تعویض مدلEOS ۲۰۰۰D سطح کاربریمبتدی ابعاد۱۲۹x۱۰۱x۷۷ میلی‌متروزن۴۲۷ گرموزن دوربین با باتری و کارت‌حافظه۴۷۵ گرمجنس بدنهپلی‌کربنات مانت لنزCanon-EF-S اقلام همراه دوربینباتری","۲۰۸ دیدگاه","۹۴.۴%"
