web_scraper_order,web_scraper_start_url,title,data,data2,data3,data4,data5,image,image2,item_page_title,item_page_link,rate,Seller_Name,Seller_Performance,Product_Description,product title,original price,image_1,image_3,variant,final price,specs1,specs 2
"1771409282-1","https://www.digikala.com/search/category-external-hard-disk/?has_selling_stock=1","","","","","","","","","","","","","","","","","","","","","",""
"1771409282-2","https://www.digikala.com/search/category-external-hard-disk/?has_selling_stock=1","","","","","","","","","","","","","","","","","","","","","",""
"1771409282-3","https://www.digikala.com/search/category-external-hard-disk/?has_selling_stock=1","","","","","","","","","","","","","","","","","","","","","",""
"1771409282-4","https://www.digikala.com/search/category-external-hard-disk/?has_selling_stock=1","","","","","","","","","","","","","","","","","","","","","",""
"1771409282-5","https://www.digikala.com/search/category-external-hard-disk/?has_selling_stock=1","","","","","","","","","","","","","","","","","","","","","",""
"1771409282-6","https://www.digikala.com/search/category-external-hard-disk/?has_selling_stock=1","","","","","","","","","","","","","","","","","","","","","",""
"1771409282-7","https://www.digikala.com/search/category-external-hard-disk/?has_selling_stock=1","","","","","","","","","","","","","","","","","","","","","",""
"1771409282-8","https://www.digikala.com/search/category-external-hard-disk/?has_selling_stock=1","","","","","","","","","","","","","","","","","","","","","",""
"1771409282-9","https://www.digikala.com/search/category-external-hard-disk/?has_selling_stock=1","","","","","","","","","","","","","","","","","","","","","",""
"1771409282-10","https://www.digikala.com/search/category-external-hard-disk/?has_selling_stock=1","","","","","","","","","","","","","","","","","","","","","",""
"1771409282-11","https://www.digikala.com/search/category-external-hard-disk/?has_selling_stock=1","","","","","","","","","","","","","","","","","","","","","",""
"1771409282-12","https://www.digikala.com/search/category-external-hard-disk/?has_selling_stock=1","","","","","","","","","","","","","","","","","","","","","",""
"1771409282-13","https://www.digikala.com/search/category-external-hard-disk/?has_selling_stock=1","","","","","","","","","","","","","","","","","","","","","",""
"1771409282-14","https://www.digikala.com/search/category-external-hard-disk/?has_selling_stock=1","","","","","","","","","","","","","","","","","","","","","",""
"1771409282-15","https://www.digikala.com/search/category-external-hard-disk/?has_selling_stock=1","","","","","","","","","","","","","","","","","","","","","",""
"1771409282-16","https://www.digikala.com/search/category-external-hard-disk/?has_selling_stock=1","","","","","","","","","","","","","","","","","","","","","",""
"1771409282-17","https://www.digikala.com/search/category-external-hard-disk/?has_selling_stock=1","","","","","","","","","","","","","","","","","","","","","",""
"1771409282-18","https://www.digikala.com/search/category-external-hard-disk/?has_selling_stock=1","","","","","","","","","","","","","","","","","","","","","",""
"1771409282-19","https://www.digikala.com/search/category-external-hard-disk/?has_selling_stock=1","","","","","","","","","","","","","","","","","","","","","",""
"1771409282-20","https://www.digikala.com/search/category-external-hard-disk/?has_selling_stock=1","","","","","","","","","","","","","","","","","","","","","",""
"1771409282-21","https://www.digikala.com/search/category-external-hard-disk/?has_selling_stock=1","","","","","","","","","","","","","","","","","","","","","",""
"1771409282-22","https://www.digikala.com/search/category-external-hard-disk/?has_selling_stock=1","","","","","","","","","","","","","","","","","","","","","",""
"1771409282-23","https://www.digikala.com/search/category-external-hard-disk/?has_selling_stock=1","","","","","","","","","","","","","","","","","","","","","",""
"1771409282-24","https://www.digikala.com/search/category-external-hard-disk/?has_selling_stock=1","","","","","","","","","","","","","","","","","","","","","",""
"1771409282-25","https://www.digikala.com/search/category-external-hard-disk/?has_selling_stock=1","","","","","","","","","","","","","","","","","","","","","",""
"1771409282-26","https://www.digikala.com/search/category-external-hard-disk/?has_selling_stock=1","","","","","","","","","","","","","","","","","","","","","",""
"1771409282-27","https://www.digikala.com/search/category-external-hard-disk/?has_selling_stock=1","","","","","","","","","","","","","","","","","","","","","",""
"1771409282-28","https://www.digikala.com/search/category-external-hard-disk/?has_selling_stock=1","","","","","","","","","","","","","","","","","","","","","",""
"1771409282-29","https://www.digikala.com/search/category-external-hard-disk/?has_selling_stock=1","","","","","","","","","","","","","","","","","","","","","",""
"1771409282-30","https://www.digikala.com/search/category-external-hard-disk/?has_selling_stock=1","","","","","","","","","","","","","","","","","","","","","",""
"1771409282-31","https://www.digikala.com/search/category-external-hard-disk/?has_selling_stock=1","","","","","","","","","","","","","","","","","","","","","",""
"1771409282-32","https://www.digikala.com/search/category-external-hard-disk/?has_selling_stock=1","","","","","","","","","","","","","","","","","","","","","",""
"1771409282-33","https://www.digikala.com/search/category-external-hard-disk/?has_selling_stock=1","","","","","","","","","","","","","","","","","","","","","",""
"1771409282-34","https://www.digikala.com/search/category-external-hard-disk/?has_selling_stock=1","","","","","","","","","","","","","","","","","","","","","",""
"1771409282-35","https://www.digikala.com/search/category-external-hard-disk/?has_selling_stock=1","","","","","","","","","","","","","","","","","","","","","",""
"1771409282-36","https://www.digikala.com/search/category-external-hard-disk/?has_selling_stock=1","","","","","","","","","","","","","","","","","","","","","",""
"1771409282-37","https://www.digikala.com/search/category-external-hard-disk/?has_selling_stock=1","","","","","","","","","","","","","","","","","","","","","",""
"1771409282-38","https://www.digikala.com/search/category-external-hard-disk/?has_selling_stock=1","","","","","","","","","","","","","","","","","","","","","",""
"1771409282-39","https://www.digikala.com/search/category-external-hard-disk/?has_selling_stock=1","","","","","","","","","","","","","","","","","","","","","",""
"1771409282-40","https://www.digikala.com/search/category-external-hard-disk/?has_selling_stock=1","","","","","","","","","","","","","","","","","","","","","",""
"1771409282-41","https://www.digikala.com/search/category-external-hard-disk/?has_selling_stock=1","","","","","","","","","","","","","","","","","","","","","",""
"1771409282-42","https://www.digikala.com/search/category-external-hard-disk/?has_selling_stock=1","","","","","","","","","","","","","","","","","","","","","",""
"1771409282-43","https://www.digikala.com/search/category-external-hard-disk/?has_selling_stock=1","","","","","","","","","","","","","","","","","","","","","",""
"1771409282-44","https://www.digikala.com/search/category-external-hard-disk/?has_selling_stock=1","","","","","","","","","","","","","","","","","","","","","",""
"1771409282-45","https://www.digikala.com/search/category-external-hard-disk/?has_selling_stock=1","","","","","","","","","","","","","","","","","","","","","",""
"1771409282-46","https://www.digikala.com/search/category-external-hard-disk/?has_selling_stock=1","","","","","","","","","","","","","","","","","","","","","",""
"1771409282-47","https://www.digikala.com/search/category-external-hard-disk/?has_selling_stock=1","","","","","","","","","","","","","","","","","","","","","",""
"1771409282-48","https://www.digikala.com/search/category-external-hard-disk/?has_selling_stock=1","","","","","","","","","","","","","","","","","","","","","",""
"1771409282-49","https://www.digikala.com/search/category-external-hard-disk/?has_selling_stock=1","","","","","","","","","","","","","","","","","","","","","",""
"1771409282-50","https://www.digikala.com/search/category-external-hard-disk/?has_selling_stock=1","","","","","","","","","","","","","","","","","","","","","",""
"1771409282-51","https://www.digikala.com/search/category-external-hard-disk/?has_selling_stock=1","","","","","","","","","","","","","","","","","","","","","",""
"1771409282-52","https://www.digikala.com/search/category-external-hard-disk/?has_selling_stock=1","","","","","","","","","","","","","","","","","","","","","",""
"1771409282-53","https://www.digikala.com/search/category-external-hard-disk/?has_selling_stock=1","","","","","","","","","","","","","","","","","","","","","",""
"1771409282-54","https://www.digikala.com/search/category-external-hard-disk/?has_selling_stock=1","","","","","","","","","","","","","","","","","","","","","",""
"1771409282-55","https://www.digikala.com/search/category-external-hard-disk/?has_selling_stock=1","","","","","","","","","","","","","","","","","","","","","",""
"1771409282-56","https://www.digikala.com/search/category-external-hard-disk/?has_selling_stock=1","","","","","","","","","","","","","","","","","","","","","",""
"1771409282-57","https://www.digikala.com/search/category-external-hard-disk/?has_selling_stock=1","","","","","","","","","","","","","","","","","","","","","",""
"1771409282-58","https://www.digikala.com/search/category-external-hard-disk/?has_selling_stock=1","","","","","","","","","","","","","","","","","","","","","",""
"1771409282-59","https://www.digikala.com/search/category-external-hard-disk/?has_selling_stock=1","","","","","","","","","","","","","","","","","","","","","",""
"1771409282-60","https://www.digikala.com/search/category-external-hard-disk/?has_selling_stock=1","","","","","","","","","","","","","","","","","","","","","",""
"1771409282-61","https://www.digikala.com/search/category-external-hard-disk/?has_selling_stock=1","","","","","","","","","","","","","","","","","","","","","",""
"1771409282-62","https://www.digikala.com/search/category-external-hard-disk/?has_selling_stock=1","","","","","","","","","","","","","","","","","","","","","",""
"1771409282-63","https://www.digikala.com/search/category-external-hard-disk/?has_selling_stock=1","","","","","","","","","","","","","","","","","","","","","",""
"1771409282-64","https://www.digikala.com/search/category-external-hard-disk/?has_selling_stock=1","","","","","","","","","","","","","","","","","","","","","",""
"1771409282-65","https://www.digikala.com/search/category-external-hard-disk/?has_selling_stock=1","","","","","","","","","","","","","","","","","","","","","",""
"1771409282-66","https://www.digikala.com/search/category-external-hard-disk/?has_selling_stock=1","","","","","","","","","","","","","","","","","","","","","",""
"1771409282-67","https://www.digikala.com/search/category-external-hard-disk/?has_selling_stock=1","","","","","","","","","","","","","","","","","","","","","",""
"1771409282-68","https://www.digikala.com/search/category-external-hard-disk/?has_selling_stock=1","","","","","","","","","","","","","","","","","","","","","",""
"1771409282-69","https://www.digikala.com/search/category-external-hard-disk/?has_selling_stock=1","","","","","","","","","","","","","","","","","","","","","",""
"1771409282-70","https://www.digikala.com/search/category-external-hard-disk/?has_selling_stock=1","","","","","","","","","","","","","","","","","","","","","",""
"1771409282-71","https://www.digikala.com/search/category-external-hard-disk/?has_selling_stock=1","","","","","","","","","","","","","","","","","","","","","",""
"1771409282-72","https://www.digikala.com/search/category-external-hard-disk/?has_selling_stock=1","","","","","","","","","","","","","","","","","","","","","",""
"1771409282-73","https://www.digikala.com/search/category-external-hard-disk/?has_selling_stock=1","","","","","","","","","","","","","","","","","","","","","",""
"1771409282-74","https://www.digikala.com/search/category-external-hard-disk/?has_selling_stock=1","","","","","","","","","","","","","","","","","","","","","",""
"1771409282-75","https://www.digikala.com/search/category-external-hard-disk/?has_selling_stock=1","","","","","","","","","","","","","","","","","","","","","",""
"1771409282-76","https://www.digikala.com/search/category-external-hard-disk/?has_selling_stock=1","","","","","","","","","","","","","","","","","","","","","",""
"1771409282-77","https://www.digikala.com/search/category-external-hard-disk/?has_selling_stock=1","","","","","","","","","","","","","","","","","","","","","",""
"1771409282-78","https://www.digikala.com/search/category-external-hard-disk/?has_selling_stock=1","","","","","","","","","","","","","","","","","","","","","",""
"1771409282-79","https://www.digikala.com/search/category-external-hard-disk/?has_selling_stock=1","","","","","","","","","","","","","","","","","","","","","",""
"1771409282-80","https://www.digikala.com/search/category-external-hard-disk/?has_selling_stock=1","","","","","","","","","","","","","","","","","","","","","",""
"1771409282-81","https://www.digikala.com/search/category-external-hard-disk/?has_selling_stock=1","","","","","","","","","","","","","","","","","","","","","",""
"1771409282-82","https://www.digikala.com/search/category-external-hard-disk/?has_selling_stock=1","","","","","","","","","","","","","","","","","","","","","",""
"1771409282-83","https://www.digikala.com/search/category-external-hard-disk/?has_selling_stock=1","","","","","","","","","","","","","","","","","","","","","",""
"1771409282-84","https://www.digikala.com/search/category-external-hard-disk/?has_selling_stock=1","","","","","","","","","","","","","","","","","","","","","",""
"1771409282-85","https://www.digikala.com/search/category-external-hard-disk/?has_selling_stock=1","","","","","","","","","","","","","","","","","","","","","",""
"1771409282-86","https://www.digikala.com/search/category-external-hard-disk/?has_selling_stock=1","","","","","","","","","","","","","","","","","","","","","",""
"1771409282-87","https://www.digikala.com/search/category-external-hard-disk/?has_selling_stock=1","","","","","","","","","","","","","","","","","","","","","",""
"1771409282-88","https://www.digikala.com/search/category-external-hard-disk/?has_selling_stock=1","","","","","","","","","","","","","","","","","","","","","",""
"1771409282-89","https://www.digikala.com/search/category-external-hard-disk/?has_selling_stock=1","","","","","","","","","","","","","","","","","","","","","",""
"1771409282-90","https://www.digikala.com/search/category-external-hard-disk/?has_selling_stock=1","","","","","","","","","","","","","","","","","","","","","",""
"1771409282-91","https://www.digikala.com/search/category-external-hard-disk/?has_selling_stock=1","","","","","","","","","","","","","","","","","","","","","",""
"1771409282-92","https://www.digikala.com/search/category-external-hard-disk/?has_selling_stock=1","","","","","","","","","","","","","","","","","","","","","",""
"1771409282-93","https://www.digikala.com/search/category-external-hard-disk/?has_selling_stock=1","","","","","","","","","","","","","","","","","","","","","",""
"1771409282-94","https://www.digikala.com/search/category-external-hard-disk/?has_selling_stock=1","","","","","","","","","","","","","","","","","","","","","",""
"1771409282-95","https://www.digikala.com/search/category-external-hard-disk/?has_selling_stock=1","","","","","","","","","","","","","","","","","","","","","",""
"1771409282-96","https://www.digikala.com/search/category-external-hard-disk/?has_selling_stock=1","","","","","","","","","","","","","","","","","","","","","",""
"1771409282-97","https://www.digikala.com/search/category-external-hard-disk/?has_selling_stock=1","","","","","","","","","","","","","","","","","","","","","",""
"1771409282-98","https://www.digikala.com/search/category-external-hard-disk/?has_selling_stock=1","","","","","","","","","","","","","","","","","","","","","",""
"1771409282-99","https://www.digikala.com/search/category-external-hard-disk/?has_selling_stock=1","","","","","","","","","","","","","","","","","","","","","",""
"1771409282-100","https://www.digikala.com/search/category-external-hard-disk/?has_selling_stock=1","","","","","","","","","","","","","","","","","","","","","",""
"1771409282-101","https://www.digikala.com/search/category-external-hard-disk/?has_selling_stock=1","","","","","","","","","","","","","","","","","","","","","",""
"1771409282-102","https://www.digikala.com/search/category-external-hard-disk/?has_selling_stock=1","","","","","","","","","","","","","","","","","","","","","",""
"1771409282-103","https://www.digikala.com/search/category-external-hard-disk/?has_selling_stock=1","","","","","","","","","","","","","","","","","","","","","",""
"1771409282-104","https://www.digikala.com/search/category-external-hard-disk/?has_selling_stock=1","","","","","","","","","","","","","","","","","","","","","",""
"1771409282-105","https://www.digikala.com/search/category-external-hard-disk/?has_selling_stock=1","","","","","","","","","","","","","","","","","","","","","",""
"1771409282-106","https://www.digikala.com/search/category-external-hard-disk/?has_selling_stock=1","","","","","","","","","","","","","","","","","","","","","",""
"1771409282-107","https://www.digikala.com/search/category-external-hard-disk/?has_selling_stock=1","","","","","","","","","","","","","","","","","","","","","",""
"1771409282-108","https://www.digikala.com/search/category-external-hard-disk/?has_selling_stock=1","","","","","","","","","","","","","","","","","","","","","",""
"1771409282-109","https://www.digikala.com/search/category-external-hard-disk/?has_selling_stock=1","","","","","","","","","","","","","","","","","","","","","",""
"1771409282-110","https://www.digikala.com/search/category-external-hard-disk/?has_selling_stock=1","","","","","","","","","","","","","","","","","","","","","",""
"1771409282-111","https://www.digikala.com/search/category-external-hard-disk/?has_selling_stock=1","","","","","","","","","","","","","","","","","","","","","",""
"1771409282-112","https://www.digikala.com/search/category-external-hard-disk/?has_selling_stock=1","","","","","","","","","","","","","","","","","","","","","",""
"1771409282-113","https://www.digikala.com/search/category-external-hard-disk/?has_selling_stock=1","","","","","","","","","","","","","","","","","","","","","",""
"1771409282-114","https://www.digikala.com/search/category-external-hard-disk/?has_selling_stock=1","","","","","","","","","","","","","","","","","","","","","",""
"1771409282-115","https://www.digikala.com/search/category-external-hard-disk/?has_selling_stock=1","","","","","","","","","","","","","","","","","","","","","",""
"1771409282-116","https://www.digikala.com/search/category-external-hard-disk/?has_selling_stock=1","","","","","","","","","","","","","","","","","","","","","",""
"1771409282-117","https://www.digikala.com/search/category-external-hard-disk/?has_selling_stock=1","","","","","","","","","","","","","","","","","","","","","",""
"1771409282-118","https://www.digikala.com/search/category-external-hard-disk/?has_selling_stock=1","","","","","","","","","","","","","","","","","","","","","",""
"1771409282-119","https://www.digikala.com/search/category-external-hard-disk/?has_selling_stock=1","","","","","","","","","","","","","","","","","","","","","",""
"1771409282-120","https://www.digikala.com/search/category-external-hard-disk/?has_selling_stock=1","","","","","","","","","","","","","","","","","","","","","",""
"1771409282-121","https://www.digikala.com/search/category-external-hard-disk/?has_selling_stock=1","","","","","","","","","","","","","","","","","","","","","",""
"1771409284-122","https://www.digikala.com/search/category-external-hard-disk/?has_selling_stock=1","هارد اکسترنال توشیبا مدل Canvio Ready ظرفیت 1 ترابایت دارای رابط USB Type-A","۱۰,۹۹۸,۰۰۰","","","۴.۱","تنها ۱ عدد در انبار باقی مانده","","","هارد اکسترنال توشیبا مدل Canvio Ready ظرفیت 1 ترابایت دارای رابط USB Type-Aتنها ۱ عدد در انبار باقی مانده
۴.۱۱۰,۹۹۸,۰۰۰","https://www.digikala.com/product/dkp-191602/%D9%87%D8%A7%D8%B1%D8%AF-%D8%A7%DA%A9%D8%B3%D8%AA%D8%B1%D9%86%D8%A7%D9%84-%D8%AA%D9%88%D8%B4%DB%8C%D8%A8%D8%A7-%D9%85%D8%AF%D9%84-canvio-ready-%D8%B8%D8%B1%D9%81%DB%8C%D8%AA-1-%D8%AA%D8%B1%D8%A7%D8%A8%D8%A7%DB%8C%D8%AA-%D8%AF%D8%A7%D8%B1%D8%A7%DB%8C-%D8%B1%D8%A7%D8%A8%D8%B7-usb-type-a/","","","","","","","","","","","",""
"1771409286-123","https://www.digikala.com/search/category-external-hard-disk/?has_selling_stock=1","هارد اکسترنال اپیسر مدل AC732 ظرفیت 4 ترابایت","۲۸,۵۰۰,۰۰۰","","","۴.۲","تنها ۱ عدد در انبار باقی مانده","","","هارد اکسترنال اپیسر مدل AC732 ظرفیت 4 ترابایتتنها ۱ عدد در انبار باقی مانده
۴.۲۲۸,۵۰۰,۰۰۰","https://www.digikala.com/product/dkp-4940387/%D9%87%D8%A7%D8%B1%D8%AF-%D8%A7%DA%A9%D8%B3%D8%AA%D8%B1%D9%86%D8%A7%D9%84-%D8%A7%D9%BE%DB%8C%D8%B3%D8%B1-%D9%85%D8%AF%D9%84-ac732-%D8%B8%D8%B1%D9%81%DB%8C%D8%AA-4-%D8%AA%D8%B1%D8%A7%D8%A8%D8%A7%DB%8C%D8%AA/","۴.۲","ارتباط نوین پارسیان","عالی","شرکت «اپیسر» محصولی را با نام «AC732» روانه بازار کرده است. این محصول یک هارد اکسترنال حرفه‌ای برای ذخیره‌سازی اطلاعات با سرعت زیاد است. هارد اکسترنال AC732 از طریق درگاه USB 3.1 به کامپیوتر متصل می‌شود. درگاه USB 3.1 ارائه‌شده روی این محصول از نوع A است و از آن می‌توان روی کامپیوترهایی با درگاه USB 2.0 و USB 3.0 هم بهره برد. طراحی این محصول به‌گونه‌ای است که می‌توان کابل اتصال را روی بدنه‌ی هارد نصب کرد تا نگرانی‌ای بابت گم‌شدن آن وجود نداشته باشد و از طرفی فضای بسیار کمی را ...","هارد اکسترنال اپیسر مدل AC732 ظرفیت 4 ترابایت","۲۸,۵۰۰,۰۰۰","","https://dkstatics-public.digikala.com/digikala-products/afdf5db26602895881303b72d3dcf8d426b9166b_1754244774.jpg?x-oss-process=image/resize,m_lfit,h_800,w_800/quality,q_90
https://dkstatics-public.digikala.com/digikala-products/4b3a1f545318db9a5de44d8e261b15fc075cae84_1618751344.jpg?x-oss-process=image/resize,m_lfit,h_800,w_800/quality,q_90
https://dkstatics-public.digikala.com/digikala-products/3a2dfcb052c8fff742cc9f91e1d29fcd87653047_1744805507.jpg?x-oss-process=image/resize,m_lfit,h_800,w_800/quality,q_90
https://dkstatics-public.digikala.com/digikala-products/afdf5db26602895881303b72d3dcf8d426b9166b_1754244774.jpg?x-oss-process=image/resize,m_lfit,h_800,w_800/quality,q_90","مشکی","","","مشخصاتمشخصات فیزیکیوزن۲۴۰ گرممشاهده بیشتر"
"1771409289-124","https://www.digikala.com/search/category-external-hard-disk/?has_selling_stock=1","هارد اکسترنال اپیسر مدل AC632 ظرفیت 1 ترابایت","۱۳,۵۰۰,۰۰۰","","","۴.۳","تنها ۱ عدد در انبار باقی مانده","","","هارد اکسترنال اپیسر مدل AC632 ظرفیت 1 ترابایتتنها ۱ عدد در انبار باقی مانده
۴.۳۱۳,۵۰۰,۰۰۰","https://www.digikala.com/product/dkp-404688/%D9%87%D8%A7%D8%B1%D8%AF-%D8%A7%DA%A9%D8%B3%D8%AA%D8%B1%D9%86%D8%A7%D9%84-%D8%A7%D9%BE%DB%8C%D8%B3%D8%B1-%D9%85%D8%AF%D9%84-ac632-%D8%B8%D8%B1%D9%81%DB%8C%D8%AA-1-%D8%AA%D8%B1%D8%A7%D8%A8%D8%A7%DB%8C%D8%AA/","۴.۳","ارتباط نوین پارسیان","عالی","این روزها تصاویر، ویدئو‌ها، نرم افزارها و ... حجم بیشتری نسبت به قبل دارند و دیگر نمی‌توان تمام اطلاعات خود را در یک یا دو دیسک (CD  یا DVD)  ذخیره کرد. همچنین کاربران تمایل دارند که بتوانند همیشه اطلاعات مهم‌شان را با خود همراه داشته باشند تا هر زمان که به آن‌ها نیاز بود به راحتی از آن استفاده کنند. هاردهای اکسترنال گزینه‌ی بسیار خوبی برای ذخیره‌سازی اطلاعات هستند که به کمک آن‌ها می‌توان با تقبل هزینه‌ای مناسب، حجم زیادی ...","هارد اکسترنال اپیسر مدل AC632 ظرفیت 1 ترابایت","۱۳,۵۰۰,۰۰۰","","https://dkstatics-public.digikala.com/digikala-products/907f5f5da1d591e0e0bc376b6f7b4ac7d196c0ec_1753698430.jpg?x-oss-process=image/resize,m_lfit,h_800,w_800/quality,q_90
https://dkstatics-public.digikala.com/digikala-products/907f5f5da1d591e0e0bc376b6f7b4ac7d196c0ec_1753698430.jpg?x-oss-process=image/resize,m_lfit,h_800,w_800/quality,q_90
https://dkstatics-public.digikala.com/digikala-products/119117138.jpg?x-oss-process=image/resize,m_lfit,h_800,w_800/quality,q_90
https://dkstatics-public.digikala.com/digikala-products/1c9ca60678390469d890cf876dbcc2deb533e230_1744788921.jpg?x-oss-process=image/resize,m_lfit,h_800,w_800/quality,q_90
https://dkstatics-public.digikala.com/digikala-products/907f5f5da1d591e0e0bc376b6f7b4ac7d196c0ec_1753698430.jpg?x-oss-process=image/resize,m_lfit,h_800,w_800/quality,q_90","نقره ای","","","مشخصاتمشخصات فیزیکیوزن۴۲۰ گرمابعاد۲۳ × ۱۰۵ × ۱۳۵ میلی‌مترمشاهده بیشتر"
"1771409291-125","https://www.digikala.com/search/category-external-hard-disk/?has_selling_stock=1","هارد اکسترنال اپیسر مدل AC236 ظرفیت 2 ترابایت","۱۴,۵۰۰,۰۰۰","","","۴.۱","تنها ۱ عدد در انبار باقی مانده","","","هارد اکسترنال اپیسر مدل AC236 ظرفیت 2 ترابایتتنها ۱ عدد در انبار باقی مانده
۴.۱۱۴,۵۰۰,۰۰۰","https://www.digikala.com/product/dkp-6369746/%D9%87%D8%A7%D8%B1%D8%AF-%D8%A7%DA%A9%D8%B3%D8%AA%D8%B1%D9%86%D8%A7%D9%84-%D8%A7%D9%BE%DB%8C%D8%B3%D8%B1-%D9%85%D8%AF%D9%84-ac236-%D8%B8%D8%B1%D9%81%DB%8C%D8%AA-2-%D8%AA%D8%B1%D8%A7%D8%A8%D8%A7%DB%8C%D8%AA/","۴.۱","سورینت","عالی","شرکت «اپیسر» محصولی را با نام هارد اکسترنال اپیسر مدل AC236 ظرفیت 2 ترابایت روانه بازار کرده است. این محصول یک هارد اکسترنال حرفه‌ای برای ذخیره‌سازی اطلاعات با سرعت زیاد است. هارد اکسترنال AC236 از طریق درگاه USB3.2 به کامپیوتر متصل می‌شود. درگاه USB3.2 ارائه‌شده روی این محصول از نوع A است و از آن می‌توان روی کامپیوترهایی با درگاه USB2.0 و USB3.0 هم بهره برد. طراحی این محصول به‌گونه‌ای است که می‌توان کابل اتصال را روی بدنه‌ هارد نصب کرد تا نگرانی بابت گم‌شدن آن وجود نداشته با ...","هارد اکسترنال اپیسر مدل AC236 ظرفیت 2 ترابایت","۱۱,۹۰۰,۰۰۰","","https://dkstatics-public.digikala.com/digikala-products/61c51f32ad262c03aefbdcb326bdb8ea7d198a82_1754246029.jpg?x-oss-process=image/resize,m_lfit,h_800,w_800/quality,q_90
https://dkstatics-public.digikala.com/digikala-products/61c51f32ad262c03aefbdcb326bdb8ea7d198a82_1754246029.jpg?x-oss-process=image/resize,m_lfit,h_800,w_800/quality,q_90
https://dkstatics-public.digikala.com/digikala-products/e10f0016ef21609a4b3944704cf443c2688932b8_1631085177.jpg?x-oss-process=image/resize,m_lfit,h_800,w_800/quality,q_90
https://dkstatics-public.digikala.com/digikala-products/0081ca2e7dc969a8688689a1d6ce07a5a113f2e3_1631085178.jpg?x-oss-process=image/resize,m_lfit,h_800,w_800/quality,q_90
https://dkstatics-public.digikala.com/digikala-products/61c51f32ad262c03aefbdcb326bdb8ea7d198a82_1754246029.jpg?x-oss-process=image/resize,m_lfit,h_800,w_800/quality,q_90","مشکیزردآبیقرمز","","","مشخصاتمشخصات فیزیکیوزن۱۴۰ گرممشاهده بیشتر"
"1771409293-126","https://www.digikala.com/search/category-external-hard-disk/?has_selling_stock=1","هارد اکسترنال اپیسر مدل AC630 ظرفیت 1 ترابایت","۱۳,۲۰۰,۰۰۰","","","۴.۳","تنها ۱ عدد در انبار باقی مانده","","","هارد اکسترنال اپیسر مدل AC630 ظرفیت 1 ترابایتتنها ۱ عدد در انبار باقی مانده
۴.۳۱۳,۲۰۰,۰۰۰","https://www.digikala.com/product/dkp-302694/%D9%87%D8%A7%D8%B1%D8%AF-%D8%A7%DA%A9%D8%B3%D8%AA%D8%B1%D9%86%D8%A7%D9%84-%D8%A7%D9%BE%DB%8C%D8%B3%D8%B1-%D9%85%D8%AF%D9%84-ac630-%D8%B8%D8%B1%D9%81%DB%8C%D8%AA-1-%D8%AA%D8%B1%D8%A7%D8%A8%D8%A7%DB%8C%D8%AA/","۴.۳","تجهیزایران","عالی","هاردهای اکسترنال این روزها با استقبال خوبی از طرف کاربران روبه‌رو شده‌اند. این تجهیزات ذخیره‌سازی امکان ذخیره‌کردن و انتقال اطلاعات را به راحتی فراهم می‌کنند و به کمک آن‌ها می‌توان همیشه به اطلاعات مهم خود دسترسی داشت. اما وجود برندهای مختلف تولید کننده‌ی هارد و مدل‌های متنوع موجود در بازار باعث شده که تهیه یک هارد کار ساده‌ای نباشد. هاردهای اکسترنال با توجه به نوع طراحی، درگاه ارتباطی وقابلیت‌هایی که در اختیار کاربران قر ...","هارد اکسترنال اپیسر مدل AC630 ظرفیت 1 ترابایت","۱۱,۸۹۰,۰۰۰","","https://dkstatics-public.digikala.com/digikala-products/84c8fbbbf46744cc957f2335c25473bf860c16f5_1753699065.jpg?x-oss-process=image/resize,m_lfit,h_800,w_800/quality,q_90
https://dkstatics-public.digikala.com/digikala-products/84c8fbbbf46744cc957f2335c25473bf860c16f5_1753699065.jpg?x-oss-process=image/resize,m_lfit,h_800,w_800/quality,q_90
https://dkstatics-public.digikala.com/digikala-products/119117037.jpg?x-oss-process=image/resize,m_lfit,h_800,w_800/quality,q_90
https://dkstatics-public.digikala.com/digikala-products/84c8fbbbf46744cc957f2335c25473bf860c16f5_1753699065.jpg?x-oss-process=image/resize,m_lfit,h_800,w_800/quality,q_90","مشکی","","","مشخصاتمشخصات فیزیکیوزن۲۵۰ گرمابعاد۲۰.۱ × ۹۲.۹ × ۱۴۳.۳ میلی‌مترمشاهده بیشتر"
"1771409295-127","https://www.digikala.com/search/category-external-hard-disk/?has_selling_stock=1","هارد اکسترنال اپیسر مدل AC532 ظرفیت 2 ترابایت","۱۵,۹۰۰,۰۰۰","","","۴.۲","تنها ۱ عدد در انبار باقی مانده","","","هارد اکسترنال اپیسر مدل AC532 ظرفیت 2 ترابایتتنها ۱ عدد در انبار باقی مانده
۴.۲۱۵,۹۰۰,۰۰۰","https://www.digikala.com/product/dkp-388098/%D9%87%D8%A7%D8%B1%D8%AF-%D8%A7%DA%A9%D8%B3%D8%AA%D8%B1%D9%86%D8%A7%D9%84-%D8%A7%D9%BE%DB%8C%D8%B3%D8%B1-%D9%85%D8%AF%D9%84-ac532-%D8%B8%D8%B1%D9%81%DB%8C%D8%AA-2-%D8%AA%D8%B1%D8%A7%D8%A8%D8%A7%DB%8C%D8%AA/","۴.۲","ارتباط نوین پارسیان","عالی","یکی از کاربردی‌ترین ابزارهای این روزهای دنیای دیجیتال هارددیسک‌های اکسترنال هستند. هارددیسک‌های اکسترنال میزبان بسیار خوبی هستند برای اطلاعاتی که نیاز به همراه داشتن آن‌ها داریم. شرکت‌های زیادی در حوزه‌ی ارائه‌ی تجهیزات ذخیره‌سازی، مانند هارددیسک‌های اکسترنال فعالیت می‌کنند؛ ولی محصولات شرکت اپیسر همواره انتخاب اول بسیاری از کاربران است. شرکت اپیسر محصول جدیدی تحت عنوان AC532 را روانه‌ی بازار کرده است که درواقع یک هارددیس ...","هارد اکسترنال اپیسر مدل AC532 ظرفیت 2 ترابایت","۱۵,۹۰۰,۰۰۰","","https://dkstatics-public.digikala.com/digikala-products/4c618cd3ce929b6cf68d56b6878a0a3c5b6bb71d_1753698427.jpg?x-oss-process=image/resize,m_lfit,h_800,w_800/quality,q_90
https://dkstatics-public.digikala.com/digikala-products/119117089.jpg?x-oss-process=image/resize,m_lfit,h_800,w_800/quality,q_90
https://dkstatics-public.digikala.com/digikala-products/88217d911a940f0b3db305aa8046fc4d8029a1d0_1744805508.jpg?x-oss-process=image/resize,m_lfit,h_800,w_800/quality,q_90
https://dkstatics-public.digikala.com/digikala-products/4c618cd3ce929b6cf68d56b6878a0a3c5b6bb71d_1753698427.jpg?x-oss-process=image/resize,m_lfit,h_800,w_800/quality,q_90","مشکیسفید","","","مشخصاتمشخصات فیزیکیوزن۱۹۰ گرمابعاد۱۶.۱ × ۸۲ × ۱۳۲.۴ میلی‌مترمشاهده بیشتر"
"1771409297-128","https://www.digikala.com/search/category-external-hard-disk/?has_selling_stock=1","هارد اکسترنال اپیسر مدل AC631 ظرفیت 2 ترابایت","۱۶,۵۰۰,۰۰۰","","","۴.۴","تنها ۱ عدد در انبار باقی مانده","","","هارد اکسترنال اپیسر مدل AC631 ظرفیت 2 ترابایتتنها ۱ عدد در انبار باقی مانده
۴.۴۱۶,۵۰۰,۰۰۰","https://www.digikala.com/product/dkp-404671/%D9%87%D8%A7%D8%B1%D8%AF-%D8%A7%DA%A9%D8%B3%D8%AA%D8%B1%D9%86%D8%A7%D9%84-%D8%A7%D9%BE%DB%8C%D8%B3%D8%B1-%D9%85%D8%AF%D9%84-ac631-%D8%B8%D8%B1%D9%81%DB%8C%D8%AA-2-%D8%AA%D8%B1%D8%A7%D8%A8%D8%A7%DB%8C%D8%AA/","۴.۴","تجهیزایران","عالی","هاردهای اکسترنال این روزها با استقبال خوبی از طرف کاربران روبه‌رو شده‌اند. این تجهیزات ذخیره‌سازی امکان ذخیره‌کردن و انتقال اطلاعات را به راحتی فراهم می‌کنند و به کمک آن‌ها می‌توان همیشه به اطلاعات مهم خود دسترسی داشت. اما وجود برندهای مختلف تولید کننده‌ی هارد و مدل‌های متنوع موجود در بازار باعث شده که تهیه یک هارد کار ساده‌ای نباشد. هاردهای اکسترنال با توجه به نوع طراحی، درگاه ارتباطی وقابلیت‌هایی که در اختیار کاربران قر ...","هارد اکسترنال اپیسر مدل AC631 ظرفیت 2 ترابایت","۱۳,۴۴۵,۰۰۰","","https://dkstatics-public.digikala.com/digikala-products/6a79d6d70d4c285e7785b266766475cc7596f6c5_1753698430.jpg?x-oss-process=image/resize,m_lfit,h_800,w_800/quality,q_90
https://dkstatics-public.digikala.com/digikala-products/6a79d6d70d4c285e7785b266766475cc7596f6c5_1753698430.jpg?x-oss-process=image/resize,m_lfit,h_800,w_800/quality,q_90
https://dkstatics-public.digikala.com/digikala-products/46e33480237ed675aa42897a6e3f2c30ff66f489_1646554714.jpg?x-oss-process=image/resize,m_lfit,h_800,w_800/quality,q_90
https://dkstatics-public.digikala.com/digikala-products/6a79d6d70d4c285e7785b266766475cc7596f6c5_1753698430.jpg?x-oss-process=image/resize,m_lfit,h_800,w_800/quality,q_90","مشکی","","","مشخصاتمشخصات فیزیکیوزن۲۶۳ گرممشاهده بیشتر"
"1771409300-129","https://www.digikala.com/search/category-external-hard-disk/?has_selling_stock=1","هارد اکسترنال اپیسر مدل AC237 ظرفیت یک ترابایت","۱۲,۲۰۰,۰۰۰","","","۴","تنها ۱ عدد در انبار باقی مانده","","","هارد اکسترنال اپیسر مدل AC237 ظرفیت یک ترابایتتنها ۱ عدد در انبار باقی مانده
۴۱۲,۲۰۰,۰۰۰","https://www.digikala.com/product/dkp-11206771/%D9%87%D8%A7%D8%B1%D8%AF-%D8%A7%DA%A9%D8%B3%D8%AA%D8%B1%D9%86%D8%A7%D9%84-%D8%A7%D9%BE%DB%8C%D8%B3%D8%B1-%D9%85%D8%AF%D9%84-ac237-%D8%B8%D8%B1%D9%81%DB%8C%D8%AA-%DB%8C%DA%A9-%D8%AA%D8%B1%D8%A7%D8%A8%D8%A7%DB%8C%D8%AA/","۴","سورینت","عالی","شرکت «اپیسر» محصولی را با نام هارد اکسترنال اپیسر مدل AC237 ظرفیت 1 ترابایت روانه بازار کرده است. این محصول یک هارد اکسترنال حرفه‌ای برای ذخیره‌سازی اطلاعات با سرعت زیاد است. هارد اکسترنال AC237 از طریق درگاه USB3.2 به کامپیوتر متصل می‌شود. درگاه USB3.2 ارائه‌شده روی این محصول از نوع A است و از آن می‌توان روی کامپیوترهایی با درگاه USB2.0 و USB3.0 هم بهره برد. . ویژگی‌ای که این هارد اکسترنال را بسیار محبوب کرده وزن و ابعاد آن است که حمل‌ونقل و جابجایی را بسیار ساده کرده است. ش ...","هارد اکسترنال اپیسر مدل AC237 ظرفیت یک ترابایت","۱۰,۶۰۰,۰۰۰","","https://dkstatics-public.digikala.com/digikala-products/85399d2ad1132a0d8f9f74a11f6e28442cdd0982_1754244509.jpg?x-oss-process=image/resize,m_lfit,h_800,w_800/quality,q_90
https://dkstatics-public.digikala.com/digikala-products/5de8608864b36c7c43b2fa2c7a0f8a81dfd4e51c_1682859151.jpg?x-oss-process=image/resize,m_lfit,h_800,w_800/quality,q_90
https://dkstatics-public.digikala.com/digikala-products/d8b44894bc4a52106207761431aa86cc922a45ad_1682859150.jpg?x-oss-process=image/resize,m_lfit,h_800,w_800/quality,q_90
https://dkstatics-public.digikala.com/digikala-products/85399d2ad1132a0d8f9f74a11f6e28442cdd0982_1754244509.jpg?x-oss-process=image/resize,m_lfit,h_800,w_800/quality,q_90","مشکیقرمزآبی","","ویژگی‌هافرم فکتور (سایز هد)2.5 اینچ2.5 اینچسرعت چرخش54005400مشاهده همه ویژگی‌ها","مشخصاتمشخصات فیزیکیوزن۱۸۰ گرممشاهده بیشتر"
"1771409302-130","https://www.digikala.com/search/category-external-hard-disk/?has_selling_stock=1","هارد اکسترنال سیلیکون پاور مدل A65B ظرفیت دو ترابایت","۱۴,۰۰۰,۰۰۰","۱۴,۹۰۰,۰۰۰","۶٪","۴.۲","تنها ۱ عدد در انبار باقی مانده","","","هارد اکسترنال سیلیکون پاور مدل A65B ظرفیت دو ترابایتتنها ۱ عدد در انبار باقی مانده
۴.۲۶٪۱۴,۰۰۰,۰۰۰۱۴,۹۰۰,۰۰۰","https://www.digikala.com/product/dkp-10195232/%D9%87%D8%A7%D8%B1%D8%AF-%D8%A7%DA%A9%D8%B3%D8%AA%D8%B1%D9%86%D8%A7%D9%84-%D8%B3%DB%8C%D9%84%DB%8C%DA%A9%D9%88%D9%86-%D9%BE%D8%A7%D9%88%D8%B1-%D9%85%D8%AF%D9%84-a65b-%D8%B8%D8%B1%D9%81%DB%8C%D8%AA-%D8%AF%D9%88-%D8%AA%D8%B1%D8%A7%D8%A8%D8%A7%DB%8C%D8%AA/","۴.۲","لیان سیستم شاپ","عالی","جدیدترین هارد دیسک ضد ضربه و ضد آب این شرکت از سری Armor با نام A65 عرضه شده که دارای گواهینامه IP67 است و از طراحی ویژه ای برخوردار است.هارد جدید سیلیکون پاور از سری Armor، از نوع هارد اکسترنال پرتالاست. بنابراین می توانید بدون نیاز به آداپتور آن را به کامپیوتر وصل کنید.هارد بدنه ای پلاستیکی دارد و روی آن با پوششی مات از جنس لاستیک سیلیکونی پوشیده شده است که این پوشش علاوه بر این که خاصیت ضربه گیری دارد، از سر خوردن هارد روی سطوح مختلف نیز جلوگیری می کند.چراغ نشانگر فعالیت ه ...","هارد اکسترنال سیلیکون پاور مدل A65B ظرفیت دو ترابایت","۱۴,۹۰۰,۰۰۰","","https://dkstatics-public.digikala.com/digikala-products/4a8f4f0feac8ef7ff8f660efbb674da1ac2b2356_1754250648.jpg?x-oss-process=image/resize,m_lfit,h_800,w_800/quality,q_90
https://dkstatics-public.digikala.com/digikala-products/4a8f4f0feac8ef7ff8f660efbb674da1ac2b2356_1754250648.jpg?x-oss-process=image/resize,m_lfit,h_800,w_800/quality,q_90
https://dkstatics-public.digikala.com/digikala-products/df475b7f179eabfef00aba9b931caf215ca8dbb6_1671375425.jpg?x-oss-process=image/resize,m_lfit,h_800,w_800/quality,q_90
https://dkstatics-public.digikala.com/digikala-products/e89467e8b2e3bd98038b9bca95b0c167177f9cdc_1671375424.jpg?x-oss-process=image/resize,m_lfit,h_800,w_800/quality,q_90
https://dkstatics-public.digikala.com/digikala-products/4a8f4f0feac8ef7ff8f660efbb674da1ac2b2356_1754250648.jpg?x-oss-process=image/resize,m_lfit,h_800,w_800/quality,q_90","مشکی","۱۴,۰۰۰,۰۰۰","ویژگی‌هافرم فکتور (سایز هد)2.5 اینچ2.5 اینچسرعت چرخش72007200مشاهده همه ویژگی‌ها","مشخصاتمشخصات فیزیکیوزن۲۷۷ گرممشاهده بیشتر"
"1771409304-131","https://www.digikala.com/search/category-external-hard-disk/?has_selling_stock=1","هارد اکسترنال وسترن دیجیتال مدل My Book Desktop ظرفیت 22 ترابایت","۹۲,۰۰۰,۰۰۰","","","۵","تنها ۱ عدد در انبار باقی مانده","","","هارد اکسترنال وسترن دیجیتال مدل My Book Desktop ظرفیت 22 ترابایتتنها ۱ عدد در انبار باقی مانده
۵۹۲,۰۰۰,۰۰۰","https://www.digikala.com/product/dkp-17164512/%D9%87%D8%A7%D8%B1%D8%AF-%D8%A7%DA%A9%D8%B3%D8%AA%D8%B1%D9%86%D8%A7%D9%84-%D9%88%D8%B3%D8%AA%D8%B1%D9%86-%D8%AF%DB%8C%D8%AC%DB%8C%D8%AA%D8%A7%D9%84-%D9%85%D8%AF%D9%84-my-book-desktop-%D8%B8%D8%B1%D9%81%DB%8C%D8%AA-22-%D8%AA%D8%B1%D8%A7%D8%A8%D8%A7%DB%8C%D8%AA/","۵","آریا اندیش آسیا","خیلی خوب","کمبود فضا برای ذخیره‌سازی داده‌های دیجیتال معضلی است که این روزها تقریباً تمامی ما با آن درگیر هستیم. داده‌های مهم ما نیازمند یک فضای بسیار ایمن هستند که بتوانیم آن را برای مدت‌های طولانی ذخیره کنیم. به همین علت هارد اکسترنال تبدیل به یکی از مهم‌ترین وسایلی شده است که باید در هر خانه یا شرکتی وجود داشته باشد تا تمامی داده‌های مهم در آن ذخیره شده و در مواقع مورد نیاز بتوان به راحتی به آن‌ها رجوع کرد. ما به شما هارد اکسترنال وسترن دیجیتال مدل My Book Desktopرا معرفی می‌کنیم که  ...","هارد اکسترنال وسترن دیجیتال مدل My Book Desktop ظرفیت 22 ترابایت","۹۲,۰۰۰,۰۰۰","","https://dkstatics-public.digikala.com/digikala-products/51ca545094dbd22461bead2baab24d8c6ba06b71_1755771503.jpg?x-oss-process=image/resize,m_lfit,h_800,w_800/quality,q_90
https://dkstatics-public.digikala.com/digikala-products/51ca545094dbd22461bead2baab24d8c6ba06b71_1755771503.jpg?x-oss-process=image/resize,m_lfit,h_800,w_800/quality,q_90
https://dkstatics-public.digikala.com/digikala-products/79e069a6541b53e0a706553e325fb6a6567d4a90_1729949621.jpg?x-oss-process=image/resize,m_lfit,h_800,w_800/quality,q_90
https://dkstatics-public.digikala.com/digikala-products/5e34edf32c0ac0faca9ef4ae8ec3223db4d8d0fb_1755713330.jpg?x-oss-process=image/resize,m_lfit,h_800,w_800/quality,q_90
https://dkstatics-public.digikala.com/digikala-products/51ca545094dbd22461bead2baab24d8c6ba06b71_1755771503.jpg?x-oss-process=image/resize,m_lfit,h_800,w_800/quality,q_90","مشکی","","ویژگی‌هافرم فکتور (سایز هد)3.5 اینچ3.5 اینچمشاهده همه ویژگی‌ها","مشخصاتمشخصات فیزیکینوع هارد دیسک اکسترنالرومیزی وزن۱۰۰۰ گرمابعاد۱۴۰x۴۹x۱۷۰ میلی‌مترمشاهده بیشتر"
"1771409306-132","https://www.digikala.com/search/category-external-hard-disk/?has_selling_stock=1","هارد اکسترنال سیلیکون پاور مدل Armor A60 ظرفیت یک ترابایت دارای رابط USB Type-A 3.2","۱۲,۰۰۰,۰۰۰","","","۴.۳","تنها ۲ عدد در انبار باقی مانده","","","هارد اکسترنال سیلیکون پاور مدل Armor A60 ظرفیت یک ترابایت دارای رابط USB Type-A 3.2تنها ۲ عدد در انبار باقی مانده
۴.۳۱۲,۰۰۰,۰۰۰","https://www.digikala.com/product/dkp-34829/%D9%87%D8%A7%D8%B1%D8%AF-%D8%A7%DA%A9%D8%B3%D8%AA%D8%B1%D9%86%D8%A7%D9%84-%D8%B3%DB%8C%D9%84%DB%8C%DA%A9%D9%88%D9%86-%D9%BE%D8%A7%D9%88%D8%B1-%D9%85%D8%AF%D9%84-armor-a60-%D8%B8%D8%B1%D9%81%DB%8C%D8%AA-%DB%8C%DA%A9-%D8%AA%D8%B1%D8%A7%D8%A8%D8%A7%DB%8C%D8%AA-%D8%AF%D8%A7%D8%B1%D8%A7%DB%8C-%D8%B1%D8%A7%D8%A8%D8%B7-usb-type-a-32/","۴.۳","اودین ایت","عالی","شرکت سیلیکون پاور یکی از بزرگ‌ترین طراحان و سازندگان فلش مموری و هارد اکسترنال در دنیا است و هارد دیسک‌های اکسترنال Armor A60 محصول این شرکت است. آرمور (Armor) به معنای زره است و هارد دیسک Armor A60که از همین سری است، بدنه‌ای ضد ضربه، مقاوم در برابر اسپری شدن آب، شوک، لغزش، خط و خش و گرد و غبار دارد. این بدنه به دلیل مقاومت زیادش به زره معروف شده و می‌تواند از داده‌های شما در برابر صدمات ناشی از فعالیت‌های روزانه حفاظت کند. این هارد دیسک، تست سقو ...","هارد اکسترنال سیلیکون پاور مدل Armor A60 ظرفیت یک ترابایت دارای رابط USB Type-A 3.2","۱۲,۰۰۰,۰۰۰","","https://dkstatics-public.digikala.com/digikala-products/4ae68720831804b551f0c211459706aa2b6d903e_1753697483.jpg?x-oss-process=image/resize,m_lfit,h_800,w_800/quality,q_90
https://dkstatics-public.digikala.com/digikala-products/4ae68720831804b551f0c211459706aa2b6d903e_1753697483.jpg?x-oss-process=image/resize,m_lfit,h_800,w_800/quality,q_90
https://dkstatics-public.digikala.com/digikala-products/ed58efb5f95ba003bb9985405cb10b877b4c58a1_1755591418.jpg?x-oss-process=image/resize,m_lfit,h_800,w_800/quality,q_90
https://dkstatics-public.digikala.com/digikala-products/3050299.jpg?x-oss-process=image/resize,m_lfit,h_800,w_800/quality,q_90
https://dkstatics-public.digikala.com/digikala-products/4ae68720831804b551f0c211459706aa2b6d903e_1753697483.jpg?x-oss-process=image/resize,m_lfit,h_800,w_800/quality,q_90","مشکی","","ویژگی‌هافرم فکتور (سایز هد)3.5 اینچ3.5 اینچسرعت چرخش54005400نوع رابط کابلUSB Type-A 3.2USB Type-A 3.2مشاهده همه ویژگی‌ها","مشخصاتمشخصات فیزیکینوع هارد دیسک اکسترنالقابل حمل وزن۲۲۸ گرمابعاد۱۳۸.۵x۸۵.۹x۲۳.۲ میلی‌مترمشاهده بیشتر"
"1771409309-133","https://www.digikala.com/search/category-external-hard-disk/?has_selling_stock=1","هارد اکسترنال وسترن دیجیتال مدل My Passport ظرفیت چهار ترابایت دارای رابط USB Type-A 3.0","۱۹,۹۰۰,۰۰۰","","","۴.۳","ارسال سریع دیجی‌کالا","","","هارد اکسترنال وسترن دیجیتال مدل My Passport ظرفیت چهار ترابایت دارای رابط USB Type-A 3.0ارسال سریع دیجی‌کالا
۴.۳۱۹,۹۰۰,۰۰۰","https://www.digikala.com/product/dkp-5806266/%D9%87%D8%A7%D8%B1%D8%AF-%D8%A7%DA%A9%D8%B3%D8%AA%D8%B1%D9%86%D8%A7%D9%84-%D9%88%D8%B3%D8%AA%D8%B1%D9%86-%D8%AF%DB%8C%D8%AC%DB%8C%D8%AA%D8%A7%D9%84-%D9%85%D8%AF%D9%84-my-passport-%D8%B8%D8%B1%D9%81%DB%8C%D8%AA-%DA%86%D9%87%D8%A7%D8%B1-%D8%AA%D8%B1%D8%A7%D8%A8%D8%A7%DB%8C%D8%AA-%D8%AF%D8%A7%D8%B1%D8%A7%DB%8C-%D8%B1%D8%A7%D8%A8%D8%B7-usb-type-a-30/","۴.۳","بوبوکو شاپ","عالی","هارددیسک «My Passport» محصولی از شرکت «وسترن دیجیتال» یا همان WD است که در گروه هارددیسک‌های اکسترنال قابل حمل قرار می‌گیرد. این هارددیسک از طریق رابط USB3.0 به رایانه متصل می‌شود و می‌تواند اطلاعات را با سرعت زیاد انتقال دهد. سایز هد ارایه شده روی این محصول 2.5 اینچ بوده که سایز استاندارد برای هاردهای اکسترنال محسوب می‌شود. طراحی این هارد به‌گونه‌ای است که هنگام در دست گرفتنش سادگی منحصر به فرد آن هر سلیقه‌ای را راضی می‌کند. ظرفیت 2 ترابایتی این هارددیسک برای افرادی‌ که اطلا ...","هارد اکسترنال وسترن دیجیتال مدل My Passport ظرفیت چهار ترابایت دارای رابط USB Type-A 3.0","۱۹,۹۰۰,۰۰۰","","https://dkstatics-public.digikala.com/digikala-products/8da92c9e2cf3f96e85038019f764204ff5b39d24_1754245559.jpg?x-oss-process=image/resize,m_lfit,h_800,w_800/quality,q_90
https://dkstatics-public.digikala.com/digikala-products/8da92c9e2cf3f96e85038019f764204ff5b39d24_1754245559.jpg?x-oss-process=image/resize,m_lfit,h_800,w_800/quality,q_90
https://dkstatics-public.digikala.com/digikala-products/af5993046ce0116e2f393f2037344547aa2280da_1627110326.jpg?x-oss-process=image/resize,m_lfit,h_800,w_800/quality,q_90
https://dkstatics-public.digikala.com/digikala-products/f61674de28b586a43eed0420ed70440e1d728c25_1750885153.jpg?x-oss-process=image/resize,m_lfit,h_800,w_800/quality,q_90
https://dkstatics-public.digikala.com/digikala-products/8da92c9e2cf3f96e85038019f764204ff5b39d24_1754245559.jpg?x-oss-process=image/resize,m_lfit,h_800,w_800/quality,q_90","مشکیسفید","","ویژگی‌هافرم فکتور (سایز هد)2.5 اینچ2.5 اینچسرعت چرخش54005400نوع رابط کابلUSB Type-A 3.0USB Type-A 3.0مشاهده همه ویژگی‌ها","مشخصاتمشخصات فیزیکینوع هارد دیسک اکسترنالقابل حمل وزن۱۲۰ گرمابعاد۱۰۷.۲x۷۵x۱۱.۲ میلی‌مترمشاهده بیشتر"
"1771409311-134","https://www.digikala.com/search/category-external-hard-disk/?has_selling_stock=1","هارد دیسک اکسترنال سیلیکون پاور مدل D30 ظرفیت 2 ترابایت","۱۵,۸۰۰,۰۰۰","","","۴.۲","تنها ۱ عدد در انبار باقی مانده","","","هارد دیسک اکسترنال سیلیکون پاور مدل D30 ظرفیت 2 ترابایتتنها ۱ عدد در انبار باقی مانده
۴.۲۱۵,۸۰۰,۰۰۰","https://www.digikala.com/product/dkp-459671/%D9%87%D8%A7%D8%B1%D8%AF-%D8%AF%DB%8C%D8%B3%DA%A9-%D8%A7%DA%A9%D8%B3%D8%AA%D8%B1%D9%86%D8%A7%D9%84-%D8%B3%DB%8C%D9%84%DB%8C%DA%A9%D9%88%D9%86-%D9%BE%D8%A7%D9%88%D8%B1-%D9%85%D8%AF%D9%84-d30-%D8%B8%D8%B1%D9%81%DB%8C%D8%AA-2-%D8%AA%D8%B1%D8%A7%D8%A8%D8%A7%DB%8C%D8%AA/","۴.۲","تجارت فناوری پاسارگاد","عالی","این روزها تصاویر، ویدئو‌ها، نرم افزارها و ... حجم بیشتری نسبت به قبل دارند و دیگر نمی‌توان تمام اطلاعات خود را در یک یا دو دیسک (CD  یا DVD)  ذخیره کرد. همچنین کاربران تمایل دارند که بتوانند همیشه اطلاعات مهم‌شان را با خود همراه داشته باشند تا هر زمان که به آن‌ها نیاز بود به راحتی از آن استفاده کنند. هاردهای اکسترنال گزینه‌ی بسیار خوبی برای ذخیره‌سازی اطلاعات هستند که به کمک آن‌ها می‌توان با تقبل هزینه‌ای مناسب، حجم زیادی ...","هارد دیسک اکسترنال سیلیکون پاور مدل D30 ظرفیت 2 ترابایت","۱۵,۸۰۰,۰۰۰","","https://dkstatics-public.digikala.com/digikala-products/2499331.jpg?x-oss-process=image/resize,m_lfit,h_800,w_800/quality,q_90
https://dkstatics-public.digikala.com/digikala-products/2499383.jpg?x-oss-process=image/resize,m_lfit,h_800,w_800/quality,q_90
https://dkstatics-public.digikala.com/digikala-products/2499413.jpg?x-oss-process=image/resize,m_lfit,h_800,w_800/quality,q_90
https://dkstatics-public.digikala.com/digikala-products/2499331.jpg?x-oss-process=image/resize,m_lfit,h_800,w_800/quality,q_90","مشکی","","","مشخصاتمشخصات فیزیکیوزن۱۴۵ گرمابعاد۱۰ × ۸۱ × ۱۲۶ میلی‌مترمشاهده بیشتر"
"1771409313-135","https://www.digikala.com/search/category-external-hard-disk/?has_selling_stock=1","هارد اکسترنال سیلیکون پاور مدل Armor A60 ظرفیت 4 ترابایت","","","","۴.۲","&nbsp;","","","هارد اکسترنال سیلیکون پاور مدل Armor A60 ظرفیت 4 ترابایت&nbsp;
۴.۲ناموجود","https://www.digikala.com/product/dkp-149234/%D9%87%D8%A7%D8%B1%D8%AF-%D8%A7%DA%A9%D8%B3%D8%AA%D8%B1%D9%86%D8%A7%D9%84-%D8%B3%DB%8C%D9%84%DB%8C%DA%A9%D9%88%D9%86-%D9%BE%D8%A7%D9%88%D8%B1-%D9%85%D8%AF%D9%84-armor-a60-%D8%B8%D8%B1%D9%81%DB%8C%D8%AA-4-%D8%AA%D8%B1%D8%A7%D8%A8%D8%A7%DB%8C%D8%AA/","۴.۲","","","شرکت سیلیکون پاور یکی از بزرگ‌ترین طراحان و سازندگان فلش مموری و هارد اکسترنال در دنیا است و هارد دیسک‌های اکسترنال Armor A60 محصول این شرکت است. آرمور (Armor) به معنای زره است و هارد دیسک Armor A60که از همین سری است، بدنه‌ای ضد ضربه، مقاوم در برابر اسپری شدن آب، شوک، لغزش، خط و خش و گرد و غبار دارد. این بدنه به دلیل مقاومت زیادش به زره معروف شده و می‌تواند از داده‌های شما در برابر صدمات ناشی از فعالیت‌های روزانه حفاظت کند. این هارد دیسک، تست سقو ...","","","","https://dkstatics-public.digikala.com/digikala-products/731e856a87000dad2ea670d2a86a35e1e689c50a_1753698364.jpg?x-oss-process=image/resize,m_lfit,h_800,w_800/quality,q_90
https://dkstatics-public.digikala.com/digikala-products/731e856a87000dad2ea670d2a86a35e1e689c50a_1753698364.jpg?x-oss-process=image/resize,m_lfit,h_800,w_800/quality,q_90
https://dkstatics-public.digikala.com/digikala-products/85375.jpg?x-oss-process=image/resize,m_lfit,h_800,w_800/quality,q_90
https://dkstatics-public.digikala.com/digikala-products/85445.jpg?x-oss-process=image/resize,m_lfit,h_800,w_800/quality,q_90
https://dkstatics-public.digikala.com/digikala-products/731e856a87000dad2ea670d2a86a35e1e689c50a_1753698364.jpg?x-oss-process=image/resize,m_lfit,h_800,w_800/quality,q_90","","","","مشخصاتمشخصات فیزیکینوع هارد دیسک اکسترنالقابل حمل وزن۲۵۵ گرمابعاد    میلی‌مترمشاهده بیشتر"
"1771409315-136","https://www.digikala.com/search/category-external-hard-disk/?has_selling_stock=1","هارد اکسترنال سیگیت مدل Okoye SE FireCuda STLX2000403 ظرفیت دو ترابایت دارای رابط USB Type-A 3.2","۱۶,۷۹۹,۰۰۰","","","۴.۲","تنها ۱ عدد در انبار باقی مانده","","","هارد اکسترنال سیگیت مدل Okoye SE FireCuda STLX2000403 ظرفیت دو ترابایت دارای رابط USB Type-A 3.2تنها ۱ عدد در انبار باقی مانده
۴.۲۱۶,۷۹۹,۰۰۰","https://www.digikala.com/product/dkp-14886709/%D9%87%D8%A7%D8%B1%D8%AF-%D8%A7%DA%A9%D8%B3%D8%AA%D8%B1%D9%86%D8%A7%D9%84-%D8%B3%DB%8C%DA%AF%DB%8C%D8%AA-%D9%85%D8%AF%D9%84-okoye-se-firecuda-stlx2000403-%D8%B8%D8%B1%D9%81%DB%8C%D8%AA-%D8%AF%D9%88-%D8%AA%D8%B1%D8%A7%D8%A8%D8%A7%DB%8C%D8%AA-%D8%AF%D8%A7%D8%B1%D8%A7%DB%8C-%D8%B1%D8%A7%D8%A8%D8%B7-usb-type-a-32/","۴.۲","فروشگاه ایسوز","عالی","هارد اکسترنال سیگیت Okoye SE FireCuda با ظرفیت دو ترابایت، ترکیبی از سرعت، طراحی جمع‌وجور و قابلیت حمل آسان ارائه می‌دهد. وزن سبک ۱۶۷ گرمی و ابعاد کوچک ۱۴.۵×۸۰×۱۲۲.۵ میلی‌متر، حمل آن را ساده کرده و امکان جا دادن هارد در کیف لپ‌تاپ یا حتی جیب بزرگ را فراهم می‌کند، بنابراین برای سفر و استفاده روزمره ایده‌آل است.

بدنه هارد مقاوم در برابر خط و خش طراحی شده و این ویژگی باعث می‌شود حتی پس از استفاده مداوم ظاهر دستگاه تمیز و بدون آسیب باقی بماند. طراحی جمع‌وجور و حرفه‌ای آن، مناسب  ...","هارد اکسترنال سیگیت مدل Okoye SE FireCuda STLX2000403 ظرفیت دو ترابایت دارای رابط USB Type-A 3.2","۱۶,۷۹۹,۰۰۰","","https://dkstatics-public.digikala.com/digikala-products/d2fde231ed8a675bc3d59e611ac898699ba630ae_1756722693.jpg?x-oss-process=image/resize,m_lfit,h_800,w_800/quality,q_90
https://dkstatics-public.digikala.com/digikala-products/d2fde231ed8a675bc3d59e611ac898699ba630ae_1756722693.jpg?x-oss-process=image/resize,m_lfit,h_800,w_800/quality,q_90
https://dkstatics-public.digikala.com/digikala-products/2629fa08444e16523079fbe49ce36f901ae56fdc_1755592232.jpg?x-oss-process=image/resize,m_lfit,h_800,w_800/quality,q_90
https://dkstatics-public.digikala.com/digikala-products/7e75e957a893d8186b8eb3623966ddcef2a90131_1754253629.jpg?x-oss-process=image/resize,m_lfit,h_800,w_800/quality,q_90
https://dkstatics-public.digikala.com/digikala-products/d2fde231ed8a675bc3d59e611ac898699ba630ae_1756722693.jpg?x-oss-process=image/resize,m_lfit,h_800,w_800/quality,q_90","قرمز","","ویژگی‌هافرم فکتور (سایز هد)2.5 اینچ2.5 اینچسرعت چرخش72007200نوع رابط کابلUSB Type-A 3.2USB Type-A 3.2مشاهده همه ویژگی‌ها","مشخصاتمشخصات فیزیکینوع هارد دیسک اکسترنالقابل حمل وزن۱۶۷ گرمابعاد۱۴.۵×۸۰×۱۲۲.۵  میلی‌مترمشاهده بیشتر"
"1771409317-137","https://www.digikala.com/search/category-external-hard-disk/?has_selling_stock=1","هارد اکسترنال اپیسر مدل ac533 ظرفیت 2 ترابایت","۱۶,۲۰۰,۰۰۰","","","۴.۵","تنها ۱ عدد در انبار باقی مانده","","","هارد اکسترنال اپیسر مدل ac533 ظرفیت 2 ترابایتتنها ۱ عدد در انبار باقی مانده
۴.۵۱۶,۲۰۰,۰۰۰","https://www.digikala.com/product/dkp-9526444/%D9%87%D8%A7%D8%B1%D8%AF-%D8%A7%DA%A9%D8%B3%D8%AA%D8%B1%D9%86%D8%A7%D9%84-%D8%A7%D9%BE%DB%8C%D8%B3%D8%B1-%D9%85%D8%AF%D9%84-ac533-%D8%B8%D8%B1%D9%81%DB%8C%D8%AA-2-%D8%AA%D8%B1%D8%A7%D8%A8%D8%A7%DB%8C%D8%AA/","۴.۵","پاوران همراه","عالی","دستگیره های لاستیکی دوگانه AC533 محافظت ایمنی برای محیط بیرونی، کاهش نیروی ضربه و کاهش خطر آسیب دیدگی هارد دیسک را فراهم می‌کند و به کاربران اجازه می‌دهد هنگام حمل هارد خود در دنیای واقعی احساس امنیت کنندهارد دیسک قابل حمل AC533 USB 3.2 Gen 1 در سه رنگ چشم نواز عرضه می شود: قرمز گارنتی، آبی پر جنب و جوش و مشکی. رنگی را انتخاب کنید که با سلیقه شما مطابقت داردمدل‌های با ظرفیت بزرگ AC533 تا 5 ترابایت فضای ذخیره‌سازی را برای نیاز به فضای ذخیره‌سازی انبوه شما مانند فایل‌های حجیم،  ...","هارد اکسترنال اپیسر مدل ac533 ظرفیت 2 ترابایت","۱۳,۹۹۰,۰۰۰","","https://dkstatics-public.digikala.com/digikala-products/fda1397f40d8747f490a5227f51c22e7e001caa3_1754249254.jpg?x-oss-process=image/resize,m_lfit,h_800,w_800/quality,q_90
https://dkstatics-public.digikala.com/digikala-products/fda1397f40d8747f490a5227f51c22e7e001caa3_1754249254.jpg?x-oss-process=image/resize,m_lfit,h_800,w_800/quality,q_90
https://dkstatics-public.digikala.com/digikala-products/8bf3e72a48b9dd97dd78fdfe77080e203b868ac8_1664016963.jpg?x-oss-process=image/resize,m_lfit,h_800,w_800/quality,q_90
https://dkstatics-public.digikala.com/digikala-products/b6a958a09e654101bf5eee61decf5857bf0e665c_1664016964.jpg?x-oss-process=image/resize,m_lfit,h_800,w_800/quality,q_90
https://dkstatics-public.digikala.com/digikala-products/fda1397f40d8747f490a5227f51c22e7e001caa3_1754249254.jpg?x-oss-process=image/resize,m_lfit,h_800,w_800/quality,q_90","قرمزآبیمشکی","","ویژگی‌هافرم فکتور (سایز هد)2.5 اینچ2.5 اینچمشاهده همه ویژگی‌ها","مشخصاتمشخصات فیزیکیوزن۱۷۵ گرممشاهده بیشتر"
"1771409320-138","https://www.digikala.com/search/category-external-hard-disk/?has_selling_stock=1","هارد اکسترنال سیلیکون پاور مدل Stream S05 ظرفیت دو ترابایت دارای رابط USB Type-A 3.2","۱۴,۵۰۰,۰۰۰","","","۴.۳","تنها ۱ عدد در انبار باقی مانده","","","هارد اکسترنال سیلیکون پاور مدل Stream S05 ظرفیت دو ترابایت دارای رابط USB Type-A 3.2تنها ۱ عدد در انبار باقی مانده
۴.۳۱۴,۵۰۰,۰۰۰","https://www.digikala.com/product/dkp-11263811/%D9%87%D8%A7%D8%B1%D8%AF-%D8%A7%DA%A9%D8%B3%D8%AA%D8%B1%D9%86%D8%A7%D9%84-%D8%B3%DB%8C%D9%84%DB%8C%DA%A9%D9%88%D9%86-%D9%BE%D8%A7%D9%88%D8%B1-%D9%85%D8%AF%D9%84-stream-s05-%D8%B8%D8%B1%D9%81%DB%8C%D8%AA-%D8%AF%D9%88-%D8%AA%D8%B1%D8%A7%D8%A8%D8%A7%DB%8C%D8%AA-%D8%AF%D8%A7%D8%B1%D8%A7%DB%8C-%D8%B1%D8%A7%D8%A8%D8%B7-usb-type-a-32/","۴.۳","تجهیزایران","عالی","هارد اکسترنال سیلیکون پاور مدل Stream S05 ظرفیت ۲ ترابایت، گزینه‌ای سبک و کم‌حجم برای کسانی است که به فضای ذخیره‌سازی زیاد و جابجایی آسان نیاز دارند. این مدل با وزن ۱۴۴ گرم و ابعاد ۱۲۶.۵×۷۹.۸×۱۵ میلی‌متر به‌راحتی در کیف لپ‌تاپ یا کیف دستی کوچک جا می‌گیرد. فرم فکتور ۲.۵ اینچی آن باعث می‌شود به منبع تغذیه جداگانه احتیاج نداشته باشد و انرژی از طریق پورت USB تأمین شود.

بدنه Stream S05 طراحی ساده و مینیمال دارد و در برابر گرد و غبار مقاوم است. این ویژگی در محیط‌هایی که احتمال تما ...","هارد اکسترنال سیلیکون پاور مدل Stream S05 ظرفیت دو ترابایت دارای رابط USB Type-A 3.2","۱۴,۵۰۰,۰۰۰","","https://dkstatics-public.digikala.com/digikala-products/6ccfef6925293739d6550208dbc32b98f9c4e6a3_1754245230.jpg?x-oss-process=image/resize,m_lfit,h_800,w_800/quality,q_90
https://dkstatics-public.digikala.com/digikala-products/6ccfef6925293739d6550208dbc32b98f9c4e6a3_1754245230.jpg?x-oss-process=image/resize,m_lfit,h_800,w_800/quality,q_90
https://dkstatics-public.digikala.com/digikala-products/c7d711ed4ddaea4ea14433088645fb8b8107b02d_1683379222.jpg?x-oss-process=image/resize,m_lfit,h_800,w_800/quality,q_90
https://dkstatics-public.digikala.com/digikala-products/f681c793ea7b098850910e7a0249afc4b595f237_1683379222.jpg?x-oss-process=image/resize,m_lfit,h_800,w_800/quality,q_90
https://dkstatics-public.digikala.com/digikala-products/6ccfef6925293739d6550208dbc32b98f9c4e6a3_1754245230.jpg?x-oss-process=image/resize,m_lfit,h_800,w_800/quality,q_90","مشکی","","ویژگی‌هافرم فکتور (سایز هد)2.5 اینچ2.5 اینچسرعت چرخش54005400نوع رابط کابلUSB Type-A 3.2USB Type-A 3.2مشاهده همه ویژگی‌ها","مشخصاتمشخصات فیزیکینوع هارد دیسک اکسترنالقابل حمل وزن۱۴۴ گرمابعاد۱۲۶.۵×۷۹.۸×۱۵ میلی‌مترمشاهده بیشتر"
"1771409322-139","https://www.digikala.com/search/category-external-hard-disk/?has_selling_stock=1","هارد دیسک اکسترنال سیلیکون پاور مدل A85B ظرفیت پنج ترابایت","","","","۴.۳","&nbsp;","","","هارد دیسک اکسترنال سیلیکون پاور مدل A85B ظرفیت پنج ترابایت&nbsp;
۴.۳ناموجود","https://www.digikala.com/product/dkp-16962960/%D9%87%D8%A7%D8%B1%D8%AF-%D8%AF%DB%8C%D8%B3%DA%A9-%D8%A7%DA%A9%D8%B3%D8%AA%D8%B1%D9%86%D8%A7%D9%84-%D8%B3%DB%8C%D9%84%DB%8C%DA%A9%D9%88%D9%86-%D9%BE%D8%A7%D9%88%D8%B1-%D9%85%D8%AF%D9%84-a85b-%D8%B8%D8%B1%D9%81%DB%8C%D8%AA-%D9%BE%D9%86%D8%AC-%D8%AA%D8%B1%D8%A7%D8%A8%D8%A7%DB%8C%D8%AA/","۴.۳","","","","","","","https://dkstatics-public.digikala.com/digikala-products/8ee45a96b86e5b5e3b3d9e3e97dbff40c8a37b16_1728545788.jpg?x-oss-process=image/resize,m_lfit,h_800,w_800/quality,q_90
https://dkstatics-public.digikala.com/digikala-products/597a335b86eeeb3d9decf89a265b3e18a06927e8_1728546072.jpg?x-oss-process=image/resize,m_lfit,h_800,w_800/quality,q_90
https://dkstatics-public.digikala.com/digikala-products/64478ff0701f380c25f394e56bd0df2154f441f1_1728545782.jpg?x-oss-process=image/resize,m_lfit,h_800,w_800/quality,q_90","","","","مشخصاتمشخصات فیزیکینوع هارد دیسک اکسترنالقابل حمل وزن۵۰۰ گرمابعاد۱۹۰*۴۰*۱۳۰ میلی‌مترمشاهده بیشتر"
"1771409324-140","https://www.digikala.com/search/category-external-hard-disk/?has_selling_stock=1","هارد اکسترنال سیلیکون پاور مدل Armor A85 ظرفیت 5 ترابایت","۳۱,۴۴۵,۰۰۰","","","۴.۵","تنها ۱ عدد در انبار باقی مانده","","","هارد اکسترنال سیلیکون پاور مدل Armor A85 ظرفیت 5 ترابایتتنها ۱ عدد در انبار باقی مانده
۴.۵۳۱,۴۴۵,۰۰۰","https://www.digikala.com/product/dkp-288633/%D9%87%D8%A7%D8%B1%D8%AF-%D8%A7%DA%A9%D8%B3%D8%AA%D8%B1%D9%86%D8%A7%D9%84-%D8%B3%DB%8C%D9%84%DB%8C%DA%A9%D9%88%D9%86-%D9%BE%D8%A7%D9%88%D8%B1-%D9%85%D8%AF%D9%84-armor-a85-%D8%B8%D8%B1%D9%81%DB%8C%D8%AA-5-%D8%AA%D8%B1%D8%A7%D8%A8%D8%A7%DB%8C%D8%AA/","۴.۵","خانه آی تی ایران","عالی","با زیاد شدن حجم دیتاها نیاز کاربران دست خوش تغییرات قرار گرفته است. دیگر فلش‌مموری‌های کوچک با ظرفیت کم نمی‌توانند از پس ذخیره‌‌ی اطلاعات برآیند. یکی از محصولاتی‌که با استقبال بسیار خوبی توسط کاربران روبه‌رو شده، هاردهای اکسترنال است. هاردهای اکسترنال در مقایسه با فلش‌مموری‌ها ظرفیت بیشتری دارند و قیمت آن‌ها با توجه به ظرفیت‌شان کم‌تر است. شرکت‌های زیادی به طراحی و تولید هاردهای اکسترنال می‌پردازند و وجود ب ...","هارد اکسترنال سیلیکون پاور مدل Armor A85 ظرفیت 5 ترابایت","۳۱,۴۴۵,۰۰۰","","https://dkstatics-public.digikala.com/digikala-products/7d13cd1b0287791de2a9d79caeda030cf6e76e5d_1753699002.jpg?x-oss-process=image/resize,m_lfit,h_800,w_800/quality,q_90
https://dkstatics-public.digikala.com/digikala-products/7d13cd1b0287791de2a9d79caeda030cf6e76e5d_1753699002.jpg?x-oss-process=image/resize,m_lfit,h_800,w_800/quality,q_90
https://dkstatics-public.digikala.com/digikala-products/901170.jpg?x-oss-process=image/resize,m_lfit,h_800,w_800/quality,q_90
https://dkstatics-public.digikala.com/digikala-products/901241.jpg?x-oss-process=image/resize,m_lfit,h_800,w_800/quality,q_90
https://dkstatics-public.digikala.com/digikala-products/7d13cd1b0287791de2a9d79caeda030cf6e76e5d_1753699002.jpg?x-oss-process=image/resize,m_lfit,h_800,w_800/quality,q_90","مشکینقره ای","","","مشخصاتمشخصات فیزیکیوزن۳۶۴ گرممشاهده بیشتر"
"1771409326-141","https://www.digikala.com/search/category-external-hard-disk/?has_selling_stock=1","هارد اکسترنال سیلیکون پاور مدل Armor A60 ظرفیت پنج ترابایت","","","","۴.۸","&nbsp;","","","هارد اکسترنال سیلیکون پاور مدل Armor A60 ظرفیت پنج ترابایت&nbsp;
۴.۸ناموجود","https://www.digikala.com/product/dkp-15744596/%D9%87%D8%A7%D8%B1%D8%AF-%D8%A7%DA%A9%D8%B3%D8%AA%D8%B1%D9%86%D8%A7%D9%84-%D8%B3%DB%8C%D9%84%DB%8C%DA%A9%D9%88%D9%86-%D9%BE%D8%A7%D9%88%D8%B1-%D9%85%D8%AF%D9%84-armor-a60-%D8%B8%D8%B1%D9%81%DB%8C%D8%AA-%D9%BE%D9%86%D8%AC-%D8%AA%D8%B1%D8%A7%D8%A8%D8%A7%DB%8C%D8%AA/","۴.۸","","","هارد اکسترنال مدل Armor A60 دارای یک سطح بافت شبکه‌ای ویژه است که عالی به نظر می‌رسد و محافظت در برابر لغزش و همچنین مقاومت در برابر اثر انگشت و خراش را افزایش می‌دهد. از دیگر ویژگی‌های ظاهری آن می‌توان به رنگ‌های خاص آن، (مشکی کامل و مشکی سبز) اشاره کرد.

شرکت سیلیکون پاور یکی از بزرگ‌ترین طراحان و سازندگان فلش مموری و هارد اکسترنال در دنیا است و هارد دیسک‌های اکسترنال Armor A60 محصول این شرکت است. آرمور (Armor) به معنای زره است و هارد دیسک Armor A60که از همین سری است، بدنه‌ ...","","","","https://dkstatics-public.digikala.com/digikala-products/7e05f6b7900e65b5d037a8d3f912f1949d55fae8_1754254701.jpg?x-oss-process=image/resize,m_lfit,h_800,w_800/quality,q_90
https://dkstatics-public.digikala.com/digikala-products/7e05f6b7900e65b5d037a8d3f912f1949d55fae8_1754254701.jpg?x-oss-process=image/resize,m_lfit,h_800,w_800/quality,q_90
https://dkstatics-public.digikala.com/digikala-products/2987d75cd9e3ab93ac5055e3dc094244213ae225_1718019397.jpg?x-oss-process=image/resize,m_lfit,h_800,w_800/quality,q_90
https://dkstatics-public.digikala.com/digikala-products/e7819d5274f268d67144155fb2e4b87a3eba0f6e_1718019311.jpg?x-oss-process=image/resize,m_lfit,h_800,w_800/quality,q_90
https://dkstatics-public.digikala.com/digikala-products/7e05f6b7900e65b5d037a8d3f912f1949d55fae8_1754254701.jpg?x-oss-process=image/resize,m_lfit,h_800,w_800/quality,q_90","","","","مشخصاتمشخصات فیزیکیوزن۲۸۰ گرمابعاد۱۳۵.۸ × ۸۵.۹ × ۲۳.۲  میلی‌مترمشاهده بیشتر"
"1771409328-142","https://www.digikala.com/search/category-external-hard-disk/?has_selling_stock=1","هارد اکسترنال سیلیکون پاور مدل Armor A62 ظرفیت 1 ترابایت","","","","۳.۹","&nbsp;","","","هارد اکسترنال سیلیکون پاور مدل Armor A62 ظرفیت 1 ترابایت&nbsp;
۳.۹ناموجود","https://www.digikala.com/product/dkp-6216827/%D9%87%D8%A7%D8%B1%D8%AF-%D8%A7%DA%A9%D8%B3%D8%AA%D8%B1%D9%86%D8%A7%D9%84-%D8%B3%DB%8C%D9%84%DB%8C%DA%A9%D9%88%D9%86-%D9%BE%D8%A7%D9%88%D8%B1-%D9%85%D8%AF%D9%84-armor-a62-%D8%B8%D8%B1%D9%81%DB%8C%D8%AA-1-%D8%AA%D8%B1%D8%A7%D8%A8%D8%A7%DB%8C%D8%AA/","۳.۹","","","هارد اکسترنال «Armor A62» محصولی از شرکت «سیلیکون پاور» است که از ظرفیت یک ترابایت برای ذخیره‌سازی اطلاعات بهره می‌برد. شرکت سیلیکون پاور هارد اکسترنال A62 را در دو مدل Armor A62S و Armor A62L روانه بازار کرده است. هارد اکسترنال حاضر مدل Armor A62S بوده که ابعاد بسیار باریک‌تری دارد. این محصول شرکت سیلیکون پاور از بدنه‌ای پلاستیکی و مقاوم در برابر انواع صدمات بهره می‌برد. این بدنه که به‌صورت هاشور‌زده طراحی شده می‌تواند در برابر خط‌ و خش مقاوم باشد. شرکت سیلیکون پاور در اطراف ...","","","","https://dkstatics-public.digikala.com/digikala-products/0e3e379eb4d562be8d030a7b03eaeb1495ccacba_1754245888.jpg?x-oss-process=image/resize,m_lfit,h_800,w_800/quality,q_90
https://dkstatics-public.digikala.com/digikala-products/0e3e379eb4d562be8d030a7b03eaeb1495ccacba_1754245888.jpg?x-oss-process=image/resize,m_lfit,h_800,w_800/quality,q_90
https://dkstatics-public.digikala.com/digikala-products/aec1e9775ec118f286b1b0ca5adc035257e20284_1629882596.jpg?x-oss-process=image/resize,m_lfit,h_800,w_800/quality,q_90
https://dkstatics-public.digikala.com/digikala-products/9af94854bfe5d84e1b804d0e5816831454620a6a_1629882597.jpg?x-oss-process=image/resize,m_lfit,h_800,w_800/quality,q_90
https://dkstatics-public.digikala.com/digikala-products/0e3e379eb4d562be8d030a7b03eaeb1495ccacba_1754245888.jpg?x-oss-process=image/resize,m_lfit,h_800,w_800/quality,q_90","","","","مشخصاتمشخصات فیزیکیوزن۱۸۰ گرممشاهده بیشتر"
"1771409330-143","https://www.digikala.com/search/category-external-hard-disk/?has_selling_stock=1","هارد اکسترنال اپیسر مدل AC732 ظرفیت 1 ترابایت ظرفیت یک ترابایت دارای رابط USB Type-A 3.0","۱۱,۸۹۵,۰۰۰","","","۴.۶","تنها ۱ عدد در انبار باقی مانده","","","هارد اکسترنال اپیسر مدل AC732 ظرفیت 1 ترابایت ظرفیت یک ترابایت دارای رابط USB Type-A 3.0تنها ۱ عدد در انبار باقی مانده
۴.۶۱۱,۸۹۵,۰۰۰","https://www.digikala.com/product/dkp-4940260/%D9%87%D8%A7%D8%B1%D8%AF-%D8%A7%DA%A9%D8%B3%D8%AA%D8%B1%D9%86%D8%A7%D9%84-%D8%A7%D9%BE%DB%8C%D8%B3%D8%B1-%D9%85%D8%AF%D9%84-ac732-%D8%B8%D8%B1%D9%81%DB%8C%D8%AA-1-%D8%AA%D8%B1%D8%A7%D8%A8%D8%A7%DB%8C%D8%AA-%D8%B8%D8%B1%D9%81%DB%8C%D8%AA-%DB%8C%DA%A9-%D8%AA%D8%B1%D8%A7%D8%A8%D8%A7%DB%8C%D8%AA-%D8%AF%D8%A7%D8%B1%D8%A7%DB%8C-%D8%B1%D8%A7%D8%A8%D8%B7-usb-type-a-30/","۴.۶","خانه آی تی ایران","عالی","شرکت «اپیسر» محصولی را با نام «AC732» روانه بازار کرده است. این محصول یک هارد اکسترنال حرفه‌ای برای ذخیره‌سازی اطلاعات با سرعت زیاد است. هارد اکسترنال AC732 از طریق درگاه USB3.1 به کامپیوتر متصل می‌شود. درگاه USB3.1 ارائه‌شده روی این محصول از نوع A است و از آن می‌توان روی کامپیوترهایی با درگاه USB2.0 و USB3.0 هم بهره برد. طراحی این محصول به‌گونه‌ای است که می‌توان کابل اتصال را روی بدنه‌ی هارد نصب کرد تا نگرانی بابت گم‌شدن آن وجود نداشته باشد و از طرفی فضای بسیار کمی را اشغال  ...","هارد اکسترنال اپیسر مدل AC732 ظرفیت 1 ترابایت ظرفیت یک ترابایت دارای رابط USB Type-A 3.0","۱۱,۸۹۹,۰۰۰","","https://dkstatics-public.digikala.com/digikala-products/afdf5db26602895881303b72d3dcf8d426b9166b_1754244773.jpg?x-oss-process=image/resize,m_lfit,h_800,w_800/quality,q_90
https://dkstatics-public.digikala.com/digikala-products/afdf5db26602895881303b72d3dcf8d426b9166b_1754244773.jpg?x-oss-process=image/resize,m_lfit,h_800,w_800/quality,q_90
https://dkstatics-public.digikala.com/digikala-products/4b3a1f545318db9a5de44d8e261b15fc075cae84_1618750753.jpg?x-oss-process=image/resize,m_lfit,h_800,w_800/quality,q_90
https://dkstatics-public.digikala.com/digikala-products/e80d82243b4957fc37a7ac760c55f5dc7ae624ae_1744788915.jpg?x-oss-process=image/resize,m_lfit,h_800,w_800/quality,q_90
https://dkstatics-public.digikala.com/digikala-products/afdf5db26602895881303b72d3dcf8d426b9166b_1754244773.jpg?x-oss-process=image/resize,m_lfit,h_800,w_800/quality,q_90","مشکی","","ویژگی‌هانوع رابط کابلUSB Type-A 3.0USB Type-A 3.0مشاهده همه ویژگی‌ها","مشخصاتمشخصات فیزیکینوع هارد دیسک اکسترنالقابل حمل رومیزی وزن۲۴۰ گرمابعاد۱۲۷x۸۰x۱۵ میلی‌مترمشاهده بیشتر"
"1771409333-144","https://www.digikala.com/search/category-external-hard-disk/?has_selling_stock=1","هارد اکسترنال اپیسر مدل AC236 ظرفیت 1 ترابایت","۱۲,۲۰۰,۰۰۰","","","۳.۹","تنها ۱ عدد در انبار باقی مانده","","","هارد اکسترنال اپیسر مدل AC236 ظرفیت 1 ترابایتتنها ۱ عدد در انبار باقی مانده
۳.۹۱۲,۲۰۰,۰۰۰","https://www.digikala.com/product/dkp-6369747/%D9%87%D8%A7%D8%B1%D8%AF-%D8%A7%DA%A9%D8%B3%D8%AA%D8%B1%D9%86%D8%A7%D9%84-%D8%A7%D9%BE%DB%8C%D8%B3%D8%B1-%D9%85%D8%AF%D9%84-ac236-%D8%B8%D8%B1%D9%81%DB%8C%D8%AA-1-%D8%AA%D8%B1%D8%A7%D8%A8%D8%A7%DB%8C%D8%AA/","۳.۹","ارتباط نوین پارسیان","عالی","شرکت «اپیسر» محصولی را با نام هارد اکسترنال اپیسر مدل AC236 ظرفیت 1 ترابایت روانه بازار کرده است. این محصول یک هارد اکسترنال حرفه‌ای برای ذخیره‌سازی اطلاعات با سرعت زیاد است. هارد اکسترنال AC236 از طریق درگاه USB3.2 به کامپیوتر متصل می‌شود. درگاه USB3.2 ارائه‌شده روی این محصول از نوع A است و از آن می‌توان روی کامپیوترهایی با درگاه USB2.0 و USB3.0 هم بهره برد. طراحی این محصول به‌گونه‌ای است که می‌توان کابل اتصال را روی بدنه‌ هارد نصب کرد تا نگرانی بابت گم‌شدن آن وجود نداشته با ...","هارد اکسترنال اپیسر مدل AC236 ظرفیت 1 ترابایت","۱۲,۲۰۰,۰۰۰","","https://dkstatics-public.digikala.com/digikala-products/61c51f32ad262c03aefbdcb326bdb8ea7d198a82_1754246089.jpg?x-oss-process=image/resize,m_lfit,h_800,w_800/quality,q_90
https://dkstatics-public.digikala.com/digikala-products/61c51f32ad262c03aefbdcb326bdb8ea7d198a82_1754246089.jpg?x-oss-process=image/resize,m_lfit,h_800,w_800/quality,q_90
https://dkstatics-public.digikala.com/digikala-products/e10f0016ef21609a4b3944704cf443c2688932b8_1631085380.jpg?x-oss-process=image/resize,m_lfit,h_800,w_800/quality,q_90
https://dkstatics-public.digikala.com/digikala-products/0081ca2e7dc969a8688689a1d6ce07a5a113f2e3_1631085380.jpg?x-oss-process=image/resize,m_lfit,h_800,w_800/quality,q_90
https://dkstatics-public.digikala.com/digikala-products/61c51f32ad262c03aefbdcb326bdb8ea7d198a82_1754246089.jpg?x-oss-process=image/resize,m_lfit,h_800,w_800/quality,q_90","آبیزردقرمز","","","مشخصاتمشخصات فیزیکیوزن۱۴۰ گرممشاهده بیشتر"
"1771409335-145","https://www.digikala.com/search/category-external-hard-disk/?has_selling_stock=1","هارد اکسترنال اپیسر مدل AC731 ظرفیت دو ترابایت دارای رابط USB Type-A 3.1","۱۴,۸۴۰,۰۰۰","","","۴.۳","تنها ۱ عدد در انبار باقی مانده","","","هارد اکسترنال اپیسر مدل AC731 ظرفیت دو ترابایت دارای رابط USB Type-A 3.1تنها ۱ عدد در انبار باقی مانده
۴.۳۱۴,۸۴۰,۰۰۰","https://www.digikala.com/product/dkp-1711047/%D9%87%D8%A7%D8%B1%D8%AF-%D8%A7%DA%A9%D8%B3%D8%AA%D8%B1%D9%86%D8%A7%D9%84-%D8%A7%D9%BE%DB%8C%D8%B3%D8%B1-%D9%85%D8%AF%D9%84-ac731-%D8%B8%D8%B1%D9%81%DB%8C%D8%AA-%D8%AF%D9%88-%D8%AA%D8%B1%D8%A7%D8%A8%D8%A7%DB%8C%D8%AA-%D8%AF%D8%A7%D8%B1%D8%A7%DB%8C-%D8%B1%D8%A7%D8%A8%D8%B7-usb-type-a-31/","۴.۳","نوژن رایان ایرانیان","عالی","هارد اکسترنال اپیسر AC731 با ظرفیت دو ترابایت برای کسانی که به دنبال یک راهکار مطمئن و مقاوم برای نگهداری و جابه‌جایی حجم بالای اطلاعات هستند انتخابی حساب شده است. این مدل با طراحی مهندسی شده و ظاهری ساده اما خوش‌ساخت عرضه شده تا هم در محیط‌های کاری و هم در سفر قابل اعتماد باشد. بدنه آن ترکیبی از روکش پلاستیکی تقویت‌شده و ساختار داخلی ضد ضربه است که علاوه بر استحکام مکانیکی، ظاهر شیک و مینیمالی هم دارد. وزن ۲۳۸ گرمی و ابعاد ۱۴۱ در ۸ در ۱۸.۴ میلی‌متری، حمل و استفاده روزانه را  ...","هارد اکسترنال اپیسر مدل AC731 ظرفیت دو ترابایت دارای رابط USB Type-A 3.1","۱۳,۲۰۰,۰۰۰","","https://dkstatics-public.digikala.com/digikala-products/050e16c0bbdde1148796fd9c334607e78075d2fd_1754836186.jpg?x-oss-process=image/resize,m_lfit,h_800,w_800/quality,q_90
https://dkstatics-public.digikala.com/digikala-products/050e16c0bbdde1148796fd9c334607e78075d2fd_1754836186.jpg?x-oss-process=image/resize,m_lfit,h_800,w_800/quality,q_90
https://dkstatics-public.digikala.com/digikala-products/119331434.jpg?x-oss-process=image/resize,m_lfit,h_800,w_800/quality,q_90
https://dkstatics-public.digikala.com/digikala-products/119331437.jpg?x-oss-process=image/resize,m_lfit,h_800,w_800/quality,q_90
https://dkstatics-public.digikala.com/digikala-products/050e16c0bbdde1148796fd9c334607e78075d2fd_1754836186.jpg?x-oss-process=image/resize,m_lfit,h_800,w_800/quality,q_90","مشکی","","ویژگی‌هافرم فکتور (سایز هد)2.5 اینچ2.5 اینچسرعت چرخش54005400نوع رابط کابلUSB Type-A 3.1USB Type-A 3.1مشاهده همه ویژگی‌ها","مشخصاتمشخصات فیزیکینوع هارد دیسک اکسترنالقابل حمل وزن۲۳۸ گرمابعاد۱۴۱×۸۸×۱۸.۴ میلی‌مترمشاهده بیشتر"
"1771409337-146","https://www.digikala.com/search/category-external-hard-disk/?has_selling_stock=1","هارد اکسترنال اپیسر مدل AC631 ظرفیت 1 ترابایت","۱۳,۵۰۰,۰۰۰","","","۴.۳","تنها ۱ عدد در انبار باقی مانده","","","هارد اکسترنال اپیسر مدل AC631 ظرفیت 1 ترابایتتنها ۱ عدد در انبار باقی مانده
۴.۳۱۳,۵۰۰,۰۰۰","https://www.digikala.com/product/dkp-404669/%D9%87%D8%A7%D8%B1%D8%AF-%D8%A7%DA%A9%D8%B3%D8%AA%D8%B1%D9%86%D8%A7%D9%84-%D8%A7%D9%BE%DB%8C%D8%B3%D8%B1-%D9%85%D8%AF%D9%84-ac631-%D8%B8%D8%B1%D9%81%DB%8C%D8%AA-1-%D8%AA%D8%B1%D8%A7%D8%A8%D8%A7%DB%8C%D8%AA/","۴.۳","ارتباط نوین پارسیان","عالی","هاردهای اکسترنال این روزها با استقبال خوبی از طرف کاربران روبه‌رو شده‌اند. این تجهیزات ذخیره‌سازی امکان ذخیره‌کردن و انتقال اطلاعات را به راحتی فراهم می‌کنند و به کمک آن‌ها می‌توان همیشه به اطلاعات مهم خود دسترسی داشت. اما وجود برندهای مختلف تولید کننده‌ی هارد و مدل‌های متنوع موجود در بازار باعث شده که تهیه یک هارد کار ساده‌ای نباشد. هاردهای اکسترنال با توجه به نوع طراحی، درگاه ارتباطی وقابلیت‌هایی که در اختیار کاربران قر ...","هارد اکسترنال اپیسر مدل AC631 ظرفیت 1 ترابایت","۱۳,۵۰۰,۰۰۰","","https://dkstatics-public.digikala.com/digikala-products/c8af42e2e6f5c8eb2af4069f22e657cb6cf342f0_1753698429.jpg?x-oss-process=image/resize,m_lfit,h_800,w_800/quality,q_90
https://dkstatics-public.digikala.com/digikala-products/c8af42e2e6f5c8eb2af4069f22e657cb6cf342f0_1753698429.jpg?x-oss-process=image/resize,m_lfit,h_800,w_800/quality,q_90
https://dkstatics-public.digikala.com/digikala-products/119117125.jpg?x-oss-process=image/resize,m_lfit,h_800,w_800/quality,q_90
https://dkstatics-public.digikala.com/digikala-products/278fe24a4185e181ccab5f968cc2e9a8e076a08d_1744788918.jpg?x-oss-process=image/resize,m_lfit,h_800,w_800/quality,q_90
https://dkstatics-public.digikala.com/digikala-products/c8af42e2e6f5c8eb2af4069f22e657cb6cf342f0_1753698429.jpg?x-oss-process=image/resize,m_lfit,h_800,w_800/quality,q_90","مشکی","","","مشخصاتمشخصات فیزیکیوزن۲۶۳ گرممشاهده بیشتر"
"1771409339-147","https://www.digikala.com/search/category-external-hard-disk/?has_selling_stock=1","هارد اکسترنال سیلیکون پاور مدل Armor A66 ظرفیت 5 ترابایت","۲۶,۱۰۰,۰۰۰","۲۷,۷۰۰,۰۰۰","۶٪","۴.۶","تنها ۱ عدد در انبار باقی مانده","","","هارد اکسترنال سیلیکون پاور مدل Armor A66 ظرفیت 5 ترابایتتنها ۱ عدد در انبار باقی مانده
۴.۶۶٪۲۶,۱۰۰,۰۰۰۲۷,۷۰۰,۰۰۰","https://www.digikala.com/product/dkp-7715138/%D9%87%D8%A7%D8%B1%D8%AF-%D8%A7%DA%A9%D8%B3%D8%AA%D8%B1%D9%86%D8%A7%D9%84-%D8%B3%DB%8C%D9%84%DB%8C%DA%A9%D9%88%D9%86-%D9%BE%D8%A7%D9%88%D8%B1-%D9%85%D8%AF%D9%84-armor-a66-%D8%B8%D8%B1%D9%81%DB%8C%D8%AA-5-%D8%AA%D8%B1%D8%A7%D8%A8%D8%A7%DB%8C%D8%AA/","۴.۶","بانی نو","عالی","هارد اکسترنال «Armor A66» محصولی از شرکت «سیلیکون پاور» است که از ظرفیت یک تاپنج  ترابایت برای ذخیره‌سازی اطلاعات بهره می‌برد. شرکت سیلیکون پاور هارد اکسترنال A66 را روانه بازار کرده است. هارد اکسترنال حاضر مدل Armor A66 بوده که ابعاد بسیار باریک‌تری دارد. این محصول شرکت سیلیکون پاور از بدنه‌ای پلاستیکی و مقاوم در برابر انواع صدمات بهره می‌برد. این بدنه به صورتی طراحی شده می‌تواند در برابر خط‌ و خش مقاوم باشد. هارد اکسترنال Armor A66 از طریق رابط USB3.2 به کامپیوتر متصل می‌شو ...","هارد اکسترنال سیلیکون پاور مدل Armor A66 ظرفیت 5 ترابایت","۲۷,۷۰۰,۰۰۰","","https://dkstatics-public.digikala.com/digikala-products/1f673af8565f614c3e1d95ff30da84c0f8bcf3c1_1754247351.jpg?x-oss-process=image/resize,m_lfit,h_800,w_800/quality,q_90
https://dkstatics-public.digikala.com/digikala-products/1f673af8565f614c3e1d95ff30da84c0f8bcf3c1_1754247351.jpg?x-oss-process=image/resize,m_lfit,h_800,w_800/quality,q_90
https://dkstatics-public.digikala.com/digikala-products/1a749482eca15443cea0fd453e95728b1df46e34_1643613590.jpg?x-oss-process=image/resize,m_lfit,h_800,w_800/quality,q_90
https://dkstatics-public.digikala.com/digikala-products/a6860c8e9fb0541a4d4f7a5a0e2c35861fc9e921_1643613504.jpg?x-oss-process=image/resize,m_lfit,h_800,w_800/quality,q_90
https://dkstatics-public.digikala.com/digikala-products/1f673af8565f614c3e1d95ff30da84c0f8bcf3c1_1754247351.jpg?x-oss-process=image/resize,m_lfit,h_800,w_800/quality,q_90","مشکی","۲۶,۱۰۰,۰۰۰","ویژگی‌هافرم فکتور (سایز هد)2.5 اینچ2.5 اینچسرعت چرخش54005400مشاهده همه ویژگی‌ها","مشخصاتمشخصات فیزیکینوع هارد دیسک اکسترنالقابل حمل وزن۲۰۹ گرمابعاد۱۶.۲×۹۶×۱۳۹ میلی‌مترمشاهده بیشتر"
"1771409341-148","https://www.digikala.com/search/category-external-hard-disk/?has_selling_stock=1","هارد اکسترنال ورباتیم مدل Store 'n' Go  ظرفیت یک ترابایت دارای رابط USB Type-A 3.0","۱۱,۳۹۰,۰۰۰","","","۱","تنها ۲ عدد در انبار باقی مانده","","","هارد اکسترنال ورباتیم مدل Store 'n' Go  ظرفیت یک ترابایت دارای رابط USB Type-A 3.0تنها ۲ عدد در انبار باقی مانده
۱۱۱,۳۹۰,۰۰۰","https://www.digikala.com/product/dkp-20513079/%D9%87%D8%A7%D8%B1%D8%AF-%D8%A7%DA%A9%D8%B3%D8%AA%D8%B1%D9%86%D8%A7%D9%84-%D9%88%D8%B1%D8%A8%D8%A7%D8%AA%DB%8C%D9%85-%D9%85%D8%AF%D9%84-store-n-go-%D8%B8%D8%B1%D9%81%DB%8C%D8%AA-%DB%8C%DA%A9-%D8%AA%D8%B1%D8%A7%D8%A8%D8%A7%DB%8C%D8%AA-%D8%AF%D8%A7%D8%B1%D8%A7%DB%8C-%D8%B1%D8%A7%D8%A8%D8%B7-usb-type-a-30/","۱","تجارت فناوری پاسارگاد","عالی","هارد اکسترنال قابل حمل Verbatim Store n Go با استفاده از رابط USB 3.0 با سرعت فوق‌العاده، از عملکرد ذخیره‌ سازی بالایی برخوردار است. USB 3.0 تا 10 برابر سرعت انتقال داده بیشتری نسبت به USB 2.0 (بر اساس سرعت گذرگاه USB) ارائه می‌دهد و انتقال داده فوق‌العاده سریعی را در حال کار فراهم می‌کند. فایل‌های دیجیتالی و کاری روزانه خود را روی این درایو قابل حمل ذخیره و حمل کنید. طراحی شیک آن نمای زیبایی به میز کار شما خواهد داد و همراهی عالی برای لپ‌تاپ شما خواهد بود.
هارد دیسک قابل حمل ...","هارد اکسترنال ورباتیم مدل Store 'n' Go  ظرفیت یک ترابایت دارای رابط USB Type-A 3.0","۱۱,۳۹۰,۰۰۰","","https://dkstatics-public.digikala.com/digikala-products/e5d8eb8a47528a534b7184f2ff4221b251b16b65_1758626297.jpg?x-oss-process=image/resize,m_lfit,h_800,w_800/quality,q_90
https://dkstatics-public.digikala.com/digikala-products/5e41cd84fdc4210d674198337a53af08696e709a_1758626280.jpg?x-oss-process=image/resize,m_lfit,h_800,w_800/quality,q_90
https://dkstatics-public.digikala.com/digikala-products/54a25c0dd53774fe6614c44da784a0b696838f1a_1758626280.jpg?x-oss-process=image/resize,m_lfit,h_800,w_800/quality,q_90
https://dkstatics-public.digikala.com/digikala-products/e5d8eb8a47528a534b7184f2ff4221b251b16b65_1758626297.jpg?x-oss-process=image/resize,m_lfit,h_800,w_800/quality,q_90","نقره ای","","ویژگی‌هافرم فکتور (سایز هد)2.5 اینچ2.5 اینچنوع رابط کابلUSB Type-A 3.0USB Type-A 3.0مشاهده همه ویژگی‌ها","مشخصاتمشخصات فیزیکینوع هارد دیسک اکسترنالقابل حمل وزن۱۶۰ گرمابعاد۱۷۰*۱۵۰*۳۰ میلی‌مترمشاهده بیشتر"
"1771409344-149","https://www.digikala.com/search/category-external-hard-disk/?has_selling_stock=1","هارد اکسترنال ای دیتا مدل HD710 ظرفیت دو ترابایت دارای رابط USB Type-A 2.0","۱۴,۲۰۰,۰۰۰","۱۴,۸۴۰,۰۰۰","۴٪","۴.۲","تنها ۱ عدد در انبار باقی مانده","","","هارد اکسترنال ای دیتا مدل HD710 ظرفیت دو ترابایت دارای رابط USB Type-A 2.0تنها ۱ عدد در انبار باقی مانده
۴.۲۴٪۱۴,۲۰۰,۰۰۰۱۴,۸۴۰,۰۰۰","https://www.digikala.com/product/dkp-34624/%D9%87%D8%A7%D8%B1%D8%AF-%D8%A7%DA%A9%D8%B3%D8%AA%D8%B1%D9%86%D8%A7%D9%84-%D8%A7%DB%8C-%D8%AF%DB%8C%D8%AA%D8%A7-%D9%85%D8%AF%D9%84-hd710-%D8%B8%D8%B1%D9%81%DB%8C%D8%AA-%D8%AF%D9%88-%D8%AA%D8%B1%D8%A7%D8%A8%D8%A7%DB%8C%D8%AA-%D8%AF%D8%A7%D8%B1%D8%A7%DB%8C-%D8%B1%D8%A7%D8%A8%D8%B7-usb-type-a-20/","۴.۲","لیان سیستم شاپ","عالی","هارد اکسترنال HD710 ای دیتا یکی از معروف‌ترین هاردهای مقاوم موجود در بازار است و تقریبا قدیمی‌ترین محصول این چنینی به حساب می‌آید. این هارد در برابر ضربه و شوک، نفوذ آب و مایعات و همجنین گرد و غبار مقاوم است.","هارد اکسترنال ای دیتا مدل HD710 ظرفیت دو ترابایت دارای رابط USB Type-A 2.0","۱۴,۸۴۰,۰۰۰","","https://dkstatics-public.digikala.com/digikala-products/47beeb90ac40cfdd182dec5783f9acb81553ad95_1753697480.jpg?x-oss-process=image/resize,m_lfit,h_800,w_800/quality,q_90
https://dkstatics-public.digikala.com/digikala-products/47beeb90ac40cfdd182dec5783f9acb81553ad95_1753697480.jpg?x-oss-process=image/resize,m_lfit,h_800,w_800/quality,q_90
https://dkstatics-public.digikala.com/digikala-products/f6bb7a2d8d85cc2482befaf27a93ec7ba47e2e73_1755591343.jpg?x-oss-process=image/resize,m_lfit,h_800,w_800/quality,q_90
https://dkstatics-public.digikala.com/digikala-products/3112462.jpg?x-oss-process=image/resize,m_lfit,h_800,w_800/quality,q_90
https://dkstatics-public.digikala.com/digikala-products/47beeb90ac40cfdd182dec5783f9acb81553ad95_1753697480.jpg?x-oss-process=image/resize,m_lfit,h_800,w_800/quality,q_90","آبیقرمزمشکیزرد","۱۴,۲۰۰,۰۰۰","ویژگی‌هافرم فکتور (سایز هد)3.5 اینچ3.5 اینچسرعت چرخش54005400نوع رابط کابلUSB Type-A 2.0USB Type-A 2.0مشاهده همه ویژگی‌ها","مشخصاتمشخصات فیزیکینوع هارد دیسک اکسترنالقابل حمل وزن۲۷۰ گرمابعاد۲۱.۵x۹۸.۵x۱۳۳.۳ میلی‌مترمشاهده بیشتر"
"1771409346-150","https://www.digikala.com/search/category-external-hard-disk/?has_selling_stock=1","هارد اکسترنال سیلیکون پاور مدل Armor A66 ظرفیت یک ترابایت دارای رابط USB Type-A 3.2","۱۲,۵۰۰,۰۰۰","","","۴.۳","تنها ۱ عدد در انبار باقی مانده","","","هارد اکسترنال سیلیکون پاور مدل Armor A66 ظرفیت یک ترابایت دارای رابط USB Type-A 3.2تنها ۱ عدد در انبار باقی مانده
۴.۳۱۲,۵۰۰,۰۰۰","https://www.digikala.com/product/dkp-7696307/%D9%87%D8%A7%D8%B1%D8%AF-%D8%A7%DA%A9%D8%B3%D8%AA%D8%B1%D9%86%D8%A7%D9%84-%D8%B3%DB%8C%D9%84%DB%8C%DA%A9%D9%88%D9%86-%D9%BE%D8%A7%D9%88%D8%B1-%D9%85%D8%AF%D9%84-armor-a66-%D8%B8%D8%B1%D9%81%DB%8C%D8%AA-%DB%8C%DA%A9-%D8%AA%D8%B1%D8%A7%D8%A8%D8%A7%DB%8C%D8%AA-%D8%AF%D8%A7%D8%B1%D8%A7%DB%8C-%D8%B1%D8%A7%D8%A8%D8%B7-usb-type-a-32/","۴.۳","پاوران همراه","خوب","هارد اکسترنال «Armor A66» محصولی از شرکت «سیلیکون پاور» است که از ظرفیت یک تاپنج  ترابایت برای ذخیره‌سازی اطلاعات بهره می‌برد. شرکت سیلیکون پاور هارد اکسترنال A66 را روانه بازار کرده است. هارد اکسترنال حاضر مدل Armor A66 بوده که ابعاد بسیار باریک‌تری دارد. این محصول شرکت سیلیکون پاور از بدنه‌ای پلاستیکی و مقاوم در برابر انواع صدمات بهره می‌برد. این بدنه به صورتی طراحی شده می‌تواند در برابر خط‌ و خش مقاوم باشد. هارد اکسترنال Armor A66 از طریق رابط USB3.2 به کامپیوتر متصل می‌شو ...","هارد اکسترنال سیلیکون پاور مدل Armor A66 ظرفیت یک ترابایت دارای رابط USB Type-A 3.2","۱۲,۵۰۰,۰۰۰","","https://dkstatics-public.digikala.com/digikala-products/bb154d8198eb39bb94670f27911133506214b554_1754247349.jpg?x-oss-process=image/resize,m_lfit,h_800,w_800/quality,q_90
https://dkstatics-public.digikala.com/digikala-products/cbb0f20eef65c9e11e49997a32ae7e160b205e36_1643460667.jpg?x-oss-process=image/resize,m_lfit,h_800,w_800/quality,q_90
https://dkstatics-public.digikala.com/digikala-products/ed6fc49d35d63f5f19de64dd8fef730e7343e1cd_1750885153.jpg?x-oss-process=image/resize,m_lfit,h_800,w_800/quality,q_90
https://dkstatics-public.digikala.com/digikala-products/bb154d8198eb39bb94670f27911133506214b554_1754247349.jpg?x-oss-process=image/resize,m_lfit,h_800,w_800/quality,q_90","مشکیآبی","","ویژگی‌هافرم فکتور (سایز هد)2.5 اینچ2.5 اینچسرعت چرخش54005400نوع رابط کابلUSB Type-A 3.2USB Type-A 3.2مشاهده همه ویژگی‌ها","مشخصاتمشخصات فیزیکینوع هارد دیسک اکسترنالقابل حمل وزن۲۰۹ گرمابعاد۱۳۹.۲x۹۶x۱۶.۲ میلی‌مترمشاهده بیشتر"
"1771409348-151","https://www.digikala.com/search/category-external-hard-disk/?has_selling_stock=1","هارد اکسترنال توشیبا مدل Canvio Gaming ظرفیت دو ترابایت دارای رابط USB Type-A 3.2","","","","۴.۵","&nbsp;","","","هارد اکسترنال توشیبا مدل Canvio Gaming ظرفیت دو ترابایت دارای رابط USB Type-A 3.2&nbsp;
۴.۵ناموجود","https://www.digikala.com/product/dkp-4446328/%D9%87%D8%A7%D8%B1%D8%AF-%D8%A7%DA%A9%D8%B3%D8%AA%D8%B1%D9%86%D8%A7%D9%84-%D8%AA%D9%88%D8%B4%DB%8C%D8%A8%D8%A7-%D9%85%D8%AF%D9%84-canvio-gaming-%D8%B8%D8%B1%D9%81%DB%8C%D8%AA-%D8%AF%D9%88-%D8%AA%D8%B1%D8%A7%D8%A8%D8%A7%DB%8C%D8%AA-%D8%AF%D8%A7%D8%B1%D8%A7%DB%8C-%D8%B1%D8%A7%D8%A8%D8%B7-usb-type-a-32/","۴.۵","","","سال 2020 با توجه به عرضه انواع و اقسام عناوین مورد انتظار یک سال بسیار جذاب برای گیمرها است، اما آیا کنسول PS4 یا Xbox شما از ظرفیت لازم برای نصب و اجرای بازی‌های رایانه‌ای برخوردار است؟ با افزایش قدرت پردازشگرهای کامپیوتری، موتورهای بازی‌سازی، کنسول‌های بازی، گنجایش هارد دیسک‌ها، حافظه‌های جامد و به‌صورت کلی پیشرفت تکنولوژی، بازی‌های رایانه‌ای نیز از این قاعده مستثنی نبوده و کیفیت گرافیکی و زیبایی آن‌ها پیوسته در حال افزایش است، اما تاثیر این موضوع در افزایش اندازه و حجم عنا ...","","","","https://dkstatics-public.digikala.com/digikala-products/bcb28c22b08db9bf3624eb5da66551ef92c015df_1754244373.jpg?x-oss-process=image/resize,m_lfit,h_800,w_800/quality,q_90
https://dkstatics-public.digikala.com/digikala-products/bcb28c22b08db9bf3624eb5da66551ef92c015df_1754244373.jpg?x-oss-process=image/resize,m_lfit,h_800,w_800/quality,q_90
https://dkstatics-public.digikala.com/digikala-products/15b30b8682227baadd56f39a7bbe254ee314ec4f_1613334690.jpg?x-oss-process=image/resize,m_lfit,h_800,w_800/quality,q_90
https://dkstatics-public.digikala.com/digikala-products/faacb1a8b0c1e69d8ffe24a4404393b52eed83bc_1750885148.jpg?x-oss-process=image/resize,m_lfit,h_800,w_800/quality,q_90
https://dkstatics-public.digikala.com/digikala-products/bcb28c22b08db9bf3624eb5da66551ef92c015df_1754244373.jpg?x-oss-process=image/resize,m_lfit,h_800,w_800/quality,q_90","","","ویژگی‌هافرم فکتور (سایز هد)2.5 اینچ2.5 اینچسرعت چرخش54005400نوع رابط کابلUSB Type-A 3.2USB Type-A 3.2مشاهده همه ویژگی‌ها","مشخصاتمشخصات فیزیکینوع هارد دیسک اکسترنالقابل حمل وزن۱۴۹ گرمابعاد۱۱۱x۸۰x۱۳.۵ میلی‌مترمشاهده بیشتر"
"1771409350-152","https://www.digikala.com/search/category-external-hard-disk/?has_selling_stock=1","هارد اکسترنال ورباتیم مدل Store 'n' Go SuperSpeed ظرفیت یک ترابایت دارای رابط USB Type-A 3.0","۱۰,۴۰۰,۰۰۰","","","","ارسال سریع دیجی‌کالا","","","هارد اکسترنال ورباتیم مدل Store 'n' Go SuperSpeed ظرفیت یک ترابایت دارای رابط USB Type-A 3.0ارسال سریع دیجی‌کالا
۱۰,۴۰۰,۰۰۰","https://www.digikala.com/product/dkp-20513184/%D9%87%D8%A7%D8%B1%D8%AF-%D8%A7%DA%A9%D8%B3%D8%AA%D8%B1%D9%86%D8%A7%D9%84-%D9%88%D8%B1%D8%A8%D8%A7%D8%AA%DB%8C%D9%85-%D9%85%D8%AF%D9%84-store-n-go-superspeed-%D8%B8%D8%B1%D9%81%DB%8C%D8%AA-%DB%8C%DA%A9-%D8%AA%D8%B1%D8%A7%D8%A8%D8%A7%DB%8C%D8%AA-%D8%AF%D8%A7%D8%B1%D8%A7%DB%8C-%D8%B1%D8%A7%D8%A8%D8%B7-usb-type-a-30/","","خانه آی تی ایران","عالی","هارد اکسترنال قابل حمل Verbatim Store n Go SuperSpeed با استفاده از رابط USB 3.0 با سرعت فوق‌العاده، از عملکرد ذخیره‌ سازی بالایی برخوردار است. USB 3.0 تا 10 برابر سرعت انتقال داده بیشتری نسبت به USB 2.0 (بر اساس سرعت گذرگاه USB) ارائه می‌دهد و انتقال داده فوق‌العاده سریعی را در حال کار فراهم می‌کند. فایل‌های دیجیتالی و کاری روزانه خود را روی این درایو قابل حمل ذخیره و حمل کنید. طراحی شیک آن نمای زیبایی به میز کار شما خواهد داد و همراهی عالی برای لپ‌تاپ شما خواهد بود.
هارد دی ...","هارد اکسترنال ورباتیم مدل Store 'n' Go SuperSpeed ظرفیت یک ترابایت دارای رابط USB Type-A 3.0","۱۰,۰۰۰,۰۰۰","","https://dkstatics-public.digikala.com/digikala-products/a48e79b69c6930827ca8e99aa74a94ac226db24f_1758627787.jpg?x-oss-process=image/resize,m_lfit,h_800,w_800/quality,q_90
https://dkstatics-public.digikala.com/digikala-products/553e1d1dc6ca34bfc84cbfbb870666c5d72a0e9b_1758627773.jpg?x-oss-process=image/resize,m_lfit,h_800,w_800/quality,q_90
https://dkstatics-public.digikala.com/digikala-products/593b3b63f437b67f6247fbf95efa27a23cd6c94d_1758627774.jpg?x-oss-process=image/resize,m_lfit,h_800,w_800/quality,q_90
https://dkstatics-public.digikala.com/digikala-products/a48e79b69c6930827ca8e99aa74a94ac226db24f_1758627787.jpg?x-oss-process=image/resize,m_lfit,h_800,w_800/quality,q_90","مشکی","","ویژگی‌هافرم فکتور (سایز هد)2.5 اینچ2.5 اینچنوع رابط کابلUSB Type-A 3.0USB Type-A 3.0مشاهده همه ویژگی‌ها","مشخصاتمشخصات فیزیکینوع هارد دیسک اکسترنالقابل حمل وزن۱۵۰ گرمابعاد۱۸۰*۱۵۰*۳۰ میلی‌مترمشاهده بیشتر"
"1771409352-153","https://www.digikala.com/search/category-external-hard-disk/?has_selling_stock=1","هارد اکسترنال توشیبا مدل Canvio Flex ظرفیت دو ترابایت دارای رابط USB Type-A 3.2","۱۴,۵۰۰,۰۰۰","","","۴.۴","ارسال سریع دیجی‌کالا","","","هارد اکسترنال توشیبا مدل Canvio Flex ظرفیت دو ترابایت دارای رابط USB Type-A 3.2ارسال سریع دیجی‌کالا
۴.۴۱۴,۵۰۰,۰۰۰","https://www.digikala.com/product/dkp-4511178/%D9%87%D8%A7%D8%B1%D8%AF-%D8%A7%DA%A9%D8%B3%D8%AA%D8%B1%D9%86%D8%A7%D9%84-%D8%AA%D9%88%D8%B4%DB%8C%D8%A8%D8%A7-%D9%85%D8%AF%D9%84-canvio-flex-%D8%B8%D8%B1%D9%81%DB%8C%D8%AA-%D8%AF%D9%88-%D8%AA%D8%B1%D8%A7%D8%A8%D8%A7%DB%8C%D8%AA-%D8%AF%D8%A7%D8%B1%D8%A7%DB%8C-%D8%B1%D8%A7%D8%A8%D8%B7-usb-type-a-32/","۴.۴","تلکام سرویس","عالی","هارد اکسترنال توشیبا مدل «Canvio Flex» علاوه بر اتصال به سیستم عامل‌های مک و ویندوز، با رابط USB-C به تبلت‌های اندرویدی و iPad Pro متصل می‌شود و نیاز به فضای خالی در تبلت و گوشی هوشمند را برطرف می‌کند.
نرخ تبادل اطلاعات در این مدل تا 5 گیگابایت در ثانیه است و با طراحی جدید بدنه و وزن 149 گرم، به‌راحتی قابل حمل و نقل است.","هارد اکسترنال توشیبا مدل Canvio Flex ظرفیت دو ترابایت دارای رابط USB Type-A 3.2","۱۴,۵۰۰,۰۰۰","","https://dkstatics-public.digikala.com/digikala-products/6a1f1e37395e9c893bbed3a242adcf8a7147161b_1754244379.jpg?x-oss-process=image/resize,m_lfit,h_800,w_800/quality,q_90
https://dkstatics-public.digikala.com/digikala-products/6a1f1e37395e9c893bbed3a242adcf8a7147161b_1754244379.jpg?x-oss-process=image/resize,m_lfit,h_800,w_800/quality,q_90
https://dkstatics-public.digikala.com/digikala-products/46080201715a409f518fc4929ba02b1725bb7a7f_1755591870.jpg?x-oss-process=image/resize,m_lfit,h_800,w_800/quality,q_90
https://dkstatics-public.digikala.com/digikala-products/d56f5a181911f7792ca0eb01eeef98f91a125934_1613837717.jpg?x-oss-process=image/resize,m_lfit,h_800,w_800/quality,q_90
https://dkstatics-public.digikala.com/digikala-products/6a1f1e37395e9c893bbed3a242adcf8a7147161b_1754244379.jpg?x-oss-process=image/resize,m_lfit,h_800,w_800/quality,q_90","نقره ای","","ویژگی‌هافرم فکتور (سایز هد)2.5 اینچ2.5 اینچسرعت چرخش54005400نوع رابط کابلUSB Type-A 3.2USB Type-A 3.2مشاهده همه ویژگی‌ها","مشخصاتمشخصات فیزیکینوع هارد دیسک اکسترنالقابل حمل وزن۱۴۹ گرمابعاد۸۰x۱۱۱x۱۳.۵ میلی‌مترمشاهده بیشتر"
"1771409354-154","https://www.digikala.com/search/category-external-hard-disk/?has_selling_stock=1","هارد اکسترنال اپیسر مدل AC732 ظرفیت 5 ترابایت","۳۲,۵۰۰,۰۰۰","","","۴.۳","تنها ۱ عدد در انبار باقی مانده","","","هارد اکسترنال اپیسر مدل AC732 ظرفیت 5 ترابایتتنها ۱ عدد در انبار باقی مانده
۴.۳۳۲,۵۰۰,۰۰۰","https://www.digikala.com/product/dkp-6252948/%D9%87%D8%A7%D8%B1%D8%AF-%D8%A7%DA%A9%D8%B3%D8%AA%D8%B1%D9%86%D8%A7%D9%84-%D8%A7%D9%BE%DB%8C%D8%B3%D8%B1-%D9%85%D8%AF%D9%84-ac732-%D8%B8%D8%B1%D9%81%DB%8C%D8%AA-5-%D8%AA%D8%B1%D8%A7%D8%A8%D8%A7%DB%8C%D8%AA/","۴.۳","خانه آی تی ایران","عالی","شرکت «اپیسر» محصولی را با نام هارد اکسترنال اپیسر مدل AC732 ظرفیت 5 ترابایت روانه بازار کرده است. این محصول یک هارد اکسترنال حرفه‌ای برای ذخیره‌سازی اطلاعات با سرعت زیاد است. هارد اکسترنال AC732 از طریق درگاه USB3.2 به کامپیوتر متصل می‌شود. درگاه USB3.2 ارائه‌شده روی این محصول از نوع A است و از آن می‌توان روی کامپیوترهایی با درگاه USB2.0 و USB3.0 هم بهره برد. طراحی این محصول به‌گونه‌ای است که می‌توان کابل اتصال را روی بدنه‌ی هارد نصب کرد تا نگرانی بابت گم‌شدن آن وجود نداشته ب ...","هارد اکسترنال اپیسر مدل AC732 ظرفیت 5 ترابایت","۲۸,۷۹۵,۰۰۰","","https://dkstatics-public.digikala.com/digikala-products/47d7525f845bcc01f66432b3146f10576fee4e83_1754245891.jpg?x-oss-process=image/resize,m_lfit,h_800,w_800/quality,q_90
https://dkstatics-public.digikala.com/digikala-products/47d7525f845bcc01f66432b3146f10576fee4e83_1754245891.jpg?x-oss-process=image/resize,m_lfit,h_800,w_800/quality,q_90
https://dkstatics-public.digikala.com/digikala-products/54a95203f83d1d15e84aba9ecc4645e03897b26c_1630235325.jpg?x-oss-process=image/resize,m_lfit,h_800,w_800/quality,q_90
https://dkstatics-public.digikala.com/digikala-products/bb3fb87876120e1c27a73cfbba68b9cb4be630b2_1630235326.jpg?x-oss-process=image/resize,m_lfit,h_800,w_800/quality,q_90
https://dkstatics-public.digikala.com/digikala-products/47d7525f845bcc01f66432b3146f10576fee4e83_1754245891.jpg?x-oss-process=image/resize,m_lfit,h_800,w_800/quality,q_90","مشکی","","","مشخصاتمشخصات فیزیکیوزن۴۲۰ گرمابعاد۱۴۰x۹۴x۲۴ میلی‌مترمشاهده بیشتر"
"1771409357-155","https://www.digikala.com/search/category-external-hard-disk/?has_selling_stock=1","هارد اکسترنال وسترن دیجیتال مدل My Book Desktop ظرفیت 14 ترابایت دارای رابط USB Type-A 3.2","۴۶,۵۵۰,۰۰۰","۵۴,۰۰۰,۰۰۰","۱۴٪","۳.۷","تنها ۱ عدد در انبار باقی مانده","","","هارد اکسترنال وسترن دیجیتال مدل My Book Desktop ظرفیت 14 ترابایت دارای رابط USB Type-A 3.2تنها ۱ عدد در انبار باقی مانده
۳.۷۱۴٪۴۶,۵۵۰,۰۰۰۵۴,۰۰۰,۰۰۰","https://www.digikala.com/product/dkp-2937622/%D9%87%D8%A7%D8%B1%D8%AF-%D8%A7%DA%A9%D8%B3%D8%AA%D8%B1%D9%86%D8%A7%D9%84-%D9%88%D8%B3%D8%AA%D8%B1%D9%86-%D8%AF%DB%8C%D8%AC%DB%8C%D8%AA%D8%A7%D9%84-%D9%85%D8%AF%D9%84-my-book-desktop-%D8%B8%D8%B1%D9%81%DB%8C%D8%AA-14-%D8%AA%D8%B1%D8%A7%D8%A8%D8%A7%DB%8C%D8%AA-%D8%AF%D8%A7%D8%B1%D8%A7%DB%8C-%D8%B1%D8%A7%D8%A8%D8%B7-usb-type-a-32/","۳.۷","بانی نو","عالی","کمبود فضا برای ذخیره‌سازی داده‌های دیجیتال معضلی است که این روزها تقریباً تمامی ما با آن درگیر هستیم. داده‌های مهم ما نیازمند یک فضای بسیار ایمن هستند که بتوانیم آن را برای مدت‌های طولانی ذخیره کنیم.  به همین علت هارد اکسترنال تبدیل به یکی از مهم‌ترین وسایلی شده است که باید در هر خانه یا شرکتی وجود داشته باشد تا تمامی داده‌های مهم در آن ذخیره شده و در مواقع مورد نیاز بتوان به راحتی به آن‌ها رجوع کرد. ما به شما هارد اکسترنال  وسترن دیجیتال مدل  My Book Desktopرا معرفی می‌کنیم  ...","هارد اکسترنال وسترن دیجیتال مدل My Book Desktop ظرفیت 14 ترابایت دارای رابط USB Type-A 3.2","۵۴,۰۰۰,۰۰۰","","https://dkstatics-public.digikala.com/digikala-products/ee9c28b4b9695d7147673d9cc36890847933847a_1754243112.jpg?x-oss-process=image/resize,m_lfit,h_800,w_800/quality,q_90
https://dkstatics-public.digikala.com/digikala-products/ee9c28b4b9695d7147673d9cc36890847933847a_1754243112.jpg?x-oss-process=image/resize,m_lfit,h_800,w_800/quality,q_90
https://dkstatics-public.digikala.com/digikala-products/26300eef200f0c94e59a0b7a9ef94bd689edc6d1_1759918736.jpg?x-oss-process=image/resize,m_lfit,h_800,w_800/quality,q_90
https://dkstatics-public.digikala.com/digikala-products/121715166.jpg?x-oss-process=image/resize,m_lfit,h_800,w_800/quality,q_90
https://dkstatics-public.digikala.com/digikala-products/ee9c28b4b9695d7147673d9cc36890847933847a_1754243112.jpg?x-oss-process=image/resize,m_lfit,h_800,w_800/quality,q_90","مشکی","۴۶,۵۵۰,۰۰۰","ویژگی‌هافرم فکتور (سایز هد)3.5 اینچ3.5 اینچسرعت چرخش54005400نوع رابط کابلUSB Type-A 3.2USB Type-A 3.2مشاهده همه ویژگی‌ها","مشخصاتمشخصات فیزیکینوع هارد دیسک اکسترنالرومیزی وزن۱۳۶۰ گرمابعاد۱۳۹x۴۹x۱۷۰ میلی‌مترمشاهده بیشتر"
"1771409359-156","https://www.digikala.com/search/category-external-hard-disk/?has_selling_stock=1","هارد اکسترنال ورباتیم مدل Store n Go ALU Slim ظرفیت دو ترابایت دارای رابط USB Type-A 3.2","۱۴,۰۰۰,۰۰۰","","","۵","تنها ۱ عدد در انبار باقی مانده","","","هارد اکسترنال ورباتیم مدل Store n Go ALU Slim ظرفیت دو ترابایت دارای رابط USB Type-A 3.2تنها ۱ عدد در انبار باقی مانده
۵۱۴,۰۰۰,۰۰۰","https://www.digikala.com/product/dkp-20512455/%D9%87%D8%A7%D8%B1%D8%AF-%D8%A7%DA%A9%D8%B3%D8%AA%D8%B1%D9%86%D8%A7%D9%84-%D9%88%D8%B1%D8%A8%D8%A7%D8%AA%DB%8C%D9%85-%D9%85%D8%AF%D9%84-store-n-go-alu-slim-%D8%B8%D8%B1%D9%81%DB%8C%D8%AA-%D8%AF%D9%88-%D8%AA%D8%B1%D8%A7%D8%A8%D8%A7%DB%8C%D8%AA-%D8%AF%D8%A7%D8%B1%D8%A7%DB%8C-%D8%B1%D8%A7%D8%A8%D8%B7-usb-type-a-32/","۵","تجارت فناوری پاسارگاد","عالی","با این هارد اکسترنال قابل حمل زیبا و خوش‌ساخت، از اطلاعات خود به شکلی عالی پشتیبان‌گیری کنید. این هارد دیسک آلومینیومی دارای رابط کاربری USB 3.2 نسل 1 برای سرعت انتقال اطلاعات تا 5 گیگابیت بر ثانیه است. سرعت و ظرفیت بالای این مدل به شما این امکان را می‌دهد که زندگی دیجیتال خود را به هر کجا که می‌خواهید ببرید.
این هارد دیسک با یک کابل Micro-B به USB-A برای اتصال به پورت‌های USB استاندارد ارائه می‌شود. برای کسانی که لپ‌تاپ‌های جدید USB-C بدون پورت USB-A دارند، یک آداپتور USB-A  ...","هارد اکسترنال ورباتیم مدل Store n Go ALU Slim ظرفیت دو ترابایت دارای رابط USB Type-A 3.2","۱۴,۰۰۰,۰۰۰","","https://dkstatics-public.digikala.com/digikala-products/09ecc6581336faa7e4752d94ea8a06db82d0bf25_1758622503.jpg?x-oss-process=image/resize,m_lfit,h_800,w_800/quality,q_90
https://dkstatics-public.digikala.com/digikala-products/09ecc6581336faa7e4752d94ea8a06db82d0bf25_1758622503.jpg?x-oss-process=image/resize,m_lfit,h_800,w_800/quality,q_90
https://dkstatics-public.digikala.com/digikala-products/49e3f06e765e3454970c0e8327921dfb4e2e7cdc_1758622503.jpg?x-oss-process=image/resize,m_lfit,h_800,w_800/quality,q_90
https://dkstatics-public.digikala.com/digikala-products/06e9f290aad4949ae888ec1ef1aac40729c26f80_1758622503.jpg?x-oss-process=image/resize,m_lfit,h_800,w_800/quality,q_90
https://dkstatics-public.digikala.com/digikala-products/09ecc6581336faa7e4752d94ea8a06db82d0bf25_1758622503.jpg?x-oss-process=image/resize,m_lfit,h_800,w_800/quality,q_90","نقره ایخاکستری","","ویژگی‌هافرم فکتور (سایز هد)2.5 اینچ2.5 اینچنوع رابط کابلUSB Type-A 3.2USB Type-A 3.2مشاهده همه ویژگی‌ها","مشخصاتمشخصات فیزیکینوع هارد دیسک اکسترنالقابل حمل وزن۱۵۰ گرمابعاد۱۷۰*۱۰۰*۳۰ میلی‌مترمشاهده بیشتر"
"1771409361-157","https://www.digikala.com/search/category-external-hard-disk/?has_selling_stock=1","هارد اکسترنال توشیبا مدل Canvio Ready ظرفیت یک ترابایت دارای رابط USB Type-A 3.2","۱۱,۰۰۰,۰۰۰","","","۴.۴","&nbsp;","","","هارد اکسترنال توشیبا مدل Canvio Ready ظرفیت یک ترابایت دارای رابط USB Type-A 3.2&nbsp;
۴.۴۱۱,۰۰۰,۰۰۰","https://www.digikala.com/product/dkp-4624211/%D9%87%D8%A7%D8%B1%D8%AF-%D8%A7%DA%A9%D8%B3%D8%AA%D8%B1%D9%86%D8%A7%D9%84-%D8%AA%D9%88%D8%B4%DB%8C%D8%A8%D8%A7-%D9%85%D8%AF%D9%84-canvio-ready-%D8%B8%D8%B1%D9%81%DB%8C%D8%AA-%DB%8C%DA%A9-%D8%AA%D8%B1%D8%A7%D8%A8%D8%A7%DB%8C%D8%AA-%D8%AF%D8%A7%D8%B1%D8%A7%DB%8C-%D8%B1%D8%A7%D8%A8%D8%B7-usb-type-a-32/","۴.۴","ماندگار تجارت بیجار","عالی","هارد اکسترنال توشیبا مدل Canvio Ready
توشیبا Canvio Ready، به¬عنوان یک هارد اکسترنال پرطرفدار و قابل اعتماد، با ویژگی‌های منحصر به فردش از جمله Plug and Play و Anti-Shock، جلوه‌ای جدید به دنیای ذخیره‌سازی داده‌ها می‌بخشد. این دستگاه، با قابلیت Plug and Play، به کاربران این امکان را می‌دهد که بدون دردسر نصب درایور یا تنظیمات پیچیده، فوراً از آن استفاده کنند. همچنین، با بهره‌گیری از تکنولوژی Anti-Shock، هرگونه شوک یا ضربه‌ای که به دستگاه وارد شود، باعث قطع برق و جلوگیری از خسا ...","هارد اکسترنال توشیبا مدل Canvio Ready ظرفیت یک ترابایت دارای رابط USB Type-A 3.2","۱۰,۶۰۰,۰۰۰","","https://dkstatics-public.digikala.com/digikala-products/345eb9274d84471fe64d8dd83530fd1caa9df1f6_1754244575.jpg?x-oss-process=image/resize,m_lfit,h_800,w_800/quality,q_90
https://dkstatics-public.digikala.com/digikala-products/345eb9274d84471fe64d8dd83530fd1caa9df1f6_1754244575.jpg?x-oss-process=image/resize,m_lfit,h_800,w_800/quality,q_90
https://dkstatics-public.digikala.com/digikala-products/e55bf15033de9776e810e88b7faa66f91081d157_1755592009.jpg?x-oss-process=image/resize,m_lfit,h_800,w_800/quality,q_90
https://dkstatics-public.digikala.com/digikala-products/287fab4e440d4bd5e6e55bda99d08b3e411cf16a_1615317566.jpg?x-oss-process=image/resize,m_lfit,h_800,w_800/quality,q_90
https://dkstatics-public.digikala.com/digikala-products/345eb9274d84471fe64d8dd83530fd1caa9df1f6_1754244575.jpg?x-oss-process=image/resize,m_lfit,h_800,w_800/quality,q_90","مشکی","","ویژگی‌هافرم فکتور (سایز هد)2.5 اینچ2.5 اینچسرعت چرخش54005400نوع رابط کابلUSB Type-A 3.2USB Type-A 3.2مشاهده همه ویژگی‌ها","مشخصاتمشخصات فیزیکینوع هارد دیسک اکسترنالقابل حمل وزن۱۴۹ گرمابعاد ۱۴×۷۸×۱۰۹  میلی‌مترمشاهده بیشتر"
"1771409364-158","https://www.digikala.com/search/category-external-hard-disk/?has_selling_stock=1","هارد اکسترنال سیلیکون پاور مدل Armor A66 ظرفیت 4 ترابایت","۲۳,۲۵۰,۰۰۰","۲۵,۷۰۰,۰۰۰","۱۰٪","۴.۴","ارسال سریع دیجی‌کالا","","","هارد اکسترنال سیلیکون پاور مدل Armor A66 ظرفیت 4 ترابایتارسال سریع دیجی‌کالا
۴.۴۱۰٪۲۳,۲۵۰,۰۰۰۲۵,۷۰۰,۰۰۰","https://www.digikala.com/product/dkp-7715057/%D9%87%D8%A7%D8%B1%D8%AF-%D8%A7%DA%A9%D8%B3%D8%AA%D8%B1%D9%86%D8%A7%D9%84-%D8%B3%DB%8C%D9%84%DB%8C%DA%A9%D9%88%D9%86-%D9%BE%D8%A7%D9%88%D8%B1-%D9%85%D8%AF%D9%84-armor-a66-%D8%B8%D8%B1%D9%81%DB%8C%D8%AA-4-%D8%AA%D8%B1%D8%A7%D8%A8%D8%A7%DB%8C%D8%AA/","۴.۴","بانی نو","عالی","هارد اکسترنال «Armor A66» محصولی از شرکت «سیلیکون پاور» است که از ظرفیت یک تاپنج  ترابایت برای ذخیره‌سازی اطلاعات بهره می‌برد. شرکت سیلیکون پاور هارد اکسترنال A66 را روانه بازار کرده است. هارد اکسترنال حاضر مدل Armor A66 بوده که ابعاد بسیار باریک‌تری دارد. این محصول شرکت سیلیکون پاور از بدنه‌ای پلاستیکی و مقاوم در برابر انواع صدمات بهره می‌برد. این بدنه به صورتی طراحی شده می‌تواند در برابر خط‌ و خش مقاوم باشد. هارد اکسترنال Armor A66 از طریق رابط USB3.2 به کامپیوتر متصل می‌شو ...","هارد اکسترنال سیلیکون پاور مدل Armor A66 ظرفیت 4 ترابایت","۲۵,۷۰۰,۰۰۰","","https://dkstatics-public.digikala.com/digikala-products/0b0d30da04a8d3bd84a56d83024b26da53d0807d_1754247350.jpg?x-oss-process=image/resize,m_lfit,h_800,w_800/quality,q_90
https://dkstatics-public.digikala.com/digikala-products/0b0d30da04a8d3bd84a56d83024b26da53d0807d_1754247350.jpg?x-oss-process=image/resize,m_lfit,h_800,w_800/quality,q_90
https://dkstatics-public.digikala.com/digikala-products/1b7532a2f47fdbd4b0ac1ebabc66cd40db78fd22_1643612770.jpg?x-oss-process=image/resize,m_lfit,h_800,w_800/quality,q_90
https://dkstatics-public.digikala.com/digikala-products/b2f4fb3834716f6b48d957ef83896d7b313507e6_1643612757.jpg?x-oss-process=image/resize,m_lfit,h_800,w_800/quality,q_90
https://dkstatics-public.digikala.com/digikala-products/0b0d30da04a8d3bd84a56d83024b26da53d0807d_1754247350.jpg?x-oss-process=image/resize,m_lfit,h_800,w_800/quality,q_90","مشکی","۲۳,۲۵۰,۰۰۰","ویژگی‌هافرم فکتور (سایز هد)2.5 اینچ2.5 اینچسرعت چرخش54005400مشاهده همه ویژگی‌ها","مشخصاتمشخصات فیزیکیوزن۲۰۹ گرممشاهده بیشتر"
"1771409367-159","https://www.digikala.com/search/category-external-hard-disk/?has_selling_stock=1","هارد اکسترنال سیلیکون پاور مدل Armor A66 ظرفیت 2 ترابایت دارای رابط USB Type-A","۱۵,۴۹۰,۰۰۰","","","۴.۴","تنها ۱ عدد در انبار باقی مانده","","","هارد اکسترنال سیلیکون پاور مدل Armor A66 ظرفیت 2 ترابایت دارای رابط USB Type-Aتنها ۱ عدد در انبار باقی مانده
۴.۴۱۵,۴۹۰,۰۰۰","https://www.digikala.com/product/dkp-7714946/%D9%87%D8%A7%D8%B1%D8%AF-%D8%A7%DA%A9%D8%B3%D8%AA%D8%B1%D9%86%D8%A7%D9%84-%D8%B3%DB%8C%D9%84%DB%8C%DA%A9%D9%88%D9%86-%D9%BE%D8%A7%D9%88%D8%B1-%D9%85%D8%AF%D9%84-armor-a66-%D8%B8%D8%B1%D9%81%DB%8C%D8%AA-2-%D8%AA%D8%B1%D8%A7%D8%A8%D8%A7%DB%8C%D8%AA-%D8%AF%D8%A7%D8%B1%D8%A7%DB%8C-%D8%B1%D8%A7%D8%A8%D8%B7-usb-type-a/","۴.۴","سرزمین حافظه ویرا","عالی","هارد اکسترنال «Armor A66» محصولی از شرکت «سیلیکون پاور» است که از ظرفیت یک تاپنج  ترابایت برای ذخیره‌سازی اطلاعات بهره می‌برد. شرکت سیلیکون پاور هارد اکسترنال A66 را روانه بازار کرده است. هارد اکسترنال حاضر مدل Armor A66 بوده که ابعاد بسیار باریک‌تری دارد. این محصول شرکت سیلیکون پاور از بدنه‌ای پلاستیکی و مقاوم در برابر انواع صدمات بهره می‌برد. این بدنه به صورتی طراحی شده می‌تواند در برابر خط‌ و خش مقاوم باشد. هارد اکسترنال Armor A66 از طریق رابط USB3.2 به کامپیوتر متصل می‌شو ...","هارد اکسترنال سیلیکون پاور مدل Armor A66 ظرفیت 2 ترابایت دارای رابط USB Type-A","۱۵,۴۹۰,۰۰۰","","https://dkstatics-public.digikala.com/digikala-products/bb154d8198eb39bb94670f27911133506214b554_1754247350.jpg?x-oss-process=image/resize,m_lfit,h_800,w_800/quality,q_90
https://dkstatics-public.digikala.com/digikala-products/bb154d8198eb39bb94670f27911133506214b554_1754247350.jpg?x-oss-process=image/resize,m_lfit,h_800,w_800/quality,q_90
https://dkstatics-public.digikala.com/digikala-products/cbb0f20eef65c9e11e49997a32ae7e160b205e36_1643611921.jpg?x-oss-process=image/resize,m_lfit,h_800,w_800/quality,q_90
https://dkstatics-public.digikala.com/digikala-products/a1ce7719a50033036f3d1dbed3e5a9e3bbc7cbb9_1643611885.jpg?x-oss-process=image/resize,m_lfit,h_800,w_800/quality,q_90
https://dkstatics-public.digikala.com/digikala-products/bb154d8198eb39bb94670f27911133506214b554_1754247350.jpg?x-oss-process=image/resize,m_lfit,h_800,w_800/quality,q_90","زرد","","ویژگی‌هافرم فکتور (سایز هد)2.5 اینچ2.5 اینچسرعت چرخش54005400نوع رابط کابلUSB Type-AUSB Type-Aمشاهده همه ویژگی‌ها","مشخصاتمشخصات فیزیکینوع هارد دیسک اکسترنالقابل حمل وزن۲۰۹ گرمابعاد۱۳۹.۲x۹۶.۰x۱۶.۲ میلی‌مترمشاهده بیشتر"
"1771409369-160","https://www.digikala.com/search/category-external-hard-disk/?has_selling_stock=1","هارددیسک اکسترنال سیلیکون پاور مدل Armor A85 ظرفیت 4 ترابایت","۲۶,۹۸۵,۰۰۰","","","۴.۳","تنها ۱ عدد در انبار باقی مانده","https://dkstatics-public.digikala.com/digikala-products/7ad47dda6cbd010906dd7021a5a031d42fda0d11_1753698699.jpg?x-oss-process=image/resize,m_lfit,h_300,w_300/quality,q_80","","هارددیسک اکسترنال سیلیکون پاور مدل Armor A85 ظرفیت 4 ترابایتتنها ۱ عدد در انبار باقی مانده
۴.۳۲۶,۹۸۵,۰۰۰","https://www.digikala.com/product/dkp-179511/%D9%87%D8%A7%D8%B1%D8%AF%D8%AF%DB%8C%D8%B3%DA%A9-%D8%A7%DA%A9%D8%B3%D8%AA%D8%B1%D9%86%D8%A7%D9%84-%D8%B3%DB%8C%D9%84%DB%8C%DA%A9%D9%88%D9%86-%D9%BE%D8%A7%D9%88%D8%B1-%D9%85%D8%AF%D9%84-armor-a85-%D8%B8%D8%B1%D9%81%DB%8C%D8%AA-4-%D8%AA%D8%B1%D8%A7%D8%A8%D8%A7%DB%8C%D8%AA/","۴.۳","اودین ایت","عالی","با زیاد شدن حجم دیتاها نیاز کاربران دست خوش تغییرات قرار گرفته است. دیگر فلش‌مموری‌های کوچک با ظرفیت کم نمی‌توانند از پس ذخیره‌‌ی اطلاعات برآیند. یکی از محصولاتی‌که با استقبال بسیار خوبی توسط کاربران روبه‌رو شده، هاردهای اکسترنال است. هاردهای اکسترنال در مقایسه با فلش‌مموری‌ها ظرفیت بیشتری دارند و قیمت آن‌ها با توجه به ظرفیت‌شان کم‌تر است. شرکت‌های زیادی به طراحی و تولید هاردهای اکسترنال می‌پردازند و وجود ب ...","هارددیسک اکسترنال سیلیکون پاور مدل Armor A85 ظرفیت 4 ترابایت","۲۶,۸۰۰,۰۰۰","","https://dkstatics-public.digikala.com/digikala-products/7ad47dda6cbd010906dd7021a5a031d42fda0d11_1753698699.jpg?x-oss-process=image/resize,m_lfit,h_800,w_800/quality,q_90
https://dkstatics-public.digikala.com/digikala-products/7ad47dda6cbd010906dd7021a5a031d42fda0d11_1753698699.jpg?x-oss-process=image/resize,m_lfit,h_800,w_800/quality,q_90
https://dkstatics-public.digikala.com/digikala-products/1400368.jpg?x-oss-process=image/resize,m_lfit,h_800,w_800/quality,q_90
https://dkstatics-public.digikala.com/digikala-products/1400441.jpg?x-oss-process=image/resize,m_lfit,h_800,w_800/quality,q_90
https://dkstatics-public.digikala.com/digikala-products/7ad47dda6cbd010906dd7021a5a031d42fda0d11_1753698699.jpg?x-oss-process=image/resize,m_lfit,h_800,w_800/quality,q_90","نقره ایمشکی","","","مشخصاتمشخصات فیزیکیوزن۳۶۴ گرمابعاد   میلی‌مترمشاهده بیشتر"
"1771409371-161","https://www.digikala.com/search/category-external-hard-disk/?has_selling_stock=1","هارد دیسک اکسترنال سیگیت مدل Expansion ظرفیت 4 ترابایت","۱۸,۶۰۰,۰۰۰","","","۴.۳","تنها ۱ عدد در انبار باقی مانده","https://dkstatics-public.digikala.com/digikala-products/ac97adda7223b9bfe53f1a5de8d9590744196a7e_1754249119.jpg?x-oss-process=image/resize,m_lfit,h_300,w_300/quality,q_80","","هارد دیسک اکسترنال سیگیت مدل Expansion ظرفیت 4 ترابایتتنها ۱ عدد در انبار باقی مانده
۴.۳۱۸,۶۰۰,۰۰۰","https://www.digikala.com/product/dkp-9392794/%D9%87%D8%A7%D8%B1%D8%AF-%D8%AF%DB%8C%D8%B3%DA%A9-%D8%A7%DA%A9%D8%B3%D8%AA%D8%B1%D9%86%D8%A7%D9%84-%D8%B3%DB%8C%DA%AF%DB%8C%D8%AA-%D9%85%D8%AF%D9%84-expansion-%D8%B8%D8%B1%D9%81%DB%8C%D8%AA-4-%D8%AA%D8%B1%D8%A7%D8%A8%D8%A7%DB%8C%D8%AA/","۴.۳","ویستا تجارت ایرانیان","عالی","هارد دیسک‌های اکسترنال سال‌ها است که مورد توجه عموم افراد قرار دارند و این ابزار می‌توانند در زمینه‌ی ذخیره و آرشیو و انتقال اطاعات بسیار کاربردی و کارآمد باشند. هاردهای اکسترنال با توجه به ظرفیت، سرعت انتقال داده‌ها و کیفیت ساخت رابط خود در دسته‌بندی‌های مختلف قرار می‌گیرند. همچنین، شرکت‌های زیادی در زمینه‌ی تولید این محصولات فعالیت دارند که از جمله مطرح‌ترین آن‌ها می‌توان به شرکت سیگیت (Seagate) اشاره کرد. هارد دیسک اکسترنال سیگیت مدل Expansion با ظرفیت 4 ترابایتی خود به را ...","هارد دیسک اکسترنال سیگیت مدل Expansion ظرفیت 4 ترابایت","۱۸,۶۰۰,۰۰۰","","https://dkstatics-public.digikala.com/digikala-products/ac97adda7223b9bfe53f1a5de8d9590744196a7e_1754249119.jpg?x-oss-process=image/resize,m_lfit,h_800,w_800/quality,q_90
https://dkstatics-public.digikala.com/digikala-products/fae6b9de360cf467f76c4f8a708d0d65d18e58ec_1662462682.jpg?x-oss-process=image/resize,m_lfit,h_800,w_800/quality,q_90
https://dkstatics-public.digikala.com/digikala-products/35fe824a28c98176f38aba9937fc511caea38d8e_1662462681.jpg?x-oss-process=image/resize,m_lfit,h_800,w_800/quality,q_90
https://dkstatics-public.digikala.com/digikala-products/ac97adda7223b9bfe53f1a5de8d9590744196a7e_1754249119.jpg?x-oss-process=image/resize,m_lfit,h_800,w_800/quality,q_90","مشکی","","","مشخصاتمشخصات فیزیکیوزن۲۵۷ گرمابعاد   میلی‌مترمشاهده بیشتر"
"1771409373-162","https://www.digikala.com/search/category-external-hard-disk/?has_selling_stock=1","هارد اکسترنال وسترن دیجیتال مدل My Book Desktop ظرفیت 18 ترابایت دارای رابط USB Type-A 3.2","۷۳,۰۰۰,۰۰۰","","","۴.۷","تنها ۲ عدد در انبار باقی مانده","","","هارد اکسترنال وسترن دیجیتال مدل My Book Desktop ظرفیت 18 ترابایت دارای رابط USB Type-A 3.2تنها ۲ عدد در انبار باقی مانده
۴.۷۷۳,۰۰۰,۰۰۰","https://www.digikala.com/product/dkp-13201351/%D9%87%D8%A7%D8%B1%D8%AF-%D8%A7%DA%A9%D8%B3%D8%AA%D8%B1%D9%86%D8%A7%D9%84-%D9%88%D8%B3%D8%AA%D8%B1%D9%86-%D8%AF%DB%8C%D8%AC%DB%8C%D8%AA%D8%A7%D9%84-%D9%85%D8%AF%D9%84-my-book-desktop-%D8%B8%D8%B1%D9%81%DB%8C%D8%AA-18-%D8%AA%D8%B1%D8%A7%D8%A8%D8%A7%DB%8C%D8%AA-%D8%AF%D8%A7%D8%B1%D8%A7%DB%8C-%D8%B1%D8%A7%D8%A8%D8%B7-usb-type-a-32/","۴.۷","لیان سیستم شاپ","عالی","هارد اکسترنال WD My Book با ظرفیت ۱۸ ترابایت، یکی از قدرتمندترین راهکارهای ذخیره‌سازی برای کاربرانی است که به فضای وسیع، امنیت اطلاعات و عملکرد پایدار نیاز دارند. این محصول با طراحی شیک و مینیمال، برای استفاده در محیط‌های حرفه‌ای، اداری و حتی خانگی گزینه‌ای ایده‌آل محسوب می‌شود. ظرفیت بالای آن به شما این امکان را می‌دهد که حجم عظیمی از فایل‌های ویدیویی، عکس‌های با کیفیت بالا، پروژه‌های کاری و نسخه‌های پشتیبان را بدون نگرانی از کمبود فضا نگهداری کنید. استفاده از رابط پرسرعت US ...","هارد اکسترنال وسترن دیجیتال مدل My Book Desktop ظرفیت 18 ترابایت دارای رابط USB Type-A 3.2","۷۳,۰۰۰,۰۰۰","","https://dkstatics-public.digikala.com/digikala-products/b657f5fd8052f961d4cacbf228a0d0c3cc1b62af_1754251644.jpg?x-oss-process=image/resize,m_lfit,h_800,w_800/quality,q_90
https://dkstatics-public.digikala.com/digikala-products/b657f5fd8052f961d4cacbf228a0d0c3cc1b62af_1754251644.jpg?x-oss-process=image/resize,m_lfit,h_800,w_800/quality,q_90
https://dkstatics-public.digikala.com/digikala-products/6c2ddb20c875cbefc33e1a20a95692500fe7d710_1750593598.jpg?x-oss-process=image/resize,m_lfit,h_800,w_800/quality,q_90
https://dkstatics-public.digikala.com/digikala-products/ca103557bda62fd3d09ccb8f13e35a6dbf21e2cd_1750885156.jpg?x-oss-process=image/resize,m_lfit,h_800,w_800/quality,q_90
https://dkstatics-public.digikala.com/digikala-products/b657f5fd8052f961d4cacbf228a0d0c3cc1b62af_1754251644.jpg?x-oss-process=image/resize,m_lfit,h_800,w_800/quality,q_90","مشکی","","ویژگی‌هافرم فکتور (سایز هد)3.5 اینچ3.5 اینچسرعت چرخش54005400نوع رابط کابلUSB Type-A 3.2USB Type-A 3.2مشاهده همه ویژگی‌ها","مشخصاتمشخصات فیزیکینوع هارد دیسک اکسترنالقابل حمل وزن۱۰۰۰ گرمابعاد۱۴۰x۵۰x۱۷۰ میلی‌مترمشاهده بیشتر"
"1771409376-163","https://www.digikala.com/search/category-external-hard-disk/?has_selling_stock=1","هارد اکسترنال سیلیکون پاور مدل Armor A30 ظرفیت 2 ترابایت دارای رابط USB Type-A","۱۴,۶۰۰,۰۰۰","","","۴.۳","تنها ۱ عدد در انبار باقی مانده","","","هارد اکسترنال سیلیکون پاور مدل Armor A30 ظرفیت 2 ترابایت دارای رابط USB Type-Aتنها ۱ عدد در انبار باقی مانده
۴.۳۱۴,۶۰۰,۰۰۰","https://www.digikala.com/product/dkp-34748/%D9%87%D8%A7%D8%B1%D8%AF-%D8%A7%DA%A9%D8%B3%D8%AA%D8%B1%D9%86%D8%A7%D9%84-%D8%B3%DB%8C%D9%84%DB%8C%DA%A9%D9%88%D9%86-%D9%BE%D8%A7%D9%88%D8%B1-%D9%85%D8%AF%D9%84-armor-a30-%D8%B8%D8%B1%D9%81%DB%8C%D8%AA-2-%D8%AA%D8%B1%D8%A7%D8%A8%D8%A7%DB%8C%D8%AA-%D8%AF%D8%A7%D8%B1%D8%A7%DB%8C-%D8%B1%D8%A7%D8%A8%D8%B7-usb-type-a/","۴.۳","پی سی پرو","عالی","شرکت سیلیکون پاور یکی از بزرگ‌ترین طراحان و سازندگان فلش مموری و هارد اکسترنال در دنیا است. این کمپانی نسل جدیدی از هارد درایو‌های اکسترنال سری Armor خود را که فوق‌العاده مستحکم هستند و از پورت USB 3.0 بهره می‌برند، با نام A30 به بازار معرفی کرد. هارد درایو A30 از نوعی ژل سیلیکونی مقاوم در برابر ضربه ساخته شده و دارای طراحی کاملاً ارگونومیک همراه با بدنه‌ای منحنی شکل با سطحی صاف بوده که امکان استفاده از این هارد را برای کاربران بسیار ساده‌تر کرده ...","هارد اکسترنال سیلیکون پاور مدل Armor A30 ظرفیت 2 ترابایت دارای رابط USB Type-A","۱۴,۶۰۰,۰۰۰","","https://dkstatics-public.digikala.com/digikala-products/66ec62879f4ba4adb4ec6149263097477133c4c4_1753697482.jpg?x-oss-process=image/resize,m_lfit,h_800,w_800/quality,q_90
https://dkstatics-public.digikala.com/digikala-products/66ec62879f4ba4adb4ec6149263097477133c4c4_1753697482.jpg?x-oss-process=image/resize,m_lfit,h_800,w_800/quality,q_90
https://dkstatics-public.digikala.com/digikala-products/268218.jpg?x-oss-process=image/resize,m_lfit,h_800,w_800/quality,q_90
https://dkstatics-public.digikala.com/digikala-products/260815.jpg?x-oss-process=image/resize,m_lfit,h_800,w_800/quality,q_90
https://dkstatics-public.digikala.com/digikala-products/66ec62879f4ba4adb4ec6149263097477133c4c4_1753697482.jpg?x-oss-process=image/resize,m_lfit,h_800,w_800/quality,q_90","مشکی","","ویژگی‌هافرم فکتور (سایز هد)2.5 اینچ2.5 اینچسرعت چرخش54005400نوع رابط کابلUSB Type-AUSB Type-Aمشاهده همه ویژگی‌ها","مشخصاتمشخصات فیزیکینوع هارد دیسک اکسترنالقابل حمل وزن۲۰۵ گرمابعاد۱۳۴x۸۷.۵x۱۸.۶ میلی‌مترمشاهده بیشتر"
"1771409378-164","https://www.digikala.com/search/category-external-hard-disk/?has_selling_stock=1","هارد اکسترنال سیلیکون پاور مدل Armor A62 ظرفیت 2 ترابایت","۱۴,۳۰۰,۰۰۰","","","۴.۴","تنها ۲ عدد در انبار باقی مانده","","","هارد اکسترنال سیلیکون پاور مدل Armor A62 ظرفیت 2 ترابایتتنها ۲ عدد در انبار باقی مانده
۴.۴۱۴,۳۰۰,۰۰۰","https://www.digikala.com/product/dkp-6216852/%D9%87%D8%A7%D8%B1%D8%AF-%D8%A7%DA%A9%D8%B3%D8%AA%D8%B1%D9%86%D8%A7%D9%84-%D8%B3%DB%8C%D9%84%DB%8C%DA%A9%D9%88%D9%86-%D9%BE%D8%A7%D9%88%D8%B1-%D9%85%D8%AF%D9%84-armor-a62-%D8%B8%D8%B1%D9%81%DB%8C%D8%AA-2-%D8%AA%D8%B1%D8%A7%D8%A8%D8%A7%DB%8C%D8%AA/","۴.۴","پی سی پرو","عالی","هارد اکسترنال «Armor A62» محصولی از شرکت «سیلیکون پاور» است که از ظرفیت 2 ترابایت برای ذخیره‌سازی اطلاعات بهره می‌برد. شرکت سیلیکون پاور هارد اکسترنال A62 را در دو مدل Armor A62S و Armor A62L روانه بازار کرده است. هارد اکسترنال حاضر مدل Armor A62S بوده که ابعاد بسیار باریک‌تری دارد. این محصول شرکت سیلیکون پاور از بدنه‌ای پلاستیکی و مقاوم در برابر انواع صدمات بهره می‌برد. این بدنه که به‌صورت هاشور‌زده طراحی شده می‌تواند در برابر خط‌ و خش مقاوم باشد. شرکت سیلیکون پاور در اطراف  ...","هارد اکسترنال سیلیکون پاور مدل Armor A62 ظرفیت 2 ترابایت","۱۴,۳۰۰,۰۰۰","","https://dkstatics-public.digikala.com/digikala-products/0e3e379eb4d562be8d030a7b03eaeb1495ccacba_1754245888.jpg?x-oss-process=image/resize,m_lfit,h_800,w_800/quality,q_90
https://dkstatics-public.digikala.com/digikala-products/0e3e379eb4d562be8d030a7b03eaeb1495ccacba_1754245888.jpg?x-oss-process=image/resize,m_lfit,h_800,w_800/quality,q_90
https://dkstatics-public.digikala.com/digikala-products/aec1e9775ec118f286b1b0ca5adc035257e20284_1629882712.jpg?x-oss-process=image/resize,m_lfit,h_800,w_800/quality,q_90
https://dkstatics-public.digikala.com/digikala-products/3c193c372e7ad5d9f05ca9b93dbd43e5823351c1_1744791189.jpg?x-oss-process=image/resize,m_lfit,h_800,w_800/quality,q_90
https://dkstatics-public.digikala.com/digikala-products/0e3e379eb4d562be8d030a7b03eaeb1495ccacba_1754245888.jpg?x-oss-process=image/resize,m_lfit,h_800,w_800/quality,q_90","آبی","","","مشخصاتمشخصات فیزیکیوزن۲۸۲ گرممشاهده بیشتر"
"1771409380-165","https://www.digikala.com/search/category-external-hard-disk/?has_selling_stock=1","هارد اکسترنال وسترن دیجیتال مدل My Book Desktop ظرفیت 24 ترابایت دارای رابط USB Type-A","۹۷,۰۰۰,۰۰۰","","","۵","تنها ۱ عدد در انبار باقی مانده","","","هارد اکسترنال وسترن دیجیتال مدل My Book Desktop ظرفیت 24 ترابایت دارای رابط USB Type-Aتنها ۱ عدد در انبار باقی مانده
۵۹۷,۰۰۰,۰۰۰","https://www.digikala.com/product/dkp-20312428/%D9%87%D8%A7%D8%B1%D8%AF-%D8%A7%DA%A9%D8%B3%D8%AA%D8%B1%D9%86%D8%A7%D9%84-%D9%88%D8%B3%D8%AA%D8%B1%D9%86-%D8%AF%DB%8C%D8%AC%DB%8C%D8%AA%D8%A7%D9%84-%D9%85%D8%AF%D9%84-my-book-desktop-%D8%B8%D8%B1%D9%81%DB%8C%D8%AA-24-%D8%AA%D8%B1%D8%A7%D8%A8%D8%A7%DB%8C%D8%AA-%D8%AF%D8%A7%D8%B1%D8%A7%DB%8C-%D8%B1%D8%A7%D8%A8%D8%B7-usb-type-a/","۵","آریا اندیش آسیا","عالی","","هارد اکسترنال وسترن دیجیتال مدل My Book Desktop ظرفیت 24 ترابایت دارای رابط USB Type-A","۹۷,۰۰۰,۰۰۰","","https://dkstatics-public.digikala.com/digikala-products/b933c14fa5e180237b02bf25b314845e2683684e_1756724634.jpg?x-oss-process=image/resize,m_lfit,h_800,w_800/quality,q_90
https://dkstatics-public.digikala.com/digikala-products/b933c14fa5e180237b02bf25b314845e2683684e_1756724634.jpg?x-oss-process=image/resize,m_lfit,h_800,w_800/quality,q_90
https://dkstatics-public.digikala.com/digikala-products/a6a2af56d00f41056a57779fa1d9924c98bf23c5_1756637013.jpg?x-oss-process=image/resize,m_lfit,h_800,w_800/quality,q_90
https://dkstatics-public.digikala.com/digikala-products/c776b09bc11b0eb6df3385b32889ec4d2203edf3_1756637014.jpg?x-oss-process=image/resize,m_lfit,h_800,w_800/quality,q_90","مشکی","","ویژگی‌هافرم فکتور (سایز هد)3.5 اینچ3.5 اینچسرعت چرخش54005400نوع رابط کابلUSB Type-AUSB Type-Aمشاهده همه ویژگی‌ها","مشخصاتمشخصات فیزیکینوع هارد دیسک اکسترنالرومیزی وزن۱۰۰۰ گرمابعاد۱۳۹.۱x۴۹x۱۷۰.۶ میلی‌مترمشاهده بیشتر"
"1771409382-166","https://www.digikala.com/search/category-external-hard-disk/?has_selling_stock=1","هارد اکسترنال وسترن دیجیتال مدل My Book Desktop ظرفیت 12 ترابایت دارای رابط USB Type-A 3.2","۴۵,۹۵۰,۰۰۰","","","۴.۲","تنها ۱ عدد در انبار باقی مانده","","","هارد اکسترنال وسترن دیجیتال مدل My Book Desktop ظرفیت 12 ترابایت دارای رابط USB Type-A 3.2تنها ۱ عدد در انبار باقی مانده
۴.۲۴۵,۹۵۰,۰۰۰","https://www.digikala.com/product/dkp-3121228/%D9%87%D8%A7%D8%B1%D8%AF-%D8%A7%DA%A9%D8%B3%D8%AA%D8%B1%D9%86%D8%A7%D9%84-%D9%88%D8%B3%D8%AA%D8%B1%D9%86-%D8%AF%DB%8C%D8%AC%DB%8C%D8%AA%D8%A7%D9%84-%D9%85%D8%AF%D9%84-my-book-desktop-%D8%B8%D8%B1%D9%81%DB%8C%D8%AA-12-%D8%AA%D8%B1%D8%A7%D8%A8%D8%A7%DB%8C%D8%AA-%D8%AF%D8%A7%D8%B1%D8%A7%DB%8C-%D8%B1%D8%A7%D8%A8%D8%B7-usb-type-a-32/","۴.۲","لیان سیستم شاپ","عالی","هارددیسک «My Book Desktop» توسط شرکت «وسترن دیجیتال» طراحی و تولید شده است. این هارددیسک از طریق رابط USB3.0 به رایانه متصل می‌شود و می‌تواند اطلاعات را با سرعت زیاد انتقال دهد. هارددیسک‌های اکسترنال به دو گروه قابل‌حمل و دسکتاپ تقسیم می‌شوند که با توجه به نوع استفاده، هرکدام می‌توانند کاربرد خاصی داشته باشند. هارددیسک My Book Desktop از نوع هارددیسک‌های رومیزی است. این محصول انرژی خود را از طریق آداپتور برق شهری تأمین می‌کند که در جعبه محصول قابل ‌مشاهده است. هارددیسک My Boo ...","هارد اکسترنال وسترن دیجیتال مدل My Book Desktop ظرفیت 12 ترابایت دارای رابط USB Type-A 3.2","۴۶,۹۰۰,۰۰۰","","https://dkstatics-public.digikala.com/digikala-products/2aa719d67cd16ff35a6b003d86d389f5dd455396_1754243254.jpg?x-oss-process=image/resize,m_lfit,h_800,w_800/quality,q_90
https://dkstatics-public.digikala.com/digikala-products/2aa719d67cd16ff35a6b003d86d389f5dd455396_1754243254.jpg?x-oss-process=image/resize,m_lfit,h_800,w_800/quality,q_90
https://dkstatics-public.digikala.com/digikala-products/fa68921b624e9bf173f5b61d0845948360814106_1750885146.jpg?x-oss-process=image/resize,m_lfit,h_800,w_800/quality,q_90
https://dkstatics-public.digikala.com/digikala-products/8f6da406a154f716b6d2ec7ef624a438a49ec7b9_1744808768.jpg?x-oss-process=image/resize,m_lfit,h_800,w_800/quality,q_90
https://dkstatics-public.digikala.com/digikala-products/2aa719d67cd16ff35a6b003d86d389f5dd455396_1754243254.jpg?x-oss-process=image/resize,m_lfit,h_800,w_800/quality,q_90","مشکی","۴۵,۹۴۰,۰۰۰","ویژگی‌هافرم فکتور (سایز هد)3.5 اینچ3.5 اینچسرعت چرخش54005400نوع رابط کابلUSB Type-A 3.2USB Type-A 3.2مشاهده همه ویژگی‌ها","مشخصاتمشخصات فیزیکینوع هارد دیسک اکسترنالرومیزی وزن۱۳۰۰ گرمابعاد۱۷۱x۱۱۰x۱۳۹ میلی‌مترمشاهده بیشتر"
"1771409384-167","https://www.digikala.com/search/category-external-hard-disk/?has_selling_stock=1","هارد اکسترنال فیلیپس مدل Fm21pd ظرفیت 2 ترابایت دارای رابط USB Type-A","۱۳,۹۹۰,۰۰۰","","","۴.۵","&nbsp;","","","هارد اکسترنال فیلیپس مدل Fm21pd ظرفیت 2 ترابایت دارای رابط USB Type-A&nbsp;
۴.۵۱۳,۹۹۰,۰۰۰","https://www.digikala.com/product/dkp-21006086/%D9%87%D8%A7%D8%B1%D8%AF-%D8%A7%DA%A9%D8%B3%D8%AA%D8%B1%D9%86%D8%A7%D9%84-%D9%81%DB%8C%D9%84%DB%8C%D9%BE%D8%B3-%D9%85%D8%AF%D9%84-fm21pd-%D8%B8%D8%B1%D9%81%DB%8C%D8%AA-2-%D8%AA%D8%B1%D8%A7%D8%A8%D8%A7%DB%8C%D8%AA-%D8%AF%D8%A7%D8%B1%D8%A7%DB%8C-%D8%B1%D8%A7%D8%A8%D8%B7-usb-type-a/","۴.۵","آرون گستر","عالی","هارددیسک «Fm21pd» محصولی از شرکت «فیلیپس» است که در گروه هارددیسک‌های اکسترنال قابل حمل قرار می‌گیرد. این هارددیسک از طریق رابط USB3.0 به رایانه متصل می‌شود و می‌تواند اطلاعات را با سرعت زیاد انتقال دهد. سایز هد ارایه شده روی این محصول 2.5 اینچ بوده که در یک قاب فلزی بسیار زیبا قرار گرفته است. بدنه‌ی فلزی این محصول بسیار با کیفیت است به‌گونه‌ای که هنگام در دست گرفتنش طراحی منحصر به فرد آن هر سلیقه‌ای را راضی می‌کند. ظرفیت 2 ترابایتی این هارددیسک برای افرادی‌ که اطلاعات زیادی  ...","هارد اکسترنال فیلیپس مدل Fm21pd ظرفیت 2 ترابایت دارای رابط USB Type-A","۱۳,۹۹۰,۰۰۰","","https://dkstatics-public.digikala.com/digikala-products/053e301219327c24e0c47515b4c9a0c809532615_1764589391.jpg?x-oss-process=image/resize,m_lfit,h_800,w_800/quality,q_90
https://dkstatics-public.digikala.com/digikala-products/f67103b70b946da78925862613040e69390bc721_1764589409.jpg?x-oss-process=image/resize,m_lfit,h_800,w_800/quality,q_90
https://dkstatics-public.digikala.com/digikala-products/3680eb6cdb13d0feb9e801b578f312f3435507e8_1764676770.jpg?x-oss-process=image/resize,m_lfit,h_800,w_800/quality,q_90
https://dkstatics-public.digikala.com/digikala-products/053e301219327c24e0c47515b4c9a0c809532615_1764589391.jpg?x-oss-process=image/resize,m_lfit,h_800,w_800/quality,q_90","مشکی","","ویژگی‌هاسرعت چرخش72007200نوع رابط کابلUSB Type-AUSB Type-Aمشاهده همه ویژگی‌ها","مشخصاتمشخصات فیزیکینوع هارد دیسک اکسترنالقابل حمل وزن۱۷۵ گرمابعاد۱۳۰*۸۰*۲۰ میلی‌مترمشاهده بیشتر"
"1771409386-168","https://www.digikala.com/search/category-external-hard-disk/?has_selling_stock=1","هارد اکسترنال توشیبا مدل CANVIO FLEX ظرفیت چهار ترابایت دارای رابط USB Type-A 3.2","۱۷,۹۴۵,۰۰۰","","","۴.۳","تنها ۱ عدد در انبار باقی مانده","","","هارد اکسترنال توشیبا مدل CANVIO FLEX ظرفیت چهار ترابایت دارای رابط USB Type-A 3.2تنها ۱ عدد در انبار باقی مانده
۴.۳۱۷,۹۴۵,۰۰۰","https://www.digikala.com/product/dkp-4450539/%D9%87%D8%A7%D8%B1%D8%AF-%D8%A7%DA%A9%D8%B3%D8%AA%D8%B1%D9%86%D8%A7%D9%84-%D8%AA%D9%88%D8%B4%DB%8C%D8%A8%D8%A7-%D9%85%D8%AF%D9%84-canvio-flex-%D8%B8%D8%B1%D9%81%DB%8C%D8%AA-%DA%86%D9%87%D8%A7%D8%B1-%D8%AA%D8%B1%D8%A7%D8%A8%D8%A7%DB%8C%D8%AA-%D8%AF%D8%A7%D8%B1%D8%A7%DB%8C-%D8%B1%D8%A7%D8%A8%D8%B7-usb-type-a-32/","۴.۳","خانه آی تی ایران","عالی","هارد اکسترنال توشیبا مدل Canvio Flex ظرفیت 4 ترابایت با ترکیب سازگاری و قابلیت حمل ، راه حل ذخیره سازی بین دستگاهی است که برای سبک زندگی دیجیتالی شما ساخته شده است. 
برای آزمایش ابزارهای جدید ، ما به آزادی انتخاب نیاز داریم. به همین دلیل Canvio Flex طراحی شده است تا با اکثر سیستم عامل های اصلی دستگاه ها و سیستم عامل ها به جای یکدیگر کار کند. این درایو که برای Mac ، Windows PC و تبلت ساخته شده است، به شما امکان می دهد بدون دردسر به داده ها دسترسی پیدا کرده و آنها را بین دستگا ...","هارد اکسترنال توشیبا مدل CANVIO FLEX ظرفیت چهار ترابایت دارای رابط USB Type-A 3.2","۱۷,۹۴۵,۰۰۰","","https://dkstatics-public.digikala.com/digikala-products/61aea9408000ffd2cb0d787707c36d7800562ea8_1754244374.jpg?x-oss-process=image/resize,m_lfit,h_800,w_800/quality,q_90
https://dkstatics-public.digikala.com/digikala-products/61aea9408000ffd2cb0d787707c36d7800562ea8_1754244374.jpg?x-oss-process=image/resize,m_lfit,h_800,w_800/quality,q_90
https://dkstatics-public.digikala.com/digikala-products/1023df06f275e2936d57f2c90ad40be1a6e3b7cf_1613205378.jpg?x-oss-process=image/resize,m_lfit,h_800,w_800/quality,q_90
https://dkstatics-public.digikala.com/digikala-products/1490372b37d362703597eee73c42f3e37d7c94a6_1750885150.jpg?x-oss-process=image/resize,m_lfit,h_800,w_800/quality,q_90
https://dkstatics-public.digikala.com/digikala-products/61aea9408000ffd2cb0d787707c36d7800562ea8_1754244374.jpg?x-oss-process=image/resize,m_lfit,h_800,w_800/quality,q_90","نقره ای","","ویژگی‌هافرم فکتور (سایز هد)2.5 اینچ2.5 اینچسرعت چرخش54005400نوع رابط کابلUSB Type-A 3.2USB Type-A 3.2مشاهده همه ویژگی‌ها","مشخصاتمشخصات فیزیکینوع هارد دیسک اکسترنالقابل حمل وزن۱۵۰ گرمابعاد۸۰x۱۳.۵x۱۱۱ میلی‌مترمشاهده بیشتر"
"1771409389-169","https://www.digikala.com/search/category-external-hard-disk/?has_selling_stock=1","هارد اکسترنال توشیبا مدل Canvio Flex ظرفیت یک ترابایت دارای رابط USB Type-A 3.2","۱۱,۴۴۵,۰۰۰","","","۴.۴","&nbsp;","","","هارد اکسترنال توشیبا مدل Canvio Flex ظرفیت یک ترابایت دارای رابط USB Type-A 3.2&nbsp;
۴.۴۱۱,۴۴۵,۰۰۰","https://www.digikala.com/product/dkp-4342638/%D9%87%D8%A7%D8%B1%D8%AF-%D8%A7%DA%A9%D8%B3%D8%AA%D8%B1%D9%86%D8%A7%D9%84-%D8%AA%D9%88%D8%B4%DB%8C%D8%A8%D8%A7-%D9%85%D8%AF%D9%84-canvio-flex-%D8%B8%D8%B1%D9%81%DB%8C%D8%AA-%DB%8C%DA%A9-%D8%AA%D8%B1%D8%A7%D8%A8%D8%A7%DB%8C%D8%AA-%D8%AF%D8%A7%D8%B1%D8%A7%DB%8C-%D8%B1%D8%A7%D8%A8%D8%B7-usb-type-a-32/","۴.۴","خانه آی تی ایران","عالی","هارد اکسترنال توشیبا مدل Canvio Flex ظرفیت 1 ترابایت با ترکیب سازگاری و قابلیت حمل ، راه حل ذخیره سازی بین دستگاهی است که برای سبک زندگی دیجیتالی شما ساخته شده است. برای آزمایش ابزارهای جدید ، ما به آزادی انتخاب نیاز داریم. به همین دلیل Canvio Flex طراحی شده است تا با اکثر سیستم عامل‌های اصلی دستگاه‌ها و سیستم عامل‌ها به جای یکدیگر کار کند. این درایو از قبل برای Mac ، Windows PC و تبلت ساخته شده است، به شما امکان می‌دهد بدون دردسر به داده‌ها دسترسی پیدا کرده و بین دستگاه‌ها ب ...","هارد اکسترنال توشیبا مدل Canvio Flex ظرفیت یک ترابایت دارای رابط USB Type-A 3.2","۱۱,۴۴۵,۰۰۰","","https://dkstatics-public.digikala.com/digikala-products/e2aabce6ea83e163c8b5f0eadc6ed3cc8666032d_1754244248.jpg?x-oss-process=image/resize,m_lfit,h_800,w_800/quality,q_90
https://dkstatics-public.digikala.com/digikala-products/e2aabce6ea83e163c8b5f0eadc6ed3cc8666032d_1754244248.jpg?x-oss-process=image/resize,m_lfit,h_800,w_800/quality,q_90
https://dkstatics-public.digikala.com/digikala-products/66b465a31d08382e0727d55decf70bf6417054fe_1611894880.jpg?x-oss-process=image/resize,m_lfit,h_800,w_800/quality,q_90
https://dkstatics-public.digikala.com/digikala-products/4b425c8b679f3b4db5bbd42813be2bc90096cc18_1750885147.jpg?x-oss-process=image/resize,m_lfit,h_800,w_800/quality,q_90
https://dkstatics-public.digikala.com/digikala-products/e2aabce6ea83e163c8b5f0eadc6ed3cc8666032d_1754244248.jpg?x-oss-process=image/resize,m_lfit,h_800,w_800/quality,q_90","نقره ای","","ویژگی‌هافرم فکتور (سایز هد)2.5 اینچ2.5 اینچسرعت چرخش54005400نوع رابط کابلUSB Type-A 3.2USB Type-A 3.2مشاهده همه ویژگی‌ها","مشخصاتمشخصات فیزیکینوع هارد دیسک اکسترنالقابل حمل وزن۱۴۹ گرمابعاد۷۸x۱۰۹x۱۴.۳ میلی‌مترمشاهده بیشتر"
"1771409391-170","https://www.digikala.com/search/category-external-hard-disk/?has_selling_stock=1","هارد اکسترنال سیلیکون پاور مدل Armor A65 ظرفیت دو ترابایت دارای رابط USB Type-A 3.2","۱۴,۴۲۰,۰۰۰","","","۴.۳","تنها ۱ عدد در انبار باقی مانده","","","هارد اکسترنال سیلیکون پاور مدل Armor A65 ظرفیت دو ترابایت دارای رابط USB Type-A 3.2تنها ۱ عدد در انبار باقی مانده
۴.۳۱۴,۴۲۰,۰۰۰","https://www.digikala.com/product/dkp-90575/%D9%87%D8%A7%D8%B1%D8%AF-%D8%A7%DA%A9%D8%B3%D8%AA%D8%B1%D9%86%D8%A7%D9%84-%D8%B3%DB%8C%D9%84%DB%8C%DA%A9%D9%88%D9%86-%D9%BE%D8%A7%D9%88%D8%B1-%D9%85%D8%AF%D9%84-armor-a65-%D8%B8%D8%B1%D9%81%DB%8C%D8%AA-%D8%AF%D9%88-%D8%AA%D8%B1%D8%A7%D8%A8%D8%A7%DB%8C%D8%AA-%D8%AF%D8%A7%D8%B1%D8%A7%DB%8C-%D8%B1%D8%A7%D8%A8%D8%B7-usb-type-a-32/","۴.۳","پردازشگران هسته ای","عالی","یکی از کاربردی‌ترین ابزارهای این روزهای دنیای دیجیتال هارددیسک‌های اکسترنال هستند. هارددیسک‌های اکسترنال میزبان بسیار خوبی هستند برای اطلاعاتی که نیاز به همراه داشتن آن‌ها داریم. شرکت‌های زیادی در حوزه‌ی ارائه‌ی تجهیزات ذخیره‌سازی، ازجمله هارددیسک‌های اکسترنال، فعالیت می‌کنند؛ ولی محصولات شرکت سیلیکون پاور همواره انتخاب اول بسیاری از کاربران است. شرکت سیلیکون پاور فعالیت خود را در شهر تایپه کشور تایوان در حوزه‌ی طراحی و ت ...","هارد اکسترنال سیلیکون پاور مدل Armor A65 ظرفیت دو ترابایت دارای رابط USB Type-A 3.2","۱۷,۵۰۰,۰۰۰","","https://dkstatics-public.digikala.com/digikala-products/6138627ca0cb2560917ae0d02470faea628c576b_1753698093.jpg?x-oss-process=image/resize,m_lfit,h_800,w_800/quality,q_90
https://dkstatics-public.digikala.com/digikala-products/6138627ca0cb2560917ae0d02470faea628c576b_1753698093.jpg?x-oss-process=image/resize,m_lfit,h_800,w_800/quality,q_90
https://dkstatics-public.digikala.com/digikala-products/7dde55037e1b795748ffbd23a187ca835fe92586_1755591490.jpg?x-oss-process=image/resize,m_lfit,h_800,w_800/quality,q_90
https://dkstatics-public.digikala.com/digikala-products/203251.jpg?x-oss-process=image/resize,m_lfit,h_800,w_800/quality,q_90
https://dkstatics-public.digikala.com/digikala-products/6138627ca0cb2560917ae0d02470faea628c576b_1753698093.jpg?x-oss-process=image/resize,m_lfit,h_800,w_800/quality,q_90","مشکینقره ایسفید","۱۴,۴۴۰,۰۰۰","ویژگی‌هافرم فکتور (سایز هد)3.5 اینچ3.5 اینچسرعت چرخش54005400نوع رابط کابلUSB Type-A 3.2USB Type-A 3.2مشاهده همه ویژگی‌ها","مشخصاتمشخصات فیزیکینوع هارد دیسک اکسترنالقابل حمل وزن۲۷۷ گرمابعاد۱۴۳.۴x۸۶.۷x۲۰.۷ میلی‌مترمشاهده بیشتر"
"1771409394-171","https://www.digikala.com/search/category-external-hard-disk/?has_selling_stock=1","هارد اکسترنال سیلیکون پاور مدل Armor A65 ظرفیت یک ترابایت دارای رابط USB Type-A 3.2","۱۳,۴۹۰,۰۰۰","","","۴.۳","تنها ۱ عدد در انبار باقی مانده","","","هارد اکسترنال سیلیکون پاور مدل Armor A65 ظرفیت یک ترابایت دارای رابط USB Type-A 3.2تنها ۱ عدد در انبار باقی مانده
۴.۳۱۳,۴۹۰,۰۰۰","https://www.digikala.com/product/dkp-90581/%D9%87%D8%A7%D8%B1%D8%AF-%D8%A7%DA%A9%D8%B3%D8%AA%D8%B1%D9%86%D8%A7%D9%84-%D8%B3%DB%8C%D9%84%DB%8C%DA%A9%D9%88%D9%86-%D9%BE%D8%A7%D9%88%D8%B1-%D9%85%D8%AF%D9%84-armor-a65-%D8%B8%D8%B1%D9%81%DB%8C%D8%AA-%DB%8C%DA%A9-%D8%AA%D8%B1%D8%A7%D8%A8%D8%A7%DB%8C%D8%AA-%D8%AF%D8%A7%D8%B1%D8%A7%DB%8C-%D8%B1%D8%A7%D8%A8%D8%B7-usb-type-a-32/","۴.۳","سرزمین حافظه ویرا","عالی","هارد اکسترنال Armor A65 محصول سیلیکون پاور است و در گروه هاردهای مقاوم قرار می‌گیرد. این هارد اکسترنال در برابر ضربه، شوک، رطوبت و گردوغبار مقاوم است و استانداردهای متعددی را در این زمینه کسب کرده است. برای اطلاع دقیق از ویژگی‌های هارد Armor A65 نقدوبررسی این کالا را مطالعه کنید.","هارد اکسترنال سیلیکون پاور مدل Armor A65 ظرفیت یک ترابایت دارای رابط USB Type-A 3.2","۱۳,۴۹۰,۰۰۰","","https://dkstatics-public.digikala.com/digikala-products/cb37cf6201ebabce6e1cc318b52c43474bed4f99_1753698093.jpg?x-oss-process=image/resize,m_lfit,h_800,w_800/quality,q_90
https://dkstatics-public.digikala.com/digikala-products/cb37cf6201ebabce6e1cc318b52c43474bed4f99_1753698093.jpg?x-oss-process=image/resize,m_lfit,h_800,w_800/quality,q_90
https://dkstatics-public.digikala.com/digikala-products/a789e0129c4052221404470663b9df610bddfe47_1755591530.jpg?x-oss-process=image/resize,m_lfit,h_800,w_800/quality,q_90
https://dkstatics-public.digikala.com/digikala-products/691580.jpg?x-oss-process=image/resize,m_lfit,h_800,w_800/quality,q_90
https://dkstatics-public.digikala.com/digikala-products/cb37cf6201ebabce6e1cc318b52c43474bed4f99_1753698093.jpg?x-oss-process=image/resize,m_lfit,h_800,w_800/quality,q_90","مشکیسفید","","ویژگی‌هافرم فکتور (سایز هد)3.5 اینچ3.5 اینچسرعت چرخش54005400نوع رابط کابلUSB Type-A 3.2USB Type-A 3.2مشاهده همه ویژگی‌ها","مشخصاتمشخصات فیزیکینوع هارد دیسک اکسترنالقابل حمل وزن۲۷۷ گرمابعاد۱۴۳.۴x۸۶.۷x۲۰.۷ میلی‌مترمشاهده بیشتر"
"1771409397-172","https://www.digikala.com/search/category-external-hard-disk/?has_selling_stock=1","هارد اکسترنال سیلیکون پاور مدل Armor A75 ظرفیت 2 ترابایت","","","","۴.۳","&nbsp;","","","هارد اکسترنال سیلیکون پاور مدل Armor A75 ظرفیت 2 ترابایت&nbsp;
۴.۳ناموجود","https://www.digikala.com/product/dkp-574702/%D9%87%D8%A7%D8%B1%D8%AF-%D8%A7%DA%A9%D8%B3%D8%AA%D8%B1%D9%86%D8%A7%D9%84-%D8%B3%DB%8C%D9%84%DB%8C%DA%A9%D9%88%D9%86-%D9%BE%D8%A7%D9%88%D8%B1-%D9%85%D8%AF%D9%84-armor-a75-%D8%B8%D8%B1%D9%81%DB%8C%D8%AA-2-%D8%AA%D8%B1%D8%A7%D8%A8%D8%A7%DB%8C%D8%AA/","۴.۳","","","هارد‌های اکسترنال با توجه به نوع طراحی، امکانات و درگاه‌ ارتباطی‌شان به انواع مختلفی تقسیم می‌شوند. این تجهیزات ذخیره‌سازی معمولا در قلب خود از یک هارد 2.5 یا 3.5 اینچی بهره می‌برند. شرکت‌های زیادی به طراحی و تولید تجهیزات ذخیره‌سازی می‌پردازند. سیلیکون پاور از بزرگان این صنعت است که همواره محصولاتی حرفه‌ای را روانه بازار می‌کند. هارد اکسترنال Armor A75 محصولی از شرکت سیلیکون پاور است که می‌توان آن را طلاقی طراحی زیب ...","","","","https://dkstatics-public.digikala.com/digikala-products/8eeda8675551959f566eb30fac01a5421c9e3620_1754485242.jpg?x-oss-process=image/resize,m_lfit,h_800,w_800/quality,q_90
https://dkstatics-public.digikala.com/digikala-products/8eeda8675551959f566eb30fac01a5421c9e3620_1754485242.jpg?x-oss-process=image/resize,m_lfit,h_800,w_800/quality,q_90
https://dkstatics-public.digikala.com/digikala-products/8eeda8675551959f566eb30fac01a5421c9e3620_1754245496.jpg?x-oss-process=image/resize,m_lfit,h_800,w_800/quality,q_90
https://dkstatics-public.digikala.com/digikala-products/1095050.jpg?x-oss-process=image/resize,m_lfit,h_800,w_800/quality,q_90
https://dkstatics-public.digikala.com/digikala-products/8eeda8675551959f566eb30fac01a5421c9e3620_1754485242.jpg?x-oss-process=image/resize,m_lfit,h_800,w_800/quality,q_90","","","","مشخصاتمشخصات فیزیکیوزن۱۶۹ گرمابعاد۱۲ × ۸۲ × ۱۲۴ میلی‌مترمشاهده بیشتر"
"1771409399-173","https://www.digikala.com/search/category-external-hard-disk/?has_selling_stock=1","هارد اکسترنال اپیسر مدل AC732 ظرفیت 2 ترابایت","۱۴,۶۹۰,۰۰۰","","","۴.۵","تنها ۱ عدد در انبار باقی مانده","","","هارد اکسترنال اپیسر مدل AC732 ظرفیت 2 ترابایتتنها ۱ عدد در انبار باقی مانده
۴.۵۱۴,۶۹۰,۰۰۰","https://www.digikala.com/product/dkp-4940356/%D9%87%D8%A7%D8%B1%D8%AF-%D8%A7%DA%A9%D8%B3%D8%AA%D8%B1%D9%86%D8%A7%D9%84-%D8%A7%D9%BE%DB%8C%D8%B3%D8%B1-%D9%85%D8%AF%D9%84-ac732-%D8%B8%D8%B1%D9%81%DB%8C%D8%AA-2-%D8%AA%D8%B1%D8%A7%D8%A8%D8%A7%DB%8C%D8%AA/","۴.۵","سرزمین حافظه ویرا","عالی","شرکت «اپیسر» محصولی را با نام «AC732» روانه بازار کرده است. این محصول یک هارد اکسترنال حرفه‌ای برای ذخیره‌سازی اطلاعات با سرعت زیاد است. هارد اکسترنال AC732 از طریق درگاه USB3.1 به کامپیوتر متصل می‌شود. درگاه USB3.1 ارائه‌شده روی این محصول از نوع A است و از آن می‌توان روی کامپیوترهایی با درگاه USB2.0 و USB3.0 هم بهره برد. طراحی این محصول به‌گونه‌ای است که می‌توان کابل اتصال را روی بدنه‌ی هارد نصب کرد تا نگرانی بابت گم‌شدن آن وجود نداشته باشد و از طرفی فضای بسیار کمی را اشغال  ...","هارد اکسترنال اپیسر مدل AC732 ظرفیت 2 ترابایت","۱۴,۶۹۰,۰۰۰","","https://dkstatics-public.digikala.com/digikala-products/afdf5db26602895881303b72d3dcf8d426b9166b_1754244773.jpg?x-oss-process=image/resize,m_lfit,h_800,w_800/quality,q_90
https://dkstatics-public.digikala.com/digikala-products/afdf5db26602895881303b72d3dcf8d426b9166b_1754244773.jpg?x-oss-process=image/resize,m_lfit,h_800,w_800/quality,q_90
https://dkstatics-public.digikala.com/digikala-products/4b3a1f545318db9a5de44d8e261b15fc075cae84_1618751118.jpg?x-oss-process=image/resize,m_lfit,h_800,w_800/quality,q_90
https://dkstatics-public.digikala.com/digikala-products/1df76ce7d025aad9f9f050dd5a37c1bef1c332fa_1744791186.jpg?x-oss-process=image/resize,m_lfit,h_800,w_800/quality,q_90
https://dkstatics-public.digikala.com/digikala-products/afdf5db26602895881303b72d3dcf8d426b9166b_1754244773.jpg?x-oss-process=image/resize,m_lfit,h_800,w_800/quality,q_90","مشکی","","","مشخصاتمشخصات فیزیکیوزن۲۴۰ گرمابعاد۱۲۷x۸۰x۱۵ میلی‌مترمشاهده بیشتر"
"1771409401-174","https://www.digikala.com/search/category-external-hard-disk/?has_selling_stock=1","هارد اکسترنال توشیبا مدل Canvio ‌‌Basics ظرفیت چهار ترابایت دارای رابط USB Type-A 3.0","۱۸,۳۰۰,۰۰۰","","","۴.۳","تنها ۱ عدد در انبار باقی مانده","","","هارد اکسترنال توشیبا مدل Canvio ‌‌Basics ظرفیت چهار ترابایت دارای رابط USB Type-A 3.0تنها ۱ عدد در انبار باقی مانده
۴.۳۱۸,۳۰۰,۰۰۰","https://www.digikala.com/product/dkp-4624506/%D9%87%D8%A7%D8%B1%D8%AF-%D8%A7%DA%A9%D8%B3%D8%AA%D8%B1%D9%86%D8%A7%D9%84-%D8%AA%D9%88%D8%B4%DB%8C%D8%A8%D8%A7-%D9%85%D8%AF%D9%84-canvio-basics-%D8%B8%D8%B1%D9%81%DB%8C%D8%AA-%DA%86%D9%87%D8%A7%D8%B1-%D8%AA%D8%B1%D8%A7%D8%A8%D8%A7%DB%8C%D8%AA-%D8%AF%D8%A7%D8%B1%D8%A7%DB%8C-%D8%B1%D8%A7%D8%A8%D8%B7-usb-type-a-30/","۴.۳","پی سی پرو","عالی","هارد اکسترنال لسی مدل MOBILE DRIVE New با ظرفیت پنج ترابایت، نمونه‌ای است که فضای ذخیره‌سازی زیاد را با طراحی باریک و قابل حمل ترکیب کرده است. این هارد وزن کمی دارد و ابعاد جمع‌وجور آن حمل و نقلش را ساده کرده است، بنابراین به راحتی می‌توان آن را در کیف لپ‌تاپ یا کوله‌پشتی گذاشت و در سفر یا محیط کار از آن استفاده کرد. فرم فکتور ۳.۵ اینچی و سرعت چرخش ۷۲۰۰ دور در دقیقه، انتقال داده‌ها را با ثبات و سرعت بالا ممکن می‌کند و برای آرشیو فیلم‌های حجیم، پروژه‌های گرافیکی و فایل‌های کار ...","هارد اکسترنال توشیبا مدل Canvio ‌‌Basics ظرفیت چهار ترابایت دارای رابط USB Type-A 3.0","۱۸,۲۰۰,۰۰۰","","https://dkstatics-public.digikala.com/digikala-products/893d5d7ccbb72e7c2c4102c4c7838c7d9e91aa9f_1754244575.jpg?x-oss-process=image/resize,m_lfit,h_800,w_800/quality,q_90
https://dkstatics-public.digikala.com/digikala-products/57a63f204771181e42da8300f38035d5b9025423_1755592047.jpg?x-oss-process=image/resize,m_lfit,h_800,w_800/quality,q_90
https://dkstatics-public.digikala.com/digikala-products/a7e54716106af00cf54d2676936338a6c63571e8_1614873165.jpg?x-oss-process=image/resize,m_lfit,h_800,w_800/quality,q_90
https://dkstatics-public.digikala.com/digikala-products/893d5d7ccbb72e7c2c4102c4c7838c7d9e91aa9f_1754244575.jpg?x-oss-process=image/resize,m_lfit,h_800,w_800/quality,q_90","مشکی","","ویژگی‌هافرم فکتور (سایز هد)2.5 اینچ2.5 اینچسرعت چرخش54005400نوع رابط کابلUSB Type-A 3.0USB Type-A 3.0مشاهده همه ویژگی‌ها","مشخصاتمشخصات فیزیکینوع هارد دیسک اکسترنالرومیزی قابل حمل وزن۲۱۷.۵ گرمابعاد۱۰۹.۲۲x۷۸.۷۴x۱۳.۹۷ میلی‌مترمشاهده بیشتر"
"1771409403-175","https://www.digikala.com/search/category-external-hard-disk/?has_selling_stock=1","هارد اکسترنال وسترن دیجیتال مدل My Book Desktop ظرفیت چهار ترابایت دارای رابط USB Type-A 3.0","۲۰,۸۵۰,۰۰۰","۲۲,۶۵۰,۰۰۰","۸٪","۴.۳","تنها ۳ عدد در انبار باقی مانده","","","هارد اکسترنال وسترن دیجیتال مدل My Book Desktop ظرفیت چهار ترابایت دارای رابط USB Type-A 3.0تنها ۳ عدد در انبار باقی مانده
۴.۳۸٪۲۰,۸۵۰,۰۰۰۲۲,۶۵۰,۰۰۰","https://www.digikala.com/product/dkp-196351/%D9%87%D8%A7%D8%B1%D8%AF-%D8%A7%DA%A9%D8%B3%D8%AA%D8%B1%D9%86%D8%A7%D9%84-%D9%88%D8%B3%D8%AA%D8%B1%D9%86-%D8%AF%DB%8C%D8%AC%DB%8C%D8%AA%D8%A7%D9%84-%D9%85%D8%AF%D9%84-my-book-desktop-%D8%B8%D8%B1%D9%81%DB%8C%D8%AA-%DA%86%D9%87%D8%A7%D8%B1-%D8%AA%D8%B1%D8%A7%D8%A8%D8%A7%DB%8C%D8%AA-%D8%AF%D8%A7%D8%B1%D8%A7%DB%8C-%D8%B1%D8%A7%D8%A8%D8%B7-usb-type-a-30/","۴.۳","بانی نو","عالی","یکی از مهم‌ترین تجهیزات ذخیره‌سازی و آرشیو اطلاعات، هاردهای اکسترنال هستند. هادرهای اکسترنال به راحتی به کامپیوتر متصل‌ می‌شوند و می‌تواند میزبانی امن برای اطلاعات کامپیوتر شما باشند. ولی وجود برندها ومدل‌های مختلف باعث شده که تهیه‌ییک هارد اکسترنال کار ساده‌ای نباشد. هاردها با توجه به نوع کاربری، درگاه ارتباطی و ظرفیت میزبانی اطلاعات به انواع مختلفی تقسیم می‌شوند. یکی ازهاردهای اکسترنالی که از طرف کاربران حرفه‌ای با استقبال خ ...","هارد اکسترنال وسترن دیجیتال مدل My Book Desktop ظرفیت چهار ترابایت دارای رابط USB Type-A 3.0","۲۲,۶۵۰,۰۰۰","","https://dkstatics-public.digikala.com/digikala-products/8525e4d8b35dd766afb74d7f33bb890c981bd9fa_1753698764.jpg?x-oss-process=image/resize,m_lfit,h_800,w_800/quality,q_90
https://dkstatics-public.digikala.com/digikala-products/8525e4d8b35dd766afb74d7f33bb890c981bd9fa_1753698764.jpg?x-oss-process=image/resize,m_lfit,h_800,w_800/quality,q_90
https://dkstatics-public.digikala.com/digikala-products/189c9d742a481e52a5bb97c165bcbc9a118107f6_1750684611.jpg?x-oss-process=image/resize,m_lfit,h_800,w_800/quality,q_90
https://dkstatics-public.digikala.com/digikala-products/483582041a9a7712995139366fd67773803ad9db_1750885137.jpg?x-oss-process=image/resize,m_lfit,h_800,w_800/quality,q_90
https://dkstatics-public.digikala.com/digikala-products/8525e4d8b35dd766afb74d7f33bb890c981bd9fa_1753698764.jpg?x-oss-process=image/resize,m_lfit,h_800,w_800/quality,q_90","مشکی","۲۰,۸۵۰,۰۰۰","ویژگی‌هافرم فکتور (سایز هد)3.5 اینچ3.5 اینچسرعت چرخش54005400نوع رابط کابلUSB Type-A 3.0USB Type-A 3.0مشاهده همه ویژگی‌ها","مشخصاتمشخصات فیزیکینوع هارد دیسک اکسترنالرومیزی وزن۱۶۷ گرمابعاد۴۹×۱۳۹×۱۷۰  میلی‌مترمشاهده بیشتر"
"1771409405-176","https://www.digikala.com/search/category-external-hard-disk/?has_selling_stock=1","هارد اکسترنال توشیبا مدل Canvio Advance ظرفیت دو ترابایت دارای رابط USB Type-A 3.2","۱۲,۷۰۰,۰۰۰","","","۴.۴","تنها ۱ عدد در انبار باقی مانده","","","هارد اکسترنال توشیبا مدل Canvio Advance ظرفیت دو ترابایت دارای رابط USB Type-A 3.2تنها ۱ عدد در انبار باقی مانده
۴.۴۱۲,۷۰۰,۰۰۰","https://www.digikala.com/product/dkp-4488221/%D9%87%D8%A7%D8%B1%D8%AF-%D8%A7%DA%A9%D8%B3%D8%AA%D8%B1%D9%86%D8%A7%D9%84-%D8%AA%D9%88%D8%B4%DB%8C%D8%A8%D8%A7-%D9%85%D8%AF%D9%84-canvio-advance-%D8%B8%D8%B1%D9%81%DB%8C%D8%AA-%D8%AF%D9%88-%D8%AA%D8%B1%D8%A7%D8%A8%D8%A7%DB%8C%D8%AA-%D8%AF%D8%A7%D8%B1%D8%A7%DB%8C-%D8%B1%D8%A7%D8%A8%D8%B7-usb-type-a-32/","۴.۴","نوژن رایان ایرانیان","عالی","امروزه با پیشرفت تکنولوژی، لوازم ذخیره‌سازی قابل‌حمل نیز پیشرفت‌های زیادی داشته‌اند. بسیاری از افراد می‌خواهند بخشی از اطلاعات شخصی خود را همیشه و همه جا همراه خود داشته باشند. یکی‌از بهترین وسیله‌ها برای اینکه اطلاعات را بتوانیم همیشه همراه داشته باشیم، هارد اکسترنال قابل حمل است. توشیبا یکی از شرکت‌هایی است که در این زمینه فعالیت دارد. یکی‌از محصولات این شرکت، هارد اکسترنال توشیبا مدل Canvio Advance است که ظرفیت 2 ترابایتی دارد. این هارد قابل‌حمل با بهره‌گیری از فناوری ذخیر ...","هارد اکسترنال توشیبا مدل Canvio Advance ظرفیت دو ترابایت دارای رابط USB Type-A 3.2","۱۲,۷۰۰,۰۰۰","","https://dkstatics-public.digikala.com/digikala-products/545bad4c354356da77af6e9ab8f12858d75ba15a_1754244377.jpg?x-oss-process=image/resize,m_lfit,h_800,w_800/quality,q_90
https://dkstatics-public.digikala.com/digikala-products/545bad4c354356da77af6e9ab8f12858d75ba15a_1754244377.jpg?x-oss-process=image/resize,m_lfit,h_800,w_800/quality,q_90
https://dkstatics-public.digikala.com/digikala-products/a51359b7f73aa9bb51bd2be130fa5cf1c3484367_1629828696.jpg?x-oss-process=image/resize,m_lfit,h_800,w_800/quality,q_90
https://dkstatics-public.digikala.com/digikala-products/b1696002c43b425f02028c952e37aee246b497af_1750885151.jpg?x-oss-process=image/resize,m_lfit,h_800,w_800/quality,q_90
https://dkstatics-public.digikala.com/digikala-products/545bad4c354356da77af6e9ab8f12858d75ba15a_1754244377.jpg?x-oss-process=image/resize,m_lfit,h_800,w_800/quality,q_90","مشکی","","ویژگی‌هافرم فکتور (سایز هد)2.5 اینچ2.5 اینچسرعت چرخش54005400نوع رابط کابلUSB Type-A 3.2USB Type-A 3.2مشاهده همه ویژگی‌ها","مشخصاتمشخصات فیزیکینوع هارد دیسک اکسترنالقابل حمل وزن۱۴۹ گرمابعاد۷۸x۱۰۹x۱۴ میلی‌مترمشاهده بیشتر"
"1771409409-177","https://www.digikala.com/search/category-external-hard-disk/?has_selling_stock=1","هارد اکسترنال سیلیکون پاور مدل A85B ظرفیت یک ترابایت دارای رابط USB Type-A 3.2","۱۳,۴۴۰,۰۰۰","","","۴.۵","تنها ۱ عدد در انبار باقی مانده","","","هارد اکسترنال سیلیکون پاور مدل A85B ظرفیت یک ترابایت دارای رابط USB Type-A 3.2تنها ۱ عدد در انبار باقی مانده
۴.۵۱۳,۴۴۰,۰۰۰","https://www.digikala.com/product/dkp-10202581/%D9%87%D8%A7%D8%B1%D8%AF-%D8%A7%DA%A9%D8%B3%D8%AA%D8%B1%D9%86%D8%A7%D9%84-%D8%B3%DB%8C%D9%84%DB%8C%DA%A9%D9%88%D9%86-%D9%BE%D8%A7%D9%88%D8%B1-%D9%85%D8%AF%D9%84-a85b-%D8%B8%D8%B1%D9%81%DB%8C%D8%AA-%DB%8C%DA%A9-%D8%AA%D8%B1%D8%A7%D8%A8%D8%A7%DB%8C%D8%AA-%D8%AF%D8%A7%D8%B1%D8%A7%DB%8C-%D8%B1%D8%A7%D8%A8%D8%B7-usb-type-a-32/","","","","","","","","","","","",""
"1771409413-178","https://www.digikala.com/search/category-external-hard-disk/?has_selling_stock=1","هارد اکسترنال ای دیتا مدل HM800 ظرفیت 4 ترابایت دارای رابط USB Type-A","۱۸,۵۰۰,۰۰۰","","","۴.۳","تنها ۳ عدد در انبار باقی مانده","","","هارد اکسترنال ای دیتا مدل HM800 ظرفیت 4 ترابایت دارای رابط USB Type-Aتنها ۳ عدد در انبار باقی مانده
۴.۳۱۸,۵۰۰,۰۰۰","https://www.digikala.com/product/dkp-2287421/%D9%87%D8%A7%D8%B1%D8%AF-%D8%A7%DA%A9%D8%B3%D8%AA%D8%B1%D9%86%D8%A7%D9%84-%D8%A7%DB%8C-%D8%AF%DB%8C%D8%AA%D8%A7-%D9%85%D8%AF%D9%84-hm800-%D8%B8%D8%B1%D9%81%DB%8C%D8%AA-4-%D8%AA%D8%B1%D8%A7%D8%A8%D8%A7%DB%8C%D8%AA-%D8%AF%D8%A7%D8%B1%D8%A7%DB%8C-%D8%B1%D8%A7%D8%A8%D8%B7-usb-type-a/","۴.۳","تامین تجارت اتحاد","عالی","هارد اکسترنال ای دیتا مدل HM800 با ظرفیت چهار ترابایت، یک انتخاب مطمئن برای کاربرانی است که نیاز به فضای ذخیره‌سازی وسیع و ایمن دارند. این هارد از نوع رومیزی طراحی شده و با وزن ۸۰۰ گرم و ابعاد متناسب، بیشتر برای استفاده ثابت در خانه یا محل کار مناسب است. استفاده از فرم فکتور ۳.۵ اینچی و سرعت چرخش ۷۲۰۰ دور در دقیقه، آن را به گزینه‌ای قدرتمند برای ذخیره‌سازی و انتقال سریع داده‌ها تبدیل کرده است. رابط USB 3.2 Gen 1 به کار رفته در این دستگاه سرعت انتقالی تا ۵ گیگابیت در ثانیه فرا ...","هارد اکسترنال ای دیتا مدل HM800 ظرفیت 4 ترابایت دارای رابط USB Type-A","۱۸,۴۰۰,۰۰۰","","https://dkstatics-public.digikala.com/digikala-products/ceafa6a63afe50a1680d2504b27239f7a5c063ac_1754242327.jpg?x-oss-process=image/resize,m_lfit,h_800,w_800/quality,q_90
https://dkstatics-public.digikala.com/digikala-products/ceafa6a63afe50a1680d2504b27239f7a5c063ac_1754242327.jpg?x-oss-process=image/resize,m_lfit,h_800,w_800/quality,q_90
https://dkstatics-public.digikala.com/digikala-products/505c88f82aba276dd61f18614ca0365e01aeb634_1755591776.jpg?x-oss-process=image/resize,m_lfit,h_800,w_800/quality,q_90
https://dkstatics-public.digikala.com/digikala-products/116952161.jpg?x-oss-process=image/resize,m_lfit,h_800,w_800/quality,q_90
https://dkstatics-public.digikala.com/digikala-products/ceafa6a63afe50a1680d2504b27239f7a5c063ac_1754242327.jpg?x-oss-process=image/resize,m_lfit,h_800,w_800/quality,q_90","مشکی","","ویژگی‌هافرم فکتور (سایز هد)3.5 اینچ3.5 اینچسرعت چرخش72007200نوع رابط کابلUSB Type-AUSB Type-Aمشاهده همه ویژگی‌ها","مشخصاتمشخصات فیزیکینوع هارد دیسک اکسترنالرومیزی وزن۸۰۰ گرمابعاد۳۴×۱۷۷×۱۷۷.۳ میلی‌مترمشاهده بیشتر"
"1771409417-179","https://www.digikala.com/search/category-external-hard-disk/?has_selling_stock=1","هارد اکسترنال وسترن دیجیتال مدل My Passport ظرفیت پنج ترابایت دارای رابط USB Type-A 3.2","۲۴,۰۰۰,۰۰۰","","","۴.۳","تنها ۱ عدد در انبار باقی مانده","","","هارد اکسترنال وسترن دیجیتال مدل My Passport ظرفیت پنج ترابایت دارای رابط USB Type-A 3.2تنها ۱ عدد در انبار باقی مانده
۴.۳۲۴,۰۰۰,۰۰۰","https://www.digikala.com/product/dkp-2441405/%D9%87%D8%A7%D8%B1%D8%AF-%D8%A7%DA%A9%D8%B3%D8%AA%D8%B1%D9%86%D8%A7%D9%84-%D9%88%D8%B3%D8%AA%D8%B1%D9%86-%D8%AF%DB%8C%D8%AC%DB%8C%D8%AA%D8%A7%D9%84-%D9%85%D8%AF%D9%84-my-passport-%D8%B8%D8%B1%D9%81%DB%8C%D8%AA-%D9%BE%D9%86%D8%AC-%D8%AA%D8%B1%D8%A7%D8%A8%D8%A7%DB%8C%D8%AA-%D8%AF%D8%A7%D8%B1%D8%A7%DB%8C-%D8%B1%D8%A7%D8%A8%D8%B7-usb-type-a-32/","۴.۳","کارما آی تی شاپ","عالی","هارددیسک «My Passport» محصولی از شرکت «وسترن دیجیتال» یا همان WD است که در گروه هارددیسک‌های اکسترنال قابل حمل قرار می‌گیرد. این هارددیسک از طریق رابط USB3.0 به رایانه متصل می‌شود و می‌تواند اطلاعات را با سرعت زیاد انتقال دهد. سایز هد ارایه شده روی این محصول 2.5 اینچ بوده که سایز استاندارد برای هاردهای اکسترنال محسوب می‌شود. طراحی این هارد به‌گونه‌ای است که هنگام در دست گرفتنش سادگی منحصر به فرد آن هر سلیقه‌ای را راضی می‌کند. ظرفیت 5 ترابایتی این هارددیسک برای افرادی‌ که اطلا ...","هارد اکسترنال وسترن دیجیتال مدل My Passport ظرفیت پنج ترابایت دارای رابط USB Type-A 3.2","۲۲,۳۰۰,۰۰۰","","https://dkstatics-public.digikala.com/digikala-products/fd4f5bd33c3c032422fb9ada9ea88a1d78e8e341_1754242472.jpg?x-oss-process=image/resize,m_lfit,h_800,w_800/quality,q_90
https://dkstatics-public.digikala.com/digikala-products/fd4f5bd33c3c032422fb9ada9ea88a1d78e8e341_1754242472.jpg?x-oss-process=image/resize,m_lfit,h_800,w_800/quality,q_90
https://dkstatics-public.digikala.com/digikala-products/119150098.jpg?x-oss-process=image/resize,m_lfit,h_800,w_800/quality,q_90
https://dkstatics-public.digikala.com/digikala-products/d61444bd809c965a96020381186de3474cb921a2_1750885145.jpg?x-oss-process=image/resize,m_lfit,h_800,w_800/quality,q_90
https://dkstatics-public.digikala.com/digikala-products/fd4f5bd33c3c032422fb9ada9ea88a1d78e8e341_1754242472.jpg?x-oss-process=image/resize,m_lfit,h_800,w_800/quality,q_90","مشکیآبی","","ویژگی‌هافرم فکتور (سایز هد)2.5 اینچ2.5 اینچسرعت چرخش54005400نوع رابط کابلUSB Type-A 3.2USB Type-A 3.2مشاهده همه ویژگی‌ها","مشخصاتمشخصات فیزیکینوع هارد دیسک اکسترنالقابل حمل وزن۲۱۰ گرمابعاد۱۰۷.۲x۷۵x۱۹.۱۵ میلی‌مترمشاهده بیشتر"
"1771409419-180","https://www.digikala.com/search/category-external-hard-disk/?has_selling_stock=1","هارد اکسترنال سیلیکون پاور مدل Armor A85 ظرفیت یک ترابایت دارای رابط USB Type-A 3.0","۱۱,۷۰۰,۰۰۰","۱۲,۰۰۰,۰۰۰","۳٪","۴.۴","ارسال سریع دیجی‌کالا","https://www.digikala.com/statics/img/svg/productCard/topBadge/SpecialSell.svg","https://www.digikala.com/statics/img/svg/productCard/topBadge/SpecialSell.svg","هارد اکسترنال سیلیکون پاور مدل Armor A85 ظرفیت یک ترابایت دارای رابط USB Type-A 3.0ارسال سریع دیجی‌کالا
۴.۴۳٪۱۱,۷۰۰,۰۰۰۱۲,۰۰۰,۰۰۰","https://www.digikala.com/product/dkp-101532/%D9%87%D8%A7%D8%B1%D8%AF-%D8%A7%DA%A9%D8%B3%D8%AA%D8%B1%D9%86%D8%A7%D9%84-%D8%B3%DB%8C%D9%84%DB%8C%DA%A9%D9%88%D9%86-%D9%BE%D8%A7%D9%88%D8%B1-%D9%85%D8%AF%D9%84-armor-a85-%D8%B8%D8%B1%D9%81%DB%8C%D8%AA-%DB%8C%DA%A9-%D8%AA%D8%B1%D8%A7%D8%A8%D8%A7%DB%8C%D8%AA-%D8%AF%D8%A7%D8%B1%D8%A7%DB%8C-%D8%B1%D8%A7%D8%A8%D8%B7-usb-type-a-30/","۴.۴","بانی نو","عالی","هارد‌های اکسترنال با توجه به نوع طراحی، امکانات و درگاه‌ ارتباطی‌شان به انواع مختلفی تقسیم می‌شوند. این تجهیزات ذخیره‌سازی معمولاً در قلب خود از یک هارد 2.5 یا 3.5 اینچی بهره می‌برند. شرکت‌های زیادی به طراحی و تولید تجهیزات ذخیره‌سازی می‌پردازند. سیلیکون پاور از بزرگان این صنعت است که همواره محصولاتی حرفه‌ای را روانه بازار می‌کند. هارد اکسترنال Armor A85  محصول برند سیلیکون پاور است. سری هاردهای اکسترنال Armor به مقا ...","هارد اکسترنال سیلیکون پاور مدل Armor A85 ظرفیت یک ترابایت دارای رابط USB Type-A 3.0","۱۲,۰۰۰,۰۰۰","","https://dkstatics-public.digikala.com/digikala-products/71f5b9e78227d1637a1ba7495c9e632d49197018_1753697885.jpg?x-oss-process=image/resize,m_lfit,h_800,w_800/quality,q_90
https://dkstatics-public.digikala.com/digikala-products/71f5b9e78227d1637a1ba7495c9e632d49197018_1753697885.jpg?x-oss-process=image/resize,m_lfit,h_800,w_800/quality,q_90
https://dkstatics-public.digikala.com/digikala-products/478417.jpg?x-oss-process=image/resize,m_lfit,h_800,w_800/quality,q_90
https://dkstatics-public.digikala.com/digikala-products/64dcc98e23075ba0c4bf4bbd827cba183c77d010_1750885136.jpg?x-oss-process=image/resize,m_lfit,h_800,w_800/quality,q_90
https://dkstatics-public.digikala.com/digikala-products/71f5b9e78227d1637a1ba7495c9e632d49197018_1753697885.jpg?x-oss-process=image/resize,m_lfit,h_800,w_800/quality,q_90","نقره ایمشکی","۱۱,۷۰۰,۰۰۰","ویژگی‌هافرم فکتور (سایز هد)2.5 اینچ2.5 اینچسرعت چرخش54005400نوع رابط کابلUSB Type-A 3.0USB Type-A 3.0مشاهده همه ویژگی‌ها","مشخصاتمشخصات فیزیکینوع هارد دیسک اکسترنالقابل حمل وزن۳۶۴ گرمابعاد۱۳۲.۵x۹۲.۳x۲۵.۹ میلی‌مترمشاهده بیشتر"
"1771409421-181","https://www.digikala.com/search/category-external-hard-disk/?has_selling_stock=1","هارد اکسترنال ای دیتا مدل HD720 ظرفیت یک ترابایت دارای رابط USB Type-A 3.2","۱۳,۸۰۰,۰۰۰","","","۴.۴","تنها ۱ عدد در انبار باقی مانده","https://dkstatics-public.digikala.com/digikala-products/3c495c9268b8660f6820aef83e21c9f5aa01ce5f_1753698095.jpg?x-oss-process=image/resize,m_lfit,h_300,w_300/quality,q_80","","هارد اکسترنال ای دیتا مدل HD720 ظرفیت یک ترابایت دارای رابط USB Type-A 3.2تنها ۱ عدد در انبار باقی مانده
۴.۴۱۳,۸۰۰,۰۰۰","https://www.digikala.com/product/dkp-94229/%D9%87%D8%A7%D8%B1%D8%AF-%D8%A7%DA%A9%D8%B3%D8%AA%D8%B1%D9%86%D8%A7%D9%84-%D8%A7%DB%8C-%D8%AF%DB%8C%D8%AA%D8%A7-%D9%85%D8%AF%D9%84-hd720-%D8%B8%D8%B1%D9%81%DB%8C%D8%AA-%DB%8C%DA%A9-%D8%AA%D8%B1%D8%A7%D8%A8%D8%A7%DB%8C%D8%AA-%D8%AF%D8%A7%D8%B1%D8%A7%DB%8C-%D8%B1%D8%A7%D8%A8%D8%B7-usb-type-a-32/","۴.۴","پل کامپ استور","عالی","هارد اکسترنال HD720 محصول برند ای دیتا است. این هارد اکسترنال با یک روکش سیلیکونی پوشانده شده که از آن در برابر ضربه محافظت می‌کند. استفاده از پترن لانه زنبوری در روکش HD720 ظاهر زیبایی به آن داده است. این هارد هم در برابر ضربه مقاوم است و هم در برابر شوک و سقوط از ارتفاع مقاومت دارد.","هارد اکسترنال ای دیتا مدل HD720 ظرفیت یک ترابایت دارای رابط USB Type-A 3.2","۱۳,۵۰۰,۰۰۰","","https://dkstatics-public.digikala.com/digikala-products/3c495c9268b8660f6820aef83e21c9f5aa01ce5f_1753698095.jpg?x-oss-process=image/resize,m_lfit,h_800,w_800/quality,q_90
https://dkstatics-public.digikala.com/digikala-products/3c495c9268b8660f6820aef83e21c9f5aa01ce5f_1753698095.jpg?x-oss-process=image/resize,m_lfit,h_800,w_800/quality,q_90
https://dkstatics-public.digikala.com/digikala-products/557658.jpg?x-oss-process=image/resize,m_lfit,h_800,w_800/quality,q_90
https://dkstatics-public.digikala.com/digikala-products/b489cf173ed901b610ccb55177af8f8a25e3f1e2_1750885135.jpg?x-oss-process=image/resize,m_lfit,h_800,w_800/quality,q_90
https://dkstatics-public.digikala.com/digikala-products/3c495c9268b8660f6820aef83e21c9f5aa01ce5f_1753698095.jpg?x-oss-process=image/resize,m_lfit,h_800,w_800/quality,q_90","آبیمشکی","","ویژگی‌هافرم فکتور (سایز هد)2.5 اینچ2.5 اینچسرعت چرخش54005400نوع رابط کابلUSB Type-A 3.2USB Type-A 3.2مشاهده همه ویژگی‌ها","مشخصاتمشخصات فیزیکینوع هارد دیسک اکسترنالقابل حمل وزن۲۲۳ گرمابعاد۱۲۹.۴x۹۷.۹x۲۰.۲ میلی‌مترمشاهده بیشتر"
"1771409423-182","https://www.digikala.com/search/category-external-hard-disk/?has_selling_stock=1","هارد اکسترنال توشیبا مدل Canvio Gaming ظرفیت 4 ترابایت دارای رابط USB","۱۹,۹۹۸,۰۰۰","","","۴.۴","تنها ۱ عدد در انبار باقی مانده","","","هارد اکسترنال توشیبا مدل Canvio Gaming ظرفیت 4 ترابایت دارای رابط USBتنها ۱ عدد در انبار باقی مانده
۴.۴۱۹,۹۹۸,۰۰۰","https://www.digikala.com/product/dkp-4450282/%D9%87%D8%A7%D8%B1%D8%AF-%D8%A7%DA%A9%D8%B3%D8%AA%D8%B1%D9%86%D8%A7%D9%84-%D8%AA%D9%88%D8%B4%DB%8C%D8%A8%D8%A7-%D9%85%D8%AF%D9%84-canvio-gaming-%D8%B8%D8%B1%D9%81%DB%8C%D8%AA-4-%D8%AA%D8%B1%D8%A7%D8%A8%D8%A7%DB%8C%D8%AA-%D8%AF%D8%A7%D8%B1%D8%A7%DB%8C-%D8%B1%D8%A7%D8%A8%D8%B7-usb/","۴.۴","ماندگار تجارت بیجار","خیلی خوب","با توجه به افزایش روز افزون استفاده از کنسول‌های بازی و نیاز کاربران به فضای بیشتر برای ذخیره‌سازی اطلاعات و فایل‌های اجرایی، شرکت «توشیبا» که در عرصه تولید تجهیزات ذخیره‌سازی، تجربه‌ای درخشان دارد، مشغول به طراحی بر مبنای نیاز این قشر از کاربران دنیای دیجیتال شد و نتیجه آن هاردهای اکسترنال سری گیمینگ «Canvio Gaming» شد. این محصول فوق‌العاده با پشتیبانی از USB 3.2 قادر به انتقال اطلاعات تا 5 گیگابایت در ثانیه است و با توجه به بهینه‌سازی‌هایی که صورت گرفته، سرعت اجرای بازی هنگ ...","هارد اکسترنال توشیبا مدل Canvio Gaming ظرفیت 4 ترابایت دارای رابط USB","۱۹,۹۹۸,۰۰۰","","https://dkstatics-public.digikala.com/digikala-products/7b776caf1b91273b277549ed163d509f06258b17_1762191741.jpg?x-oss-process=image/resize,m_lfit,h_800,w_800/quality,q_90
https://dkstatics-public.digikala.com/digikala-products/7b776caf1b91273b277549ed163d509f06258b17_1762191741.jpg?x-oss-process=image/resize,m_lfit,h_800,w_800/quality,q_90
https://dkstatics-public.digikala.com/digikala-products/4827e4c3516e75ff3834d2db249c964d64948e77_1762191741.jpg?x-oss-process=image/resize,m_lfit,h_800,w_800/quality,q_90
https://dkstatics-public.digikala.com/digikala-products/e5450b680f44176e0e55483fbeb56012b52359c1_1762191741.jpg?x-oss-process=image/resize,m_lfit,h_800,w_800/quality,q_90","نوک مدادی","","ویژگی‌هافرم فکتور (سایز هد)2.5 اینچ2.5 اینچسرعت چرخش54005400نوع رابط کابلUSB Type-AUSB Type-Aمشاهده همه ویژگی‌ها","مشخصاتمشخصات فیزیکینوع هارد دیسک اکسترنالقابل حمل وزن۲۱۰ گرمابعاد۷۸x۱۰۹x۱۹.۵ میلی‌مترمشاهده بیشتر"
"1771409426-183","https://www.digikala.com/search/category-external-hard-disk/?has_selling_stock=1","هارد اکسترنال سیلیکون پاور مدل Armor A15 ظرفیت 1 ترابایت دارای رابط USB Type-A","۱۱,۷۰۰,۰۰۰","","","۴.۴","تنها ۱ عدد در انبار باقی مانده","","","هارد اکسترنال سیلیکون پاور مدل Armor A15 ظرفیت 1 ترابایت دارای رابط USB Type-Aتنها ۱ عدد در انبار باقی مانده
۴.۴۱۱,۷۰۰,۰۰۰","https://www.digikala.com/product/dkp-23763/%D9%87%D8%A7%D8%B1%D8%AF-%D8%A7%DA%A9%D8%B3%D8%AA%D8%B1%D9%86%D8%A7%D9%84-%D8%B3%DB%8C%D9%84%DB%8C%DA%A9%D9%88%D9%86-%D9%BE%D8%A7%D9%88%D8%B1-%D9%85%D8%AF%D9%84-armor-a15-%D8%B8%D8%B1%D9%81%DB%8C%D8%AA-1-%D8%AA%D8%B1%D8%A7%D8%A8%D8%A7%DB%8C%D8%AA-%D8%AF%D8%A7%D8%B1%D8%A7%DB%8C-%D8%B1%D8%A7%D8%A8%D8%B7-usb-type-a/","۴.۴","ماندگار تجارت بیجار","خیلی خوب","نگاهی به ویژگی‌های هارد دیسک سیلیکون پاور آرمور A15مقاوم بودن در برابر ضربههارد دیسک آرمور A15 توانسته با رعایت استانداردهایی مانند سقوط مستقیم بر روی سطح بتنی و حتی سخت‌تر، آزمایش سقوط از ارتفاع 122 سانتی‌متری و مورد آزمایش قرار گرفتن تمام نقاطی که در اثر سقوط هارد دیسک ممکن است با زمین تماس داشته باشند موفق به کسب گواهی سلامت شود. زیرا پس از سقوط هارد دیسک، 26 نقطه ممکن است با سطح تماس پیدا کنند که شامل 8 گوشه، 12 نقطه تلاقی سطوح و 6 سطح وسیع‌تر می‌شوند.قابلیت گرفتن نسخه پش ...","هارد اکسترنال سیلیکون پاور مدل Armor A15 ظرفیت 1 ترابایت دارای رابط USB Type-A","۱۱,۷۰۰,۰۰۰","","https://dkstatics-public.digikala.com/digikala-products/cd6ab53caa78b380a5e65b06eb76864e9d065cbf_1753697478.jpg?x-oss-process=image/resize,m_lfit,h_800,w_800/quality,q_90
https://dkstatics-public.digikala.com/digikala-products/cd6ab53caa78b380a5e65b06eb76864e9d065cbf_1753697478.jpg?x-oss-process=image/resize,m_lfit,h_800,w_800/quality,q_90
https://dkstatics-public.digikala.com/digikala-products/f94d5c0afcc5a13cbd482adfc0f87b4f3d5ed277_1755591311.jpg?x-oss-process=image/resize,m_lfit,h_800,w_800/quality,q_90
https://dkstatics-public.digikala.com/digikala-products/136618.jpg?x-oss-process=image/resize,m_lfit,h_800,w_800/quality,q_90
https://dkstatics-public.digikala.com/digikala-products/cd6ab53caa78b380a5e65b06eb76864e9d065cbf_1753697478.jpg?x-oss-process=image/resize,m_lfit,h_800,w_800/quality,q_90","قرمزسبز","","ویژگی‌هافرم فکتور (سایز هد)3.5 اینچ3.5 اینچسرعت چرخش54005400نوع رابط کابلUSB Type-AUSB Type-Aمشاهده همه ویژگی‌ها","مشخصاتمشخصات فیزیکینوع هارد دیسک اکسترنالقابل حمل وزن۲۰۰ گرمابعاد۱۹.۸×۸۲.۵×۱۳۶ میلی‌مترمشاهده بیشتر"
"1771409428-184","https://www.digikala.com/search/category-external-hard-disk/?has_selling_stock=1","هارد اکسترنال اپیسر مدل AC237 ظرفیت دو ترابایت","۱۵,۰۰۰,۰۰۰","","","۲.۸","تنها ۱ عدد در انبار باقی مانده","","","هارد اکسترنال اپیسر مدل AC237 ظرفیت دو ترابایتتنها ۱ عدد در انبار باقی مانده
۲.۸۱۵,۰۰۰,۰۰۰","https://www.digikala.com/product/dkp-11206919/%D9%87%D8%A7%D8%B1%D8%AF-%D8%A7%DA%A9%D8%B3%D8%AA%D8%B1%D9%86%D8%A7%D9%84-%D8%A7%D9%BE%DB%8C%D8%B3%D8%B1-%D9%85%D8%AF%D9%84-ac237-%D8%B8%D8%B1%D9%81%DB%8C%D8%AA-%D8%AF%D9%88-%D8%AA%D8%B1%D8%A7%D8%A8%D8%A7%DB%8C%D8%AA/","۲.۸","نوژن رایان ایرانیان","عالی","شرکت «اپیسر» محصولی را با نام هارد اکسترنال اپیسر مدل AC237 ظرفیت 2 ترابایت روانه بازار کرده است. این محصول یک هارد اکسترنال حرفه‌ای برای ذخیره‌سازی اطلاعات با سرعت زیاد است. هارد اکسترنال AC237 از طریق درگاه USB3.2 به کامپیوتر متصل می‌شود. درگاه USB3.2 ارائه‌شده روی این محصول از نوع A است و از آن می‌توان روی کامپیوترهایی با درگاه USB2.0 و USB3.0 هم بهره برد. . ویژگی‌ای که این هارد اکسترنال را بسیار محبوب کرده وزن و ابعاد آن است که حمل‌ونقل و جابجایی را بسیار ساده کرده است. ش ...","هارد اکسترنال اپیسر مدل AC237 ظرفیت دو ترابایت","۱۱,۳۰۰,۰۰۰","","https://dkstatics-public.digikala.com/digikala-products/85399d2ad1132a0d8f9f74a11f6e28442cdd0982_1754244509.jpg?x-oss-process=image/resize,m_lfit,h_800,w_800/quality,q_90
https://dkstatics-public.digikala.com/digikala-products/5de8608864b36c7c43b2fa2c7a0f8a81dfd4e51c_1682860024.jpg?x-oss-process=image/resize,m_lfit,h_800,w_800/quality,q_90
https://dkstatics-public.digikala.com/digikala-products/d8b44894bc4a52106207761431aa86cc922a45ad_1682860024.jpg?x-oss-process=image/resize,m_lfit,h_800,w_800/quality,q_90
https://dkstatics-public.digikala.com/digikala-products/85399d2ad1132a0d8f9f74a11f6e28442cdd0982_1754244509.jpg?x-oss-process=image/resize,m_lfit,h_800,w_800/quality,q_90","مشکیآبیقرمز","","ویژگی‌هافرم فکتور (سایز هد)2.5 اینچ2.5 اینچسرعت چرخش54005400مشاهده همه ویژگی‌ها","مشخصاتمشخصات فیزیکیوزن۱۸۰ گرممشاهده بیشتر"
"1771409430-185","https://www.digikala.com/search/category-external-hard-disk/?has_selling_stock=1","هارد اکسترنال وسترن دیجیتال مدل My Book Desktop ظرفیت هشت ترابایت دارای رابط USB Type-A 3.0","۳۷,۰۰۰,۰۰۰","","","۴.۲","تنها ۲ عدد در انبار باقی مانده","","","هارد اکسترنال وسترن دیجیتال مدل My Book Desktop ظرفیت هشت ترابایت دارای رابط USB Type-A 3.0تنها ۲ عدد در انبار باقی مانده
۴.۲۳۷,۰۰۰,۰۰۰","https://www.digikala.com/product/dkp-220354/%D9%87%D8%A7%D8%B1%D8%AF-%D8%A7%DA%A9%D8%B3%D8%AA%D8%B1%D9%86%D8%A7%D9%84-%D9%88%D8%B3%D8%AA%D8%B1%D9%86-%D8%AF%DB%8C%D8%AC%DB%8C%D8%AA%D8%A7%D9%84-%D9%85%D8%AF%D9%84-my-book-desktop-%D8%B8%D8%B1%D9%81%DB%8C%D8%AA-%D9%87%D8%B4%D8%AA-%D8%AA%D8%B1%D8%A7%D8%A8%D8%A7%DB%8C%D8%AA-%D8%AF%D8%A7%D8%B1%D8%A7%DB%8C-%D8%B1%D8%A7%D8%A8%D8%B7-usb-type-a-30/","۴.۲","لیان سیستم شاپ","عالی","یکی از مهم‌ترین تجهیزات ذخیره‌سازی و آرشیو اطلاعات، هاردهای اکسترنال هستند. هادرهای اکسترنال به راحتی به کامپیوتر متصل‌ می‌شوند و می‌تواند میزبانی امن برای اطلاعات کامپیوتر شما باشند. ولی وجود برندها ومدل‌های مختلف باعث شده که تهیه‌ییک هارد اکسترنال کار ساده‌ای نباشد. هاردها با توجه به نوع کاربری، درگاه ارتباطی و ظرفیت میزبانی اطلاعات به انواع مختلفی تقسیم می‌شوند. یکی ازهاردهای اکسترنالی که از طرف کاربران حرفه‌ای با استقبال خ ...","هارد اکسترنال وسترن دیجیتال مدل My Book Desktop ظرفیت هشت ترابایت دارای رابط USB Type-A 3.0","۳۷,۰۰۰,۰۰۰","","https://dkstatics-public.digikala.com/digikala-products/0ed8d09e1b678f48b27b03c092fbd4e19051940c_1753698871.jpg?x-oss-process=image/resize,m_lfit,h_800,w_800/quality,q_90
https://dkstatics-public.digikala.com/digikala-products/0ed8d09e1b678f48b27b03c092fbd4e19051940c_1753698871.jpg?x-oss-process=image/resize,m_lfit,h_800,w_800/quality,q_90
https://dkstatics-public.digikala.com/digikala-products/1369067.jpg?x-oss-process=image/resize,m_lfit,h_800,w_800/quality,q_90
https://dkstatics-public.digikala.com/digikala-products/22476b739ba75ac5d9440f944132083b3be01cd2_1750885137.jpg?x-oss-process=image/resize,m_lfit,h_800,w_800/quality,q_90
https://dkstatics-public.digikala.com/digikala-products/0ed8d09e1b678f48b27b03c092fbd4e19051940c_1753698871.jpg?x-oss-process=image/resize,m_lfit,h_800,w_800/quality,q_90","مشکی","","ویژگی‌هافرم فکتور (سایز هد)3.5 اینچ3.5 اینچسرعت چرخش54005400نوع رابط کابلUSB Type-A 3.0USB Type-A 3.0مشاهده همه ویژگی‌ها","مشخصاتمشخصات فیزیکینوع هارد دیسک اکسترنالرومیزی وزن۱۳۶۰ گرمابعاد۴۹×۱۳۹×۱۷۰ میلی‌مترمشاهده بیشتر"
"1771409432-186","https://www.digikala.com/search/category-external-hard-disk/?has_selling_stock=1","هارد اکسترنال سیلیکون پاور مدل Armor A60 ظرفیت دو ترابایت دارای رابط USB Type-A 3.2","","","","۴.۲","&nbsp;","","","هارد اکسترنال سیلیکون پاور مدل Armor A60 ظرفیت دو ترابایت دارای رابط USB Type-A 3.2&nbsp;
۴.۲ناموجود","https://www.digikala.com/product/dkp-34842/%D9%87%D8%A7%D8%B1%D8%AF-%D8%A7%DA%A9%D8%B3%D8%AA%D8%B1%D9%86%D8%A7%D9%84-%D8%B3%DB%8C%D9%84%DB%8C%DA%A9%D9%88%D9%86-%D9%BE%D8%A7%D9%88%D8%B1-%D9%85%D8%AF%D9%84-armor-a60-%D8%B8%D8%B1%D9%81%DB%8C%D8%AA-%D8%AF%D9%88-%D8%AA%D8%B1%D8%A7%D8%A8%D8%A7%DB%8C%D8%AA-%D8%AF%D8%A7%D8%B1%D8%A7%DB%8C-%D8%B1%D8%A7%D8%A8%D8%B7-usb-type-a-32/","۴.۲","","","شرکت سیلیکون پاور یکی از بزرگ‌ترین طراحان و سازندگان فلش مموری و هارد اکسترنال در دنیا است و هارد دیسک‌های اکسترنال Armor A60 محصول این شرکت است. آرمور (Armor) به معنای زره است و هارد دیسک Armor A60که از همین سری است، بدنه‌ای ضد ضربه، مقاوم در برابر اسپری شدن آب، شوک، لغزش، خط و خش و گرد و غبار دارد. این بدنه به دلیل مقاومت زیادش به زره معروف شده و می‌تواند از داده‌های شما در برابر صدمات ناشی از فعالیت‌های روزانه حفاظت کند. این هارد دیسک، تست سقو ...","","","","https://dkstatics-public.digikala.com/digikala-products/4ae68720831804b551f0c211459706aa2b6d903e_1753697483.jpg?x-oss-process=image/resize,m_lfit,h_800,w_800/quality,q_90
https://dkstatics-public.digikala.com/digikala-products/4ae68720831804b551f0c211459706aa2b6d903e_1753697483.jpg?x-oss-process=image/resize,m_lfit,h_800,w_800/quality,q_90
https://dkstatics-public.digikala.com/digikala-products/9993497e2c078ae88161afe76881f7d108e6d87c_1755591442.jpg?x-oss-process=image/resize,m_lfit,h_800,w_800/quality,q_90
https://dkstatics-public.digikala.com/digikala-products/184692.jpg?x-oss-process=image/resize,m_lfit,h_800,w_800/quality,q_90
https://dkstatics-public.digikala.com/digikala-products/4ae68720831804b551f0c211459706aa2b6d903e_1753697483.jpg?x-oss-process=image/resize,m_lfit,h_800,w_800/quality,q_90","","","ویژگی‌هافرم فکتور (سایز هد)3.5 اینچ3.5 اینچسرعت چرخش54005400نوع رابط کابلUSB Type-A 3.2USB Type-A 3.2مشاهده همه ویژگی‌ها","مشخصاتمشخصات فیزیکینوع هارد دیسک اکسترنالقابل حمل وزن۲۲۸ گرمابعاد۱۳۸.۵x۸۵.۹x۲۳.۲ میلی‌مترمشاهده بیشتر"
"1771409434-187","https://www.digikala.com/search/category-external-hard-disk/?has_selling_stock=1","هارد اکسترنال ای دیتا مدل HM800 ظرفیت 6 ترابایت دارای رابط USB Type-A","۲۰,۹۹۰,۰۰۰","۲۱,۹۹۰,۰۰۰","۵٪","۴.۴","&nbsp;","","","هارد اکسترنال ای دیتا مدل HM800 ظرفیت 6 ترابایت دارای رابط USB Type-A&nbsp;
۴.۴۵٪۲۰,۹۹۰,۰۰۰۲۱,۹۹۰,۰۰۰","https://www.digikala.com/product/dkp-2806766/%D9%87%D8%A7%D8%B1%D8%AF-%D8%A7%DA%A9%D8%B3%D8%AA%D8%B1%D9%86%D8%A7%D9%84-%D8%A7%DB%8C-%D8%AF%DB%8C%D8%AA%D8%A7-%D9%85%D8%AF%D9%84-hm800-%D8%B8%D8%B1%D9%81%DB%8C%D8%AA-6-%D8%AA%D8%B1%D8%A7%D8%A8%D8%A7%DB%8C%D8%AA-%D8%AF%D8%A7%D8%B1%D8%A7%DB%8C-%D8%B1%D8%A7%D8%A8%D8%B7-usb-type-a/","۴.۴","تامین تجارت اتحاد","عالی","","هارد اکسترنال ای دیتا مدل HM800 ظرفیت 6 ترابایت دارای رابط USB Type-A","۲۱,۹۹۰,۰۰۰","","https://dkstatics-public.digikala.com/digikala-products/7bf168ad6ddbff2e4c5e723bea40596d4bfdbfb5_1754242827.jpg?x-oss-process=image/resize,m_lfit,h_800,w_800/quality,q_90
https://dkstatics-public.digikala.com/digikala-products/6877b7b8006fec9f2cf48b49c0ed2bb1bf091aef_1759917726.jpg?x-oss-process=image/resize,m_lfit,h_800,w_800/quality,q_90
https://dkstatics-public.digikala.com/digikala-products/121044515.jpg?x-oss-process=image/resize,m_lfit,h_800,w_800/quality,q_90
https://dkstatics-public.digikala.com/digikala-products/7bf168ad6ddbff2e4c5e723bea40596d4bfdbfb5_1754242827.jpg?x-oss-process=image/resize,m_lfit,h_800,w_800/quality,q_90","مشکی","۲۰,۹۹۰,۰۰۰","ویژگی‌هافرم فکتور (سایز هد)2.5 اینچ2.5 اینچسرعت چرخش54005400نوع رابط کابلUSB Type-AUSB Type-Aمشاهده همه ویژگی‌ها","مشخصاتمشخصات فیزیکینوع هارد دیسک اکسترنالرومیزی وزن۸۰۰ گرمابعاد۱۷۷x۱۷۷x۳۴ میلی‌مترمشاهده بیشتر"
"1771409437-188","https://www.digikala.com/search/category-external-hard-disk/?has_selling_stock=1","هارد اکسترنال ای دیتا مدل HD710M Pro ظرفیت یک ترابایت دارای رابط USB Type-A 3.2","۱۲,۰۰۰,۰۰۰","۱۵,۰۳۰,۹۰۰","۲۰٪","۴.۵","ارسال سریع دیجی‌کالا","","","هارد اکسترنال ای دیتا مدل HD710M Pro ظرفیت یک ترابایت دارای رابط USB Type-A 3.2ارسال سریع دیجی‌کالا
۴.۵۲۰٪۱۲,۰۰۰,۰۰۰۱۵,۰۳۰,۹۰۰","https://www.digikala.com/product/dkp-488346/%D9%87%D8%A7%D8%B1%D8%AF-%D8%A7%DA%A9%D8%B3%D8%AA%D8%B1%D9%86%D8%A7%D9%84-%D8%A7%DB%8C-%D8%AF%DB%8C%D8%AA%D8%A7-%D9%85%D8%AF%D9%84-hd710m-pro-%D8%B8%D8%B1%D9%81%DB%8C%D8%AA-%DB%8C%DA%A9-%D8%AA%D8%B1%D8%A7%D8%A8%D8%A7%DB%8C%D8%AA-%D8%AF%D8%A7%D8%B1%D8%A7%DB%8C-%D8%B1%D8%A7%D8%A8%D8%B7-usb-type-a-32/","۴.۵","دیجی‌کالا","عالی","کمبود فضا برای ذخیره‌سازی داده‌های دیجیتال معضلی است که این روزها تقریباً تمامی ما با آن درگیر هستیم. داده‌های مهم ما نیازمند یک فضای بسیار ایمن هستند که بتوانیم آن را برای مدت‌های طولانی ذخیره کنیم. در کنار فضای ذخیره‌سازی موضوع دیگری که بسیار مهم تلقی می‌شود. به دنبال پدید آمدن این موضوع، هارد اکسترنال‌های بسیاری به وجود آمدن که مشکل کمبود فضا و امنیت اطلاعات را تامین کنند. زیرا علاوه بر جمع آوری داده‌ها، مسئله امنیت نگهداری آن‌ها بسیار حائز اهمیت است. هارد اکسترنال ای دیتا ...","هارد اکسترنال ای دیتا مدل HD710M Pro ظرفیت یک ترابایت دارای رابط USB Type-A 3.2","۱۵,۰۳۰,۹۰۰","","https://dkstatics-public.digikala.com/digikala-products/8e5ba093d0f20658bbe0557b4b2b7faf8ef9ff96_1753698562.jpg?x-oss-process=image/resize,m_lfit,h_800,w_800/quality,q_90
https://dkstatics-public.digikala.com/digikala-products/8e5ba093d0f20658bbe0557b4b2b7faf8ef9ff96_1753698562.jpg?x-oss-process=image/resize,m_lfit,h_800,w_800/quality,q_90
https://dkstatics-public.digikala.com/digikala-products/1578470.jpg?x-oss-process=image/resize,m_lfit,h_800,w_800/quality,q_90
https://dkstatics-public.digikala.com/digikala-products/049422d3e44f821134767889dc1881cf9aceef87_1750885140.jpg?x-oss-process=image/resize,m_lfit,h_800,w_800/quality,q_90
https://dkstatics-public.digikala.com/digikala-products/8e5ba093d0f20658bbe0557b4b2b7faf8ef9ff96_1753698562.jpg?x-oss-process=image/resize,m_lfit,h_800,w_800/quality,q_90","قهوه ای","۱۲,۰۰۰,۰۰۰","ویژگی‌هافرم فکتور (سایز هد)2.5 اینچ2.5 اینچسرعت چرخش54005400نوع رابط کابلUSB Type-A 3.2USB Type-A 3.2مشاهده همه ویژگی‌ها","مشخصاتمشخصات فیزیکینوع هارد دیسک اکسترنالقابل حمل وزن۲۷۰ گرمابعاد۱۳۳.۵x۹۸.۵x۲۱.۵ میلی‌مترمشاهده بیشتر"
"1771409439-189","https://www.digikala.com/search/category-external-hard-disk/?has_selling_stock=1","هارد اکسترنال سیگیت مدل Expansion ظرفیت دو ترابایت","۱۵,۹۸۳,۶۰۰","۲۱,۷۰۲,۴۰۰","۲۶٪","۴.۳","ارسال سریع دیجی‌کالا","","","هارد اکسترنال سیگیت مدل Expansion ظرفیت دو ترابایتارسال سریع دیجی‌کالا
۴.۳۲۶٪۱۵,۹۸۳,۶۰۰۲۱,۷۰۲,۴۰۰","https://www.digikala.com/product/dkp-8288319/%D9%87%D8%A7%D8%B1%D8%AF-%D8%A7%DA%A9%D8%B3%D8%AA%D8%B1%D9%86%D8%A7%D9%84-%D8%B3%DB%8C%DA%AF%DB%8C%D8%AA-%D9%85%D8%AF%D9%84-expansion-%D8%B8%D8%B1%D9%81%DB%8C%D8%AA-%D8%AF%D9%88-%D8%AA%D8%B1%D8%A7%D8%A8%D8%A7%DB%8C%D8%AA/","۴.۳","دیجی‌کالا","عالی","هارد اکسترنال سیگیت مدل Expansion
هارد اکسترنال سیگیت مدل Expansion یکی از محصولات مطرح و با کیفیت شرکت Seagate است که ارزش بررسی دارد. این هارد دیسک برای مصارف شخصی و حرفه ای مناسب بوده و از ظرافت، سرعت بالا و قابلیت پشتیبان گیری خودکار برای نگهداری و مدیریت داده ها استفاده می کند. با امکاناتی مانند رمزگذاری سخت افزاری AES-256 و قابلیت اتصال به سیستم های ویندوز، مک و Chromebook، این هارد اکسترنال یک گزینه مناسب برای افرادی است که به دنبال راهکارهای پشتیبان گیری و ذخیره سازی  ...","هارد اکسترنال سیگیت مدل Expansion ظرفیت دو ترابایت","۲۱,۷۰۲,۴۰۰","","https://dkstatics-public.digikala.com/digikala-products/2f1c533b8242edc79dd73ac493745dddb8fef58d_1754247878.jpg?x-oss-process=image/resize,m_lfit,h_800,w_800/quality,q_90
https://dkstatics-public.digikala.com/digikala-products/9f247dc39f25a1b0173faf4165ed5bcad2dacd51_1650101268.jpg?x-oss-process=image/resize,m_lfit,h_800,w_800/quality,q_90
https://dkstatics-public.digikala.com/digikala-products/6ab93d237cbd7f5b7f95f0e7c1c537f494e1c6ef_1650101269.jpg?x-oss-process=image/resize,m_lfit,h_800,w_800/quality,q_90
https://dkstatics-public.digikala.com/digikala-products/2f1c533b8242edc79dd73ac493745dddb8fef58d_1754247878.jpg?x-oss-process=image/resize,m_lfit,h_800,w_800/quality,q_90","مشکی","۱۵,۹۸۳,۶۰۰","ویژگی‌هافرم فکتور (سایز هد)2.5 اینچ2.5 اینچمشاهده همه ویژگی‌ها","مشخصاتمشخصات فیزیکیوزن۱۵۹ گرممشاهده بیشتر"
"1771409441-190","https://www.digikala.com/search/category-external-hard-disk/?has_selling_stock=1","هارد اکسترنال توین موس مدل ProDrive ظرفیت یک ترابایت","","","","۴","&nbsp;","","","هارد اکسترنال توین موس مدل ProDrive ظرفیت یک ترابایت&nbsp;
۴ناموجود","https://www.digikala.com/product/dkp-18833134/%D9%87%D8%A7%D8%B1%D8%AF-%D8%A7%DA%A9%D8%B3%D8%AA%D8%B1%D9%86%D8%A7%D9%84-%D8%AA%D9%88%DB%8C%D9%86-%D9%85%D9%88%D8%B3-%D9%85%D8%AF%D9%84-prodrive-%D8%B8%D8%B1%D9%81%DB%8C%D8%AA-%DB%8C%DA%A9-%D8%AA%D8%B1%D8%A7%D8%A8%D8%A7%DB%8C%D8%AA/","۴","","","","","","","https://dkstatics-public.digikala.com/digikala-products/9e739981c37073a3c9d08a195d353498d6ac57c1_1754241189.jpg?x-oss-process=image/resize,m_lfit,h_800,w_800/quality,q_90
https://dkstatics-public.digikala.com/digikala-products/f62252e15023cd778e17c8a1237ab521e9356e5c_1744035987.jpg?x-oss-process=image/resize,m_lfit,h_800,w_800/quality,q_90
https://dkstatics-public.digikala.com/digikala-products/1cd6de9bbefd0cbbbe2aa276d8a497aa35bfde3a_1744035987.jpg?x-oss-process=image/resize,m_lfit,h_800,w_800/quality,q_90
https://dkstatics-public.digikala.com/digikala-products/9e739981c37073a3c9d08a195d353498d6ac57c1_1754241189.jpg?x-oss-process=image/resize,m_lfit,h_800,w_800/quality,q_90","","","ویژگی‌هاسرعت چرخش54005400مشاهده همه ویژگی‌ها","مشخصاتمشخصات فیزیکینوع هارد دیسک اکسترنالقابل حمل وزن۱۵۰ گرمابعاد۱۲x۷۶x۱۱۲ میلی‌مترمشاهده بیشتر"
"1771409443-191","https://www.digikala.com/search/category-external-hard-disk/?has_selling_stock=1","هارد اکسترنال سیلیکون پاور مدل Armor A65B ظرفیت 1 ترابایت","۱۴,۰۰۰,۰۰۰","","","۴.۴","تنها ۱ عدد در انبار باقی مانده","","","هارد اکسترنال سیلیکون پاور مدل Armor A65B ظرفیت 1 ترابایت تنها ۱ عدد در انبار باقی مانده
۴.۴۱۴,۰۰۰,۰۰۰","https://www.digikala.com/product/dkp-10194006/%D9%87%D8%A7%D8%B1%D8%AF-%D8%A7%DA%A9%D8%B3%D8%AA%D8%B1%D9%86%D8%A7%D9%84-%D8%B3%DB%8C%D9%84%DB%8C%DA%A9%D9%88%D9%86-%D9%BE%D8%A7%D9%88%D8%B1-%D9%85%D8%AF%D9%84-armor-a65b-%D8%B8%D8%B1%D9%81%DB%8C%D8%AA-1-%D8%AA%D8%B1%D8%A7%D8%A8%D8%A7%DB%8C%D8%AA/","۴.۴","سرزمین حافظه ویرا","عالی","جدیدترین هارد دیسک ضد ضربه و ضد آب این شرکت از سری Armor با نام A65 عرضه شده که دارای گواهینامه IP67 است و از طراحی ویژه ای برخوردار است.هارد جدید سیلیکون پاور از سری Armor، از نوع هارد اکسترنال پرتالاست. بنابراین می توانید بدون نیاز به آداپتور آن را به کامپیوتر وصل کنید.هارد بدنه ای پلاستیکی دارد و روی آن با پوششی مات از جنس لاستیک سیلیکونی پوشیده شده است که این پوشش علاوه بر این که خاصیت ضربه گیری دارد، از سر خوردن هارد روی سطوح مختلف نیز جلوگیری می کند.چراغ نشانگر فعالیت ه ...","هارد اکسترنال سیلیکون پاور مدل Armor A65B ظرفیت 1 ترابایت","۱۴,۰۰۰,۰۰۰","","https://dkstatics-public.digikala.com/digikala-products/4a8f4f0feac8ef7ff8f660efbb674da1ac2b2356_1754250648.jpg?x-oss-process=image/resize,m_lfit,h_800,w_800/quality,q_90
https://dkstatics-public.digikala.com/digikala-products/4a8f4f0feac8ef7ff8f660efbb674da1ac2b2356_1754250648.jpg?x-oss-process=image/resize,m_lfit,h_800,w_800/quality,q_90
https://dkstatics-public.digikala.com/digikala-products/df475b7f179eabfef00aba9b931caf215ca8dbb6_1671368056.jpg?x-oss-process=image/resize,m_lfit,h_800,w_800/quality,q_90
https://dkstatics-public.digikala.com/digikala-products/6807e1b2600102bfe0fe019f0facf7a4f15a1560_1671368055.jpg?x-oss-process=image/resize,m_lfit,h_800,w_800/quality,q_90
https://dkstatics-public.digikala.com/digikala-products/4a8f4f0feac8ef7ff8f660efbb674da1ac2b2356_1754250648.jpg?x-oss-process=image/resize,m_lfit,h_800,w_800/quality,q_90","مشکی","","ویژگی‌هافرم فکتور (سایز هد)2.5 اینچ2.5 اینچسرعت چرخش72007200مشاهده همه ویژگی‌ها","مشخصاتمشخصات فیزیکیوزن۲۷۷ گرممشاهده بیشتر"
"1771409445-192","https://www.digikala.com/search/category-external-hard-disk/?has_selling_stock=1","هارد اکسترنال وسترن دیجیتال مدل My Passport ظرفیت شش ترابایت دارای رابط USB Type-A 3.0","۲۹,۸۰۰,۰۰۰","","","۴.۴","تنها ۳ عدد در انبار باقی مانده","","","هارد اکسترنال وسترن دیجیتال مدل My Passport ظرفیت شش ترابایت دارای رابط USB Type-A 3.0تنها ۳ عدد در انبار باقی مانده
۴.۴۲۹,۸۰۰,۰۰۰","https://www.digikala.com/product/dkp-16648260/%D9%87%D8%A7%D8%B1%D8%AF-%D8%A7%DA%A9%D8%B3%D8%AA%D8%B1%D9%86%D8%A7%D9%84-%D9%88%D8%B3%D8%AA%D8%B1%D9%86-%D8%AF%DB%8C%D8%AC%DB%8C%D8%AA%D8%A7%D9%84-%D9%85%D8%AF%D9%84-my-passport-%D8%B8%D8%B1%D9%81%DB%8C%D8%AA-%D8%B4%D8%B4-%D8%AA%D8%B1%D8%A7%D8%A8%D8%A7%DB%8C%D8%AA-%D8%AF%D8%A7%D8%B1%D8%A7%DB%8C-%D8%B1%D8%A7%D8%A8%D8%B7-usb-type-a-30/","۴.۴","لیان سیستم شاپ","عالی","هارد اکسترنال وسترن دیجیتال My Passport با ظرفیت شش ترابایت ترکیبی از فضای ذخیره‌سازی بالا و طراحی جمع‌وجور ارائه می‌دهد. این هارد قابل حمل با وزن ۲۰۹ گرم و ابعاد ۱۰۷x۷۵x۲۵ میلی‌متر، امکان حمل راحت و جای‌گیری آسان در کیف لپ‌تاپ یا کوله‌پشتی را فراهم می‌کند. بدنه مقاوم در برابر خط و خش، ظاهر دستگاه را حتی پس از استفاده طولانی مدت حفظ می‌کند و نشانگر LED روی آن، وضعیت انتقال اطلاعات را به صورت بصری نمایش می‌دهد.

فرم فکتور ۲.۵ اینچی و سرعت چرخش ۵۴۰۰ دور در دقیقه، عملکرد روان و  ...","هارد اکسترنال وسترن دیجیتال مدل My Passport ظرفیت شش ترابایت دارای رابط USB Type-A 3.0","۲۸,۹۹۰,۰۰۰","","https://dkstatics-public.digikala.com/digikala-products/b906ab414103905fe6a00b7f46040201ceda160d_1725694519.jpg?x-oss-process=image/resize,m_lfit,h_800,w_800/quality,q_90
https://dkstatics-public.digikala.com/digikala-products/b906ab414103905fe6a00b7f46040201ceda160d_1725694519.jpg?x-oss-process=image/resize,m_lfit,h_800,w_800/quality,q_90
https://dkstatics-public.digikala.com/digikala-products/74500be32ea8781dd6a3ccf4b324d39a0ed3373d_1755592251.jpg?x-oss-process=image/resize,m_lfit,h_800,w_800/quality,q_90
https://dkstatics-public.digikala.com/digikala-products/52eca12bd7d21fba3de5e5588c2c6038db31e910_1754236451.jpg?x-oss-process=image/resize,m_lfit,h_800,w_800/quality,q_90
https://dkstatics-public.digikala.com/digikala-products/b906ab414103905fe6a00b7f46040201ceda160d_1725694519.jpg?x-oss-process=image/resize,m_lfit,h_800,w_800/quality,q_90","مشکی","۲۶,۳۴۰,۰۰۰","ویژگی‌هافرم فکتور (سایز هد)2.5 اینچ2.5 اینچسرعت چرخش54005400نوع رابط کابلUSB Type-A 3.0USB Type-A 3.0مشاهده همه ویژگی‌ها","مشخصاتمشخصات فیزیکینوع هارد دیسک اکسترنالقابل حمل وزن۲۰۹ گرمابعاد۱۰۷x۷۵x۲۵ میلی‌مترمشاهده بیشتر"
"1771409447-193","https://www.digikala.com/search/category-external-hard-disk/?has_selling_stock=1","هارد اکسترنال وسترن دیجیتال مدل My Book Desktop ظرفیت شش ترابایت دارای رابط USB Type-A 3.0","۲۵,۰۰۰,۰۰۰","۲۸,۲۰۰,۰۰۰","۱۱٪","۴.۳","تنها ۲ عدد در انبار باقی مانده","","","هارد اکسترنال وسترن دیجیتال مدل My Book Desktop ظرفیت شش ترابایت دارای رابط USB Type-A 3.0تنها ۲ عدد در انبار باقی مانده
۴.۳۱۱٪۲۵,۰۰۰,۰۰۰۲۸,۲۰۰,۰۰۰","https://www.digikala.com/product/dkp-201827/%D9%87%D8%A7%D8%B1%D8%AF-%D8%A7%DA%A9%D8%B3%D8%AA%D8%B1%D9%86%D8%A7%D9%84-%D9%88%D8%B3%D8%AA%D8%B1%D9%86-%D8%AF%DB%8C%D8%AC%DB%8C%D8%AA%D8%A7%D9%84-%D9%85%D8%AF%D9%84-my-book-desktop-%D8%B8%D8%B1%D9%81%DB%8C%D8%AA-%D8%B4%D8%B4-%D8%AA%D8%B1%D8%A7%D8%A8%D8%A7%DB%8C%D8%AA-%D8%AF%D8%A7%D8%B1%D8%A7%DB%8C-%D8%B1%D8%A7%D8%A8%D8%B7-usb-type-a-30/","۴.۳","بانی نو","عالی","یکی از مهم‌ترین تجهیزات ذخیره‌سازی و آرشیو اطلاعات، هاردهای اکسترنال هستند. هادرهای اکسترنال به راحتی به کامپیوتر متصل‌ می‌شوند و می‌تواند میزبانی امن برای اطلاعات کامپیوتر شما باشند. ولی وجود برندها ومدل‌های مختلف باعث شده که تهیه‌ییک هارد اکسترنال کار ساده‌ای نباشد. هاردها با توجه به نوع کاربری، درگاه ارتباطی و ظرفیت میزبانی اطلاعات به انواع مختلفی تقسیم می‌شوند. یکی ازهاردهای اکسترنالی که از طرف کاربران حرفه‌ای با استقبال خ ...","هارد اکسترنال وسترن دیجیتال مدل My Book Desktop ظرفیت شش ترابایت دارای رابط USB Type-A 3.0","۲۸,۲۰۰,۰۰۰","","https://dkstatics-public.digikala.com/digikala-products/3d4f5063352af4a9a3c02344cc549fd1363933ef_1753698827.jpg?x-oss-process=image/resize,m_lfit,h_800,w_800/quality,q_90
https://dkstatics-public.digikala.com/digikala-products/3d4f5063352af4a9a3c02344cc549fd1363933ef_1753698827.jpg?x-oss-process=image/resize,m_lfit,h_800,w_800/quality,q_90
https://dkstatics-public.digikala.com/digikala-products/665a08c4f88dd71631488628d49894705c934360_1759917726.jpg?x-oss-process=image/resize,m_lfit,h_800,w_800/quality,q_90
https://dkstatics-public.digikala.com/digikala-products/733f3c8d362f79beb2ee991c199ebe653f820ad4_1750885137.jpg?x-oss-process=image/resize,m_lfit,h_800,w_800/quality,q_90
https://dkstatics-public.digikala.com/digikala-products/3d4f5063352af4a9a3c02344cc549fd1363933ef_1753698827.jpg?x-oss-process=image/resize,m_lfit,h_800,w_800/quality,q_90","مشکی","۲۵,۰۰۰,۰۰۰","ویژگی‌هافرم فکتور (سایز هد)3.5 اینچ3.5 اینچسرعت چرخش54005400نوع رابط کابلUSB Type-A 3.0USB Type-A 3.0مشاهده همه ویژگی‌ها","مشخصاتمشخصات فیزیکینوع هارد دیسک اکسترنالرومیزی وزن۱۳۶۰ گرمابعاد۴۹×۱۳۹×۱۷۰ میلی‌مترمشاهده بیشتر"
"1771409450-194","https://www.digikala.com/search/category-external-hard-disk/?has_selling_stock=1","هارد اکسترنال توشیبا مدل Canvio Advance ظرفیت یک ترابایت دارای رابط USB Type-A 3.2","","","","۴.۳","&nbsp;","","","هارد اکسترنال توشیبا مدل Canvio Advance ظرفیت یک ترابایت دارای رابط USB Type-A 3.2&nbsp;
۴.۳ناموجودمشاهده کالا در سایر فروشگاه‌ها","https://www.digikala.com/product/dkp-4567133/%D9%87%D8%A7%D8%B1%D8%AF-%D8%A7%DA%A9%D8%B3%D8%AA%D8%B1%D9%86%D8%A7%D9%84-%D8%AA%D9%88%D8%B4%DB%8C%D8%A8%D8%A7-%D9%85%D8%AF%D9%84-canvio-advance-%D8%B8%D8%B1%D9%81%DB%8C%D8%AA-%DB%8C%DA%A9-%D8%AA%D8%B1%D8%A7%D8%A8%D8%A7%DB%8C%D8%AA-%D8%AF%D8%A7%D8%B1%D8%A7%DB%8C-%D8%B1%D8%A7%D8%A8%D8%B7-usb-type-a-32/","۴.۳","","","هارد اکسترنال توشیبا با ظرفیت 1 ترابایت ارائه شده‌است. این هارد از رابط USB 3.2 استفاده می‌کند و با سرعتی متناسب قادر به انتقال اطلاعات است. این محصول به همراه یک کابل ارائه شده و با انواع سیستم‌عامل سازگاری دارد.","","","","https://dkstatics-public.digikala.com/digikala-products/3d5f62fea92e736becca3e87d5d760eaf0beb9fa_1754244445.jpg?x-oss-process=image/resize,m_lfit,h_800,w_800/quality,q_90
https://dkstatics-public.digikala.com/digikala-products/3d5f62fea92e736becca3e87d5d760eaf0beb9fa_1754244445.jpg?x-oss-process=image/resize,m_lfit,h_800,w_800/quality,q_90
https://dkstatics-public.digikala.com/digikala-products/d6cc8502495887a3f3f717db452e79364d8fc1d8_1750885151.jpg?x-oss-process=image/resize,m_lfit,h_800,w_800/quality,q_90
https://dkstatics-public.digikala.com/digikala-products/58523581d1dfe1b38dc5faac7ebe76c772f087bf_1631523223.jpg?x-oss-process=image/resize,m_lfit,h_800,w_800/quality,q_90
https://dkstatics-public.digikala.com/digikala-products/3d5f62fea92e736becca3e87d5d760eaf0beb9fa_1754244445.jpg?x-oss-process=image/resize,m_lfit,h_800,w_800/quality,q_90","","","ویژگی‌هافرم فکتور (سایز هد)2.5 اینچ2.5 اینچسرعت چرخش54005400نوع رابط کابلUSB Type-A 3.2USB Type-A 3.2مشاهده همه ویژگی‌ها","مشخصاتمشخصات فیزیکینوع هارد دیسک اکسترنالقابل حمل وزن۱۴۹ گرمابعاد۷۸x۱۰۹x۱۴ میلی‌مترمشاهده بیشتر"
"1771409452-195","https://www.digikala.com/search/category-external-hard-disk/?has_selling_stock=1","هارد اکسترنال ای دیتا مدل HD710 Pro ظرفیت چهار ترابایت دارای رابط USB Type-A 3.0","۲۴,۴۰۰,۰۰۰","","","۴.۴","&nbsp;","","","هارد اکسترنال ای دیتا مدل HD710 Pro ظرفیت چهار ترابایت دارای رابط USB Type-A 3.0&nbsp;
۴.۴۲۴,۴۰۰,۰۰۰","https://www.digikala.com/product/dkp-274940/%D9%87%D8%A7%D8%B1%D8%AF-%D8%A7%DA%A9%D8%B3%D8%AA%D8%B1%D9%86%D8%A7%D9%84-%D8%A7%DB%8C-%D8%AF%DB%8C%D8%AA%D8%A7-%D9%85%D8%AF%D9%84-hd710-pro-%D8%B8%D8%B1%D9%81%DB%8C%D8%AA-%DA%86%D9%87%D8%A7%D8%B1-%D8%AA%D8%B1%D8%A7%D8%A8%D8%A7%DB%8C%D8%AA-%D8%AF%D8%A7%D8%B1%D8%A7%DB%8C-%D8%B1%D8%A7%D8%A8%D8%B7-usb-type-a-30/","۴.۴","بانی نو","عالی","هارد اکسترنال HD710 Pro از آن محصولاتی است که به عنوان مدل بهینه و البته بروز شده‌ی مدل‌های موفق پیشین ارائه می‌شوند. ای‌دیتا پس از اینکه توانست با هارد HD710 جایگاه خوبی در بازار به دست آورد، حالا مدل آپدیت شده‌ی آن را با نام HD710 Pro روانه‌ی بازار مصرفی کرده‌است. این هارد اکسترنال دارای مشخصات یک محصول ضدضربه است و می‌تواند در برابر چندین عامل خطرآفرین محیطی مقاومت کند. برخورداری از استاندارد IP68 به تنهایی معرف بسیاری از ویژگی‌ ...","هارد اکسترنال ای دیتا مدل HD710 Pro ظرفیت چهار ترابایت دارای رابط USB Type-A 3.0","۲۳,۰۰۰,۰۰۰","","https://dkstatics-public.digikala.com/digikala-products/4f56bc5a115cd294003e8fdea0111f473e03d56a_1753698940.jpg?x-oss-process=image/resize,m_lfit,h_800,w_800/quality,q_90
https://dkstatics-public.digikala.com/digikala-products/4f56bc5a115cd294003e8fdea0111f473e03d56a_1753698940.jpg?x-oss-process=image/resize,m_lfit,h_800,w_800/quality,q_90
https://dkstatics-public.digikala.com/digikala-products/1847006.jpg?x-oss-process=image/resize,m_lfit,h_800,w_800/quality,q_90
https://dkstatics-public.digikala.com/digikala-products/86f644ede3acdeb01180ca8acc7c091600839808_1750885139.jpg?x-oss-process=image/resize,m_lfit,h_800,w_800/quality,q_90
https://dkstatics-public.digikala.com/digikala-products/4f56bc5a115cd294003e8fdea0111f473e03d56a_1753698940.jpg?x-oss-process=image/resize,m_lfit,h_800,w_800/quality,q_90","مشکی","","ویژگی‌هاسرعت چرخش54005400نوع رابط کابلUSB Type-A 3.0USB Type-A 3.0مشاهده همه ویژگی‌ها","مشخصاتمشخصات فیزیکینوع هارد دیسک اکسترنالقابل حمل وزن۳۹۰ گرمابعاد۱۳۳.۳x۹۸.۵x۲۶.۷ میلی‌مترمشاهده بیشتر"
"1771409455-196","https://www.digikala.com/search/category-external-hard-disk/?has_selling_stock=1","هارد اکسترنال سیگیت مدل expansion ظرفیت یک ترابایت دارای رابط USB Type-A 3.2","۱۱,۵۰۰,۰۰۰","۱۲,۵۰۰,۰۰۰","۸٪","۴.۱","ارسال سریع دیجی‌کالا","","","هارد اکسترنال سیگیت مدل expansion ظرفیت یک ترابایت دارای رابط USB Type-A 3.2ارسال سریع دیجی‌کالا
۴.۱۸٪۱۱,۵۰۰,۰۰۰۱۲,۵۰۰,۰۰۰","https://www.digikala.com/product/dkp-10957279/%D9%87%D8%A7%D8%B1%D8%AF-%D8%A7%DA%A9%D8%B3%D8%AA%D8%B1%D9%86%D8%A7%D9%84-%D8%B3%DB%8C%DA%AF%DB%8C%D8%AA-%D9%85%D8%AF%D9%84-expansion-%D8%B8%D8%B1%D9%81%DB%8C%D8%AA-%DB%8C%DA%A9-%D8%AA%D8%B1%D8%A7%D8%A8%D8%A7%DB%8C%D8%AA-%D8%AF%D8%A7%D8%B1%D8%A7%DB%8C-%D8%B1%D8%A7%D8%A8%D8%B7-usb-type-a-32/","۴.۱","ویستا تجارت ایرانیان","عالی","","هارد اکسترنال سیگیت مدل expansion ظرفیت یک ترابایت دارای رابط USB Type-A 3.2","۱۲,۵۰۰,۰۰۰","","https://dkstatics-public.digikala.com/digikala-products/a0a856a15403f3c23e3f438e423bf48df9aab2f0_1754240687.jpg?x-oss-process=image/resize,m_lfit,h_800,w_800/quality,q_90
https://dkstatics-public.digikala.com/digikala-products/a0a856a15403f3c23e3f438e423bf48df9aab2f0_1754240687.jpg?x-oss-process=image/resize,m_lfit,h_800,w_800/quality,q_90
https://dkstatics-public.digikala.com/digikala-products/c54aa8161710b2025d1387587610ceea921675a6_1750592534.jpg?x-oss-process=image/resize,m_lfit,h_800,w_800/quality,q_90
https://dkstatics-public.digikala.com/digikala-products/d9909c4bbae300e330e93177f929702b25a54129_1750885154.jpg?x-oss-process=image/resize,m_lfit,h_800,w_800/quality,q_90
https://dkstatics-public.digikala.com/digikala-products/a0a856a15403f3c23e3f438e423bf48df9aab2f0_1754240687.jpg?x-oss-process=image/resize,m_lfit,h_800,w_800/quality,q_90","مشکی","۱۱,۵۰۰,۰۰۰","ویژگی‌هافرم فکتور (سایز هد)2.5 اینچ2.5 اینچسرعت چرخش54005400نوع رابط کابلUSB Type-A 3.2USB Type-A 3.2مشاهده همه ویژگی‌ها","مشخصاتمشخصات فیزیکینوع هارد دیسک اکسترنالقابل حمل وزن۱۶۰ گرمابعاد۱۲.۶×۸۰×۱۱۵.۳ میلی‌مترمشاهده بیشتر"
"1771409457-197","https://www.digikala.com/search/category-external-hard-disk/?has_selling_stock=1","هارد اکسترنال ای دیتا مدل HD710 ظرفیت یک ترابایت دارای رابط USB Type-A 3.2","۱۲,۸۹۰,۰۰۰","","","۴.۳","&nbsp;","","","هارد اکسترنال ای دیتا مدل HD710 ظرفیت یک ترابایت دارای رابط USB Type-A 3.2&nbsp;
۴.۳۱۲,۸۹۰,۰۰۰","https://www.digikala.com/product/dkp-4360/%D9%87%D8%A7%D8%B1%D8%AF-%D8%A7%DA%A9%D8%B3%D8%AA%D8%B1%D9%86%D8%A7%D9%84-%D8%A7%DB%8C-%D8%AF%DB%8C%D8%AA%D8%A7-%D9%85%D8%AF%D9%84-hd710-%D8%B8%D8%B1%D9%81%DB%8C%D8%AA-%DB%8C%DA%A9-%D8%AA%D8%B1%D8%A7%D8%A8%D8%A7%DB%8C%D8%AA-%D8%AF%D8%A7%D8%B1%D8%A7%DB%8C-%D8%B1%D8%A7%D8%A8%D8%B7-usb-type-a-32/","۴.۳","لیان سیستم شاپ","عالی","هاردهای اکسترنال با توجه به نوع طراحی، درگاه اتصال به کامپیوتر و قابلیت‌هایی که دارند به انواه مختلفی تقسیم می‌شوند. همچنین شرکت‌های زیادی به طراحی و تولید هارد اکسترنال می‌پردازند که این موضوع باعث شده انتخاب یک هارد اکسترنال مناسب کار ساده‌ای نباشد. یکی از شرکت‌های فعال در تولید هارد اکسترنال شرکت ای دیتا است که محصولی را با نام HD710 روانه بازار کرده است. این هارد طراحی بسیار زیبایی دارد و می‌تواند در برابر بسیاری از صدمات مقاومت خوبی از  ...","هارد اکسترنال ای دیتا مدل HD710 ظرفیت یک ترابایت دارای رابط USB Type-A 3.2","۱۲,۸۹۰,۰۰۰","","https://dkstatics-public.digikala.com/digikala-products/63442.jpg?x-oss-process=image/resize,m_lfit,h_800,w_800/quality,q_90
https://dkstatics-public.digikala.com/digikala-products/63442.jpg?x-oss-process=image/resize,m_lfit,h_800,w_800/quality,q_90
https://dkstatics-public.digikala.com/digikala-products/d653e59a398577a6c5b8c9480f58ce9ce79ab879_1750885133.jpg?x-oss-process=image/resize,m_lfit,h_800,w_800/quality,q_90
https://dkstatics-public.digikala.com/digikala-products/63675.jpg?x-oss-process=image/resize,m_lfit,h_800,w_800/quality,q_90
https://dkstatics-public.digikala.com/digikala-products/63442.jpg?x-oss-process=image/resize,m_lfit,h_800,w_800/quality,q_90","قرمززردآبیمشکی","۱۲,۲۳۰,۰۰۰","ویژگی‌هافرم فکتور (سایز هد)2.5 اینچ2.5 اینچسرعت چرخش54005400نوع رابط کابلUSB Type-A 3.2USB Type-A 3.2مشاهده همه ویژگی‌ها","مشخصاتمشخصات فیزیکینوع هارد دیسک اکسترنالقابل حمل وزن۲۲۰ گرمابعاد۱۳۲×۹۹×۲۱ میلی‌مترمشاهده بیشتر"
"1771409459-198","https://www.digikala.com/search/category-external-hard-disk/?has_selling_stock=1","هارد اکسترنال توشیبا مدل Canvio Gaming ظرفیت یک ترابایت دارای رابط USB Type-A 3.2","۹,۲۰۰,۰۰۰","","","۴.۲","&nbsp;","","","هارد اکسترنال توشیبا مدل Canvio Gaming ظرفیت یک ترابایت دارای رابط USB Type-A 3.2&nbsp;
۴.۲۹,۲۰۰,۰۰۰","https://www.digikala.com/product/dkp-4377049/%D9%87%D8%A7%D8%B1%D8%AF-%D8%A7%DA%A9%D8%B3%D8%AA%D8%B1%D9%86%D8%A7%D9%84-%D8%AA%D9%88%D8%B4%DB%8C%D8%A8%D8%A7-%D9%85%D8%AF%D9%84-canvio-gaming-%D8%B8%D8%B1%D9%81%DB%8C%D8%AA-%DB%8C%DA%A9-%D8%AA%D8%B1%D8%A7%D8%A8%D8%A7%DB%8C%D8%AA-%D8%AF%D8%A7%D8%B1%D8%A7%DB%8C-%D8%B1%D8%A7%D8%A8%D8%B7-usb-type-a-32/","۴.۲","خانه آی تی ایران","عالی","با توجه به افزایش روز افزون استفاده از کنسول‌های بازی و نیاز کاربران به فضای بیشتر برای ذخیره‌سازی اطلاعات و فایل‌های اجرایی، شرکت «توشیبا» که در عرصه تولید تجهیزات ذخیره‌سازی، تجربه‌ای درخشان دارد، مشغول به طراحی بر مبنای نیاز این قشر از کاربران دنیای دیجیتال شد و نتیجه آن هاردهای اکسترنال سری گیمینگ «Canvio Gaming» شد.
این محصول فوق‌العاده با پشتیبانی از USB 3.2 قادر به انتقال اطلاعات تا 5 گیگابایت در ثانیه است و با توجه به بهینه‌سازی‌هایی که صورت گرفته، سرعت اجرای بازی هن ...","هارد اکسترنال توشیبا مدل Canvio Gaming ظرفیت یک ترابایت دارای رابط USB Type-A 3.2","۹,۱۴۵,۰۰۰","","https://dkstatics-public.digikala.com/digikala-products/4ad9b942659404170cd99cb03527dc7d8edfb8f5_1754244310.jpg?x-oss-process=image/resize,m_lfit,h_800,w_800/quality,q_90
https://dkstatics-public.digikala.com/digikala-products/4ad9b942659404170cd99cb03527dc7d8edfb8f5_1754244310.jpg?x-oss-process=image/resize,m_lfit,h_800,w_800/quality,q_90
https://dkstatics-public.digikala.com/digikala-products/51e1f903cb3e3537b811922ec6b0e156a024db5b_1612265664.jpg?x-oss-process=image/resize,m_lfit,h_800,w_800/quality,q_90
https://dkstatics-public.digikala.com/digikala-products/dca8bb85d626cef1fc989c304ea5f86ba63ea88e_1750885148.jpg?x-oss-process=image/resize,m_lfit,h_800,w_800/quality,q_90
https://dkstatics-public.digikala.com/digikala-products/4ad9b942659404170cd99cb03527dc7d8edfb8f5_1754244310.jpg?x-oss-process=image/resize,m_lfit,h_800,w_800/quality,q_90","نوک مدادی","","ویژگی‌هافرم فکتور (سایز هد)2.5 اینچ2.5 اینچسرعت چرخش54005400نوع رابط کابلUSB Type-A 3.2USB Type-A 3.2مشاهده همه ویژگی‌ها","مشخصاتمشخصات فیزیکینوع هارد دیسک اکسترنالقابل حمل وزن۲۴۰ گرمابعاد۷۸x۱۰۹x۱۴.۳ میلی‌مترمشاهده بیشتر"
"1771409461-199","https://www.digikala.com/search/category-external-hard-disk/?has_selling_stock=1","هارد اکسترنال سیلیکون پاور مدل A85B ظرفیت 2 ترابایت دارای رابط USB Type-A","۱۵,۷۰۰,۰۰۰","","","۴.۶","تنها ۱ عدد در انبار باقی مانده","","","هارد اکسترنال سیلیکون پاور مدل A85B ظرفیت 2 ترابایت دارای رابط USB Type-Aتنها ۱ عدد در انبار باقی مانده
۴.۶۱۵,۷۰۰,۰۰۰","https://www.digikala.com/product/dkp-10203146/%D9%87%D8%A7%D8%B1%D8%AF-%D8%A7%DA%A9%D8%B3%D8%AA%D8%B1%D9%86%D8%A7%D9%84-%D8%B3%DB%8C%D9%84%DB%8C%DA%A9%D9%88%D9%86-%D9%BE%D8%A7%D9%88%D8%B1-%D9%85%D8%AF%D9%84-a85b-%D8%B8%D8%B1%D9%81%DB%8C%D8%AA-2-%D8%AA%D8%B1%D8%A7%D8%A8%D8%A7%DB%8C%D8%AA-%D8%AF%D8%A7%D8%B1%D8%A7%DB%8C-%D8%B1%D8%A7%D8%A8%D8%B7-usb-type-a/","۴.۶","آریا اندیش آسیا","عالی","هارد پرتابل مدل Armor A85B
هارد سیلیکون پاور مدل Armor A85 دارای استاندارد IP68
Armor A85 برای محافظت دربرابر صدمات وارده مجهز به سه لایه می‌باشد.
لایه اول (internal suspension) در برابر لرزش، لایه دوم بااستفاده از پوشش پلاستیکی(rubber)در برابر ضربه و لایه سوم با پوشش آلومینیومی هارد را در برابرفشار محافظت می کند.. همچنین حداکثر سرعت انتقال اطلاعات ( 5Gbps (USB 3.0، حداکثر سرعت (480Mbps (USB 2.0 می‌باشداین هارد مدل Armor A85 دارای بدنه آلومینیومی می باشد و قابلیت تحمل وزن  ...","هارد اکسترنال سیلیکون پاور مدل A85B ظرفیت 2 ترابایت دارای رابط USB Type-A","۱۵,۷۰۰,۰۰۰","","https://dkstatics-public.digikala.com/digikala-products/5fd024b5c993d37d2512aed640d48d4dda55a335_1754250649.jpg?x-oss-process=image/resize,m_lfit,h_800,w_800/quality,q_90
https://dkstatics-public.digikala.com/digikala-products/a7126cc4fc791c7b3450c2342a118dfdce25e64c_1671438614.jpg?x-oss-process=image/resize,m_lfit,h_800,w_800/quality,q_90
https://dkstatics-public.digikala.com/digikala-products/8ee45a96b86e5b5e3b3d9e3e97dbff40c8a37b16_1671438615.jpg?x-oss-process=image/resize,m_lfit,h_800,w_800/quality,q_90
https://dkstatics-public.digikala.com/digikala-products/5fd024b5c993d37d2512aed640d48d4dda55a335_1754250649.jpg?x-oss-process=image/resize,m_lfit,h_800,w_800/quality,q_90","مشکی","","ویژگی‌هافرم فکتور (سایز هد)2.5 اینچ2.5 اینچسرعت چرخش54005400نوع رابط کابلUSB Type-AUSB Type-Aمشاهده همه ویژگی‌ها","مشخصاتمشخصات فیزیکینوع هارد دیسک اکسترنالقابل حمل وزن۳۶۴ گرمابعاد۱۳۲.۵×۹۲.۳×۲۵.۹ میلی‌مترمشاهده بیشتر"
"1771409464-200","https://www.digikala.com/search/category-external-hard-disk/?has_selling_stock=1","هارد اکسترنال ای دیتا مدل HD710 Pro ظرفیت پنج ترابایت دارای رابط USB Type-A 3.0","۲۵,۰۰۰,۰۰۰","۳۵,۰۶۵,۹۰۰","۲۹٪","۴.۴","ارسال سریع دیجی‌کالا","https://www.digikala.com/statics/img/svg/productCard/topBadge/SpecialSell.svg","https://www.digikala.com/statics/img/svg/productCard/topBadge/SpecialSell.svg","هارد اکسترنال ای دیتا مدل HD710 Pro ظرفیت پنج ترابایت دارای رابط USB Type-A 3.0ارسال سریع دیجی‌کالا
۴.۴۲۹٪۲۵,۰۰۰,۰۰۰۳۵,۰۶۵,۹۰۰","https://www.digikala.com/product/dkp-396563/%D9%87%D8%A7%D8%B1%D8%AF-%D8%A7%DA%A9%D8%B3%D8%AA%D8%B1%D9%86%D8%A7%D9%84-%D8%A7%DB%8C-%D8%AF%DB%8C%D8%AA%D8%A7-%D9%85%D8%AF%D9%84-hd710-pro-%D8%B8%D8%B1%D9%81%DB%8C%D8%AA-%D9%BE%D9%86%D8%AC-%D8%AA%D8%B1%D8%A7%D8%A8%D8%A7%DB%8C%D8%AA-%D8%AF%D8%A7%D8%B1%D8%A7%DB%8C-%D8%B1%D8%A7%D8%A8%D8%B7-usb-type-a-30/","۴.۴","بوبوکو شاپ","عالی","هارد اکسترنال HD710 Pro از آن محصولاتی است که به عنوان مدل بهینه و البته بروز شده‌ی مدل‌های موفق پیشین ارائه می‌شوند. ای‌دیتا پس از اینکه توانست با هارد HD710 جایگاه خوبی در بازار به دست آورد، حالا مدل آپدیت شده‌ی آن را با نام HD710 Pro روانه‌ی بازار مصرفی کرده‌است. این هارد اکسترنال دارای مشخصات یک محصول ضدضربه است و می‌تواند در برابر چندین عامل خطرآفرین محیطی مقاومت کند. برخورداری از استاندارد IP68 به تنهایی معرف بسیاری از ویژگی‌ ...","هارد اکسترنال ای دیتا مدل HD710 Pro ظرفیت پنج ترابایت دارای رابط USB Type-A 3.0","۲۵,۰۰۰,۰۰۰","","https://dkstatics-public.digikala.com/digikala-products/c88bdf41ef527cc5901587f0f98402e8f6440247_1753698428.jpg?x-oss-process=image/resize,m_lfit,h_800,w_800/quality,q_90
https://dkstatics-public.digikala.com/digikala-products/1158974.jpg?x-oss-process=image/resize,m_lfit,h_800,w_800/quality,q_90
https://dkstatics-public.digikala.com/digikala-products/7aeebf894788886275f03a05092c17c30529207b_1750885140.jpg?x-oss-process=image/resize,m_lfit,h_800,w_800/quality,q_90
https://dkstatics-public.digikala.com/digikala-products/c88bdf41ef527cc5901587f0f98402e8f6440247_1753698428.jpg?x-oss-process=image/resize,m_lfit,h_800,w_800/quality,q_90","مشکی","","ویژگی‌هاسرعت چرخش54005400نوع رابط کابلUSB Type-A 3.0USB Type-A 3.0مشاهده همه ویژگی‌ها","مشخصاتمشخصات فیزیکینوع هارد دیسک اکسترنالقابل حمل وزن۳۹۰ گرمابعاد۱۳۳.۳x۹۸.۵x۲۶.۷ میلی‌مترمشاهده بیشتر"
"1771409466-201","https://www.digikala.com/search/category-external-hard-disk/?has_selling_stock=1","هارد اکسترنال توشیبا مدل Canvio Basics ظرفیت یک ترابایت دارای رابط USB Type-A 3.0","۱۰,۰۰۰,۰۰۰","","","۴.۳","&nbsp;","https://dkstatics-public.digikala.com/digikala-products/34fcb3debc75fc581a0f82d15b620cecbbcbf4f7_1754835624.jpg?x-oss-process=image/resize,m_lfit,h_300,w_300/quality,q_80","","هارد اکسترنال توشیبا مدل Canvio Basics ظرفیت یک ترابایت دارای رابط USB Type-A 3.0&nbsp;
۴.۳۱۰,۰۰۰,۰۰۰","https://www.digikala.com/product/dkp-1079994/%D9%87%D8%A7%D8%B1%D8%AF-%D8%A7%DA%A9%D8%B3%D8%AA%D8%B1%D9%86%D8%A7%D9%84-%D8%AA%D9%88%D8%B4%DB%8C%D8%A8%D8%A7-%D9%85%D8%AF%D9%84-canvio-basics-%D8%B8%D8%B1%D9%81%DB%8C%D8%AA-%DB%8C%DA%A9-%D8%AA%D8%B1%D8%A7%D8%A8%D8%A7%DB%8C%D8%AA-%D8%AF%D8%A7%D8%B1%D8%A7%DB%8C-%D8%B1%D8%A7%D8%A8%D8%B7-usb-type-a-30/","۴.۳","ماندگار تجارت بیجار","عالی","هارددیسک «Canvio Basics» محصولی از شرکت «توشیبا» است که در گروه هارددیسک‌های اکسترنال قابل حمل قرار می‌گیرد. این هارددیسک از طریق رابط USB3.0 به رایانه متصل می‌شود و می‌تواند اطلاعات را با سرعت زیاد انتقال دهد. سایز هد ارایه شده روی این محصول 2.5 اینچ بوده که در یک قاب پلاستیکی بسیار ساده قرار گرفته است. بدنه‌ی پلاستیکی این محصول بسیار با کیفیت است به‌گونه‌ای که هنگام در دست گرفتنش سادگی منحصر به فرد آن هر سلیقه‌ای را راضی می‌کند. در قسمت بالایی این هارددیسک اکسترنال یک نشان‌ ...","هارد اکسترنال توشیبا مدل Canvio Basics ظرفیت یک ترابایت دارای رابط USB Type-A 3.0","۹,۵۹۹,۰۰۰","","https://dkstatics-public.digikala.com/digikala-products/34fcb3debc75fc581a0f82d15b620cecbbcbf4f7_1754835624.jpg?x-oss-process=image/resize,m_lfit,h_800,w_800/quality,q_90
https://dkstatics-public.digikala.com/digikala-products/34fcb3debc75fc581a0f82d15b620cecbbcbf4f7_1754835624.jpg?x-oss-process=image/resize,m_lfit,h_800,w_800/quality,q_90
https://dkstatics-public.digikala.com/digikala-products/34fcb3debc75fc581a0f82d15b620cecbbcbf4f7_1754237528.jpg?x-oss-process=image/resize,m_lfit,h_800,w_800/quality,q_90
https://dkstatics-public.digikala.com/digikala-products/5113250.jpg?x-oss-process=image/resize,m_lfit,h_800,w_800/quality,q_90
https://dkstatics-public.digikala.com/digikala-products/34fcb3debc75fc581a0f82d15b620cecbbcbf4f7_1754835624.jpg?x-oss-process=image/resize,m_lfit,h_800,w_800/quality,q_90","مشکی","","ویژگی‌هافرم فکتور (سایز هد)2.5 اینچ2.5 اینچسرعت چرخش54005400نوع رابط کابلUSB Type-A 3.0USB Type-A 3.0مشاهده همه ویژگی‌ها","مشخصاتمشخصات فیزیکینوع هارد دیسک اکسترنالقابل حمل وزن۱۴۹ گرمابعاد۷۸x۱۰۹x۱۴ میلی‌مترمشاهده بیشتر"
"1771409469-202","https://www.digikala.com/search/category-external-hard-disk/?has_selling_stock=1","هارد اکسترنال توشیبا مدل Canvio Basics ظرفیت دو ترابایت دارای رابط USB Type-A 3.0","۱۱,۷۰۰,۰۰۰","","","۴.۳","تنها ۱ عدد در انبار باقی مانده","","","هارد اکسترنال توشیبا مدل Canvio Basics ظرفیت دو ترابایت دارای رابط USB Type-A 3.0تنها ۱ عدد در انبار باقی مانده
۴.۳۱۱,۷۰۰,۰۰۰","https://www.digikala.com/product/dkp-968816/%D9%87%D8%A7%D8%B1%D8%AF-%D8%A7%DA%A9%D8%B3%D8%AA%D8%B1%D9%86%D8%A7%D9%84-%D8%AA%D9%88%D8%B4%DB%8C%D8%A8%D8%A7-%D9%85%D8%AF%D9%84-canvio-basics-%D8%B8%D8%B1%D9%81%DB%8C%D8%AA-%D8%AF%D9%88-%D8%AA%D8%B1%D8%A7%D8%A8%D8%A7%DB%8C%D8%AA-%D8%AF%D8%A7%D8%B1%D8%A7%DB%8C-%D8%B1%D8%A7%D8%A8%D8%B7-usb-type-a-30/","۴.۳","خانه آی تی ایران","عالی","هارد اکسترنال توشیبا مدل Canvio Basics یک هارد دیسک خارجی با ظرفیت 2 ترابایت است که اتصال USB 3.0، نشانگر LED و سازگاری با سیستم عامل‌های ویندوز و مک دارد. این محصول همراه با یک کابل USB 3.0 و دفترچه راهنما عرضه می‌شود. ارزش این محصول بررسی کردن از آنجا که دارای ظرفیت بزرگی است و امکان اتصال سریع به کامپیوتر از طریق پورت USB 3.0 را فراهم می‌کند. هدف این بررسی ارائه نکات قوت و ضعف این هارد دیسک خارجی است تا افراد بتوانند تصمیم خرید خود را با آگاهی کامل‌تری انجام دهند.
مشخصات ف ...","هارد اکسترنال توشیبا مدل Canvio Basics ظرفیت دو ترابایت دارای رابط USB Type-A 3.0","۱۱,۴۹۵,۰۰۰","","https://dkstatics-public.digikala.com/digikala-products/07fe8d3d48dba24bd7d1bcf6bc820ba4b8975231_1754835753.jpg?x-oss-process=image/resize,m_lfit,h_800,w_800/quality,q_90
https://dkstatics-public.digikala.com/digikala-products/07fe8d3d48dba24bd7d1bcf6bc820ba4b8975231_1754835753.jpg?x-oss-process=image/resize,m_lfit,h_800,w_800/quality,q_90
https://dkstatics-public.digikala.com/digikala-products/07fe8d3d48dba24bd7d1bcf6bc820ba4b8975231_1754249459.jpg?x-oss-process=image/resize,m_lfit,h_800,w_800/quality,q_90
https://dkstatics-public.digikala.com/digikala-products/4532049.jpg?x-oss-process=image/resize,m_lfit,h_800,w_800/quality,q_90
https://dkstatics-public.digikala.com/digikala-products/07fe8d3d48dba24bd7d1bcf6bc820ba4b8975231_1754835753.jpg?x-oss-process=image/resize,m_lfit,h_800,w_800/quality,q_90","مشکی","","ویژگی‌هاسرعت چرخش54005400نوع رابط کابلUSB Type-A 3.0USB Type-A 3.0مشاهده همه ویژگی‌ها","مشخصاتمشخصات فیزیکینوع هارد دیسک اکسترنالقابل حمل وزن۱۴۹ گرمابعاد۷۸x۱۰۹x۱۴ میلی‌مترمشاهده بیشتر"
"1771409472-203","https://www.digikala.com/search/category-external-hard-disk/?has_selling_stock=1","هارد اکسترنال ای دیتا مدل HD770G  ظرفیت یک ترابایت دارای رابط USB Type-A 3.2","۱۳,۰۰۰,۰۰۰","۱۶,۷۳۳,۳۰۰","۲۲٪","۴.۶","ارسال سریع دیجی‌کالا","","","هارد اکسترنال ای دیتا مدل HD770G  ظرفیت یک ترابایت دارای رابط USB Type-A 3.2ارسال سریع دیجی‌کالا
۴.۶۲۲٪۱۳,۰۰۰,۰۰۰۱۶,۷۳۳,۳۰۰","https://www.digikala.com/product/dkp-2246971/%D9%87%D8%A7%D8%B1%D8%AF-%D8%A7%DA%A9%D8%B3%D8%AA%D8%B1%D9%86%D8%A7%D9%84-%D8%A7%DB%8C-%D8%AF%DB%8C%D8%AA%D8%A7-%D9%85%D8%AF%D9%84-hd770g-%D8%B8%D8%B1%D9%81%DB%8C%D8%AA-%DB%8C%DA%A9-%D8%AA%D8%B1%D8%A7%D8%A8%D8%A7%DB%8C%D8%AA-%D8%AF%D8%A7%D8%B1%D8%A7%DB%8C-%D8%B1%D8%A7%D8%A8%D8%B7-usb-type-a-32/","۴.۶","دیجی‌کالا","عالی","اگر اطلاعات ذخیره‌شده روی دستگاه‌های دیجیتالتان زیاد است نیاز به تهیه هارد دارید. هاردها در دو نوع عمده تعریف می‌شوند. هارد اکسترتال و اینترنال که هر وظیفه مشابه اما استفاده متفاوتی دارند. هارد اینترنال هاردهایی است که درون دستگاه یا کامپیوتر قرار می‌گیرد و عمدتا قابل حمل نیستند. هارد اکسترنال را می‌توان به فلش مموری با ظرفیت و قدرت بیشتر تشبیه کرد. اگر قصد تهیه هارد دارید یکی از معتبر‌ترین برندهای بازار Adata است. این برند سال‌هاست که در زم ...","هارد اکسترنال ای دیتا مدل HD770G  ظرفیت یک ترابایت دارای رابط USB Type-A 3.2","۱۶,۷۳۳,۳۰۰","","https://dkstatics-public.digikala.com/digikala-products/7712a248d082d7571f978e4c4d0fed93af981c0f_1754242259.jpg?x-oss-process=image/resize,m_lfit,h_800,w_800/quality,q_90
https://dkstatics-public.digikala.com/digikala-products/7712a248d082d7571f978e4c4d0fed93af981c0f_1754242259.jpg?x-oss-process=image/resize,m_lfit,h_800,w_800/quality,q_90
https://dkstatics-public.digikala.com/digikala-products/114646187.jpg?x-oss-process=image/resize,m_lfit,h_800,w_800/quality,q_90
https://dkstatics-public.digikala.com/digikala-products/2225dd2e9c156aea61c9c6ea2bd6e0bb16fbfbec_1750885142.jpg?x-oss-process=image/resize,m_lfit,h_800,w_800/quality,q_90
https://dkstatics-public.digikala.com/digikala-products/7712a248d082d7571f978e4c4d0fed93af981c0f_1754242259.jpg?x-oss-process=image/resize,m_lfit,h_800,w_800/quality,q_90","قرمزمشکی","۱۳,۰۰۰,۰۰۰","ویژگی‌هافرم فکتور (سایز هد)2.5 اینچ2.5 اینچنوع رابط کابلUSB Type-A 3.2USB Type-A 3.2مشاهده همه ویژگی‌ها","مشخصاتمشخصات فیزیکینوع هارد دیسک اکسترنالقابل حمل وزن۲۷۰ گرمابعاد۱۳۹x۹۸x۲۶ میلی‌مترمشاهده بیشتر"
"1771409474-204","https://www.digikala.com/search/category-external-hard-disk/?has_selling_stock=1","هارد اکسترنال سیگیت مدل expansion ظرفیت یک ترابایت دارای رابط USB Type-A 3.0","۹,۸۷۱,۹۰۰","۱۲,۸۵۰,۰۰۰","۲۳٪","۳.۱","ارسال سریع دیجی‌کالا","","","هارد اکسترنال سیگیت مدل expansion ظرفیت یک ترابایت دارای رابط USB Type-A 3.0ارسال سریع دیجی‌کالا
۳.۱۲۳٪۹,۸۷۱,۹۰۰۱۲,۸۵۰,۰۰۰","https://www.digikala.com/product/dkp-13710723/%D9%87%D8%A7%D8%B1%D8%AF-%D8%A7%DA%A9%D8%B3%D8%AA%D8%B1%D9%86%D8%A7%D9%84-%D8%B3%DB%8C%DA%AF%DB%8C%D8%AA-%D9%85%D8%AF%D9%84-expansion-%D8%B8%D8%B1%D9%81%DB%8C%D8%AA-%DB%8C%DA%A9-%D8%AA%D8%B1%D8%A7%D8%A8%D8%A7%DB%8C%D8%AA-%D8%AF%D8%A7%D8%B1%D8%A7%DB%8C-%D8%B1%D8%A7%D8%A8%D8%B7-usb-type-a-30/","۳.۱","دیجی‌کالا","عالی","هارد اکسترنال سیگیت مدل Expansion با ظرفیت 1 ترابایت، یک راه‌حل ذخیره‌سازی قابل حمل و مقرون‌به‌صرفه است که برای کاربران عمومی، دانشجویان و افرادی که به فضای اضافی برای نگهداری اسناد، عکس‌ها، موسیقی و ویدئوهای خود نیاز دارند، طراحی شده است. این هارد با رابط USB 3.0، سرعت انتقال داده‌ای تا 5 گیگابیت بر ثانیه را ارائه می‌دهد. این سرعت، جابجایی فایل‌های نسبتاً بزرگ را به سرعت و کارآمدی انجام می‌دهد و نسبت به USB 2.0 بسیار سریع‌تر است. اتصال از طریق USB Type-A نیز سازگاری گسترده‌ا ...","هارد اکسترنال سیگیت مدل expansion ظرفیت یک ترابایت دارای رابط USB Type-A 3.0","۱۲,۸۵۰,۰۰۰","","https://dkstatics-public.digikala.com/digikala-products/654a8c6d93a17774f0078fa6a039ef3da0f8f310_1754252174.jpg?x-oss-process=image/resize,m_lfit,h_800,w_800/quality,q_90
https://dkstatics-public.digikala.com/digikala-products/654a8c6d93a17774f0078fa6a039ef3da0f8f310_1754252174.jpg?x-oss-process=image/resize,m_lfit,h_800,w_800/quality,q_90
https://dkstatics-public.digikala.com/digikala-products/cb3766888a977ba96223ebcc03c48069eaa30533_1750885157.jpg?x-oss-process=image/resize,m_lfit,h_800,w_800/quality,q_90
https://dkstatics-public.digikala.com/digikala-products/88062418f6d52762ca2c846986ac3517c2b6dbdf_1744820766.jpg?x-oss-process=image/resize,m_lfit,h_800,w_800/quality,q_90
https://dkstatics-public.digikala.com/digikala-products/654a8c6d93a17774f0078fa6a039ef3da0f8f310_1754252174.jpg?x-oss-process=image/resize,m_lfit,h_800,w_800/quality,q_90","مشکی","۹,۸۷۱,۹۰۰","ویژگی‌هافرم فکتور (سایز هد)2.5 اینچ2.5 اینچسرعت چرخش54005400نوع رابط کابلUSB Type-A 3.0USB Type-A 3.0مشاهده همه ویژگی‌ها","مشخصاتمشخصات فیزیکینوع هارد دیسک اکسترنالقابل حمل وزن۲۶۰ گرمابعاد۲۰۰x۱۵۰x۳۰ میلی‌مترمشاهده بیشتر"
"1771409476-205","https://www.digikala.com/search/category-external-hard-disk/?has_selling_stock=1","هارد اکسترنال توشیبا مدل Canvio Basics ظرفیت 4 ترابایت دارای رابط USB Type-A","۱۸,۱۹۰,۰۰۰","","","۴.۴","تنها ۱ عدد در انبار باقی مانده","","","هارد اکسترنال توشیبا مدل Canvio Basics ظرفیت 4 ترابایت دارای رابط USB Type-Aتنها ۱ عدد در انبار باقی مانده
۴.۴۱۸,۱۹۰,۰۰۰","https://www.digikala.com/product/dkp-11204175/%D9%87%D8%A7%D8%B1%D8%AF-%D8%A7%DA%A9%D8%B3%D8%AA%D8%B1%D9%86%D8%A7%D9%84-%D8%AA%D9%88%D8%B4%DB%8C%D8%A8%D8%A7-%D9%85%D8%AF%D9%84-canvio-basics-%D8%B8%D8%B1%D9%81%DB%8C%D8%AA-4-%D8%AA%D8%B1%D8%A7%D8%A8%D8%A7%DB%8C%D8%AA-%D8%AF%D8%A7%D8%B1%D8%A7%DB%8C-%D8%B1%D8%A7%D8%A8%D8%B7-usb-type-a/","۴.۴","اودین ایت","عالی","هارددیسک «Canvio Basics» محصولی از شرکت «توشیبا» است که در گروه هارددیسک‌های اکسترنال قابل حمل قرار می‌گیرد. این هارددیسک از طریق رابط USB3.0 به رایانه متصل می‌شود و می‌تواند اطلاعات را با سرعت زیاد انتقال دهد. سایز هد ارایه شده روی این محصول 2.5 اینچ بوده که در یک قاب پلاستیکی بسیار ساده قرار گرفته است. بدنه‌ی پلاستیکی این محصول بسیار با کیفیت است به‌گونه‌ای که هنگام در دست گرفتنش سادگی منحصر به فرد آن هر سلیقه‌ای را راضی می‌کند. در قسمت بالایی این هارددیسک اکسترنال یک نشان‌ ...","هارد اکسترنال توشیبا مدل Canvio Basics ظرفیت 4 ترابایت دارای رابط USB Type-A","۱۸,۰۰۰,۰۰۰","","https://dkstatics-public.digikala.com/digikala-products/073c58a28c73613545507fe999024a69b569051c_1754244508.jpg?x-oss-process=image/resize,m_lfit,h_800,w_800/quality,q_90
https://dkstatics-public.digikala.com/digikala-products/073c58a28c73613545507fe999024a69b569051c_1754244508.jpg?x-oss-process=image/resize,m_lfit,h_800,w_800/quality,q_90
https://dkstatics-public.digikala.com/digikala-products/04e59c23a0cd886cf45eceaee2c93ed761cb31f2_1682845400.jpg?x-oss-process=image/resize,m_lfit,h_800,w_800/quality,q_90
https://dkstatics-public.digikala.com/digikala-products/8ee05e8d65103326bc378b55167041bf87068431_1750885155.jpg?x-oss-process=image/resize,m_lfit,h_800,w_800/quality,q_90
https://dkstatics-public.digikala.com/digikala-products/073c58a28c73613545507fe999024a69b569051c_1754244508.jpg?x-oss-process=image/resize,m_lfit,h_800,w_800/quality,q_90","مشکی","","ویژگی‌هافرم فکتور (سایز هد)2.5 اینچ2.5 اینچسرعت چرخش54005400استاندارد ارتباطی هارد دیسک اکسترنالUSB 3.2 Gen1USB 3.2 Gen1نوع رابط کابلUSB Type-AUSB Type-Aمشاهده همه ویژگی‌ها","مشخصاتمشخصات فیزیکینوع هارد دیسک اکسترنالقابل حمل وزن۲۱۷ گرمابعاد۷۸x۱۰۹x۱۹.۵ میلی‌مترمشاهده بیشتر"
"1771409479-206","https://www.digikala.com/search/category-external-hard-disk/?has_selling_stock=1","هارد اکسترنال توشیبا مدل Canvio Advance ظرفیت 4 ترابایت دارای رابط USB Type-A","۱۸,۰۰۰,۰۰۰","","","۴.۳","&nbsp;","","","هارد اکسترنال توشیبا مدل Canvio Advance ظرفیت 4 ترابایت دارای رابط USB Type-A&nbsp;
۴.۳۱۸,۰۰۰,۰۰۰","https://www.digikala.com/product/dkp-4451044/%D9%87%D8%A7%D8%B1%D8%AF-%D8%A7%DA%A9%D8%B3%D8%AA%D8%B1%D9%86%D8%A7%D9%84-%D8%AA%D9%88%D8%B4%DB%8C%D8%A8%D8%A7-%D9%85%D8%AF%D9%84-canvio-advance-%D8%B8%D8%B1%D9%81%DB%8C%D8%AA-4-%D8%AA%D8%B1%D8%A7%D8%A8%D8%A7%DB%8C%D8%AA-%D8%AF%D8%A7%D8%B1%D8%A7%DB%8C-%D8%B1%D8%A7%D8%A8%D8%B7-usb-type-a/","۴.۳","نوژن رایان ایرانیان","عالی","این روزها کاربران کامپیوتر حجم زیادی از اطلاعات را به‌طور مستمر رد و بدل می‌کنند. این اطلاعات نیاز است که در جایی ذخیره‌شوند و از طرفی به‌راحتی بتوان آن‌ها را با خود حمل کرد و همیشه همراه داشت. هاردهای اکستنرال چه از جهت قابل حمل بودن و چه از جهت آن‌که می‌توانند حجم زیادی از اطلاعات را ذخیره‌ کنند، گزینه‌ی خوبی برای ذخیره‌سازی اطلاعات هستند. شرکت‌های زیادی به طراحی و تولید تجهیزات ذخیره‌سازی اطلاعات می‌پردازند. یکی از این شرکت‌ها توشیبا است. شرکت توشیبا تولیدکننده‌ی هارد بسیا ...","هارد اکسترنال توشیبا مدل Canvio Advance ظرفیت 4 ترابایت دارای رابط USB Type-A","۱۸,۰۰۰,۰۰۰","","https://dkstatics-public.digikala.com/digikala-products/b7281eb7a8e2ee99f5fff37ae45a81c51839efec_1754244374.jpg?x-oss-process=image/resize,m_lfit,h_800,w_800/quality,q_90
https://dkstatics-public.digikala.com/digikala-products/b7281eb7a8e2ee99f5fff37ae45a81c51839efec_1754244374.jpg?x-oss-process=image/resize,m_lfit,h_800,w_800/quality,q_90
https://dkstatics-public.digikala.com/digikala-products/fe15235af18064f5ead999c370ef32375b234e99_1613209195.jpg?x-oss-process=image/resize,m_lfit,h_800,w_800/quality,q_90
https://dkstatics-public.digikala.com/digikala-products/209571785ee763b57fb9b5b02eb1349f5773a9d6_1750885150.jpg?x-oss-process=image/resize,m_lfit,h_800,w_800/quality,q_90
https://dkstatics-public.digikala.com/digikala-products/b7281eb7a8e2ee99f5fff37ae45a81c51839efec_1754244374.jpg?x-oss-process=image/resize,m_lfit,h_800,w_800/quality,q_90","کرممشکی","","ویژگی‌هافرم فکتور (سایز هد)2.5 اینچ2.5 اینچسرعت چرخش54005400استاندارد ارتباطی هارد دیسک اکسترنالUSB 3.2 Gen1USB 3.2 Gen1نوع رابط کابلUSB Type-AUSB Type-Aمشاهده همه ویژگی‌ها","مشخصاتمشخصات فیزیکینوع هارد دیسک اکسترنالقابل حمل وزن۲۱۷.۵ گرمابعاد۷۸x۱۰۹x۱۴ میلی‌مترمشاهده بیشتر"
"1771409481-207","https://www.digikala.com/search/category-external-hard-disk/?has_selling_stock=1","هارد اکسترنال توشیبا مدل Canvio Basics ظرفیت 1 ترابایت دارای رابط USB Type-A","۹,۷۹۰,۰۰۰","","","۴.۵","تنها ۲ عدد در انبار باقی مانده","","","هارد اکسترنال توشیبا مدل Canvio Basics ظرفیت 1 ترابایت دارای رابط USB Type-Aتنها ۲ عدد در انبار باقی مانده
۴.۵۹,۷۹۰,۰۰۰","https://www.digikala.com/product/dkp-11204023/%D9%87%D8%A7%D8%B1%D8%AF-%D8%A7%DA%A9%D8%B3%D8%AA%D8%B1%D9%86%D8%A7%D9%84-%D8%AA%D9%88%D8%B4%DB%8C%D8%A8%D8%A7-%D9%85%D8%AF%D9%84-canvio-basics-%D8%B8%D8%B1%D9%81%DB%8C%D8%AA-1-%D8%AA%D8%B1%D8%A7%D8%A8%D8%A7%DB%8C%D8%AA-%D8%AF%D8%A7%D8%B1%D8%A7%DB%8C-%D8%B1%D8%A7%D8%A8%D8%B7-usb-type-a/","۴.۵","لیان سیستم شاپ","عالی","هارددیسک «Canvio Basics» محصولی از شرکت «توشیبا» است که در گروه هارددیسک‌های اکسترنال قابل حمل قرار می‌گیرد. این هارددیسک از طریق رابط USB3.0 به رایانه متصل می‌شود و می‌تواند اطلاعات را با سرعت زیاد انتقال دهد. سایز هد ارایه شده روی این محصول 2.5 اینچ بوده که در یک قاب پلاستیکی بسیار ساده قرار گرفته است. بدنه‌ی پلاستیکی این محصول بسیار با کیفیت است به‌گونه‌ای که هنگام در دست گرفتنش سادگی منحصر به فرد آن هر سلیقه‌ای را راضی می‌کند. در قسمت بالایی این هارددیسک اکسترنال یک نشان‌ ...","هارد اکسترنال توشیبا مدل Canvio Basics ظرفیت 1 ترابایت دارای رابط USB Type-A","۱۰,۷۹۰,۰۰۰","","https://dkstatics-public.digikala.com/digikala-products/073c58a28c73613545507fe999024a69b569051c_1754244508.jpg?x-oss-process=image/resize,m_lfit,h_800,w_800/quality,q_90
https://dkstatics-public.digikala.com/digikala-products/073c58a28c73613545507fe999024a69b569051c_1754244508.jpg?x-oss-process=image/resize,m_lfit,h_800,w_800/quality,q_90
https://dkstatics-public.digikala.com/digikala-products/04e59c23a0cd886cf45eceaee2c93ed761cb31f2_1682844775.jpg?x-oss-process=image/resize,m_lfit,h_800,w_800/quality,q_90
https://dkstatics-public.digikala.com/digikala-products/3d79a6114bb8db00afb062f74edb0c6a942c63ea_1750885154.jpg?x-oss-process=image/resize,m_lfit,h_800,w_800/quality,q_90
https://dkstatics-public.digikala.com/digikala-products/073c58a28c73613545507fe999024a69b569051c_1754244508.jpg?x-oss-process=image/resize,m_lfit,h_800,w_800/quality,q_90","مشکی","۹,۹۰۰,۰۰۰","ویژگی‌هافرم فکتور (سایز هد)2.5 اینچ2.5 اینچسرعت چرخش54005400استاندارد ارتباطی هارد دیسک اکسترنالUSB 3.2 Gen1USB 3.2 Gen1نوع رابط کابلUSB Type-AUSB Type-Aمشاهده همه ویژگی‌ها","مشخصاتمشخصات فیزیکینوع هارد دیسک اکسترنالقابل حمل وزن۱۴۹ گرمابعاد۷۸x۱۰۹x۱۴ میلی‌مترمشاهده بیشتر"
"1771409483-208","https://www.digikala.com/search/category-external-hard-disk/?has_selling_stock=1","هارد اکسترنال سیلیکون پاور مدل Armor A85 ظرفیت دو ترابایت دارای رابط USB Type-A 3.2","۱۴,۷۹۹,۰۰۰","","","۴.۴","تنها ۳ عدد در انبار باقی مانده","","","هارد اکسترنال سیلیکون پاور مدل Armor A85 ظرفیت دو ترابایت دارای رابط USB Type-A 3.2تنها ۳ عدد در انبار باقی مانده
۴.۴۱۴,۷۹۹,۰۰۰","https://www.digikala.com/product/dkp-102497/%D9%87%D8%A7%D8%B1%D8%AF-%D8%A7%DA%A9%D8%B3%D8%AA%D8%B1%D9%86%D8%A7%D9%84-%D8%B3%DB%8C%D9%84%DB%8C%DA%A9%D9%88%D9%86-%D9%BE%D8%A7%D9%88%D8%B1-%D9%85%D8%AF%D9%84-armor-a85-%D8%B8%D8%B1%D9%81%DB%8C%D8%AA-%D8%AF%D9%88-%D8%AA%D8%B1%D8%A7%D8%A8%D8%A7%DB%8C%D8%AA-%D8%AF%D8%A7%D8%B1%D8%A7%DB%8C-%D8%B1%D8%A7%D8%A8%D8%B7-usb-type-a-32/","۴.۴","بانی نو","عالی","با زیاد شدن حجم دیتاها نیاز کاربران دست خوش تغییرات قرار گرفته است. دیگر فلش‌مموری‌های کوچک با ظرفیت کم نمی‌توانند از پس ذخیره‌‌ی اطلاعات برآیند. یکی از محصولاتی‌که با استقبال بسیار خوبی توسط کاربران روبه‌رو شده، هاردهای اکسترنال است. هاردهای اکسترنال در مقایسه با فلش‌مموری‌ها ظرفیت بیشتری دارند و قیمت آن‌ها با توجه به ظرفیت‌شان کم‌تر است. شرکت‌های زیادی به طراحی و تولید هاردهای اکسترنال می‌پردازند و وجود ب ...","هارد اکسترنال سیلیکون پاور مدل Armor A85 ظرفیت دو ترابایت دارای رابط USB Type-A 3.2","۱۴,۷۰۰,۰۰۰","","https://dkstatics-public.digikala.com/digikala-products/a1567b9d623175ab107f1c984e1b67baf34eec2e_1753697885.jpg?x-oss-process=image/resize,m_lfit,h_800,w_800/quality,q_90
https://dkstatics-public.digikala.com/digikala-products/a1567b9d623175ab107f1c984e1b67baf34eec2e_1753697885.jpg?x-oss-process=image/resize,m_lfit,h_800,w_800/quality,q_90
https://dkstatics-public.digikala.com/digikala-products/810e325507cd4e1a4ce968270e6254a889739542_1756123098.jpg?x-oss-process=image/resize,m_lfit,h_800,w_800/quality,q_90
https://dkstatics-public.digikala.com/digikala-products/3531073.jpg?x-oss-process=image/resize,m_lfit,h_800,w_800/quality,q_90
https://dkstatics-public.digikala.com/digikala-products/a1567b9d623175ab107f1c984e1b67baf34eec2e_1753697885.jpg?x-oss-process=image/resize,m_lfit,h_800,w_800/quality,q_90","مشکینقره ای","","ویژگی‌هافرم فکتور (سایز هد)2.5 اینچ2.5 اینچسرعت چرخش54005400نوع رابط کابلUSB Type-A 3.2USB Type-A 3.2مشاهده همه ویژگی‌ها","مشخصاتمشخصات فیزیکینوع هارد دیسک اکسترنالقابل حمل وزن۳۶۴ گرمابعاد۲۵.۹×۹۲.۳×۱۳۲.۵ میلی‌مترمشاهده بیشتر"
"1771409485-209","https://www.digikala.com/search/category-external-hard-disk/?has_selling_stock=1","هارد اکسترنال وسترن دیجیتال مدل My Passport ظرفیت دو ترابایت دارای رابط USB Type-A 3.2","۱۵,۴۰۰,۰۰۰","","","۴.۴","ارسال سریع دیجی‌کالا","","","هارد اکسترنال وسترن دیجیتال مدل My Passport ظرفیت دو ترابایت دارای رابط USB Type-A 3.2ارسال سریع دیجی‌کالا
۴.۴۱۵,۴۰۰,۰۰۰","https://www.digikala.com/product/dkp-2441353/%D9%87%D8%A7%D8%B1%D8%AF-%D8%A7%DA%A9%D8%B3%D8%AA%D8%B1%D9%86%D8%A7%D9%84-%D9%88%D8%B3%D8%AA%D8%B1%D9%86-%D8%AF%DB%8C%D8%AC%DB%8C%D8%AA%D8%A7%D9%84-%D9%85%D8%AF%D9%84-my-passport-%D8%B8%D8%B1%D9%81%DB%8C%D8%AA-%D8%AF%D9%88-%D8%AA%D8%B1%D8%A7%D8%A8%D8%A7%DB%8C%D8%AA-%D8%AF%D8%A7%D8%B1%D8%A7%DB%8C-%D8%B1%D8%A7%D8%A8%D8%B7-usb-type-a-32/","۴.۴","پل کامپ استور","عالی","هارددیسک «My Passport» محصولی از شرکت «وسترن دیجیتال» یا همان WD است که در گروه هارددیسک‌های اکسترنال قابل حمل قرار می‌گیرد. این هارددیسک از طریق رابط USB3.0 به رایانه متصل می‌شود و می‌تواند اطلاعات را با سرعت زیاد انتقال دهد. سایز هد ارایه شده روی این محصول 2.5 اینچ بوده که سایز استاندارد برای هاردهای اکسترنال محسوب می‌شود. طراحی این هارد به‌گونه‌ای است که هنگام در دست گرفتنش سادگی منحصر به فرد آن هر سلیقه‌ای را راضی می‌کند. ظرفیت 2 ترابایتی این هارددیسک برای افرادی‌ که اطلا ...","هارد اکسترنال وسترن دیجیتال مدل My Passport ظرفیت دو ترابایت دارای رابط USB Type-A 3.2","۱۴,۹۹۰,۰۰۰","","https://dkstatics-public.digikala.com/digikala-products/fd4f5bd33c3c032422fb9ada9ea88a1d78e8e341_1754242472.jpg?x-oss-process=image/resize,m_lfit,h_800,w_800/quality,q_90
https://dkstatics-public.digikala.com/digikala-products/fd4f5bd33c3c032422fb9ada9ea88a1d78e8e341_1754242472.jpg?x-oss-process=image/resize,m_lfit,h_800,w_800/quality,q_90
https://dkstatics-public.digikala.com/digikala-products/119150092.jpg?x-oss-process=image/resize,m_lfit,h_800,w_800/quality,q_90
https://dkstatics-public.digikala.com/digikala-products/99062e878edd962bac5d179b9c50e3cdea498016_1750885144.jpg?x-oss-process=image/resize,m_lfit,h_800,w_800/quality,q_90
https://dkstatics-public.digikala.com/digikala-products/fd4f5bd33c3c032422fb9ada9ea88a1d78e8e341_1754242472.jpg?x-oss-process=image/resize,m_lfit,h_800,w_800/quality,q_90","مشکی","","ویژگی‌هافرم فکتور (سایز هد)2.5 اینچ2.5 اینچسرعت چرخش54005400نوع رابط کابلUSB Type-A 3.2USB Type-A 3.2مشاهده همه ویژگی‌ها","مشخصاتمشخصات فیزیکینوع هارد دیسک اکسترنالقابل حمل وزن۱۲۰ گرمابعاد۱۰۷.۱۹x۷۴.۹۳x۱۳.۴۶ میلی‌مترمشاهده بیشتر"
"1771409488-210","https://www.digikala.com/search/category-external-hard-disk/?has_selling_stock=1","هارد اکسترنال فیلیپس مدل Fm21pd ظرفیت 1 ترابایت دارای رابط USB Type-A","۹,۹۰۰,۰۰۰","","","۵","&nbsp;","","","هارد اکسترنال فیلیپس مدل Fm21pd ظرفیت 1 ترابایت دارای رابط USB Type-A&nbsp;
۵۹,۹۰۰,۰۰۰","https://www.digikala.com/product/dkp-21005987/%D9%87%D8%A7%D8%B1%D8%AF-%D8%A7%DA%A9%D8%B3%D8%AA%D8%B1%D9%86%D8%A7%D9%84-%D9%81%DB%8C%D9%84%DB%8C%D9%BE%D8%B3-%D9%85%D8%AF%D9%84-fm21pd-%D8%B8%D8%B1%D9%81%DB%8C%D8%AA-1-%D8%AA%D8%B1%D8%A7%D8%A8%D8%A7%DB%8C%D8%AA-%D8%AF%D8%A7%D8%B1%D8%A7%DB%8C-%D8%B1%D8%A7%D8%A8%D8%B7-usb-type-a/","۵","آرون گستر","عالی","هارددیسک «Fm21pd» محصولی از شرکت «فیلیپس» است که در گروه هارددیسک‌های اکسترنال قابل حمل قرار می‌گیرد. این هارددیسک از طریق رابط USB3.0 به رایانه متصل می‌شود و می‌تواند اطلاعات را با سرعت زیاد انتقال دهد. سایز هد ارایه شده روی این محصول 2.5 اینچ بوده که در یک قاب فلزی بسیار زیبا قرار گرفته است. بدنه‌ی فلزی این محصول بسیار با کیفیت است به‌گونه‌ای که هنگام در دست گرفتنش طراحی منحصر به فرد آن هر سلیقه‌ای را راضی می‌کند. ظرفیت 1ترابایتی این هارددیسک برای افرادی‌ که اطلاعات زیادی ب ...","هارد اکسترنال فیلیپس مدل Fm21pd ظرفیت 1 ترابایت دارای رابط USB Type-A","۹,۹۰۰,۰۰۰","","https://dkstatics-public.digikala.com/digikala-products/053e301219327c24e0c47515b4c9a0c809532615_1764589391.jpg?x-oss-process=image/resize,m_lfit,h_800,w_800/quality,q_90
https://dkstatics-public.digikala.com/digikala-products/f67103b70b946da78925862613040e69390bc721_1764589409.jpg?x-oss-process=image/resize,m_lfit,h_800,w_800/quality,q_90
https://dkstatics-public.digikala.com/digikala-products/3680eb6cdb13d0feb9e801b578f312f3435507e8_1764676199.jpg?x-oss-process=image/resize,m_lfit,h_800,w_800/quality,q_90
https://dkstatics-public.digikala.com/digikala-products/053e301219327c24e0c47515b4c9a0c809532615_1764589391.jpg?x-oss-process=image/resize,m_lfit,h_800,w_800/quality,q_90","مشکی","","ویژگی‌هاسرعت چرخش72007200نوع رابط کابلUSB Type-AUSB Type-Aمشاهده همه ویژگی‌ها","مشخصاتمشخصات فیزیکینوع هارد دیسک اکسترنالرومیزی وزن۱۷۵ گرمابعاد۱۳۰*۸۰*۲۰ میلی‌مترمشاهده بیشتر"
"1771409490-211","https://www.digikala.com/search/category-external-hard-disk/?has_selling_stock=1","هارد اکسترنال وسترن دیجیتال مدل My Passport ظرفیت چهار ترابایت دارای رابط USB Type-A 3.2","۱۹,۹۰۰,۰۰۰","","","۴.۳","ارسال سریع دیجی‌کالا","","","هارد اکسترنال وسترن دیجیتال مدل My Passport ظرفیت چهار ترابایت دارای رابط USB Type-A 3.2ارسال سریع دیجی‌کالا
۴.۳۱۹,۹۰۰,۰۰۰","https://www.digikala.com/product/dkp-2441404/%D9%87%D8%A7%D8%B1%D8%AF-%D8%A7%DA%A9%D8%B3%D8%AA%D8%B1%D9%86%D8%A7%D9%84-%D9%88%D8%B3%D8%AA%D8%B1%D9%86-%D8%AF%DB%8C%D8%AC%DB%8C%D8%AA%D8%A7%D9%84-%D9%85%D8%AF%D9%84-my-passport-%D8%B8%D8%B1%D9%81%DB%8C%D8%AA-%DA%86%D9%87%D8%A7%D8%B1-%D8%AA%D8%B1%D8%A7%D8%A8%D8%A7%DB%8C%D8%AA-%D8%AF%D8%A7%D8%B1%D8%A7%DB%8C-%D8%B1%D8%A7%D8%A8%D8%B7-usb-type-a-32/","۴.۳","بوبوکو شاپ","عالی","استفاده از یک هارد اکسترنال یکی از بهترین راه‌ها برای ذخیره‌سازی داده‌های حیاتی و مهم است. مدل My Passport از برند معروف  Western Digitalبا ظرفیت 4 ترابایت باعث شده تا به عنوان یکی از گزینه‌های محبوب برای استفاده در کنار دستگاه‌های مختلف، از جمله لپ‌تاپ‌ها، کامپیوترها و کنسول‌های بازی، مورد توجه قرار بگیرد. یکی از ویژگی‌های برجسته این هارد اکسترنال، طراحی کوچک و سبک آن است. این ابزار دارای ابعادی کوچک و وزنی سبک است که امکان حمل و نقل آسان آن را فراهم می‌کند. به همین دلیل، کا ...","هارد اکسترنال وسترن دیجیتال مدل My Passport ظرفیت چهار ترابایت دارای رابط USB Type-A 3.2","۱۹,۹۰۰,۰۰۰","","https://dkstatics-public.digikala.com/digikala-products/fd4f5bd33c3c032422fb9ada9ea88a1d78e8e341_1754242472.jpg?x-oss-process=image/resize,m_lfit,h_800,w_800/quality,q_90
https://dkstatics-public.digikala.com/digikala-products/fd4f5bd33c3c032422fb9ada9ea88a1d78e8e341_1754242472.jpg?x-oss-process=image/resize,m_lfit,h_800,w_800/quality,q_90
https://dkstatics-public.digikala.com/digikala-products/119150096.jpg?x-oss-process=image/resize,m_lfit,h_800,w_800/quality,q_90
https://dkstatics-public.digikala.com/digikala-products/0f3ccf921e01bbbb627c76e43c66173bf2ba647a_1750885144.jpg?x-oss-process=image/resize,m_lfit,h_800,w_800/quality,q_90
https://dkstatics-public.digikala.com/digikala-products/fd4f5bd33c3c032422fb9ada9ea88a1d78e8e341_1754242472.jpg?x-oss-process=image/resize,m_lfit,h_800,w_800/quality,q_90","مشکیسفید","","ویژگی‌هافرم فکتور (سایز هد)2.5 اینچ2.5 اینچسرعت چرخش54005400نوع رابط کابلUSB Type-A 3.2USB Type-A 3.2مشاهده همه ویژگی‌ها","مشخصاتمشخصات فیزیکینوع هارد دیسک اکسترنالقابل حمل وزن۲۱۰ گرمابعاد  ۱۰۷.۲x۷۵x۱۹.۱۵ میلی‌مترمشاهده بیشتر"
"1771409492-212","https://www.digikala.com/search/category-external-hard-disk/?has_selling_stock=1","هارد اکسترنال سیلیکون پاور مدل Armor A80 ظرفیت یک ترابایت دارای رابط USB Type-A 3.2","۱۲,۲۵۰,۰۰۰","","","۴.۳","تنها ۱ عدد در انبار باقی مانده","","","هارد اکسترنال سیلیکون پاور مدل Armor A80 ظرفیت یک ترابایت دارای رابط USB Type-A 3.2تنها ۱ عدد در انبار باقی مانده
۴.۳۱۲,۲۵۰,۰۰۰","https://www.digikala.com/product/dkp-15050/%D9%87%D8%A7%D8%B1%D8%AF-%D8%A7%DA%A9%D8%B3%D8%AA%D8%B1%D9%86%D8%A7%D9%84-%D8%B3%DB%8C%D9%84%DB%8C%DA%A9%D9%88%D9%86-%D9%BE%D8%A7%D9%88%D8%B1-%D9%85%D8%AF%D9%84-armor-a80-%D8%B8%D8%B1%D9%81%DB%8C%D8%AA-%DB%8C%DA%A9-%D8%AA%D8%B1%D8%A7%D8%A8%D8%A7%DB%8C%D8%AA-%D8%AF%D8%A7%D8%B1%D8%A7%DB%8C-%D8%B1%D8%A7%D8%A8%D8%B7-usb-type-a-32/","۴.۳","کارما آی تی شاپ","عالی","","هارد اکسترنال سیلیکون پاور مدل Armor A80 ظرفیت یک ترابایت دارای رابط USB Type-A 3.2","۱۲,۲۵۰,۰۰۰","","https://dkstatics-public.digikala.com/digikala-products/3111343.jpg?x-oss-process=image/resize,m_lfit,h_800,w_800/quality,q_90
https://dkstatics-public.digikala.com/digikala-products/3111343.jpg?x-oss-process=image/resize,m_lfit,h_800,w_800/quality,q_90
https://dkstatics-public.digikala.com/digikala-products/47c75f2ce710eb88cdb48b927471fe8f03303d7f_1756123045.jpg?x-oss-process=image/resize,m_lfit,h_800,w_800/quality,q_90
https://dkstatics-public.digikala.com/digikala-products/413eb0b8f474dee7a8020f11bede5094ed1b7ed8_1750845096.jpg?x-oss-process=image/resize,m_lfit,h_800,w_800/quality,q_90
https://dkstatics-public.digikala.com/digikala-products/3111343.jpg?x-oss-process=image/resize,m_lfit,h_800,w_800/quality,q_90","مشکیسرمه ای","","ویژگی‌هافرم فکتور (سایز هد)2.5 اینچ2.5 اینچسرعت چرخش54005400نوع رابط کابلUSB Type-A 3.2USB Type-A 3.2مشاهده همه ویژگی‌ها","مشخصاتمشخصات فیزیکینوع هارد دیسک اکسترنالرومیزی وزن۲۷۰ گرمابعاد۱۳۹.۵x۹۴.۰x۱۸.۱ میلی‌مترمشاهده بیشتر"
"1771409494-213","https://www.digikala.com/search/category-external-hard-disk/?has_selling_stock=1","هارد اکسترنال توشیبا مدل Canvio ‌‌Basics ظرفیت یک ترابایت دارای رابط USB Type-A 3.0","۹,۲۴۵,۰۰۰","","","۴.۳","&nbsp;","","","هارد اکسترنال توشیبا مدل Canvio ‌‌Basics ظرفیت یک ترابایت دارای رابط USB Type-A 3.0&nbsp;
۴.۳۹,۲۴۵,۰۰۰","https://www.digikala.com/product/dkp-4623728/%D9%87%D8%A7%D8%B1%D8%AF-%D8%A7%DA%A9%D8%B3%D8%AA%D8%B1%D9%86%D8%A7%D9%84-%D8%AA%D9%88%D8%B4%DB%8C%D8%A8%D8%A7-%D9%85%D8%AF%D9%84-canvio-basics-%D8%B8%D8%B1%D9%81%DB%8C%D8%AA-%DB%8C%DA%A9-%D8%AA%D8%B1%D8%A7%D8%A8%D8%A7%DB%8C%D8%AA-%D8%AF%D8%A7%D8%B1%D8%A7%DB%8C-%D8%B1%D8%A7%D8%A8%D8%B7-usb-type-a-30/","۴.۳","دیجی‌کالا","عالی","","هارد اکسترنال توشیبا مدل Canvio ‌‌Basics ظرفیت یک ترابایت دارای رابط USB Type-A 3.0","۱۲,۸۱۳,۲۰۰","","https://dkstatics-public.digikala.com/digikala-products/893d5d7ccbb72e7c2c4102c4c7838c7d9e91aa9f_1754244575.jpg?x-oss-process=image/resize,m_lfit,h_800,w_800/quality,q_90
https://dkstatics-public.digikala.com/digikala-products/893d5d7ccbb72e7c2c4102c4c7838c7d9e91aa9f_1754244575.jpg?x-oss-process=image/resize,m_lfit,h_800,w_800/quality,q_90
https://dkstatics-public.digikala.com/digikala-products/1134045a5eee55f169ac67a83f4835bd8f96dcfd_1755591897.jpg?x-oss-process=image/resize,m_lfit,h_800,w_800/quality,q_90
https://dkstatics-public.digikala.com/digikala-products/a7e54716106af00cf54d2676936338a6c63571e8_1614866700.jpg?x-oss-process=image/resize,m_lfit,h_800,w_800/quality,q_90
https://dkstatics-public.digikala.com/digikala-products/893d5d7ccbb72e7c2c4102c4c7838c7d9e91aa9f_1754244575.jpg?x-oss-process=image/resize,m_lfit,h_800,w_800/quality,q_90","مشکی","۹,۵۹۵,۰۰۰","ویژگی‌هافرم فکتور (سایز هد)2.5 اینچ2.5 اینچسرعت چرخش54005400نوع رابط کابلUSB Type-A 3.0USB Type-A 3.0مشاهده همه ویژگی‌ها","مشخصاتمشخصات فیزیکینوع هارد دیسک اکسترنالقابل حمل وزن۱۴۹ گرمابعاد۱۰۹.۲۲x۷۸.۷۴x۱۳.۹۷ میلی‌مترمشاهده بیشتر"
"1771409496-214","https://www.digikala.com/search/category-external-hard-disk/?has_selling_stock=1","هارد اکسترنال وسترن دیجیتال مدل Elements  ظرفیت چهار ترابایت دارای رابط USB Type-A 3.2","۱۷,۹۳۱,۸۰۰","","","۴.۳","ارسال سریع دیجی‌کالا","","","هارد اکسترنال وسترن دیجیتال مدل Elements  ظرفیت چهار ترابایت دارای رابط USB Type-A 3.2ارسال سریع دیجی‌کالا
۴.۳۱۷,۹۳۱,۸۰۰","https://www.digikala.com/product/dkp-3627409/%D9%87%D8%A7%D8%B1%D8%AF-%D8%A7%DA%A9%D8%B3%D8%AA%D8%B1%D9%86%D8%A7%D9%84-%D9%88%D8%B3%D8%AA%D8%B1%D9%86-%D8%AF%DB%8C%D8%AC%DB%8C%D8%AA%D8%A7%D9%84-%D9%85%D8%AF%D9%84-elements-%D8%B8%D8%B1%D9%81%DB%8C%D8%AA-%DA%86%D9%87%D8%A7%D8%B1-%D8%AA%D8%B1%D8%A7%D8%A8%D8%A7%DB%8C%D8%AA-%D8%AF%D8%A7%D8%B1%D8%A7%DB%8C-%D8%B1%D8%A7%D8%A8%D8%B7-usb-type-a-32/","۴.۳","دیجی‌کالا","عالی","هارد دیسک اکسترنال وسترن دیجیتال را می‌توان از مجموعه حافظه‌های جانبی با کیفیت دانست. این نوع هارد دیسک با سرعت چرخش 5400 دور بر دقیقه، اطلاعات این حافظه را به دستگاه مورد نظر انتقال می‌دهد. اما این تنها خصوصیت این هارد دیسک نیست. ظرفیت آن 4 ترابایت است که حتی می‌توان گفت امروزه هم حجم قابل توجهی است و سال‌ها می‌توان از آن برای نگهداری از اطلاعات استفاده کرد. با کمک گرفت از رابط USB 3.0 می‌توان گفت قابلیت‌های این هارد اکترنال کامل می‌شود. USB 3.0 یکی از با سرعت‌ترین رابط‌های  ...","هارد اکسترنال وسترن دیجیتال مدل Elements  ظرفیت چهار ترابایت دارای رابط USB Type-A 3.2","۱۷,۹۳۱,۸۰۰","","https://dkstatics-public.digikala.com/digikala-products/a5a2e5c3822ee222becaae93416bfa25b606d322_1754243715.jpg?x-oss-process=image/resize,m_lfit,h_800,w_800/quality,q_90
https://dkstatics-public.digikala.com/digikala-products/a5a2e5c3822ee222becaae93416bfa25b606d322_1754243715.jpg?x-oss-process=image/resize,m_lfit,h_800,w_800/quality,q_90
https://dkstatics-public.digikala.com/digikala-products/020a9cfcb0f03237bea03b9048f0fa7cab11cbc9_1755591809.jpg?x-oss-process=image/resize,m_lfit,h_800,w_800/quality,q_90
https://dkstatics-public.digikala.com/digikala-products/c45741df559f68efe15dd9fe1c70694e356555d8_1603787277.jpg?x-oss-process=image/resize,m_lfit,h_800,w_800/quality,q_90
https://dkstatics-public.digikala.com/digikala-products/a5a2e5c3822ee222becaae93416bfa25b606d322_1754243715.jpg?x-oss-process=image/resize,m_lfit,h_800,w_800/quality,q_90","مشکی","","ویژگی‌هافرم فکتور (سایز هد)2.5 اینچ2.5 اینچسرعت چرخش54005400نوع رابط کابلUSB Type-A 3.2USB Type-A 3.2مشاهده همه ویژگی‌ها","مشخصاتمشخصات فیزیکینوع هارد دیسک اکسترنالقابل حمل وزن۱۳۰ گرمابعاد۱۱۰.۵×۸۲.۰×۲۱.۰ میلی‌مترمشاهده بیشتر"
"1771409499-215","https://www.digikala.com/search/category-external-hard-disk/?has_selling_stock=1","هارد اکسترنال ای دیتا مدل HD710M Pro ظرفیت 2 ترابایت دارای رابط USB Type-A","۱۳,۶۷۰,۶۰۰","۱۹,۶۸۰,۹۰۰","۳۱٪","۴.۴","ارسال سریع دیجی‌کالا","","","هارد اکسترنال ای دیتا مدل HD710M Pro ظرفیت 2 ترابایت دارای رابط USB Type-Aارسال سریع دیجی‌کالا
۴.۴۳۱٪۱۳,۶۷۰,۶۰۰۱۹,۶۸۰,۹۰۰","https://www.digikala.com/product/dkp-488348/%D9%87%D8%A7%D8%B1%D8%AF-%D8%A7%DA%A9%D8%B3%D8%AA%D8%B1%D9%86%D8%A7%D9%84-%D8%A7%DB%8C-%D8%AF%DB%8C%D8%AA%D8%A7-%D9%85%D8%AF%D9%84-hd710m-pro-%D8%B8%D8%B1%D9%81%DB%8C%D8%AA-2-%D8%AA%D8%B1%D8%A7%D8%A8%D8%A7%DB%8C%D8%AA-%D8%AF%D8%A7%D8%B1%D8%A7%DB%8C-%D8%B1%D8%A7%D8%A8%D8%B7-usb-type-a/","۴.۴","دیجی‌کالا","عالی","هارد «HD710M Pro» محصولی از شرکت «ای دیتا» است که ازطریق رابط USB3.1 به کامپیوتر متصل می‌شود. بهره بردن از رابط USB3.1 در این محصول باعث شده که بتواند اطلاعات را با سرعت زیاد انتقال دهد. این محصول به بدنه‌ای با طراحی کماندویی تجهیز شده که باعث زیبایی بیشتر درآن و انتقال حس حرفه‌ای بودن به کاربر شده است. طراحی قسمت درگاه در هارد HD710M Pro","هارد اکسترنال ای دیتا مدل HD710M Pro ظرفیت 2 ترابایت دارای رابط USB Type-A","۱۹,۶۸۰,۹۰۰","","https://dkstatics-public.digikala.com/digikala-products/8e5ba093d0f20658bbe0557b4b2b7faf8ef9ff96_1753698562.jpg?x-oss-process=image/resize,m_lfit,h_800,w_800/quality,q_90
https://dkstatics-public.digikala.com/digikala-products/2473864.jpg?x-oss-process=image/resize,m_lfit,h_800,w_800/quality,q_90
https://dkstatics-public.digikala.com/digikala-products/2473905.jpg?x-oss-process=image/resize,m_lfit,h_800,w_800/quality,q_90
https://dkstatics-public.digikala.com/digikala-products/8e5ba093d0f20658bbe0557b4b2b7faf8ef9ff96_1753698562.jpg?x-oss-process=image/resize,m_lfit,h_800,w_800/quality,q_90","قهوه ای","۱۳,۶۷۰,۶۰۰","ویژگی‌هافرم فکتور (سایز هد)2.5 اینچ2.5 اینچسرعت چرخش54005400نوع رابط کابلUSB Type-AUSB Type-Aمشاهده همه ویژگی‌ها","مشخصاتمشخصات فیزیکینوع هارد دیسک اکسترنالقابل حمل وزن۲۷۰ گرمابعاد۲۱x۹۸x۱۳۳ میلی‌مترمشاهده بیشتر"
"1771409504-216","https://www.digikala.com/search/category-external-hard-disk/?has_selling_stock=1","هارد اکسترنال سیلیکون پاور مدل Armor A80 ظرفیت دو ترابایت دارای رابط USB Type-A 3.2","۱۳,۱۵۰,۲۰۰","۱۹,۸۹۲,۱۰۰","۳۴٪","۴.۴","ارسال سریع دیجی‌کالا","","","هارد اکسترنال سیلیکون پاور مدل Armor A80 ظرفیت دو ترابایت دارای رابط USB Type-A 3.2ارسال سریع دیجی‌کالا
۴.۴۳۴٪۱۳,۱۵۰,۲۰۰۱۹,۸۹۲,۱۰۰","https://www.digikala.com/product/dkp-34747/%D9%87%D8%A7%D8%B1%D8%AF-%D8%A7%DA%A9%D8%B3%D8%AA%D8%B1%D9%86%D8%A7%D9%84-%D8%B3%DB%8C%D9%84%DB%8C%DA%A9%D9%88%D9%86-%D9%BE%D8%A7%D9%88%D8%B1-%D9%85%D8%AF%D9%84-armor-a80-%D8%B8%D8%B1%D9%81%DB%8C%D8%AA-%D8%AF%D9%88-%D8%AA%D8%B1%D8%A7%D8%A8%D8%A7%DB%8C%D8%AA-%D8%AF%D8%A7%D8%B1%D8%A7%DB%8C-%D8%B1%D8%A7%D8%A8%D8%B7-usb-type-a-32/","۴.۴","دیجی‌کالا","عالی","","هارد اکسترنال سیلیکون پاور مدل Armor A80 ظرفیت دو ترابایت دارای رابط USB Type-A 3.2","۱۹,۸۹۲,۱۰۰","","https://dkstatics-public.digikala.com/digikala-products/eb83d1fb2e26c4cbe773f16db5786e4ff9a00d2f_1753697481.jpg?x-oss-process=image/resize,m_lfit,h_800,w_800/quality,q_90
https://dkstatics-public.digikala.com/digikala-products/eb83d1fb2e26c4cbe773f16db5786e4ff9a00d2f_1753697481.jpg?x-oss-process=image/resize,m_lfit,h_800,w_800/quality,q_90
https://dkstatics-public.digikala.com/digikala-products/24fd138d4bbabe2f52d48d35dad3ac9a852b0ac9_1756123063.jpg?x-oss-process=image/resize,m_lfit,h_800,w_800/quality,q_90
https://dkstatics-public.digikala.com/digikala-products/eb83d1fb2e26c4cbe773f16db5786e4ff9a00d2f_1752660009.jpg?x-oss-process=image/resize,m_lfit,h_800,w_800/quality,q_90
https://dkstatics-public.digikala.com/digikala-products/eb83d1fb2e26c4cbe773f16db5786e4ff9a00d2f_1753697481.jpg?x-oss-process=image/resize,m_lfit,h_800,w_800/quality,q_90","مشکیسرمه ای","۱۳,۱۵۰,۲۰۰","ویژگی‌هافرم فکتور (سایز هد)2.5 اینچ2.5 اینچسرعت چرخش54005400نوع رابط کابلUSB Type-A 3.2USB Type-A 3.2مشاهده همه ویژگی‌ها","مشخصاتمشخصات فیزیکینوع هارد دیسک اکسترنالرومیزی وزن۲۷۰ گرمابعاد۱۳۹.۵x۹۴.۰x۱۸.۱ میلی‌مترمشاهده بیشتر"
"1771409506-217","https://www.digikala.com/search/category-external-hard-disk/?has_selling_stock=1","هارد اکسترنال وسترن دیجیتال مدل My Passport ظرفیت یک ترابایت دارای رابط USB Type-A 3.2","۱۱,۸۰۰,۰۰۰","","","۴.۳","تنها ۱ عدد در انبار باقی مانده","","","هارد اکسترنال وسترن دیجیتال مدل My Passport ظرفیت یک ترابایت دارای رابط USB Type-A 3.2تنها ۱ عدد در انبار باقی مانده
۴.۳۱۱,۸۰۰,۰۰۰","https://www.digikala.com/product/dkp-2309086/%D9%87%D8%A7%D8%B1%D8%AF-%D8%A7%DA%A9%D8%B3%D8%AA%D8%B1%D9%86%D8%A7%D9%84-%D9%88%D8%B3%D8%AA%D8%B1%D9%86-%D8%AF%DB%8C%D8%AC%DB%8C%D8%AA%D8%A7%D9%84-%D9%85%D8%AF%D9%84-my-passport-%D8%B8%D8%B1%D9%81%DB%8C%D8%AA-%DB%8C%DA%A9-%D8%AA%D8%B1%D8%A7%D8%A8%D8%A7%DB%8C%D8%AA-%D8%AF%D8%A7%D8%B1%D8%A7%DB%8C-%D8%B1%D8%A7%D8%A8%D8%B7-usb-type-a-32/","۴.۳","دیجی‌کالا","عالی","هارددیسک اکسترنال «My Passport» محصولی از شرکت «وسترن دیجیتال» است که از طریق رابط USB3.0 به رایانه‌ی شما متصل می‌شود و شما را در ذخیره‌سازی اطلاعات با سرعت زیاد همراهی می‌کند. ظرفیت این هارددیسک یک ترابایت است و برای کاربرانی ‌که اطلاعات زیادی برای ذخیره‌سازی دارند، گزینه‌ی بسیار مناسبی است. هارددیسک اکسترنال وسترن دیجیتال مدل My Passport با تمامی سیستم‌عامل‌های رایج ازجمله‌ نسخه‌های مختلف سیستم‌عامل ویندوز سازگار است. هارددیسک اکسترنال My Passport در رنگ‌های مختلفی ارائه شد ...","هارد اکسترنال وسترن دیجیتال مدل My Passport ظرفیت یک ترابایت دارای رابط USB Type-A 3.2","۱۵,۶۰۳,۹۰۰","","https://dkstatics-public.digikala.com/digikala-products/c0493de2fd94c7f394aa8864bc6cd5d517fda5bb_1754242331.jpg?x-oss-process=image/resize,m_lfit,h_800,w_800/quality,q_90
https://dkstatics-public.digikala.com/digikala-products/c0493de2fd94c7f394aa8864bc6cd5d517fda5bb_1754242331.jpg?x-oss-process=image/resize,m_lfit,h_800,w_800/quality,q_90
https://dkstatics-public.digikala.com/digikala-products/114928544.jpg?x-oss-process=image/resize,m_lfit,h_800,w_800/quality,q_90
https://dkstatics-public.digikala.com/digikala-products/3504165fee33e266b7f8db3ed175b3449191f241_1750885143.jpg?x-oss-process=image/resize,m_lfit,h_800,w_800/quality,q_90
https://dkstatics-public.digikala.com/digikala-products/c0493de2fd94c7f394aa8864bc6cd5d517fda5bb_1754242331.jpg?x-oss-process=image/resize,m_lfit,h_800,w_800/quality,q_90","مشکی","۹,۹۹۹,۰۰۰","ویژگی‌هافرم فکتور (سایز هد)2.5 اینچ2.5 اینچسرعت چرخش54005400نوع رابط کابلUSB Type-A 3.2USB Type-A 3.2مشاهده همه ویژگی‌ها","مشخصاتمشخصات فیزیکینوع هارد دیسک اکسترنالقابل حمل وزن۱۲۰ گرمابعاد۱۰۷.۱۹x۷۴.۹۳x۱۱.۱۸ میلی‌مترمشاهده بیشتر"
"1771409508-218","https://www.digikala.com/search/category-external-hard-disk/?has_selling_stock=1","هارد اکسترنال ای دیتا مدل HD710 Pro ظرفیت دو ترابایت دارای رابط USB Type-A 3.0","۱۴,۰۰۰,۰۰۰","۲۰,۰۹۳,۲۰۰","۳۰٪","۴.۴","ارسال سریع دیجی‌کالا","","","هارد اکسترنال ای دیتا مدل HD710 Pro ظرفیت دو ترابایت دارای رابط USB Type-A 3.0ارسال سریع دیجی‌کالا
۴.۴۳۰٪۱۴,۰۰۰,۰۰۰۲۰,۰۹۳,۲۰۰","https://www.digikala.com/product/dkp-274935/%D9%87%D8%A7%D8%B1%D8%AF-%D8%A7%DA%A9%D8%B3%D8%AA%D8%B1%D9%86%D8%A7%D9%84-%D8%A7%DB%8C-%D8%AF%DB%8C%D8%AA%D8%A7-%D9%85%D8%AF%D9%84-hd710-pro-%D8%B8%D8%B1%D9%81%DB%8C%D8%AA-%D8%AF%D9%88-%D8%AA%D8%B1%D8%A7%D8%A8%D8%A7%DB%8C%D8%AA-%D8%AF%D8%A7%D8%B1%D8%A7%DB%8C-%D8%B1%D8%A7%D8%A8%D8%B7-usb-type-a-30/","۴.۴","اسمارت کامپیوتر","عالی","هارد اکسترنال HD710 Pro از آن محصولاتی است که به عنوان مدل بهینه و البته بروز شده‌ی مدل‌های موفق پیشین ارائه می‌شوند. ای‌دیتا پس از اینکه توانست با هارد HD710 جایگاه خوبی در بازار به دست آورد، حالا مدل آپدیت شده‌ی آن را با نام HD710 Pro روانه‌ی بازار مصرفی کرده‌است. این هارد اکسترنال دارای مشخصات یک محصول ضدضربه است و می‌تواند در برابر چندین عامل خطرآفرین محیطی مقاومت کند. برخورداری از استاندارد IP68 به تنهایی معرف بسیاری از ویژگی‌ ...","هارد اکسترنال ای دیتا مدل HD710 Pro ظرفیت دو ترابایت دارای رابط USB Type-A 3.0","۱۴,۰۰۰,۰۰۰","","https://dkstatics-public.digikala.com/digikala-products/1a4b1821a3f690b2f61c06a09da98fe9dd1db966_1753698940.jpg?x-oss-process=image/resize,m_lfit,h_800,w_800/quality,q_90
https://dkstatics-public.digikala.com/digikala-products/1a4b1821a3f690b2f61c06a09da98fe9dd1db966_1753698940.jpg?x-oss-process=image/resize,m_lfit,h_800,w_800/quality,q_90
https://dkstatics-public.digikala.com/digikala-products/826947.jpg?x-oss-process=image/resize,m_lfit,h_800,w_800/quality,q_90
https://dkstatics-public.digikala.com/digikala-products/8f0700eb14b4479e970fb14af4470e1519ca1a98_1750885139.jpg?x-oss-process=image/resize,m_lfit,h_800,w_800/quality,q_90
https://dkstatics-public.digikala.com/digikala-products/1a4b1821a3f690b2f61c06a09da98fe9dd1db966_1753698940.jpg?x-oss-process=image/resize,m_lfit,h_800,w_800/quality,q_90","آبیقرمززردمشکی","","ویژگی‌هافرم فکتور (سایز هد)2.5 اینچ2.5 اینچسرعت چرخش54005400نوع رابط کابلUSB Type-A 3.0USB Type-A 3.0مشاهده همه ویژگی‌ها","مشخصاتمشخصات فیزیکینوع هارد دیسک اکسترنالقابل حمل وزن۳۹۰ گرمابعاد۱۳۳.۳x۹۸.۵x۲۱.۵ میلی‌مترمشاهده بیشتر"
"1771409511-219","https://www.digikala.com/search/category-external-hard-disk/?has_selling_stock=1","هارد اکسترنال ای دیتا مدل HD710 Pro ظرفیت یک ترابایت دارای رابط USB Type-A 3.0","۱۲,۰۰۰,۰۰۰","۲۰,۰۹۹,۸۰۰","۴۰٪","۴.۴","ارسال سریع دیجی‌کالا","","","هارد اکسترنال ای دیتا مدل HD710 Pro ظرفیت یک ترابایت دارای رابط USB Type-A 3.0ارسال سریع دیجی‌کالا
۴.۴۴۰٪۱۲,۰۰۰,۰۰۰۲۰,۰۹۹,۸۰۰","https://www.digikala.com/product/dkp-274934/%D9%87%D8%A7%D8%B1%D8%AF-%D8%A7%DA%A9%D8%B3%D8%AA%D8%B1%D9%86%D8%A7%D9%84-%D8%A7%DB%8C-%D8%AF%DB%8C%D8%AA%D8%A7-%D9%85%D8%AF%D9%84-hd710-pro-%D8%B8%D8%B1%D9%81%DB%8C%D8%AA-%DB%8C%DA%A9-%D8%AA%D8%B1%D8%A7%D8%A8%D8%A7%DB%8C%D8%AA-%D8%AF%D8%A7%D8%B1%D8%A7%DB%8C-%D8%B1%D8%A7%D8%A8%D8%B7-usb-type-a-30/","۴.۴","اسمارت کامپیوتر","عالی","هارد اکسترنال HD710 Pro از آن محصولاتی است که به عنوان مدل بهینه و البته به‌روزشده‌ی مدل‌های موفق پیشین عرضه می‌شوند. ای‌دیتا پس از اینکه توانست با هارد HD710 جایگاه خوبی در بازار به دست آورد، حالا مدل آپدیت‌شده‌ی آن را با نام HD710 Pro روانه‌ی بازار مصرفی کرده‌ است. این هارد اکسترنال دارای مشخصات یک محصول ضدضربه است و می‌تواند در برابر چندین عامل خطرآفرین محیطی مقاومت کند. برخورداری از استاندارد IP68 به‌تنهایی معرف بسیار ...","هارد اکسترنال ای دیتا مدل HD710 Pro ظرفیت یک ترابایت دارای رابط USB Type-A 3.0","۱۲,۰۰۰,۰۰۰","","https://dkstatics-public.digikala.com/digikala-products/1a4b1821a3f690b2f61c06a09da98fe9dd1db966_1753698940.jpg?x-oss-process=image/resize,m_lfit,h_800,w_800/quality,q_90
https://dkstatics-public.digikala.com/digikala-products/1a4b1821a3f690b2f61c06a09da98fe9dd1db966_1753698940.jpg?x-oss-process=image/resize,m_lfit,h_800,w_800/quality,q_90
https://dkstatics-public.digikala.com/digikala-products/728333.jpg?x-oss-process=image/resize,m_lfit,h_800,w_800/quality,q_90
https://dkstatics-public.digikala.com/digikala-products/7426d41eeed7cd7cff21e6d6c16310558680d080_1750885138.jpg?x-oss-process=image/resize,m_lfit,h_800,w_800/quality,q_90
https://dkstatics-public.digikala.com/digikala-products/1a4b1821a3f690b2f61c06a09da98fe9dd1db966_1753698940.jpg?x-oss-process=image/resize,m_lfit,h_800,w_800/quality,q_90","زردآبیقرمزمشکی","","ویژگی‌هافرم فکتور (سایز هد)2.5 اینچ2.5 اینچسرعت چرخش54005400نوع رابط کابلUSB Type-A 3.0USB Type-A 3.0مشاهده همه ویژگی‌ها","مشخصاتمشخصات فیزیکینوع هارد دیسک اکسترنالقابل حمل وزن۲۷۰ گرمابعاد۱۳۳.۳x۹۸.۵x۲۱.۵ میلی‌مترمشاهده بیشتر"
"1771409513-220","https://www.digikala.com/search/category-external-hard-disk/?has_selling_stock=1","هارد اکسترنال توشیبا مدل Canvio Basics ظرفیت دو ترابایت دارای رابط USB Type-A 3.2","۱۱,۴۰۰,۰۰۰","","","۴.۵","&nbsp;","https://dkstatics-public.digikala.com/digikala-products/073c58a28c73613545507fe999024a69b569051c_1754244508.jpg?x-oss-process=image/resize,m_lfit,h_300,w_300/quality,q_80","","هارد اکسترنال توشیبا مدل Canvio Basics ظرفیت دو ترابایت دارای رابط USB Type-A 3.2&nbsp;
۴.۵۱۱,۴۰۰,۰۰۰","https://www.digikala.com/product/dkp-11204176/%D9%87%D8%A7%D8%B1%D8%AF-%D8%A7%DA%A9%D8%B3%D8%AA%D8%B1%D9%86%D8%A7%D9%84-%D8%AA%D9%88%D8%B4%DB%8C%D8%A8%D8%A7-%D9%85%D8%AF%D9%84-canvio-basics-%D8%B8%D8%B1%D9%81%DB%8C%D8%AA-%D8%AF%D9%88-%D8%AA%D8%B1%D8%A7%D8%A8%D8%A7%DB%8C%D8%AA-%D8%AF%D8%A7%D8%B1%D8%A7%DB%8C-%D8%B1%D8%A7%D8%A8%D8%B7-usb-type-a-32/","۴.۵","دیجی‌کالا","عالی","هارددیسک «Canvio Basics» محصولی از شرکت «توشیبا» است که در گروه هارددیسک‌های اکسترنال قابل حمل قرار می‌گیرد. این هارددیسک از طریق رابط USB3.2 به رایانه متصل می‌شود و می‌تواند اطلاعات را با سرعت زیاد انتقال دهد. سایز هد ارایه شده روی این محصول 2.5 اینچ بوده که در یک قاب پلاستیکی بسیار ساده قرار گرفته است. بدنه‌ی پلاستیکی این محصول بسیار با کیفیت است به‌گونه‌ای که هنگام در دست گرفتنش سادگی منحصر به فرد آن هر سلیقه‌ای را راضی می‌کند. در قسمت بالایی این هارددیسک اکسترنال یک نشان‌ ...","هارد اکسترنال توشیبا مدل Canvio Basics ظرفیت دو ترابایت دارای رابط USB Type-A 3.2","۱۷,۰۰۲,۲۰۰","","https://dkstatics-public.digikala.com/digikala-products/073c58a28c73613545507fe999024a69b569051c_1754244508.jpg?x-oss-process=image/resize,m_lfit,h_800,w_800/quality,q_90
https://dkstatics-public.digikala.com/digikala-products/04e59c23a0cd886cf45eceaee2c93ed761cb31f2_1682845389.jpg?x-oss-process=image/resize,m_lfit,h_800,w_800/quality,q_90
https://dkstatics-public.digikala.com/digikala-products/8300f079d5c235084777cfb3136f7fc8f66f12d9_1750885155.jpg?x-oss-process=image/resize,m_lfit,h_800,w_800/quality,q_90
https://dkstatics-public.digikala.com/digikala-products/073c58a28c73613545507fe999024a69b569051c_1754244508.jpg?x-oss-process=image/resize,m_lfit,h_800,w_800/quality,q_90","مشکینوک مدادی","۱۱,۰۹۹,۹۰۰","ویژگی‌هافرم فکتور (سایز هد)2.5 اینچ2.5 اینچسرعت چرخش54005400نوع رابط کابلUSB Type-A 3.2USB Type-A 3.2مشاهده همه ویژگی‌ها","مشخصاتمشخصات فیزیکینوع هارد دیسک اکسترنالقابل حمل وزن۱۴۹ گرمابعاد۱۰۹x۷۸x۱۴ میلی‌مترمشاهده بیشتر"
"1771409515-221","https://www.digikala.com/search/category-external-hard-disk/?has_selling_stock=1","هارد اکسترنال ای دیتا مدل HD770G  ظرفیت دو ترابایت دارای رابط USB Type-A 3.2","۱۷,۶۶۰,۰۰۰","","","۴.۵","تنها ۱ عدد در انبار باقی مانده","https://dkstatics-public.digikala.com/digikala-products/4dac17e95882601bd54507d378f69c82c88edc1b_1754242326.jpg?x-oss-process=image/resize,m_lfit,h_300,w_300/quality,q_80","","هارد اکسترنال ای دیتا مدل HD770G  ظرفیت دو ترابایت دارای رابط USB Type-A 3.2تنها ۱ عدد در انبار باقی مانده
۴.۵۱۷,۶۶۰,۰۰۰","https://www.digikala.com/product/dkp-2274413/%D9%87%D8%A7%D8%B1%D8%AF-%D8%A7%DA%A9%D8%B3%D8%AA%D8%B1%D9%86%D8%A7%D9%84-%D8%A7%DB%8C-%D8%AF%DB%8C%D8%AA%D8%A7-%D9%85%D8%AF%D9%84-hd770g-%D8%B8%D8%B1%D9%81%DB%8C%D8%AA-%D8%AF%D9%88-%D8%AA%D8%B1%D8%A7%D8%A8%D8%A7%DB%8C%D8%AA-%D8%AF%D8%A7%D8%B1%D8%A7%DB%8C-%D8%B1%D8%A7%D8%A8%D8%B7-usb-type-a-32/","۴.۵","دیجی‌کالا","عالی","با استفاده از HD770G می توانید تمام بازی ها و اطلاعات خود را ذخیره کنید. علاوه بر این HD770G دارای استاندارد IP68 و این بدان معناست که نه تنها دارای بدنه سه لایه مقاوم است بلکه در برابر آب، گرد و غبار و شوک هم مقاوم است. از یک هارد اکسترنال نمی توان انتظاری بیش از این داشت (استاندارد IP68 به معنی مقاومت در برابر ورود گرد و غبار و مایعات به درون هارد دیسک است). HD770G حتی فراتر از استانداردهای IP68 از اطلاعات شما در برابر آب و گرد و غبار محافظت می کند. به صورت خاص می تواند 120 ...","هارد اکسترنال ای دیتا مدل HD770G  ظرفیت دو ترابایت دارای رابط USB Type-A 3.2","۲۱,۶۱۱,۱۰۰","","https://dkstatics-public.digikala.com/digikala-products/4dac17e95882601bd54507d378f69c82c88edc1b_1754242326.jpg?x-oss-process=image/resize,m_lfit,h_800,w_800/quality,q_90
https://dkstatics-public.digikala.com/digikala-products/4dac17e95882601bd54507d378f69c82c88edc1b_1754242326.jpg?x-oss-process=image/resize,m_lfit,h_800,w_800/quality,q_90
https://dkstatics-public.digikala.com/digikala-products/119607459.jpg?x-oss-process=image/resize,m_lfit,h_800,w_800/quality,q_90
https://dkstatics-public.digikala.com/digikala-products/e50c8d95035343d242d8d6f2a331187c16d3dcd8_1750885143.jpg?x-oss-process=image/resize,m_lfit,h_800,w_800/quality,q_90
https://dkstatics-public.digikala.com/digikala-products/4dac17e95882601bd54507d378f69c82c88edc1b_1754242326.jpg?x-oss-process=image/resize,m_lfit,h_800,w_800/quality,q_90","مشکیقرمز","۱۵,۰۰۰,۰۰۰","ویژگی‌هافرم فکتور (سایز هد)2.5 اینچ2.5 اینچنوع رابط کابلUSB Type-A 3.2USB Type-A 3.2مشاهده همه ویژگی‌ها","مشخصاتمشخصات فیزیکینوع هارد دیسک اکسترنالقابل حمل وزن۲۷۰ گرمابعاد۱۳۹x۹۸x۲۶ میلی‌مترمشاهده بیشتر"
