web_scraper_order,web_scraper_start_url,title,data,data2,data3,data4,data5,data6,image,image2,item_page_title,item_page_link,RATE,Seller_Name,Seller_Performance,Product_Description,image_1,image_2,COMMENT COUNT,Price,Product Title,Specs 1,Specs 2,Category,Sub Category,Sub Cat 2
"1771405931-1","https://www.digikala.com/search/category-headphone/","","","","","","","","","","","","","","","","","","","","","","","","",""
"1771405931-2","https://www.digikala.com/search/category-headphone/","","","","","","","","","","","","","","","","","","","","","","","","",""
"1771405931-3","https://www.digikala.com/search/category-headphone/","","","","","","","","","","","","","","","","","","","","","","","","",""
"1771405931-4","https://www.digikala.com/search/category-headphone/","","","","","","","","","","","","","","","","","","","","","","","","",""
"1771405931-5","https://www.digikala.com/search/category-headphone/","","","","","","","","","","","","","","","","","","","","","","","","",""
"1771405931-6","https://www.digikala.com/search/category-headphone/","","","","","","","","","","","","","","","","","","","","","","","","",""
"1771405931-7","https://www.digikala.com/search/category-headphone/","","","","","","","","","","","","","","","","","","","","","","","","",""
"1771405931-8","https://www.digikala.com/search/category-headphone/","","","","","","","","","","","","","","","","","","","","","","","","",""
"1771405931-9","https://www.digikala.com/search/category-headphone/","","","","","","","","","","","","","","","","","","","","","","","","",""
"1771405931-10","https://www.digikala.com/search/category-headphone/","","","","","","","","","","","","","","","","","","","","","","","","",""
"1771405931-11","https://www.digikala.com/search/category-headphone/","","","","","","","","","","","","","","","","","","","","","","","","",""
"1771405931-12","https://www.digikala.com/search/category-headphone/","","","","","","","","","","","","","","","","","","","","","","","","",""
"1771405931-13","https://www.digikala.com/search/category-headphone/","","","","","","","","","","","","","","","","","","","","","","","","",""
"1771405931-14","https://www.digikala.com/search/category-headphone/","","","","","","","","","","","","","","","","","","","","","","","","",""
"1771405931-15","https://www.digikala.com/search/category-headphone/","","","","","","","","","","","","","","","","","","","","","","","","",""
"1771405931-16","https://www.digikala.com/search/category-headphone/","","","","","","","","","","","","","","","","","","","","","","","","",""
"1771405931-17","https://www.digikala.com/search/category-headphone/","","","","","","","","","","","","","","","","","","","","","","","","",""
"1771405931-18","https://www.digikala.com/search/category-headphone/","","","","","","","","","","","","","","","","","","","","","","","","",""
"1771405931-19","https://www.digikala.com/search/category-headphone/","","","","","","","","","","","","","","","","","","","","","","","","",""
"1771405931-20","https://www.digikala.com/search/category-headphone/","","","","","","","","","","","","","","","","","","","","","","","","",""
"1771405931-21","https://www.digikala.com/search/category-headphone/","","","","","","","","","","","","","","","","","","","","","","","","",""
"1771405931-22","https://www.digikala.com/search/category-headphone/","","","","","","","","","","","","","","","","","","","","","","","","",""
"1771405931-23","https://www.digikala.com/search/category-headphone/","","","","","","","","","","","","","","","","","","","","","","","","",""
"1771405931-24","https://www.digikala.com/search/category-headphone/","","","","","","","","","","","","","","","","","","","","","","","","",""
"1771405931-25","https://www.digikala.com/search/category-headphone/","","","","","","","","","","","","","","","","","","","","","","","","",""
"1771405931-26","https://www.digikala.com/search/category-headphone/","","","","","","","","","","","","","","","","","","","","","","","","",""
"1771405931-27","https://www.digikala.com/search/category-headphone/","","","","","","","","","","","","","","","","","","","","","","","","",""
"1771405931-28","https://www.digikala.com/search/category-headphone/","","","","","","","","","","","","","","","","","","","","","","","","",""
"1771405931-29","https://www.digikala.com/search/category-headphone/","","","","","","","","","","","","","","","","","","","","","","","","",""
"1771405931-30","https://www.digikala.com/search/category-headphone/","","","","","","","","","","","","","","","","","","","","","","","","",""
"1771405931-31","https://www.digikala.com/search/category-headphone/","","","","","","","","","","","","","","","","","","","","","","","","",""
"1771405931-32","https://www.digikala.com/search/category-headphone/","","","","","","","","","","","","","","","","","","","","","","","","",""
"1771405931-33","https://www.digikala.com/search/category-headphone/","","","","","","","","","","","","","","","","","","","","","","","","",""
"1771405931-34","https://www.digikala.com/search/category-headphone/","","","","","","","","","","","","","","","","","","","","","","","","",""
"1771405931-35","https://www.digikala.com/search/category-headphone/","","","","","","","","","","","","","","","","","","","","","","","","",""
"1771405931-36","https://www.digikala.com/search/category-headphone/","","","","","","","","","","","","","","","","","","","","","","","","",""
"1771405931-37","https://www.digikala.com/search/category-headphone/","","","","","","","","","","","","","","","","","","","","","","","","",""
"1771405931-38","https://www.digikala.com/search/category-headphone/","","","","","","","","","","","","","","","","","","","","","","","","",""
"1771405931-39","https://www.digikala.com/search/category-headphone/","","","","","","","","","","","","","","","","","","","","","","","","",""
"1771405931-40","https://www.digikala.com/search/category-headphone/","","","","","","","","","","","","","","","","","","","","","","","","",""
"1771405931-41","https://www.digikala.com/search/category-headphone/","","","","","","","","","","","","","","","","","","","","","","","","",""
"1771405931-42","https://www.digikala.com/search/category-headphone/","","","","","","","","","","","","","","","","","","","","","","","","",""
"1771405931-43","https://www.digikala.com/search/category-headphone/","","","","","","","","","","","","","","","","","","","","","","","","",""
"1771405931-44","https://www.digikala.com/search/category-headphone/","","","","","","","","","","","","","","","","","","","","","","","","",""
"1771405931-45","https://www.digikala.com/search/category-headphone/","","","","","","","","","","","","","","","","","","","","","","","","",""
"1771405931-46","https://www.digikala.com/search/category-headphone/","","","","","","","","","","","","","","","","","","","","","","","","",""
"1771405931-47","https://www.digikala.com/search/category-headphone/","","","","","","","","","","","","","","","","","","","","","","","","",""
"1771405931-48","https://www.digikala.com/search/category-headphone/","","","","","","","","","","","","","","","","","","","","","","","","",""
"1771405931-49","https://www.digikala.com/search/category-headphone/","","","","","","","","","","","","","","","","","","","","","","","","",""
"1771405931-50","https://www.digikala.com/search/category-headphone/","","","","","","","","","","","","","","","","","","","","","","","","",""
"1771405931-51","https://www.digikala.com/search/category-headphone/","","","","","","","","","","","","","","","","","","","","","","","","",""
"1771405931-52","https://www.digikala.com/search/category-headphone/","","","","","","","","","","","","","","","","","","","","","","","","",""
"1771405931-53","https://www.digikala.com/search/category-headphone/","","","","","","","","","","","","","","","","","","","","","","","","",""
"1771405931-54","https://www.digikala.com/search/category-headphone/","","","","","","","","","","","","","","","","","","","","","","","","",""
"1771405931-55","https://www.digikala.com/search/category-headphone/","","","","","","","","","","","","","","","","","","","","","","","","",""
"1771405931-56","https://www.digikala.com/search/category-headphone/","","","","","","","","","","","","","","","","","","","","","","","","",""
"1771405931-57","https://www.digikala.com/search/category-headphone/","","","","","","","","","","","","","","","","","","","","","","","","",""
"1771405931-58","https://www.digikala.com/search/category-headphone/","","","","","","","","","","","","","","","","","","","","","","","","",""
"1771405931-59","https://www.digikala.com/search/category-headphone/","","","","","","","","","","","","","","","","","","","","","","","","",""
"1771405931-60","https://www.digikala.com/search/category-headphone/","","","","","","","","","","","","","","","","","","","","","","","","",""
"1771405931-61","https://www.digikala.com/search/category-headphone/","","","","","","","","","","","","","","","","","","","","","","","","",""
"1771405931-62","https://www.digikala.com/search/category-headphone/","","","","","","","","","","","","","","","","","","","","","","","","",""
"1771405931-63","https://www.digikala.com/search/category-headphone/","","","","","","","","","","","","","","","","","","","","","","","","",""
"1771405931-64","https://www.digikala.com/search/category-headphone/","","","","","","","","","","","","","","","","","","","","","","","","",""
"1771405931-65","https://www.digikala.com/search/category-headphone/","","","","","","","","","","","","","","","","","","","","","","","","",""
"1771405931-66","https://www.digikala.com/search/category-headphone/","","","","","","","","","","","","","","","","","","","","","","","","",""
"1771405931-67","https://www.digikala.com/search/category-headphone/","","","","","","","","","","","","","","","","","","","","","","","","",""
"1771405931-68","https://www.digikala.com/search/category-headphone/","","","","","","","","","","","","","","","","","","","","","","","","",""
"1771405931-69","https://www.digikala.com/search/category-headphone/","","","","","","","","","","","","","","","","","","","","","","","","",""
"1771405931-70","https://www.digikala.com/search/category-headphone/","","","","","","","","","","","","","","","","","","","","","","","","",""
"1771405931-71","https://www.digikala.com/search/category-headphone/","","","","","","","","","","","","","","","","","","","","","","","","",""
"1771405931-72","https://www.digikala.com/search/category-headphone/","","","","","","","","","","","","","","","","","","","","","","","","",""
"1771405931-73","https://www.digikala.com/search/category-headphone/","","","","","","","","","","","","","","","","","","","","","","","","",""
"1771405931-74","https://www.digikala.com/search/category-headphone/","","","","","","","","","","","","","","","","","","","","","","","","",""
"1771405931-75","https://www.digikala.com/search/category-headphone/","","","","","","","","","","","","","","","","","","","","","","","","",""
"1771405931-76","https://www.digikala.com/search/category-headphone/","","","","","","","","","","","","","","","","","","","","","","","","",""
"1771405931-77","https://www.digikala.com/search/category-headphone/","","","","","","","","","","","","","","","","","","","","","","","","",""
"1771405931-78","https://www.digikala.com/search/category-headphone/","","","","","","","","","","","","","","","","","","","","","","","","",""
"1771405931-79","https://www.digikala.com/search/category-headphone/","","","","","","","","","","","","","","","","","","","","","","","","",""
"1771405931-80","https://www.digikala.com/search/category-headphone/","","","","","","","","","","","","","","","","","","","","","","","","",""
"1771405931-81","https://www.digikala.com/search/category-headphone/","","","","","","","","","","","","","","","","","","","","","","","","",""
"1771405931-82","https://www.digikala.com/search/category-headphone/","","","","","","","","","","","","","","","","","","","","","","","","",""
"1771405931-83","https://www.digikala.com/search/category-headphone/","","","","","","","","","","","","","","","","","","","","","","","","",""
"1771405931-84","https://www.digikala.com/search/category-headphone/","","","","","","","","","","","","","","","","","","","","","","","","",""
"1771405931-85","https://www.digikala.com/search/category-headphone/","","","","","","","","","","","","","","","","","","","","","","","","",""
"1771405931-86","https://www.digikala.com/search/category-headphone/","","","","","","","","","","","","","","","","","","","","","","","","",""
"1771405931-87","https://www.digikala.com/search/category-headphone/","","","","","","","","","","","","","","","","","","","","","","","","",""
"1771405931-88","https://www.digikala.com/search/category-headphone/","","","","","","","","","","","","","","","","","","","","","","","","",""
"1771405931-89","https://www.digikala.com/search/category-headphone/","","","","","","","","","","","","","","","","","","","","","","","","",""
"1771405931-90","https://www.digikala.com/search/category-headphone/","","","","","","","","","","","","","","","","","","","","","","","","",""
"1771405931-91","https://www.digikala.com/search/category-headphone/","","","","","","","","","","","","","","","","","","","","","","","","",""
"1771405931-92","https://www.digikala.com/search/category-headphone/","","","","","","","","","","","","","","","","","","","","","","","","",""
"1771405931-93","https://www.digikala.com/search/category-headphone/","","","","","","","","","","","","","","","","","","","","","","","","",""
"1771405931-94","https://www.digikala.com/search/category-headphone/","","","","","","","","","","","","","","","","","","","","","","","","",""
"1771405931-95","https://www.digikala.com/search/category-headphone/","","","","","","","","","","","","","","","","","","","","","","","","",""
"1771405931-96","https://www.digikala.com/search/category-headphone/","","","","","","","","","","","","","","","","","","","","","","","","",""
"1771405931-97","https://www.digikala.com/search/category-headphone/","","","","","","","","","","","","","","","","","","","","","","","","",""
"1771405931-98","https://www.digikala.com/search/category-headphone/","","","","","","","","","","","","","","","","","","","","","","","","",""
"1771405931-99","https://www.digikala.com/search/category-headphone/","","","","","","","","","","","","","","","","","","","","","","","","",""
"1771405931-100","https://www.digikala.com/search/category-headphone/","","","","","","","","","","","","","","","","","","","","","","","","",""
"1771405931-101","https://www.digikala.com/search/category-headphone/","","","","","","","","","","","","","","","","","","","","","","","","",""
"1771405931-102","https://www.digikala.com/search/category-headphone/","","","","","","","","","","","","","","","","","","","","","","","","",""
"1771405931-103","https://www.digikala.com/search/category-headphone/","","","","","","","","","","","","","","","","","","","","","","","","",""
"1771405931-104","https://www.digikala.com/search/category-headphone/","","","","","","","","","","","","","","","","","","","","","","","","",""
"1771405931-105","https://www.digikala.com/search/category-headphone/","","","","","","","","","","","","","","","","","","","","","","","","",""
"1771405931-106","https://www.digikala.com/search/category-headphone/","","","","","","","","","","","","","","","","","","","","","","","","",""
"1771405931-107","https://www.digikala.com/search/category-headphone/","","","","","","","","","","","","","","","","","","","","","","","","",""
"1771405931-108","https://www.digikala.com/search/category-headphone/","","","","","","","","","","","","","","","","","","","","","","","","",""
"1771405931-109","https://www.digikala.com/search/category-headphone/","","","","","","","","","","","","","","","","","","","","","","","","",""
"1771405931-110","https://www.digikala.com/search/category-headphone/","","","","","","","","","","","","","","","","","","","","","","","","",""
"1771405931-111","https://www.digikala.com/search/category-headphone/","","","","","","","","","","","","","","","","","","","","","","","","",""
"1771405931-112","https://www.digikala.com/search/category-headphone/","","","","","","","","","","","","","","","","","","","","","","","","",""
"1771405931-113","https://www.digikala.com/search/category-headphone/","","","","","","","","","","","","","","","","","","","","","","","","",""
"1771405931-114","https://www.digikala.com/search/category-headphone/","","","","","","","","","","","","","","","","","","","","","","","","",""
"1771405931-115","https://www.digikala.com/search/category-headphone/","","","","","","","","","","","","","","","","","","","","","","","","",""
"1771405931-116","https://www.digikala.com/search/category-headphone/","","","","","","","","","","","","","","","","","","","","","","","","",""
"1771405931-117","https://www.digikala.com/search/category-headphone/","","","","","","","","","","","","","","","","","","","","","","","","",""
"1771405931-118","https://www.digikala.com/search/category-headphone/","","","","","","","","","","","","","","","","","","","","","","","","",""
"1771405931-119","https://www.digikala.com/search/category-headphone/","","","","","","","","","","","","","","","","","","","","","","","","",""
"1771405931-120","https://www.digikala.com/search/category-headphone/","","","","","","","","","","","","","","","","","","","","","","","","",""
"1771405931-121","https://www.digikala.com/search/category-headphone/","","","","","","","","","","","","","","","","","","","","","","","","",""
"1771405931-122","https://www.digikala.com/search/category-headphone/","","","","","","","","","","","","","","","","","","","","","","","","",""
"1771405931-123","https://www.digikala.com/search/category-headphone/","","","","","","","","","","","","","","","","","","","","","","","","",""
"1771405931-124","https://www.digikala.com/search/category-headphone/","","","","","","","","","","","","","","","","","","","","","","","","",""
"1771405931-125","https://www.digikala.com/search/category-headphone/","","","","","","","","","","","","","","","","","","","","","","","","",""
"1771405931-126","https://www.digikala.com/search/category-headphone/","","","","","","","","","","","","","","","","","","","","","","","","",""
"1771405931-127","https://www.digikala.com/search/category-headphone/","","","","","","","","","","","","","","","","","","","","","","","","",""
"1771405931-128","https://www.digikala.com/search/category-headphone/","","","","","","","","","","","","","","","","","","","","","","","","",""
"1771405931-129","https://www.digikala.com/search/category-headphone/","","","","","","","","","","","","","","","","","","","","","","","","",""
"1771405931-130","https://www.digikala.com/search/category-headphone/","","","","","","","","","","","","","","","","","","","","","","","","",""
"1771405931-131","https://www.digikala.com/search/category-headphone/","","","","","","","","","","","","","","","","","","","","","","","","",""
"1771405931-132","https://www.digikala.com/search/category-headphone/","","","","","","","","","","","","","","","","","","","","","","","","",""
"1771405931-133","https://www.digikala.com/search/category-headphone/","","","","","","","","","","","","","","","","","","","","","","","","",""
"1771405931-134","https://www.digikala.com/search/category-headphone/","","","","","","","","","","","","","","","","","","","","","","","","",""
"1771405931-135","https://www.digikala.com/search/category-headphone/","","","","","","","","","","","","","","","","","","","","","","","","",""
"1771405931-136","https://www.digikala.com/search/category-headphone/","","","","","","","","","","","","","","","","","","","","","","","","",""
"1771405931-137","https://www.digikala.com/search/category-headphone/","","","","","","","","","","","","","","","","","","","","","","","","",""
"1771405931-138","https://www.digikala.com/search/category-headphone/","","","","","","","","","","","","","","","","","","","","","","","","",""
"1771405931-139","https://www.digikala.com/search/category-headphone/","","","","","","","","","","","","","","","","","","","","","","","","",""
"1771405931-140","https://www.digikala.com/search/category-headphone/","","","","","","","","","","","","","","","","","","","","","","","","",""
"1771405931-141","https://www.digikala.com/search/category-headphone/","","","","","","","","","","","","","","","","","","","","","","","","",""
"1771405931-142","https://www.digikala.com/search/category-headphone/","","","","","","","","","","","","","","","","","","","","","","","","",""
"1771405931-143","https://www.digikala.com/search/category-headphone/","","","","","","","","","","","","","","","","","","","","","","","","",""
"1771405931-144","https://www.digikala.com/search/category-headphone/","","","","","","","","","","","","","","","","","","","","","","","","",""
"1771405931-145","https://www.digikala.com/search/category-headphone/","","","","","","","","","","","","","","","","","","","","","","","","",""
"1771405931-146","https://www.digikala.com/search/category-headphone/","","","","","","","","","","","","","","","","","","","","","","","","",""
"1771405931-147","https://www.digikala.com/search/category-headphone/","","","","","","","","","","","","","","","","","","","","","","","","",""
"1771405931-148","https://www.digikala.com/search/category-headphone/","","","","","","","","","","","","","","","","","","","","","","","","",""
"1771405931-149","https://www.digikala.com/search/category-headphone/","","","","","","","","","","","","","","","","","","","","","","","","",""
"1771405931-150","https://www.digikala.com/search/category-headphone/","","","","","","","","","","","","","","","","","","","","","","","","",""
"1771405931-151","https://www.digikala.com/search/category-headphone/","","","","","","","","","","","","","","","","","","","","","","","","",""
"1771405931-152","https://www.digikala.com/search/category-headphone/","","","","","","","","","","","","","","","","","","","","","","","","",""
"1771405931-153","https://www.digikala.com/search/category-headphone/","","","","","","","","","","","","","","","","","","","","","","","","",""
"1771405931-154","https://www.digikala.com/search/category-headphone/","","","","","","","","","","","","","","","","","","","","","","","","",""
"1771405931-155","https://www.digikala.com/search/category-headphone/","","","","","","","","","","","","","","","","","","","","","","","","",""
"1771405931-156","https://www.digikala.com/search/category-headphone/","","","","","","","","","","","","","","","","","","","","","","","","",""
"1771405931-157","https://www.digikala.com/search/category-headphone/","","","","","","","","","","","","","","","","","","","","","","","","",""
"1771405931-158","https://www.digikala.com/search/category-headphone/","","","","","","","","","","","","","","","","","","","","","","","","",""
"1771405931-159","https://www.digikala.com/search/category-headphone/","","","","","","","","","","","","","","","","","","","","","","","","",""
"1771405931-160","https://www.digikala.com/search/category-headphone/","","","","","","","","","","","","","","","","","","","","","","","","",""
"1771405931-161","https://www.digikala.com/search/category-headphone/","","","","","","","","","","","","","","","","","","","","","","","","",""
"1771405931-162","https://www.digikala.com/search/category-headphone/","","","","","","","","","","","","","","","","","","","","","","","","",""
"1771405931-163","https://www.digikala.com/search/category-headphone/","","","","","","","","","","","","","","","","","","","","","","","","",""
"1771405931-164","https://www.digikala.com/search/category-headphone/","","","","","","","","","","","","","","","","","","","","","","","","",""
"1771405931-165","https://www.digikala.com/search/category-headphone/","","","","","","","","","","","","","","","","","","","","","","","","",""
"1771405931-166","https://www.digikala.com/search/category-headphone/","","","","","","","","","","","","","","","","","","","","","","","","",""
"1771405931-167","https://www.digikala.com/search/category-headphone/","","","","","","","","","","","","","","","","","","","","","","","","",""
"1771405931-168","https://www.digikala.com/search/category-headphone/","","","","","","","","","","","","","","","","","","","","","","","","",""
"1771405931-169","https://www.digikala.com/search/category-headphone/","","","","","","","","","","","","","","","","","","","","","","","","",""
"1771405931-170","https://www.digikala.com/search/category-headphone/","","","","","","","","","","","","","","","","","","","","","","","","",""
"1771405931-171","https://www.digikala.com/search/category-headphone/","","","","","","","","","","","","","","","","","","","","","","","","",""
"1771405931-172","https://www.digikala.com/search/category-headphone/","","","","","","","","","","","","","","","","","","","","","","","","",""
"1771405931-173","https://www.digikala.com/search/category-headphone/","","","","","","","","","","","","","","","","","","","","","","","","",""
"1771405931-174","https://www.digikala.com/search/category-headphone/","","","","","","","","","","","","","","","","","","","","","","","","",""
"1771405931-175","https://www.digikala.com/search/category-headphone/","","","","","","","","","","","","","","","","","","","","","","","","",""
"1771405931-176","https://www.digikala.com/search/category-headphone/","","","","","","","","","","","","","","","","","","","","","","","","",""
"1771405931-177","https://www.digikala.com/search/category-headphone/","","","","","","","","","","","","","","","","","","","","","","","","",""
"1771405931-178","https://www.digikala.com/search/category-headphone/","","","","","","","","","","","","","","","","","","","","","","","","",""
"1771405931-179","https://www.digikala.com/search/category-headphone/","","","","","","","","","","","","","","","","","","","","","","","","",""
"1771405931-180","https://www.digikala.com/search/category-headphone/","","","","","","","","","","","","","","","","","","","","","","","","",""
"1771405931-181","https://www.digikala.com/search/category-headphone/","","","","","","","","","","","","","","","","","","","","","","","","",""
"1771405931-182","https://www.digikala.com/search/category-headphone/","","","","","","","","","","","","","","","","","","","","","","","","",""
"1771405931-183","https://www.digikala.com/search/category-headphone/","","","","","","","","","","","","","","","","","","","","","","","","",""
"1771405931-184","https://www.digikala.com/search/category-headphone/","","","","","","","","","","","","","","","","","","","","","","","","",""
"1771405931-185","https://www.digikala.com/search/category-headphone/","","","","","","","","","","","","","","","","","","","","","","","","",""
"1771405931-186","https://www.digikala.com/search/category-headphone/","","","","","","","","","","","","","","","","","","","","","","","","",""
"1771405931-187","https://www.digikala.com/search/category-headphone/","","","","","","","","","","","","","","","","","","","","","","","","",""
"1771405931-188","https://www.digikala.com/search/category-headphone/","","","","","","","","","","","","","","","","","","","","","","","","",""
"1771405931-189","https://www.digikala.com/search/category-headphone/","","","","","","","","","","","","","","","","","","","","","","","","",""
"1771405931-190","https://www.digikala.com/search/category-headphone/","","","","","","","","","","","","","","","","","","","","","","","","",""
"1771405931-191","https://www.digikala.com/search/category-headphone/","","","","","","","","","","","","","","","","","","","","","","","","",""
"1771405931-192","https://www.digikala.com/search/category-headphone/","","","","","","","","","","","","","","","","","","","","","","","","",""
"1771405931-193","https://www.digikala.com/search/category-headphone/","","","","","","","","","","","","","","","","","","","","","","","","",""
"1771405931-194","https://www.digikala.com/search/category-headphone/","","","","","","","","","","","","","","","","","","","","","","","","",""
"1771405931-195","https://www.digikala.com/search/category-headphone/","","","","","","","","","","","","","","","","","","","","","","","","",""
"1771405931-196","https://www.digikala.com/search/category-headphone/","","","","","","","","","","","","","","","","","","","","","","","","",""
"1771405931-197","https://www.digikala.com/search/category-headphone/","","","","","","","","","","","","","","","","","","","","","","","","",""
"1771405931-198","https://www.digikala.com/search/category-headphone/","","","","","","","","","","","","","","","","","","","","","","","","",""
"1771405931-199","https://www.digikala.com/search/category-headphone/","","","","","","","","","","","","","","","","","","","","","","","","",""
"1771405931-200","https://www.digikala.com/search/category-headphone/","","","","","","","","","","","","","","","","","","","","","","","","",""
"1771405931-201","https://www.digikala.com/search/category-headphone/","","","","","","","","","","","","","","","","","","","","","","","","",""
"1771405931-202","https://www.digikala.com/search/category-headphone/","","","","","","","","","","","","","","","","","","","","","","","","",""
"1771405931-203","https://www.digikala.com/search/category-headphone/","","","","","","","","","","","","","","","","","","","","","","","","",""
"1771405931-204","https://www.digikala.com/search/category-headphone/","","","","","","","","","","","","","","","","","","","","","","","","",""
"1771405931-205","https://www.digikala.com/search/category-headphone/","","","","","","","","","","","","","","","","","","","","","","","","",""
"1771405931-206","https://www.digikala.com/search/category-headphone/","","","","","","","","","","","","","","","","","","","","","","","","",""
"1771405931-207","https://www.digikala.com/search/category-headphone/","","","","","","","","","","","","","","","","","","","","","","","","",""
"1771405931-208","https://www.digikala.com/search/category-headphone/","","","","","","","","","","","","","","","","","","","","","","","","",""
"1771405931-209","https://www.digikala.com/search/category-headphone/","","","","","","","","","","","","","","","","","","","","","","","","",""
"1771405931-210","https://www.digikala.com/search/category-headphone/","","","","","","","","","","","","","","","","","","","","","","","","",""
"1771405931-211","https://www.digikala.com/search/category-headphone/","","","","","","","","","","","","","","","","","","","","","","","","",""
"1771405931-212","https://www.digikala.com/search/category-headphone/","","","","","","","","","","","","","","","","","","","","","","","","",""
"1771405931-213","https://www.digikala.com/search/category-headphone/","","","","","","","","","","","","","","","","","","","","","","","","",""
"1771405931-214","https://www.digikala.com/search/category-headphone/","","","","","","","","","","","","","","","","","","","","","","","","",""
"1771405931-215","https://www.digikala.com/search/category-headphone/","","","","","","","","","","","","","","","","","","","","","","","","",""
"1771405931-216","https://www.digikala.com/search/category-headphone/","","","","","","","","","","","","","","","","","","","","","","","","",""
"1771405931-217","https://www.digikala.com/search/category-headphone/","","","","","","","","","","","","","","","","","","","","","","","","",""
"1771405931-218","https://www.digikala.com/search/category-headphone/","","","","","","","","","","","","","","","","","","","","","","","","",""
"1771405931-219","https://www.digikala.com/search/category-headphone/","","","","","","","","","","","","","","","","","","","","","","","","",""
"1771405931-220","https://www.digikala.com/search/category-headphone/","","","","","","","","","","","","","","","","","","","","","","","","",""
"1771405931-221","https://www.digikala.com/search/category-headphone/","","","","","","","","","","","","","","","","","","","","","","","","",""
"1771405931-222","https://www.digikala.com/search/category-headphone/","","","","","","","","","","","","","","","","","","","","","","","","",""
"1771405931-223","https://www.digikala.com/search/category-headphone/","","","","","","","","","","","","","","","","","","","","","","","","",""
"1771405931-224","https://www.digikala.com/search/category-headphone/","","","","","","","","","","","","","","","","","","","","","","","","",""
"1771405931-225","https://www.digikala.com/search/category-headphone/","","","","","","","","","","","","","","","","","","","","","","","","",""
"1771405931-226","https://www.digikala.com/search/category-headphone/","","","","","","","","","","","","","","","","","","","","","","","","",""
"1771405931-227","https://www.digikala.com/search/category-headphone/","","","","","","","","","","","","","","","","","","","","","","","","",""
"1771405931-228","https://www.digikala.com/search/category-headphone/","","","","","","","","","","","","","","","","","","","","","","","","",""
"1771405931-229","https://www.digikala.com/search/category-headphone/","","","","","","","","","","","","","","","","","","","","","","","","",""
"1771405931-230","https://www.digikala.com/search/category-headphone/","","","","","","","","","","","","","","","","","","","","","","","","",""
"1771405931-231","https://www.digikala.com/search/category-headphone/","","","","","","","","","","","","","","","","","","","","","","","","",""
"1771405931-232","https://www.digikala.com/search/category-headphone/","","","","","","","","","","","","","","","","","","","","","","","","",""
"1771405931-233","https://www.digikala.com/search/category-headphone/","","","","","","","","","","","","","","","","","","","","","","","","",""
"1771405931-234","https://www.digikala.com/search/category-headphone/","","","","","","","","","","","","","","","","","","","","","","","","",""
"1771405931-235","https://www.digikala.com/search/category-headphone/","","","","","","","","","","","","","","","","","","","","","","","","",""
"1771405931-236","https://www.digikala.com/search/category-headphone/","","","","","","","","","","","","","","","","","","","","","","","","",""
"1771405931-237","https://www.digikala.com/search/category-headphone/","","","","","","","","","","","","","","","","","","","","","","","","",""
"1771405931-238","https://www.digikala.com/search/category-headphone/","","","","","","","","","","","","","","","","","","","","","","","","",""
"1771405931-239","https://www.digikala.com/search/category-headphone/","","","","","","","","","","","","","","","","","","","","","","","","",""
"1771405931-240","https://www.digikala.com/search/category-headphone/","","","","","","","","","","","","","","","","","","","","","","","","",""
"1771405931-241","https://www.digikala.com/search/category-headphone/","","","","","","","","","","","","","","","","","","","","","","","","",""
"1771405931-242","https://www.digikala.com/search/category-headphone/","","","","","","","","","","","","","","","","","","","","","","","","",""
"1771405931-243","https://www.digikala.com/search/category-headphone/","","","","","","","","","","","","","","","","","","","","","","","","",""
"1771405931-244","https://www.digikala.com/search/category-headphone/","","","","","","","","","","","","","","","","","","","","","","","","",""
"1771405931-245","https://www.digikala.com/search/category-headphone/","","","","","","","","","","","","","","","","","","","","","","","","",""
"1771405931-246","https://www.digikala.com/search/category-headphone/","","","","","","","","","","","","","","","","","","","","","","","","",""
"1771405931-247","https://www.digikala.com/search/category-headphone/","","","","","","","","","","","","","","","","","","","","","","","","",""
"1771405931-248","https://www.digikala.com/search/category-headphone/","","","","","","","","","","","","","","","","","","","","","","","","",""
"1771405931-249","https://www.digikala.com/search/category-headphone/","","","","","","","","","","","","","","","","","","","","","","","","",""
"1771405934-250","https://www.digikala.com/search/category-headphone/","هندزفری بلوتوثی مدل X15","۴۹۵,۰۰۰","۳.۲","","","تنها ۱ عدد در انبار باقی مانده","","","","هندزفری بلوتوثی مدل X15تنها ۱ عدد در انبار باقی مانده
۳.۲۴۹۵,۰۰۰","https://www.digikala.com/product/dkp-8774432/%D9%87%D9%86%D8%AF%D8%B2%D9%81%D8%B1%DB%8C-%D8%A8%D9%84%D9%88%D8%AA%D9%88%D8%AB%DB%8C-%D9%85%D8%AF%D9%84-x15/","۳.۲","تکنولوژی پاسارگاد تهران","عالی","","https://dkstatics-public.digikala.com/digikala-products/c21ae3808d37f0b36e9ba1f644a0ec38d8a902b6_1655535137.jpg?x-oss-process=image/resize,m_lfit,h_800,w_800/quality,q_90
https://dkstatics-public.digikala.com/digikala-products/53df884c924d37190d3583197235a87a075779ad_1655535133.jpg?x-oss-process=image/resize,m_lfit,h_800,w_800/quality,q_90
https://dkstatics-public.digikala.com/digikala-products/1eb7a5e0377e6311532cb56b9b922f7f58098be1_1655535132.jpg?x-oss-process=image/resize,m_lfit,h_800,w_800/quality,q_90
https://dkstatics-public.digikala.com/digikala-products/b7363269fadd281e691ea84687180644159a68bc_1655535930.jpg?x-oss-process=image/resize,m_lfit,h_800,w_800/quality,q_90","","۱۴ دیدگاه","۴۹۵,۰۰۰","هندزفری بلوتوثی مدل X15","نوع گوشیدو گوشیدو گوشینوع اتصالبلوتوثبلوتوثرابط‌هابلوتوثبلوتوث","مشخصاتمحدوده عملکرد۱۰ مترنوع گوشیدو گوشی عمر باتری هدفون در حالت مکالمه۵ ساعتعمر باتری هدفون در حالت استندبای۱ عمر باتری هدفون در حالت پخش موسیقی۲.۵ ساعتزمان مورد نیاز برای شارژ محفظه۲ ساعتنسخه بلوتوث۵.۰ سایر مشخصاتدارای یک عدد کابل تایپ سی جهت شارژ نوع اتصالبلوتوث رابط‌هابلوتوث مناسب برایآقایان و بانوان","هدفون، هدست و هندزفری","متفرقه","هدفون، هدست و هندزفری متفرقه"
"1771405936-251","https://www.digikala.com/search/category-headphone/","هدفون بلوتوثی مدل RQ-88O","۳,۴۰۰,۰۰۰","۴.۲","","","&nbsp;","","","","هدفون بلوتوثی مدل RQ-88O&nbsp;
۴.۲۳,۴۰۰,۰۰۰","https://www.digikala.com/product/dkp-20884023/%D9%87%D8%AF%D9%81%D9%88%D9%86-%D8%A8%D9%84%D9%88%D8%AA%D9%88%D8%AB%DB%8C-%D9%85%D8%AF%D9%84-rq-88o/","۴.۲","الماس طهران","عالی","هندزفری بی سیم مدل RQ880 از خانواده شناخته شده سری RQ هدفون های بی سیم است. 
نویز و تاخیر در ارسال فرکانس و صدا در این هدفون تقریبا به صفر رسیده که در هنگام مکالمه، گوش دادن به آهنگ و بازی کامپیوتری/موبایلی حس بسیار خوبی را تجربه خواهید کرد.
هدفون بی‌سیم RQ880 با صدای فراگیر استریو و باس تقویت‌شده با درایور صوتی بزرگ 12 میلی‌متری، تجربه بازی همه جانبه‌ای را برای گیمرها ارائه می‌دهد. شنیدن تمامی صداها در تمام زوایا و سمت های بازی بصورت سه بعدی به شما کمک می کند تا از مزیت قابل ...","https://dkstatics-public.digikala.com/digikala-products/5622acc9f6ce8be88b3c2686b6f992a1d872f7a1_1762989524.jpg?x-oss-process=image/resize,m_lfit,h_800,w_800/quality,q_90
https://dkstatics-public.digikala.com/digikala-products/c7709e4fbfe8729cbd2ecf6cfc80da8d216a1372_1762989524.jpg?x-oss-process=image/resize,m_lfit,h_800,w_800/quality,q_90
https://dkstatics-public.digikala.com/digikala-products/f25b955ba1e55af1ca060c3947db40f3ea549216_1762989524.jpg?x-oss-process=image/resize,m_lfit,h_800,w_800/quality,q_90
https://dkstatics-public.digikala.com/digikala-products/5622acc9f6ce8be88b3c2686b6f992a1d872f7a1_1762989524.jpg?x-oss-process=image/resize,m_lfit,h_800,w_800/quality,q_90","","۵۳ دیدگاه","۳,۴۰۰,۰۰۰","هدفون بلوتوثی مدل RQ-88O","قابلیت نویز کنسلینگنویز کنسلینگ فعال (ANC)، نویز کنسلینگ میکروفون (ENC)، نویز کنسلینگ بدنه، قابلیت پخش صدای محیطی (Transparency)نویز کنسلینگ فعال (ANC)، نویز کنسلینگ میکروفون (ENC)، نویز کنسلینگ بدنه، قابلیت پخش صدای محیطی (Transparency)نوع گوشیدو گوشیدو گوشینوع اتصالبی‌سیمبی‌سیمرابط‌هاUSB Type-CUSB Type-C","مشخصاتنوع هدفون، هدست و هندزفریتو گوشی (Earbud/Earphone) اقلام همراه هدفون، هندزفری و هدستکابل شارژ محفظه شارژ قابلیت نویز کنسلینگنویز کنسلینگ فعال (ANC) نویز کنسلینگ میکروفون (ENC) نویز کنسلینگ بدنه قابلیت پخش صدای محیطی (Transparency) ویژگی‌های خاصپشتیبانی از فرمان لمسی محدوده عملکرد۱۵ مترنوع گوشیدو گوشی عمر باتری هدفون در حالت مکالمه۷ ساعتعمر باتری هدفون در حالت پخش موسیقی۷ ساعتزمان موردنیاز برای شارژ هدفون۱ ساعتزمان مورد نیاز برای شارژ محفظه۱.۵ ساعتقابلیت‌های شارژشارژ باسیم درگاه شارژUSB Type-C نسخه بلوتوث۵.۴ نوع اتصالبی‌سیم رابط‌هاUSB Type-C مناسب برایکاربری عمومی","هدفون، هدست و هندزفری","متفرقه","هدفون، هدست و هندزفری متفرقه"
"1771405939-252","https://www.digikala.com/search/category-headphone/","هدفون بلوتوثی مدل M-1OO PRO5.4","۳۹۱,۰۰۰","۴.۲","۵۳۰,۰۰۰","۲۶٪","ارسال سریع دیجی‌کالا","","","","هدفون بلوتوثی مدل M-1OO PRO5.4ارسال سریع دیجی‌کالا
۴.۲۲۶٪۳۹۱,۰۰۰۵۳۰,۰۰۰","https://www.digikala.com/product/dkp-18556862/%D9%87%D8%AF%D9%81%D9%88%D9%86-%D8%A8%D9%84%D9%88%D8%AA%D9%88%D8%AB%DB%8C-%D9%85%D8%AF%D9%84-m-1oo-pro54/","۴.۲","هامین تک","عالی","","https://dkstatics-public.digikala.com/digikala-products/69ccfa3aad0f37d5e7820f4e3764b0931c4ae238_1741356777.jpg?x-oss-process=image/resize,m_lfit,h_800,w_800/quality,q_90
https://dkstatics-public.digikala.com/digikala-products/2457c221dacf27d957fe2a9769d5b2275cf5a53c_1741356782.jpg?x-oss-process=image/resize,m_lfit,h_800,w_800/quality,q_90
https://dkstatics-public.digikala.com/digikala-products/20509ce41cbe054097f4912bdc4269b07dceb22e_1741356779.jpg?x-oss-process=image/resize,m_lfit,h_800,w_800/quality,q_90
https://dkstatics-public.digikala.com/digikala-products/69ccfa3aad0f37d5e7820f4e3764b0931c4ae238_1741356777.jpg?x-oss-process=image/resize,m_lfit,h_800,w_800/quality,q_90","","۸۶ دیدگاه","۵۳۰,۰۰۰","هدفون بلوتوثی مدل M-1OO PRO5.4","قابلیت نویز کنسلینگنویز کنسلینگ میکروفون (ENC)، نویز کنسلینگ بدنهنویز کنسلینگ میکروفون (ENC)، نویز کنسلینگ بدنهنوع گوشیدو گوشیدو گوشینوع اتصالبی‌سیمبی‌سیمرابط‌هابلوتوث، USB، microUSBبلوتوث، USB، microUSBقابلیت‌های مقاومتیمقاوم در برابر رطوبت و عرقمقاوم در برابر رطوبت و عرق","مشخصاتنوع هدفون، هدست و هندزفریTWS (True Wireless Stereo) اقلام همراه هدفون، هندزفری و هدستکابل شارژ محفظه شارژ پد گوشی یدکی منبع انرژیباتری قابل شارژ قابلیت نویز کنسلینگنویز کنسلینگ میکروفون (ENC) نویز کنسلینگ بدنه محدوده عملکردتا ۱۰ مترنوع آکوستیکباز بسته نیمه‌باز نیمه‌بسته نوع گوشیدو گوشی عمر باتری هدفون در حالت مکالمه۵ ساعتعمر باتری هدفون در حالت پخش موسیقی۵ ساعتظرفیت باتری محفظه شارژ۲۵۰۰ میلی‌آمپر‌ساعتزمان موردنیاز برای شارژ هدفون۱ ساعتزمان مورد نیاز برای شارژ محفظه۲ ساعتقابلیت‌های شارژشارژ بی‌سیم شارژ معکوس درگاه شارژUSB MicroUSB نسخه بلوتوث۵.۴ سایر مشخصاتابتدا محفظه را ۵ ساعت به شارژ بزنید. جنس بدنهپلاستیک ظرفیت باتری۲۵۰۰ میلی‌آمپر‌ساعتنوع کابلmicroUSB USB نوع اتصالبی‌سیم رابط‌هابلوتوث USB microUSB مناسب برایکاربری عمومی قابلیت‌های مقاومتیمقاوم در برابر رطوبت و عرق","هدفون، هدست و هندزفری","متفرقه","هدفون، هدست و هندزفری متفرقه"
"1771405941-253","https://www.digikala.com/search/category-headphone/","هندزفری کی زد مدل DAWN","۷۱۲,۵۰۰","۴.۳","۷۵۰,۰۰۰","۵٪","&nbsp;","","","","هندزفری کی زد مدل DAWN&nbsp;
۴.۳۵٪۷۱۲,۵۰۰۷۵۰,۰۰۰","https://www.digikala.com/product/dkp-18898562/%D9%87%D9%86%D8%AF%D8%B2%D9%81%D8%B1%DB%8C-%DA%A9%DB%8C-%D8%B2%D8%AF-%D9%85%D8%AF%D9%84-dawn/","۴.۳","موسسه آرام","عالی","ایرفون مدل DAWN از جدیدترین مدل های برند کی زد میباشد که با دارا بودن درایور قدرتمند و مقرون به صرفه هم کیفیت قابل قبول را فراهم کرده هم ارزش خرید بالایی دارد. طراحی کاملا شفاف بدنه ایرفون این مدل را نسبت به اکثر رقبای خود متمایز کرده است. مدل SILVER-PLATED CABLE دارای سیمی با کیفیت بهتر جهت پخش موزیک با تمامی جزییات و کاملا شفاف است.","https://dkstatics-public.digikala.com/digikala-products/88274289714b93761991f52020f2b0efe40245fc_1744540274.jpg?x-oss-process=image/resize,m_lfit,h_800,w_800/quality,q_90
https://dkstatics-public.digikala.com/digikala-products/a524105a269c0ad03e3b11b2081afc2ca2d01a38_1744451715.jpg?x-oss-process=image/resize,m_lfit,h_800,w_800/quality,q_90
https://dkstatics-public.digikala.com/digikala-products/df4eaebb96ef1302633d53d4171ca54b35a20bc8_1744451716.jpg?x-oss-process=image/resize,m_lfit,h_800,w_800/quality,q_90
https://dkstatics-public.digikala.com/digikala-products/88274289714b93761991f52020f2b0efe40245fc_1744540274.jpg?x-oss-process=image/resize,m_lfit,h_800,w_800/quality,q_90","","۸ دیدگاه","۷۵۰,۰۰۰","هندزفری کی زد مدل DAWN","قابلیت نویز کنسلینگنویز کنسلینگ میکروفون (ENC)نویز کنسلینگ میکروفون (ENC)نوع گوشیدو گوشیدو گوشینوع اتصالبا سیمبا سیمرابط‌هاجک 3.5 میلی‌متری صدا، AUXجک 3.5 میلی‌متری صدا، AUX","مشخصاتنوع هدفون، هدست و هندزفریتو گوشی (Earbud/Earphone) اقلام همراه هدفون، هندزفری و هدستپد گوشی یدکی پاسخ فرکانسی۲۰-۴۰۰۰۰ هرتزقابلیت نویز کنسلینگنویز کنسلینگ میکروفون (ENC) قطر درایور۱۰ میلی‌مترویژگی‌های خاصبدون ویژگی خاص نوع گوشیدو گوشی قابلیت‌های شارژبدون قابلیت شارژ درگاه شارژبدون قابلیت شارژ نوع اتصالبا سیم رابط‌هاجک ۳.۵ میلی‌متری صدا AUX امپدانس۲۳ اهممناسب برایکاربری عمومی حساسیت۱۰۸","هدفون، هدست و هندزفری","کی زد","هدفون، هدست و هندزفری کی زد"
"1771405943-254","https://www.digikala.com/search/category-headphone/","هدفون بلوتوثی کیو سی وای مدل Crossky C30","۲,۸۲۰,۰۰۰","۴.۳","","","ارسال سریع دیجی‌کالا","","","","هدفون بلوتوثی کیو سی وای مدل Crossky C30ارسال سریع دیجی‌کالا
۴.۳۲,۸۲۰,۰۰۰","https://www.digikala.com/product/dkp-18359860/%D9%87%D8%AF%D9%81%D9%88%D9%86-%D8%A8%D9%84%D9%88%D8%AA%D9%88%D8%AB%DB%8C-%DA%A9%DB%8C%D9%88-%D8%B3%DB%8C-%D9%88%D8%A7%DB%8C-%D9%85%D8%AF%D9%84-crossky-c30/","۴.۳","پارس بلو","عالی","","https://dkstatics-public.digikala.com/digikala-products/0162c7d7ca227eccbe536823f77ad091b4493f96_1754240328.jpg?x-oss-process=image/resize,m_lfit,h_800,w_800/quality,q_90
https://dkstatics-public.digikala.com/digikala-products/aac917b05463ecbd9b073efa97f8d1d145dc97cb_1739826774.jpg?x-oss-process=image/resize,m_lfit,h_800,w_800/quality,q_90
https://dkstatics-public.digikala.com/digikala-products/5e82450b63a254b2c3ff1f1889733852a7dc8672_1739826777.jpg?x-oss-process=image/resize,m_lfit,h_800,w_800/quality,q_90
https://dkstatics-public.digikala.com/digikala-products/0162c7d7ca227eccbe536823f77ad091b4493f96_1754240328.jpg?x-oss-process=image/resize,m_lfit,h_800,w_800/quality,q_90","","۶۵ دیدگاه","۲,۷۹۰,۰۰۰","هدفون بلوتوثی کیو سی وای مدل Crossky C30","قابلیت نویز کنسلینگنویز کنسلینگ میکروفون (ENC)نویز کنسلینگ میکروفون (ENC)نوع گوشیدو گوشیدو گوشینوع اتصالبی‌سیمبی‌سیمرابط‌هاUSB Type-C، بلوتوثUSB Type-C، بلوتوثقابلیت‌های مقاومتیمقاوم در برابر آبمقاوم در برابر آب","مشخصاتنوع هدفون، هدست و هندزفریTWS (True Wireless Stereo) سایر توضیحات اقلام همراه هدفون، هندزفری و هدستدفترچه راهنما اقلام همراه هدفون، هندزفری و هدستمحفظه شارژ کابل شارژ قابلیت نویز کنسلینگنویز کنسلینگ میکروفون (ENC) قطر درایور۱۰.۸ میلی‌مترویژگی‌های خاصپشتیبانی از فرمان لمسی محدوده عملکردتا ۱۰ متر مترنوع گوشیدو گوشی عمر باتری هدفون در حالت پخش موسیقیتا ۵ ساعتعمر باتری محفظه شارژتا ۳۰ ساعتزمان مورد نیاز برای شارژ محفظهتا ۲ ساعتقابلیت‌های شارژشارژ باسیم درگاه شارژUSB Type-C وزن۵ گرمنسخه بلوتوث۵.۴ سایر مشخصاتقابلیت کنترل لمسی /
مقاوم در برابر آب و گرد و غبار با استاندارد IPx۴ /
امکان پاسخ به تماس و کنترل موسیقی با دکمه لمسی /
سازگاری با اندروید و iOS /
دارای نویز کنسلینگ ENC میکروفون ظرفیت باتری۳۲ (گوشی‌ها) میلی‌آمپر‌ساعتنوع اتصالبی‌سیم رابط‌هاUSB Type-C بلوتوث مناسب برایکاربری عمومی قابلیت‌های مقاومتیمقاوم در برابر آب","هدفون، هدست و هندزفری","کیو سی وای","هدفون، هدست و هندزفری کیو سی وای"
"1771405945-255","https://www.digikala.com/search/category-headphone/","هدفون بلوتوثی شیائومی مدل Redmi Buds 6 Pro","۸,۷۹۰,۰۰۰","۴.۶","","","ارسال سریع دیجی‌کالا","","","","هدفون بلوتوثی شیائومی مدل Redmi Buds 6 Proارسال سریع دیجی‌کالا
۴.۶۸,۷۹۰,۰۰۰","https://www.digikala.com/product/dkp-17935955/%D9%87%D8%AF%D9%81%D9%88%D9%86-%D8%A8%D9%84%D9%88%D8%AA%D9%88%D8%AB%DB%8C-%D8%B4%DB%8C%D8%A7%D8%A6%D9%88%D9%85%DB%8C-%D9%85%D8%AF%D9%84-redmi-buds-6-pro/","۴.۶","پارس بلو","عالی","","https://dkstatics-public.digikala.com/digikala-products/c4860c498ef6c8769172d806fa6a7b2af79fdd18_1745827644.jpg?x-oss-process=image/resize,m_lfit,h_800,w_800/quality,q_90
https://dkstatics-public.digikala.com/digikala-products/c4860c498ef6c8769172d806fa6a7b2af79fdd18_1745827644.jpg?x-oss-process=image/resize,m_lfit,h_800,w_800/quality,q_90
https://dkstatics-public.digikala.com/digikala-products/fc6f335a5b1ab507972eb638e010e53d36dfd0de_1759923515.jpg?x-oss-process=image/resize,m_lfit,h_800,w_800/quality,q_90
https://dkstatics-public.digikala.com/digikala-products/c4860c498ef6c8769172d806fa6a7b2af79fdd18_1745827644.jpg?x-oss-process=image/resize,m_lfit,h_800,w_800/quality,q_90","","۱۲۹ دیدگاه","۸,۷۹۰,۰۰۰","هدفون بلوتوثی شیائومی مدل Redmi Buds 6 Pro","قابلیت نویز کنسلینگنویز کنسلینگ فعال (ANC)، نویز کنسلینگ میکروفون (ENC)نویز کنسلینگ فعال (ANC)، نویز کنسلینگ میکروفون (ENC)نوع گوشیدو گوشیدو گوشینوع اتصالبی‌سیمبی‌سیمرابط‌هابلوتوثبلوتوثقابلیت‌های مقاومتیمقاوم در برابر گرد و غبارمقاوم در برابر گرد و غبار","مشخصاتنوع هدفون، هدست و هندزفریTWS (True Wireless Stereo) سایر توضیحات اقلام همراه هدفون، هندزفری و هدستدفترچه راهنما /
کابل شارژ قابلیت نویز کنسلینگنویز کنسلینگ فعال (ANC) نویز کنسلینگ میکروفون (ENC) قطر درایور۱۱ میلی‌مترمحدوده عملکردتا ۱۰ متر مترنوع گوشیدو گوشی عمر باتری هدفون در حالت پخش موسیقیتا ۹.۵ (نویز کنسلینگ خاموش) ساعتعمر باتری محفظه شارژتا ۳۶ (نویز کنسلینگ خاموش) ساعتنسخه بلوتوث۵.۳ سایر مشخصاتپشتیبانی از پروفایل‌های LHDC ۵.۰ - MIHC - LC۳ /
پشتیبانی از Hi-Res /
مجهز به کنترل لمسی /
درایور از نوع داینامیک /
امکان حذف صدای باد تا ۱۲ متر بر ثانیه /
۵ دقیقه شارژ برای دو ساعت پخش /
قابلیت اتصال همزمان به دو دستگاه /
باتری از نوع لیتیوم یونی نوع کابلUSB Type-C نوع اتصالبی‌سیم رابط‌هابلوتوث مناسب برایکاربری عمومی قابلیت‌های مقاومتیمقاوم در برابر گرد و غبار حساسیت۵۵ دسی‌بل","هدفون، هدست و هندزفری","شیائومی","هدفون، هدست و هندزفری شیائومی"
"1771405948-256","https://www.digikala.com/search/category-headphone/","هدفون گیمینگ بلوتوثی مدل M28","۵۰۱,۸۶۰","۳.۴","","","ارسال فروشنده","","","","هدفون گیمینگ بلوتوثی مدل M28ارسال فروشنده
۳.۴۵۰۱,۸۶۰","https://www.digikala.com/product/dkp-18611751/%D9%87%D8%AF%D9%81%D9%88%D9%86-%DA%AF%DB%8C%D9%85%DB%8C%D9%86%DA%AF-%D8%A8%D9%84%D9%88%D8%AA%D9%88%D8%AB%DB%8C-%D9%85%D8%AF%D9%84-m28/","۳.۴","آرچر موبایل","خیلی خوب","هدفون بی‌سیم M28 مخصوص گیمرها با طراحی درون‌گوشی و فناوری پیشرفته، تجربه‌ای عالی در بازی، موسیقی و مکالمه ارائه می‌دهد. این هدفون با بلوتوث نسخه 5.3 و چیپست Blurtrum، اتصال سریع و پایدار را تضمین می‌کند. قابلیت حذف نویز فعال باعث کاهش صداهای مزاحم محیطی شده و کیفیت صدای HiFi را ارائه می‌دهد. کنترل لمسی امکان مدیریت موسیقی و تماس‌ها را آسان کرده و نورپردازی چندرنگ مخصوص بازی، جلوه‌ای جذاب به آن می‌بخشد. هدفون ضد آب با استاندارد IPX-6 بوده و در برابر تعریق و پاشش آب مقاوم است.  ...","https://dkstatics-public.digikala.com/digikala-products/3d070ff10ca0de7e1bed76a9d79b2b1b2f46f3b8_1741797311.jpg?x-oss-process=image/resize,m_lfit,h_800,w_800/quality,q_90
https://dkstatics-public.digikala.com/digikala-products/54461a098813f159e6645905452c18332c788518_1741797320.jpg?x-oss-process=image/resize,m_lfit,h_800,w_800/quality,q_90
https://dkstatics-public.digikala.com/digikala-products/4cfd216aad1f5d6b84dee7dbde3bb2cd0b2bc5ae_1741797526.jpg?x-oss-process=image/resize,m_lfit,h_800,w_800/quality,q_90
https://dkstatics-public.digikala.com/digikala-products/3d070ff10ca0de7e1bed76a9d79b2b1b2f46f3b8_1741797311.jpg?x-oss-process=image/resize,m_lfit,h_800,w_800/quality,q_90","","۸ دیدگاه","۵۰۱,۸۶۰","هدفون گیمینگ بلوتوثی مدل M28","قابلیت نویز کنسلینگفاقد قابلیت نویز کنسلینگفاقد قابلیت نویز کنسلینگنوع گوشیدو گوشیدو گوشینوع اتصالبی‌سیمبی‌سیمرابط‌هاUSB Type-CUSB Type-C","مشخصاتنوع هدفون، هدست و هندزفریTWS (True Wireless Stereo) اقلام همراه هدفون، هندزفری و هدستکابل شارژ پد گوشی یدکی قابلیت نویز کنسلینگفاقد قابلیت نویز کنسلینگ ویژگی‌های خاصپشتیبانی از فرمان لمسی نمایشگر روی محفظه شارژ نشانگر LED نوع گوشیدو گوشی قابلیت‌های شارژشارژ باسیم درگاه شارژUSB Type-C نوع اتصالبی‌سیم رابط‌هاUSB Type-C مناسب برایگیمینگ","هدفون، هدست و هندزفری","متفرقه","هدفون، هدست و هندزفری متفرقه"
"1771405954-257","https://www.digikala.com/search/category-headphone/","هدفون بلوتوثی مدل air max کد 002","۱,۰۹۷,۰۰۰","۳.۴","","","تنها ۲ عدد در انبار باقی مانده","","","","هدفون بلوتوثی مدل air max کد 002تنها ۲ عدد در انبار باقی مانده
۳.۴۱,۰۹۷,۰۰۰","https://www.digikala.com/product/dkp-20260045/%D9%87%D8%AF%D9%81%D9%88%D9%86-%D8%A8%D9%84%D9%88%D8%AA%D9%88%D8%AB%DB%8C-%D9%85%D8%AF%D9%84-air-max-%DA%A9%D8%AF-002/","۳.۴","آرچر موبایل","خیلی خوب","هندزفری بلوتوثی مدل Max با فناوری TWS، مجهز به محفظه شارژ هوشمند با صفحه نمایش لمسی LCD می باشد . این هندزفری با طراحی مدرن و کیفیت صوتی عالی، تجربه شنیداری بی‌نظیری را ارائه می‌دهد. شارژدهی طولانی‌ مدت و اتصال بی‌سیم آسان از ویژگی‌های دیگر این محصول هستند. مناسب برای استفاده روزمره و فعالیت‌های ورزشی می باشد","https://dkstatics-public.digikala.com/digikala-products/7d3d79e4dab9f1e9fac5636e581cc4cb012c4723_1758357907.jpg?x-oss-process=image/resize,m_lfit,h_800,w_800/quality,q_90
https://dkstatics-public.digikala.com/digikala-products/7dc9bdd624fad47575a0d4d0442aac574a125c74_1758357583.jpg?x-oss-process=image/resize,m_lfit,h_800,w_800/quality,q_90","","۴ دیدگاه","۱,۰۴۱,۶۸۰","هدفون بلوتوثی مدل air max کد 002","قابلیت نویز کنسلینگنویز کنسلینگ میکروفون (ENC)، نویز کنسلینگ بدنهنویز کنسلینگ میکروفون (ENC)، نویز کنسلینگ بدنهنوع گوشیدو گوشیدو گوشینوع اتصالبی‌سیمبی‌سیمرابط‌هابلوتوث، USB Type-Cبلوتوث، USB Type-C","مشخصاتنوع هدفون، هدست و هندزفریتو گوشی (Earbud/Earphone) اقلام همراه هدفون، هندزفری و هدستکابل شارژ قابلیت نویز کنسلینگنویز کنسلینگ میکروفون (ENC) نویز کنسلینگ بدنه ویژگی‌های خاصپشتیبانی از فرمان لمسی نمایشگر روی محفظه شارژ نشانگر LED نوع گوشیدو گوشی قابلیت‌های شارژشارژ باسیم درگاه شارژUSB Type-C نوع اتصالبی‌سیم رابط‌هابلوتوث USB Type-C مناسب برایکاربری عمومی","هدفون، هدست و هندزفری","متفرقه","هدفون، هدست و هندزفری متفرقه"
"1771405956-258","https://www.digikala.com/search/category-headphone/","هدفون بلوتوثی انکر مدل  SoundCore  P41i","۵,۰۹۰,۰۰۰","۴.۴","","","تنها ۲ عدد در انبار باقی مانده","","","","هدفون بلوتوثی انکر مدل  SoundCore  P41iتنها ۲ عدد در انبار باقی مانده
۴.۴۵,۰۹۰,۰۰۰","https://www.digikala.com/product/dkp-20024829/%D9%87%D8%AF%D9%81%D9%88%D9%86-%D8%A8%D9%84%D9%88%D8%AA%D9%88%D8%AB%DB%8C-%D8%A7%D9%86%DA%A9%D8%B1-%D9%85%D8%AF%D9%84-soundcore-p41i/","۴.۴","پارس بلو","عالی","","https://dkstatics-public.digikala.com/digikala-products/fd303122341548e6d1d62cd04d2eb16f1bdf9ba4_1754126970.jpg?x-oss-process=image/resize,m_lfit,h_800,w_800/quality,q_90
https://dkstatics-public.digikala.com/digikala-products/4a799a88d6396a076f1d91b55b26a3a35dbb3e68_1754126970.jpg?x-oss-process=image/resize,m_lfit,h_800,w_800/quality,q_90
https://dkstatics-public.digikala.com/digikala-products/7e4a4c9543ea5adbae3a1d9a40ecd8d447878ee5_1754126969.jpg?x-oss-process=image/resize,m_lfit,h_800,w_800/quality,q_90
https://dkstatics-public.digikala.com/digikala-products/fd303122341548e6d1d62cd04d2eb16f1bdf9ba4_1754126970.jpg?x-oss-process=image/resize,m_lfit,h_800,w_800/quality,q_90","","۳۸ دیدگاه","۵,۲۰۰,۰۰۰","هدفون بلوتوثی انکر مدل  SoundCore  P41i","قابلیت نویز کنسلینگنویز کنسلینگ فعال (ANC)نویز کنسلینگ فعال (ANC)نوع گوشیدو گوشیدو گوشینوع اتصالبی‌سیمبی‌سیمرابط‌هابلوتوثبلوتوثقابلیت‌های مقاومتیمقاوم در برابر آبمقاوم در برابر آب","مشخصاتنوع هدفون، هدست و هندزفریتو گوشی (Earbud/Earphone) اقلام همراه هدفون، هندزفری و هدستکابل شارژ منبع انرژیباتری قابل شارژ قابلیت نویز کنسلینگنویز کنسلینگ فعال (ANC) مشخصات میکروفوندارای ۶ میکروفون مکالمه با فناوری هوش مصنوعی ویژگی‌های خاصنشانگر LED نوع گوشیدو گوشی عمر باتری هدفون در حالت پخش موسیقی۱۲ ساعتعمر باتری محفظه شارژ۱۹۲ ساعتقابلیت‌های شارژشارژ باسیم درگاه شارژUSB Type-C نسخه بلوتوث۵.۳ سایر مشخصاتقابلیت استفاده به عنوان پاوربانک با ظرفیت ۳۰۰۰ میل‌آمپر ساعت / مقاوم در برابر پاشش آب و گرد و غبار با استاندارد IPX۵ / طول عمر باتری گوشی‌ها در حالت ANC روشن تا ۱۰ ساعت و با ANC خاموش تا ۱۲ ساعت / قابلیت استفاده به مدت ۵ ساعت با شارژ ده دقیقه‌ای / دارای نمایشگر درصد شارژ کیس و هر گوشی به صورت مجزا / قابلیت مدیریت بوسیله برنامه SoundCore / دارای حالت فیلم و بازی نوع اتصالبی‌سیم رابط‌هابلوتوث مناسب برایکاربری عمومی قابلیت‌های مقاومتیمقاوم در برابر آب","هدفون، هدست و هندزفری","انکر","هدفون، هدست و هندزفری انکر"
"1771405958-259","https://www.digikala.com/search/category-headphone/","هدفون بلوتوثی دامیکس مدل M30 Pro","۵۰۰,۰۰۰","۳.۶","","","تنها ۱ عدد در انبار باقی مانده","","","","هدفون بلوتوثی دامیکس مدل M30 Proتنها ۱ عدد در انبار باقی مانده
۳.۶۵۰۰,۰۰۰","https://www.digikala.com/product/dkp-10403835/%D9%87%D8%AF%D9%81%D9%88%D9%86-%D8%A8%D9%84%D9%88%D8%AA%D9%88%D8%AB%DB%8C-%D8%AF%D8%A7%D9%85%DB%8C%DA%A9%D8%B3-%D9%85%D8%AF%D9%84-m30-pro/","۳.۶","جانبی آبی","عالی","","https://dkstatics-public.digikala.com/digikala-products/751bf94b98206e4ea2623651cb30498678fdc8d7_1673357628.jpg?x-oss-process=image/resize,m_lfit,h_800,w_800/quality,q_90
https://dkstatics-public.digikala.com/digikala-products/9215d1f3da2e3c7526f3edde23558f7de7821461_1673357644.jpg?x-oss-process=image/resize,m_lfit,h_800,w_800/quality,q_90","","۳۱ دیدگاه","۵۰۰,۰۰۰","هدفون بلوتوثی دامیکس مدل M30 Pro","نوع گوشیدو گوشیدو گوشینوع اتصالبی‌سیمبی‌سیمرابط‌هابلوتوثبلوتوث","مشخصاتسایر توضیحات اقلام همراه هدفون، هندزفری و هدستندارد نوع گوشیدو گوشی نوع اتصالبی‌سیم رابط‌هابلوتوث","هدفون، هدست و هندزفری","متفرقه","هدفون، هدست و هندزفری متفرقه"
"1771405964-260","https://www.digikala.com/search/category-headphone/","هندزفری مدل HS330 J5","۱۰۶,۵۱۰","۳.۷","","","&nbsp;","","","","هندزفری مدل HS330 J5&nbsp;
۳.۷۱۰۶,۵۱۰","https://www.digikala.com/product/dkp-1601841/%D9%87%D9%86%D8%AF%D8%B2%D9%81%D8%B1%DB%8C-%D9%85%D8%AF%D9%84-hs330-j5/","۳.۷","نارسل کالا","خیلی خوب","هندزفری HS330 J5 محصولی است که از طریق جک 3.5 میلی‌متری صدا به تلفن‌همراه متصل می‌شود. این هندزفری طراحی بسیار ساده‌ای دارد ولی صدای تولیدی آن بسیار با کیفیت است. هنگام گوش کردن به موسیقی توسط هندزفری مدل HS330 J5 شاهد بیس بسیار خوب در آن خواهیم بود. کابل این هندزفری دارای روکش پلاستیکی و با طول 1.2 متر است که مقدار بسیار مناسبی به شمار می‌رود. روی گوشی‌های این محصول سرگوشی‌های سیلیکونی تعبیه شده است که بسیار نرم و با کیفیت هستند. این سرگوشی‌ها باعث می‌شوند که هندزفری به خوبی ...","https://dkstatics-public.digikala.com/digikala-products/4b4f3dc9d5ec4995c7d1386e782655413a812da1_1754836060.jpg?x-oss-process=image/resize,m_lfit,h_800,w_800/quality,q_90
https://dkstatics-public.digikala.com/digikala-products/4b4f3dc9d5ec4995c7d1386e782655413a812da1_1754836060.jpg?x-oss-process=image/resize,m_lfit,h_800,w_800/quality,q_90
https://dkstatics-public.digikala.com/digikala-products/4b4f3dc9d5ec4995c7d1386e782655413a812da1_1754235520.jpg?x-oss-process=image/resize,m_lfit,h_800,w_800/quality,q_90
https://dkstatics-public.digikala.com/digikala-products/4b4f3dc9d5ec4995c7d1386e782655413a812da1_1754836060.jpg?x-oss-process=image/resize,m_lfit,h_800,w_800/quality,q_90","","۲۴۴۶ دیدگاه","۱۰۴,۰۰۰","هندزفری مدل HS330 J5","قابلیت نویز کنسلینگفاقد قابلیت نویز کنسلینگفاقد قابلیت نویز کنسلینگنوع گوشیدو گوشیدو گوشینوع اتصالبا سیمبا سیمرابط‌هاجک 3.5 میلی‌متری صداجک 3.5 میلی‌متری صدا","مشخصاتنوع هدفون، هدست و هندزفریتو گوشی (Earbud/Earphone) سایر توضیحات اقلام همراه هدفون، هندزفری و هدستندارد قابلیت نویز کنسلینگفاقد قابلیت نویز کنسلینگ نوع گوشیدو گوشی وزن۲۵ گرمسایر مشخصاتطول هندزفری ۱.۲ متر نوع کابل۳.۵ میلی‌متر AUX نوع اتصالبا سیم رابط‌هاجک ۳.۵ میلی‌متری صدا مناسب برایکاربری عمومی","هدفون، هدست و هندزفری","متفرقه","هدفون، هدست و هندزفری متفرقه"
"1771405968-261","https://www.digikala.com/search/category-headphone/","هدفون مخصوص بازی بلوتوثی مدل M28","۵۸۰,۰۰۰","۳.۶","","","&nbsp;","","","","هدفون مخصوص بازی بلوتوثی مدل M28&nbsp;
۳.۶۵۸۰,۰۰۰","https://www.digikala.com/product/dkp-5948221/%D9%87%D8%AF%D8%B3%D8%AA-%D9%85%D8%AE%D8%B5%D9%88%D8%B5-%D8%A8%D8%A7%D8%B2%DB%8C-%D8%A8%D9%84%D9%88%D8%AA%D9%88%D8%AB%DB%8C-%D9%85%D8%AF%D9%84-m28/","۳.۶","راد استار","خوب","هدفون گیمینگ!!!!","https://dkstatics-public.digikala.com/digikala-products/b6b2b5834a071c5d9da97fbdb73311ff0070e5ec_1745760228.jpg?x-oss-process=image/resize,m_lfit,h_800,w_800/quality,q_90
https://dkstatics-public.digikala.com/digikala-products/b6b2b5834a071c5d9da97fbdb73311ff0070e5ec_1745760228.jpg?x-oss-process=image/resize,m_lfit,h_800,w_800/quality,q_90
https://dkstatics-public.digikala.com/digikala-products/5836f535cc0ec179978fa87e2b591dfca1ebdbfb_1627810044.jpg?x-oss-process=image/resize,m_lfit,h_800,w_800/quality,q_90
https://dkstatics-public.digikala.com/digikala-products/b6b2b5834a071c5d9da97fbdb73311ff0070e5ec_1745760228.jpg?x-oss-process=image/resize,m_lfit,h_800,w_800/quality,q_90","","۹۷۰ دیدگاه","۳۶۶,۱۳۰","هدفون مخصوص بازی بلوتوثی مدل M28","نوع گوشیدو گوشیدو گوشینوع اتصالبلوتوثبلوتوثرابط‌هاUSBUSB","مشخصاتسایر توضیحات اقلام همراه هدفون، هندزفری و هدستجعبه . دفترچه راهنما . کابل شارژ . محفظه . دو عدد گوشی . سری گوشی یدک دو جفت . دفترچه راهنمای فارسی پاسخ فرکانسی۲.۴۰۲-۲.۴۸۰ هرتزمحدوده عملکرد۲۰ متر مترنوع آکوستیکبسته نوع گوشیدو گوشی عمر باتری هدفون در حالت مکالمه۴-۶ ساعتعمر باتری هدفون در حالت استندبای۷ روز عمر باتری هدفون در حالت پخش موسیقی۴-۶ ساعتعمر باتری محفظه شارژ۲۸۰ ساعتزمان موردنیاز برای شارژ هدفون۱-۲ ساعتزمان مورد نیاز برای شارژ محفظه۲ ساعتوزن۱۵۰ گرمنسخه بلوتوث۵.۱ سایر مشخصاتهندزفری تاچ میباشد و کلیه دستورات همچون قطع و رد تماس پاسخ به تماس . کم و زیاد کردن صدا . تعویض موزیک و غیره با لمس کردن گوشی چپ و راست صورت میگیرد
درب آینه ای
نشانگر میزان شارژ محفظه و هر گوشی به صورت مجزا
دارای ویژگی تغییر تم هندزفری بین گیمینگ و حالت موسیقی ظرفیت باتری۲۰۰۰ میلی‌آمپر‌ساعتنوع اتصالبلوتوث رابط‌هاUSB مناسب برایورزش","هدفون، هدست و هندزفری","متفرقه","هدفون، هدست و هندزفری متفرقه"
"1771405970-262","https://www.digikala.com/search/category-headphone/","هدفون بلوتوثی  مدل HE05x","۳۶۵,۰۰۰","۳.۸","","","&nbsp;","","","","غیراصل

هدفون بلوتوثی  مدل HE05x&nbsp;
۳.۸۳۶۵,۰۰۰","https://www.digikala.com/product/dkp-4054601/%D9%87%D8%AF%D9%81%D9%88%D9%86-%D8%A8%D9%84%D9%88%D8%AA%D9%88%D8%AB%DB%8C-%D9%85%D8%AF%D9%84-he05x/","۳.۸","موبایل رهجو","عالی","He05x آنباکس هندزفری لنوو مدل","https://dkstatics-public.digikala.com/digikala-products/30d6883eff8b827054f605f730861d70ae0127f1_1745760224.jpg?x-oss-process=image/resize,m_lfit,h_800,w_800/quality,q_90
https://dkstatics-public.digikala.com/digikala-products/30d6883eff8b827054f605f730861d70ae0127f1_1745760224.jpg?x-oss-process=image/resize,m_lfit,h_800,w_800/quality,q_90
https://dkstatics-public.digikala.com/digikala-products/90f43c2e448574d8dcbebf108c82a74efa3f78eb_1608716642.jpg?x-oss-process=image/resize,m_lfit,h_800,w_800/quality,q_90
https://dkstatics-public.digikala.com/digikala-products/30d6883eff8b827054f605f730861d70ae0127f1_1745760224.jpg?x-oss-process=image/resize,m_lfit,h_800,w_800/quality,q_90","","۱۸۶۲ دیدگاه","۳۶۵,۰۰۰","هدفون بلوتوثی  مدل HE05x","قابلیت نویز کنسلینگفاقد قابلیت نویز کنسلینگفاقد قابلیت نویز کنسلینگنوع گوشیدو گوشیدو گوشینوع اتصالبی‌سیمبی‌سیمرابط‌هابلوتوثبلوتوث","مشخصاتنوع هدفون، هدست و هندزفریگردنی (Neckband) سایر توضیحات اقلام همراه هدفون، هندزفری و هدستکابل شارژ /  سری سیلیکونی قابلیت نویز کنسلینگفاقد قابلیت نویز کنسلینگ نوع گوشیدو گوشی نسخه بلوتوث۵.۰ نوع اتصالبی‌سیم رابط‌هابلوتوث مناسب برایورزش","هدفون، هدست و هندزفری","متفرقه","هدفون، هدست و هندزفری متفرقه"
"1771405972-263","https://www.digikala.com/search/category-headphone/","هندزفری مدل ANc type-C","۲۲۲,۰۵۰","۴","","","&nbsp;","","","","غیراصل

هندزفری مدل ANc type-C&nbsp;
۴۲۲۲,۰۵۰","https://www.digikala.com/product/dkp-10459589/%D9%87%D9%86%D8%AF%D8%B2%D9%81%D8%B1%DB%8C-%D9%85%D8%AF%D9%84-anc-type-c/","۴","بازرگانی استایل لند","عالی","","https://dkstatics-public.digikala.com/digikala-products/47813dcde8cac88268df6ecd520755530dbf67d2_1673948182.jpg?x-oss-process=image/resize,m_lfit,h_800,w_800/quality,q_90
https://dkstatics-public.digikala.com/digikala-products/bc1f58cfdd04a7708bd48a8b7d6eed81259b8e39_1673948185.jpg?x-oss-process=image/resize,m_lfit,h_800,w_800/quality,q_90
https://dkstatics-public.digikala.com/digikala-products/0e89af76d07eaf83d989b8ff849e2bc03a249b01_1677066840.jpg?x-oss-process=image/resize,m_lfit,h_800,w_800/quality,q_90","","۳۲ دیدگاه","۲۲۲,۰۵۰","هندزفری مدل ANc type-C","نوع گوشیدو گوشیدو گوشینوع اتصالبا سیمبا سیمرابط‌هاUSB Type-CUSB Type-C","مشخصاتسایر توضیحات اقلام همراه هدفون، هندزفری و هدست- نوع گوشیدو گوشی نوع اتصالبا سیم رابط‌هاUSB Type-C مناسب برایکاربری عمومی","هدفون، هدست و هندزفری","متفرقه","هدفون، هدست و هندزفری متفرقه"
"1771405975-264","https://www.digikala.com/search/category-headphone/","هدفون بلوتوثی مدل AH-806D طرح کیتی","۸۴۶,۰۰۰","۴","","","تنها ۱ عدد در انبار باقی مانده","","","","هدفون بلوتوثی مدل AH-806D طرح کیتیتنها ۱ عدد در انبار باقی مانده
۴۸۴۶,۰۰۰","https://www.digikala.com/product/dkp-8746269/%D9%87%D8%AF%D9%81%D9%88%D9%86-%D8%A8%D9%84%D9%88%D8%AA%D9%88%D8%AB%DB%8C-%D9%85%D8%AF%D9%84-ah-806d-%D8%B7%D8%B1%D8%AD-%DA%A9%DB%8C%D8%AA%DB%8C/","۴","نوویکس مد","عالی","گوش دادن به موسیقی بسیار لذت بخش است. انتخاب و استفاده از یک هدفون خوب می تواند حالتان را در هنگام گوش دادن به موزیک دلخواه تان خوب کند. با توجه به تنوع بالای هدفون ها در بازار ممکن است در انتخاب و خرید سردرگم شوید. توصیه می کنیم این توضیحات را با دقت و تا آخر مطالعه نمایید تا بهترین انتخاب و خرید را داشته باشید. هدفون بلوتوثی طرح کیتی مدل      AH-806D طراحی بسیار شیک و متفاوتی دارد. دسته هدفون و بالشتک های گوشی ها کاملا با اسفنج نرم و چرم پوشانده شده و ساعت ها بدون خستگی می  ...","https://dkstatics-public.digikala.com/digikala-products/8710cdf0f8eabe6ccc6f1500aa4eae69ce6ee990_1655200166.jpg?x-oss-process=image/resize,m_lfit,h_800,w_800/quality,q_90
https://dkstatics-public.digikala.com/digikala-products/908d1b63fe4b39543d8d7b9edb3fdd97bf9231a2_1655200138.jpg?x-oss-process=image/resize,m_lfit,h_800,w_800/quality,q_90
https://dkstatics-public.digikala.com/digikala-products/2298d2868740e080c0d2eb9d3e8bc75df028c8b7_1655200143.jpg?x-oss-process=image/resize,m_lfit,h_800,w_800/quality,q_90
https://dkstatics-public.digikala.com/digikala-products/8710cdf0f8eabe6ccc6f1500aa4eae69ce6ee990_1655200166.jpg?x-oss-process=image/resize,m_lfit,h_800,w_800/quality,q_90","","۲۶ دیدگاه","۸۰۰,۰۰۰","هدفون بلوتوثی مدل AH-806D طرح کیتی","نوع گوشیدو گوشیدو گوشینوع اتصالبی‌سیم و باسیمبی‌سیم و باسیمرابط‌هابلوتوث، جک 3.5 میلی‌متری صدابلوتوث، جک 3.5 میلی‌متری صداقابلیت‌های مقاومتیمقاومت در برابر گرد و غبارمقاومت در برابر گرد و غبار","مشخصاتپاسخ فرکانسی۲۰-۲۰۰۰۰ هرتزقطر درایور۴۰ میلی‌مترنوع گوشیدو گوشی عمر باتری هدفون در حالت مکالمه۱۸ ساعتعمر باتری هدفون در حالت پخش موسیقی۱۸ ساعتسایر مشخصاتدسته های متحرک با روکش چرمی - بالشتک های چرمی و بسیار راحت - طراحی ارگونومیک و شکیل – رویه سیلیکونی ضد حساسیت گوشی ها طرح کیتی - اتصال از طریق بلوتوث و کابل (جک ۳.۵ میلیمتری) - قابلیت مکالمه - ورودی درگاه AUX - قابلیت تنظیم سایز دسته ها (کشویی) - خاموش شدن خودکار در صورت عدم استفاده - باتری با دوام -اسپیکرهای ۴۰ میلیمتری - فاصله عملکرد و برد حدودا ۱۰ متر - بلوتوث ورژن ۵ - قابل اتصال به تمام دستگاه های دارای بلوتوث - امپدانس ۳۲ اهم - راحتی در استفاده طولانی مدت و بدون خستگی - مناسب برای کلاس های آنلاین، مکالمه و موزیک - دسته منعطف و بسیار راحت و بادوام – مناسب برای هدیه – توجه کنید رنگی که برایتان ارسال می گردد دقیقا مطابق با رنگ و عکس های آلبوم می باشد. نوع کابلAUX microUSB نوع اتصالبی‌سیم و باسیم رابط‌هابلوتوث جک ۳.۵ میلی‌متری صدا مناسب برایکاربری عمومی قابلیت‌های مقاومتیمقاومت در برابر گرد و غبار","هدفون، هدست و هندزفری","متفرقه","هدفون، هدست و هندزفری متفرقه"
"1771405977-265","https://www.digikala.com/search/category-headphone/","هندزفری بلوتوثی مدل Pro2ANC MQD83AM/A","۶۴۹,۰۰۰","۵","۱,۰۰۰,۰۰۰","۳۵٪","&nbsp;","","","","هندزفری بلوتوثی مدل Pro2ANC MQD83AM/A&nbsp;
۵۳۵٪۶۴۹,۰۰۰۱,۰۰۰,۰۰۰","https://www.digikala.com/product/dkp-14227927/%D9%87%D9%86%D8%AF%D8%B2%D9%81%D8%B1%DB%8C-%D8%A8%D9%84%D9%88%D8%AA%D9%88%D8%AB%DB%8C-%D9%85%D8%AF%D9%84-airpodpro2anc-mqd83ama/","۵","اچ ام لایت","عالی","MQD83AM/A Pro 2 ANC نسل دوم ایرپادهای سری پرو با ویژگی‌های جدید معرفی شد. این سری از هدفون‌های بی سیم همواره به دلیل بهره‌مندی از خصوصیات و ویژگی‌های منحصر به فرد خود و قیمت مناسب مورد توجه علاقه‌مندان قرار گرفته است و در این نسل شاهد افزوده شدن چندین قابلیت جدید به آن هستیم . هدفون بی سیم InPods Pro 2 ANC در کنار کیفیت ساخت فوق‌العاده بالای خود، به بلوتوث 5.3 مجهز شده است تا شاهد سرعت بسیار بالای آن در زمینه‌ی برقراری اتصال باشیم. این هدفون بی سیم نسبت به نسل پیش خود به میزا ...","https://dkstatics-public.digikala.com/digikala-products/bcc3c1ea6af551de9f0996f61f8765964bf2ec33_1706270236.jpg?x-oss-process=image/resize,m_lfit,h_800,w_800/quality,q_90
https://dkstatics-public.digikala.com/digikala-products/5ab737f00ffdc59ab532098175288c995c39403b_1706270301.jpg?x-oss-process=image/resize,m_lfit,h_800,w_800/quality,q_90
https://dkstatics-public.digikala.com/digikala-products/35faab999fdcb8e7b9804b260ad719ccbbd9f44a_1706270247.jpg?x-oss-process=image/resize,m_lfit,h_800,w_800/quality,q_90
https://dkstatics-public.digikala.com/digikala-products/bcc3c1ea6af551de9f0996f61f8765964bf2ec33_1706270236.jpg?x-oss-process=image/resize,m_lfit,h_800,w_800/quality,q_90","","۵ دیدگاه","۵۰۰,۰۰۰","هندزفری بلوتوثی مدل Pro2ANC MQD83AM/A","نوع گوشیدو گوشیدو گوشینوع اتصالبی‌سیمبی‌سیمرابط‌هاLightningg، USB Type-CLightningg، USB Type-C","مشخصاتسایر توضیحات اقلام همراه هدفون، هندزفری و هدستکابل شارژ و گوشگیر سیلیکونی نوع گوشیدو گوشی عمر باتری هدفون در حالت مکالمهحدود ۲ تا ۳ساعت ساعتعمر باتری هدفون در حالت پخش موسیقی۳ تا ۶ ساعت ساعتنوع اتصالبی‌سیم رابط‌هاLightningg USB Type-C","هدفون، هدست و هندزفری","متفرقه","هدفون، هدست و هندزفری متفرقه"
"1771405979-266","https://www.digikala.com/search/category-headphone/","هندزفری ایفورج مدل MA-103","۴۳۰,۰۰۰","۴.۱","۴۴۵,۰۰۰","۳٪","ارسال سریع دیجی‌کالا","","","","هندزفری ایفورج مدل MA-103ارسال سریع دیجی‌کالا
۴.۱۳٪۴۳۰,۰۰۰۴۴۵,۰۰۰","https://www.digikala.com/product/dkp-6366471/%D9%87%D9%86%D8%AF%D8%B2%D9%81%D8%B1%DB%8C-%D8%A7%DB%8C%D9%81%D9%88%D8%B1%D8%AC-%D9%85%D8%AF%D9%84-ma-103/","۴.۱","جووینکو","عالی","ارزش بالا با ارگونومی بَد - EFORJ MA-103","https://dkstatics-public.digikala.com/digikala-products/0375f766237fe011260197ab90aef50e5cfe58fe_1754246029.jpg?x-oss-process=image/resize,m_lfit,h_800,w_800/quality,q_90
https://dkstatics-public.digikala.com/digikala-products/0375f766237fe011260197ab90aef50e5cfe58fe_1754246029.jpg?x-oss-process=image/resize,m_lfit,h_800,w_800/quality,q_90
https://dkstatics-public.digikala.com/digikala-products/d6794f9e81860732209149392b9d2e09c1388b6a_1631033952.jpg?x-oss-process=image/resize,m_lfit,h_800,w_800/quality,q_90
https://dkstatics-public.digikala.com/digikala-products/0375f766237fe011260197ab90aef50e5cfe58fe_1754246029.jpg?x-oss-process=image/resize,m_lfit,h_800,w_800/quality,q_90","","۱۰۵۶ دیدگاه","۴۴۵,۰۰۰","هندزفری ایفورج مدل MA-103","نوع گوشیدو گوشیدو گوشینوع اتصالباسیمباسیمرابط‌هاجک 3.5 میلی‌متری صداجک 3.5 میلی‌متری صدا","مشخصاتسایر توضیحات اقلام همراه هدفون، هندزفری و هدستدو جفت سری سیلیکونی پاسخ فرکانسی۲۰-۲۰۰۰۰ هرتزقطر درایور۱۰ میلی‌مترنوع گوشیدو گوشی وزن۱۴ گرمسایر مشخصات-دارای گواهی IPX-۴ مقاوم در برابر پاچش آب ، رطوبت و تعریق بدن
-کابل بافته شده ؛ مقاوم در برابر کشیدگی و خمیدگی
-گوشی های ارگونومیک
-سری های سیلیکونی و نرم
-دارای میکروفون و امکان مکالمه با موبایل
-دارای کلید کشوئی مدیریت میزان صدا
-اتصال به وسیله جک ۳.۵ میلی متری
-امکان قطع و وصل کردن تماس 
-امکان جابجایی موسیقی نوع اتصالباسیم رابط‌هاجک ۳.۵ میلی‌متری صدا امپدانس۱۶ اهممناسب برایمکالمه ورزش کاربری عمومی حساسیت۱۰۶","هدفون، هدست و هندزفری","ایفورج","هدفون، هدست و هندزفری ایفورج"
"1771405981-267","https://www.digikala.com/search/category-headphone/","هندزفری ایفورج مدل MA-107","۶۸۰,۰۰۰","۴.۳","۹۵۰,۰۰۰","۲۸٪","ارسال سریع دیجی‌کالا","","","","هندزفری ایفورج مدل MA-107ارسال سریع دیجی‌کالا
۴.۳۲۸٪۶۸۰,۰۰۰۹۵۰,۰۰۰","https://www.digikala.com/product/dkp-17986726/%D9%87%D9%86%D8%AF%D8%B2%D9%81%D8%B1%DB%8C-%D8%A7%DB%8C%D9%81%D9%88%D8%B1%D8%AC-%D9%85%D8%AF%D9%84-ma-107/","۴.۳","جووینکو","عالی","هندزفری ایفورج مدل MA-107 که از مجموعه هندزفری های سیمی ایفورج است . این هندزفری الهام گرفته و ارتقا یافته محصول محبوب ایفورج یعنی هندزفری MA-104 است که همانند آن محصول از ارگونومی بسیار خوبی برخوردار می باشد . 107 ایفورج به درایو صوتی بزرگتری مجهز شده به همین دلیل هندزفری ها کمی از MA-104 بزرگتر هستند ،کیفیت صدای 107 ایفورج کاملا شفاف است و از بلندی خوبی برخوردار است به طوریکه حتی در بیشترین حجم صدا هم کاهش کیفیتی دیده نمی شود . محل اتصال سیم به هندزفری ها به وسیله کاوری پوش ...","https://dkstatics-public.digikala.com/digikala-products/d7cffd008b2f8c2b3c5e7ee788cf19e969b03afb_1736674012.jpg?x-oss-process=image/resize,m_lfit,h_800,w_800/quality,q_90
https://dkstatics-public.digikala.com/digikala-products/e90ddffb42be515c2ccc0b661c7112c13c538f33_1736599164.jpg?x-oss-process=image/resize,m_lfit,h_800,w_800/quality,q_90
https://dkstatics-public.digikala.com/digikala-products/3a1e33e4588b1dc95924c67ada7a367b1ed8bf4e_1736599162.jpg?x-oss-process=image/resize,m_lfit,h_800,w_800/quality,q_90
https://dkstatics-public.digikala.com/digikala-products/d7cffd008b2f8c2b3c5e7ee788cf19e969b03afb_1736674012.jpg?x-oss-process=image/resize,m_lfit,h_800,w_800/quality,q_90","","۲۲۳ دیدگاه","۹۵۰,۰۰۰","هندزفری ایفورج مدل MA-107","قابلیت نویز کنسلینگفاقد قابلیت نویز کنسلینگفاقد قابلیت نویز کنسلینگنوع گوشیدو گوشیدو گوشینوع اتصالبا سیمبا سیمرابط‌هاجک 3.5 میلی‌متری صداجک 3.5 میلی‌متری صداقابلیت‌های مقاومتیمقاوم در برابر رطوبت و عرقمقاوم در برابر رطوبت و عرق","مشخصاتنوع هدفون، هدست و هندزفریتو گوشی (Earbud/Earphone) سایر توضیحات اقلام همراه هدفون، هندزفری و هدست-۴ عدد سری سیلیکونی 
-گیره اتصال به لباس پاسخ فرکانسی۲۰-۲۰۰۰۰ هرتزقابلیت نویز کنسلینگفاقد قابلیت نویز کنسلینگ قطر درایور۱۰ میلی‌مترنوع گوشیدو گوشی نوع کابل۳.۵ میلی‌متر نوع اتصالبا سیم رابط‌هاجک ۳.۵ میلی‌متری صدا مناسب برایگیمینگ قابلیت‌های مقاومتیمقاوم در برابر رطوبت و عرق حساسیت۱۱۰ دسی بل","هدفون، هدست و هندزفری","ایفورج","هدفون، هدست و هندزفری ایفورج"
"1771405984-268","https://www.digikala.com/search/category-headphone/","هندزفری بلوتوثی مدل M19","۶۰۶,۰۴۰","۳.۱","","","تنها ۳ عدد در انبار باقی مانده","","https://dkstatics-public.digikala.com/digikala-products/4436f14455029c6cf83e4b1c6f7f56305be4245f_1754251583.jpg?x-oss-process=image/resize,m_lfit,h_300,w_300/quality,q_80","","هندزفری بلوتوثی مدل M19تنها ۳ عدد در انبار باقی مانده
۳.۱۶۰۶,۰۴۰","https://www.digikala.com/product/dkp-13178196/%D9%87%D9%86%D8%AF%D8%B2%D9%81%D8%B1%DB%8C-%D8%A8%D9%84%D9%88%D8%AA%D9%88%D8%AB%DB%8C-%D9%85%D8%AF%D9%84-m19/","۳.۱","عسلی سینا","عالی","ایرپاد بلوتوث M19 از برند Newest یکی از بهترین ایرپاد ها بلوتوث زیر 350 هزار تومن در بازار است. طراحی خوش دست، کیفیت ساخت عالی، باتری حجیم 3500 میلی آمپری باعث شده یکی از بهترین ایرپاد بلوتوث در  بازه قیمتی زیر 350 هزار تومن شود. و همچنین ایرپاد بلوتوث M19 دارای چراغ قوه برای مواقع ضروری است.
 این مدل برخلاف ایرپاد به‌صورت کامل در گوشتان قرار می‌گیرد. این محصول دارای محفظه با ابعاد استانداردی است و به‌آسانی در جیب و کیفتان جای می‌گیرد. محفظه شارژ مجهز به باتری قدرتمند 3500mA ...","https://dkstatics-public.digikala.com/digikala-products/4436f14455029c6cf83e4b1c6f7f56305be4245f_1754251583.jpg?x-oss-process=image/resize,m_lfit,h_800,w_800/quality,q_90
https://dkstatics-public.digikala.com/digikala-products/9f6acae0eac76a2f39cee194785e7ba108dde1f8_1698672088.jpg?x-oss-process=image/resize,m_lfit,h_800,w_800/quality,q_90
https://dkstatics-public.digikala.com/digikala-products/958ae694a98b478b0908e062607827e6b527d315_1698671344.jpg?x-oss-process=image/resize,m_lfit,h_800,w_800/quality,q_90
https://dkstatics-public.digikala.com/digikala-products/4436f14455029c6cf83e4b1c6f7f56305be4245f_1754251583.jpg?x-oss-process=image/resize,m_lfit,h_800,w_800/quality,q_90","","۱۴۰ دیدگاه","۱,۳۰۰,۰۰۰","هندزفری بلوتوثی مدل M19","نوع گوشیدو گوشیدو گوشینوع اتصالبی‌سیمبی‌سیمرابط‌هاmicroUSBmicroUSB","مشخصاتسایر توضیحات اقلام همراه هدفون، هندزفری و هدستکابل شارژ ۲ جفت واشر سر گوشی با سایز مختلف دفترچه راهنما محفظه شارژ

 محدوده عملکرد۱۰ متر مترنوع گوشیدو گوشی نوع اتصالبی‌سیم رابط‌هاmicroUSB","هدفون، هدست و هندزفری","متفرقه","هدفون، هدست و هندزفری متفرقه"
"1771405986-269","https://www.digikala.com/search/category-headphone/","هندزفری تسکو مدل th 5072","۳۹۲,۰۰۰","۴.۱","","","تنها ۱ عدد در انبار باقی مانده","","https://dkstatics-public.digikala.com/digikala-products/d44fa5293d96a77f7a6d2143ad8c26a66c749102_1745760230.jpg?x-oss-process=image/resize,m_lfit,h_300,w_300/quality,q_80","","هندزفری تسکو مدل th 5072تنها ۱ عدد در انبار باقی مانده
۴.۱۳۹۲,۰۰۰","https://www.digikala.com/product/dkp-6652140/%D9%87%D9%86%D8%AF%D8%B2%D9%81%D8%B1%DB%8C-%D8%AA%D8%B3%DA%A9%D9%88-%D9%85%D8%AF%D9%84-th-5072/","۴.۱","شاپ کو","عالی","هدفون","https://dkstatics-public.digikala.com/digikala-products/d44fa5293d96a77f7a6d2143ad8c26a66c749102_1745760230.jpg?x-oss-process=image/resize,m_lfit,h_800,w_800/quality,q_90
https://dkstatics-public.digikala.com/digikala-products/d44fa5293d96a77f7a6d2143ad8c26a66c749102_1745760230.jpg?x-oss-process=image/resize,m_lfit,h_800,w_800/quality,q_90
https://dkstatics-public.digikala.com/digikala-products/06d069a78de375c5835abc9543780b0494f762cf_1633592462.jpg?x-oss-process=image/resize,m_lfit,h_800,w_800/quality,q_90
https://dkstatics-public.digikala.com/digikala-products/d44fa5293d96a77f7a6d2143ad8c26a66c749102_1745760230.jpg?x-oss-process=image/resize,m_lfit,h_800,w_800/quality,q_90","","۶۴۷۲ دیدگاه","۳۹۲,۰۰۰","هندزفری تسکو مدل th 5072","قابلیت نویز کنسلینگفاقد قابلیت نویز کنسلینگفاقد قابلیت نویز کنسلینگنوع گوشیدو گوشیدو گوشینوع اتصالبا سیمبا سیمرابط‌هاجک 3.5 میلی‌متری صداجک 3.5 میلی‌متری صدا","مشخصاتنوع هدفون، هدست و هندزفریتو گوشی (Earbud/Earphone) سایر توضیحات اقلام همراه هدفون، هندزفری و هدستدفترچه راهنما پاسخ فرکانسی۲۰ - ۲۰۰۰۰ هرتزقابلیت نویز کنسلینگفاقد قابلیت نویز کنسلینگ نوع گوشیدو گوشی وزن۳۰ گرمسایر مشخصاتقابلیت انجام مکاله تلفنی /
قابلیت پخش موسیقی /
کابل با طول ۱.۲ متر نوع کابلAUX نوع اتصالبا سیم رابط‌هاجک ۳.۵ میلی‌متری صدا امپدانس۱۶ اهممناسب برایکاربری عمومی حساسیت۴۵","هدفون، هدست و هندزفری","تسکو","هدفون، هدست و هندزفری تسکو"
"1771405988-270","https://www.digikala.com/search/category-headphone/","هندزفری بلوتوثی آیرون ایکس مدل tescot","۸۸۲,۰۰۰","۴.۱","۹۰۰,۰۰۰","۲٪","ارسال سریع دیجی‌کالا","","","","هندزفری بلوتوثی آیرون ایکس مدل tescotارسال سریع دیجی‌کالا
۴.۱۲٪۸۸۲,۰۰۰۹۰۰,۰۰۰","https://www.digikala.com/product/dkp-20576429/%D9%87%D9%86%D8%AF%D8%B2%D9%81%D8%B1%DB%8C-%D8%A8%D9%84%D9%88%D8%AA%D9%88%D8%AB%DB%8C-%D8%A2%DB%8C%D8%B1%D9%88%D9%86-%D8%A7%DB%8C%DA%A9%D8%B3-%D9%85%D8%AF%D9%84-tescot/","۴.۱","بیلیون","عالی","هندزفری بلوتوث آیرون ایکس ironx مدل تسکوت یک هندزفری بلوتوث تک گوش فقط جهت مکالمه میباشد این هندزفری فاقد نویز کنسلینگ بوده و مناسب برای کسانی که مکالمه زیاد در روز دارند و از هندزفری های دوگوش و یا ایرپاد و یا بادز خسته شده اند مناسب میباشد طراحی این هندزفری بسیار زیبا میباشد و دارای یک باتری سوپر لیتیوم است که میتوانید بیش از 5 ساعت مکالمه دائم با این هندزفری داشته باشید","https://dkstatics-public.digikala.com/digikala-products/48cf76556c2691f7923052c946b52b635dd216de_1759351261.jpg?x-oss-process=image/resize,m_lfit,h_800,w_800/quality,q_90
https://dkstatics-public.digikala.com/digikala-products/d1e49fd61dd887d39adda57179ac5a141654a484_1759351269.jpg?x-oss-process=image/resize,m_lfit,h_800,w_800/quality,q_90
https://dkstatics-public.digikala.com/digikala-products/4a6386fa4e0265dd133445a0d539050b6093c569_1759351279.jpg?x-oss-process=image/resize,m_lfit,h_800,w_800/quality,q_90
https://dkstatics-public.digikala.com/digikala-products/48cf76556c2691f7923052c946b52b635dd216de_1759351261.jpg?x-oss-process=image/resize,m_lfit,h_800,w_800/quality,q_90","","۴۹ دیدگاه","۹۰۰,۰۰۰","هندزفری بلوتوثی آیرون ایکس مدل tescot","قابلیت نویز کنسلینگفاقد قابلیت نویز کنسلینگفاقد قابلیت نویز کنسلینگنوع گوشیتک گوشیتک گوشینوع اتصالبی‌سیمبی‌سیمرابط‌هابلوتوثبلوتوث","مشخصاتنوع هدفون، هدست و هندزفریتو گوشی (Earbud/Earphone) اقلام همراه هدفون، هندزفری و هدستکابل شارژ قابلیت نویز کنسلینگفاقد قابلیت نویز کنسلینگ ویژگی‌های خاصکلید مدیریت میزان صدا نوع گوشیتک گوشی قابلیت‌های شارژشارژ باسیم درگاه شارژUSB Type-C سایر مشخصاتدارای لوگو آیرون ایکس بر روی بدنه هندزفری
-
همراه با بسته بندی ایرون ایکس همانند تصاویر ضمیمه شده جنس بدنهپلاستیک نوع اتصالبی‌سیم رابط‌هابلوتوث مناسب برایکاربری عمومی","هدفون، هدست و هندزفری","متفرقه","هدفون، هدست و هندزفری متفرقه"
"1771405990-271","https://www.digikala.com/search/category-headphone/","هدست بلوتوثی مدل ENC کد 2027","۹۹۰,۰۰۰","۳.۲","۲,۰۰۰,۰۰۰","۵۱٪","&nbsp;","","","","هدست بلوتوثی مدل ENC کد 2027&nbsp;
۳.۲۵۱٪۹۹۰,۰۰۰۲,۰۰۰,۰۰۰","https://www.digikala.com/product/dkp-20957836/%D9%87%D8%AF%D8%B3%D8%AA-%D8%A8%D9%84%D9%88%D8%AA%D9%88%D8%AB%DB%8C-%D9%85%D8%AF%D9%84-enc-%DA%A9%D8%AF-2027/","۳.۲","بازرگانی شاهد","عالی","هندزفری بلوتوثی مدل ANC/ENC Double Dark با طراحی مدرن و کیس نمایشگر‌دار، یک گزینه عالی برای کسانی است که به‌دنبال کیفیت صدا، کاهش نویز حرفه‌ای و قیمت مناسب هستند. این مدل با پشتیبانی از Noise Reduction صدایی شفاف و بدون مزاحمت محیط ارائه می‌دهد و به لطف Touch Control کنترل موسیقی و تماس را تنها با لمس ساده ممکن می‌سازد.
کیس شارژ مجهز به نمایشگر باتری دیجیتال است که میزان شارژ هر ایرباد و کیس را دقیق نشان می‌دهد تا همیشه آماده استفاده باشد. ایربادها طراحی ارگونومیک دارند و در  ...","https://dkstatics-public.digikala.com/digikala-products/ec6f6f00ea80b66eeb111ca56f543802e842b12b_1763931578.jpg?x-oss-process=image/resize,m_lfit,h_800,w_800/quality,q_90
https://dkstatics-public.digikala.com/digikala-products/56699fad8d046d344b10f6d27fbe419d19e140ec_1763931630.jpg?x-oss-process=image/resize,m_lfit,h_800,w_800/quality,q_90
https://dkstatics-public.digikala.com/digikala-products/1e0c9760ea19784ec579e8b462f9fd814554c694_1763933298.jpg?x-oss-process=image/resize,m_lfit,h_800,w_800/quality,q_90
https://dkstatics-public.digikala.com/digikala-products/ec6f6f00ea80b66eeb111ca56f543802e842b12b_1763931578.jpg?x-oss-process=image/resize,m_lfit,h_800,w_800/quality,q_90","","۱۴ دیدگاه","۲,۰۰۰,۰۰۰","هدست بلوتوثی مدل ENC کد 2027","قابلیت نویز کنسلینگنویز کنسلینگ فعال (ANC)، نویز کنسلینگ میکروفون (ENC)نویز کنسلینگ فعال (ANC)، نویز کنسلینگ میکروفون (ENC)نوع گوشیدو گوشیدو گوشینوع اتصالبی‌سیمبی‌سیمرابط‌هاUSB Type-C، بلوتوثUSB Type-C، بلوتوثقابلیت‌های مقاومتیمقاوم در برابر ضربهمقاوم در برابر ضربه","مشخصاتنوع هدفون، هدست و هندزفریتو گوشی (Earbud/Earphone) اقلام همراه هدفون، هندزفری و هدستبدون اقلام همراه منبع انرژیباتری قابل شارژ قابلیت نویز کنسلینگنویز کنسلینگ فعال (ANC) نویز کنسلینگ میکروفون (ENC) ویژگی‌های خاصپشتیبانی از فرمان لمسی نمایشگر روی محفظه شارژ نشانگر LED نوع گوشیدو گوشی قابلیت‌های شارژشارژ باسیم درگاه شارژUSB Type-C نسخه بلوتوث۵.۱ سایر مشخصاتدارای نمایشگر دیجیتال روی کیس برای نمایش میزان شارژ هر گوشی ایرپاد و شارژ باقیمانده کیس
 طراحی ارگونومیک، سبک که در استفاده طولانی‌مدت باعث خستگی گوش نمی‌شود.
سازگار با تمام دستگاه‌های اندروید و iOS
مناسب برای استفاده روزمره، تماس، موسیقی، ورزش و رانندگی جنس بدنهپلاستیک ABS نوع کابلUSB Type-C نوع اتصالبی‌سیم رابط‌هاUSB Type-C بلوتوث مناسب برایکاربری عمومی قابلیت‌های مقاومتیمقاوم در برابر ضربه","هدفون، هدست و هندزفری","متفرقه","هدفون، هدست و هندزفری متفرقه"
"1771405992-272","https://www.digikala.com/search/category-headphone/","هندزفری مدل 6","۱۴۷,۰۰۰","۳.۴","","","تنها ۱ عدد در انبار باقی مانده","","","","هندزفری مدل 6تنها ۱ عدد در انبار باقی مانده
۳.۴۱۴۷,۰۰۰","https://www.digikala.com/product/dkp-2017237/%D9%87%D9%86%D8%AF%D8%B2%D9%81%D8%B1%DB%8C-%D9%85%D8%AF%D9%84-6/","۳.۴","بازرگانی استایل لند","عالی","","https://dkstatics-public.digikala.com/digikala-products/58199b70cee4482987cafa30a6eb67436256fc04_1754241904.jpg?x-oss-process=image/resize,m_lfit,h_800,w_800/quality,q_90
https://dkstatics-public.digikala.com/digikala-products/113473589.jpg?x-oss-process=image/resize,m_lfit,h_800,w_800/quality,q_90
https://dkstatics-public.digikala.com/digikala-products/113315424.jpg?x-oss-process=image/resize,m_lfit,h_800,w_800/quality,q_90
https://dkstatics-public.digikala.com/digikala-products/58199b70cee4482987cafa30a6eb67436256fc04_1754241904.jpg?x-oss-process=image/resize,m_lfit,h_800,w_800/quality,q_90","","۲۹۸ دیدگاه","۱۳۱,۶۰۰","هندزفری مدل 6","نوع گوشیدو گوشیدو گوشینوع اتصالباسیمباسیمرابط‌هاجک 3.5 میلی‌متری صداجک 3.5 میلی‌متری صدا","مشخصاتنوع گوشیدو گوشی وزن۳۰ گرمنوع اتصالباسیم رابط‌هاجک ۳.۵ میلی‌متری صدا مناسب برایمکالمه","هدفون، هدست و هندزفری","متفرقه","هدفون، هدست و هندزفری متفرقه"
"1771405995-273","https://www.digikala.com/search/category-headphone/","هدفون بی سیم انکر مدل H30i","۲,۷۶۵,۰۰۰","۴.۵","","","ارسال سریع دیجی‌کالا","","","","هدفون بی سیم انکر مدل H30i ارسال سریع دیجی‌کالا
۴.۵۲,۷۶۵,۰۰۰","https://www.digikala.com/product/dkp-15375616/%D9%87%D8%AF%D9%81%D9%88%D9%86-%D8%A8%DB%8C-%D8%B3%DB%8C%D9%85-%D8%A7%D9%86%DA%A9%D8%B1-%D9%85%D8%AF%D9%84-h30i/","۴.۵","هزاران کوه","عالی","مقایسه‌ای ۴ هدفون","https://dkstatics-public.digikala.com/digikala-products/6181501c086a034f6ed2b24eae1053f6a9a436b7_1754254172.jpg?x-oss-process=image/resize,m_lfit,h_800,w_800/quality,q_90
https://dkstatics-public.digikala.com/digikala-products/6181501c086a034f6ed2b24eae1053f6a9a436b7_1754254172.jpg?x-oss-process=image/resize,m_lfit,h_800,w_800/quality,q_90
https://dkstatics-public.digikala.com/digikala-products/37a0aa5ce7258c3b80885362d937dbda805860f0_1714996781.jpg?x-oss-process=image/resize,m_lfit,h_800,w_800/quality,q_90
https://dkstatics-public.digikala.com/digikala-products/6181501c086a034f6ed2b24eae1053f6a9a436b7_1754254172.jpg?x-oss-process=image/resize,m_lfit,h_800,w_800/quality,q_90","","۳۱۷ دیدگاه","۲,۴۲۰,۰۰۰","هدفون بی سیم انکر مدل H30i","قابلیت نویز کنسلینگفاقد قابلیت نویز کنسلینگفاقد قابلیت نویز کنسلینگنوع گوشیدو گوشیدو گوشینوع اتصالبا سیمبا سیمرابط‌هاUSB Type-C، AUX، بلوتوثUSB Type-C، AUX، بلوتوثقابلیت‌های مقاومتیمقاوم در برابر رطوبت و عرقمقاوم در برابر رطوبت و عرق","مشخصاتنوع هدفون، هدست و هندزفریرو گوشی (On/Over Ear) سایر توضیحات اقلام همراه هدفون، هندزفری و هدستکابل AUX به طول ۱۲۰ سانتی‌متر /
کابل شارژ USB-C به طول ۳۰ سانتی‌متر /
دفترچه راهنما اقلام همراه هدفون، هندزفری و هدستبدون اقلام همراه قابلیت نویز کنسلینگفاقد قابلیت نویز کنسلینگ قطر درایور۴۰ میلی‌مترمحدوده عملکرد۱۰ متر  مترنوع گوشیدو گوشی عمر باتری۷۰ ساعت عمر باتری هدفون در حالت پخش موسیقی۷۰ ساعتقابلیت‌های شارژشارژ باسیم درگاه شارژUSB Type-C وزن۱۸۴.۲۷ گرمنسخه بلوتوث۵.۳ جنس بدنهپلاستیک نوع اتصالبا سیم رابط‌هاUSB Type-C AUX بلوتوث مناسب برایکاربری عمومی قابلیت‌های مقاومتیمقاوم در برابر رطوبت و عرق","هدفون، هدست و هندزفری","انکر","هدفون، هدست و هندزفری انکر"
"1771405997-274","https://www.digikala.com/search/category-headphone/","هندزفری بلوتوثی مدل HlFl","۹۸۰,۰۰۰","۳.۱","۶,۲۰۰,۰۰۰","۸۴٪","&nbsp;","","","","هندزفری بلوتوثی مدل HlFl&nbsp;
۳.۱۸۴٪۹۸۰,۰۰۰۶,۲۰۰,۰۰۰","https://www.digikala.com/product/dkp-20761379/%D9%87%D9%86%D8%AF%D8%B2%D9%81%D8%B1%DB%8C-%D8%A8%D9%84%D9%88%D8%AA%D9%88%D8%AB%DB%8C-%D9%85%D8%AF%D9%84-hlfl/","۳.۱","متین شاپ مشهد","عالی","هندزفری بلوتوثی می باشد که نسبت به ایرپادهای عادی کیفیت بسیار بالاتری دارد. محصولی سبک با طراحی زیبا و متناسب با ارگونومی است که به همراه یک کیس شارژ مقاوم به بازار عرضه شده است. طراحی استاندارد ایربادهای تعبیه شده برای این مدل سبب شده است تا به راحتی در قسمت داخلی گوش کاربر ثابت شوند؛ موضوع قابل توجه دیگر در مورد طراحی محصول این است که از استاندارد IPX4 پشتیبانی می کند و در برابر رطوبت و عرق کاملا مقاوم است؛ بنابراین، هدفون این امکان را به شما می دهد تا در هنگام بارش باران ی ...","https://dkstatics-public.digikala.com/digikala-products/7ceddb4bcd7e26513f4816fc8e564e3a25948a2a_1761429835.jpg?x-oss-process=image/resize,m_lfit,h_800,w_800/quality,q_90
https://dkstatics-public.digikala.com/digikala-products/f391dcb2fc17c9fe8a9a87638811241fe244e6b6_1761429903.jpg?x-oss-process=image/resize,m_lfit,h_800,w_800/quality,q_90
https://dkstatics-public.digikala.com/digikala-products/b3279c4e7444dd2cc8eff03802267e690a7d13a0_1761429841.jpg?x-oss-process=image/resize,m_lfit,h_800,w_800/quality,q_90
https://dkstatics-public.digikala.com/digikala-products/7ceddb4bcd7e26513f4816fc8e564e3a25948a2a_1761429835.jpg?x-oss-process=image/resize,m_lfit,h_800,w_800/quality,q_90","","۲۲ دیدگاه","۶,۲۰۰,۰۰۰","هندزفری بلوتوثی مدل HlFl","قابلیت نویز کنسلینگقابلیت پخش صدای محیطی (Transparency)قابلیت پخش صدای محیطی (Transparency)نوع گوشیدو گوشیدو گوشینوع اتصالبی‌سیمبی‌سیمرابط‌هابلوتوثبلوتوث","مشخصاتنوع هدفون، هدست و هندزفریتو گوشی (Earbud/Earphone) اقلام همراه هدفون، هندزفری و هدستکابل شارژ قابلیت نویز کنسلینگقابلیت پخش صدای محیطی (Transparency) ویژگی‌های خاصپشتیبانی از فرمان لمسی نشانگر LED نوع گوشیدو گوشی عمر باتری هدفون در حالت مکالمه۴ ساعتعمر باتری هدفون در حالت استندبای۳۰ عمر باتری هدفون در حالت پخش موسیقی۶ ساعتقابلیت‌های شارژشارژ باسیم درگاه شارژLightning سایر مشخصاتمجهز به چیپست H۱ دارای استاندارد IPX۴ /IPX۴ (مقاوم دربرابر پاشش آب و تعریق) قابلیت اتصال به ios و android دارای Force sensor (Motion-detecting accelerometer) مجهز به کنترل لمسی ایرپاد کنترل لمسی و ضربه زدن به ایرباد برای اتصال و قطع تماس و کنترل محتوای در حال پخش - لمس طولانی روی هر ایرباد برای فعال کردن دستیار صوتی نوع اتصالبی‌سیم رابط‌هابلوتوث مناسب برایکاربری عمومی","هدفون، هدست و هندزفری","متفرقه","هدفون، هدست و هندزفری متفرقه"
"1771405999-275","https://www.digikala.com/search/category-headphone/","هندزفری ایفورج مدل MA-104","۵۳۰,۰۰۰","۴.۳","۶۰۰,۰۰۰","۱۲٪","ارسال سریع دیجی‌کالا","","","","هندزفری ایفورج مدل MA-104ارسال سریع دیجی‌کالا
۴.۳۱۲٪۵۳۰,۰۰۰۶۰۰,۰۰۰","https://www.digikala.com/product/dkp-6850291/%D9%87%D9%86%D8%AF%D8%B2%D9%81%D8%B1%DB%8C-%D8%A7%DB%8C%D9%81%D9%88%D8%B1%D8%AC-%D9%85%D8%AF%D9%84-ma-104/","۴.۳","جووینکو","عالی","خوووب هدفونیه!","https://dkstatics-public.digikala.com/digikala-products/57a0dbc5442a8dc91b5144e6bc2dd8c9f2d065a9_1745760231.jpg?x-oss-process=image/resize,m_lfit,h_800,w_800/quality,q_90
https://dkstatics-public.digikala.com/digikala-products/a97127fb515d229fca4d1d1eadcbc711a65128a3_1635224531.jpg?x-oss-process=image/resize,m_lfit,h_800,w_800/quality,q_90
https://dkstatics-public.digikala.com/digikala-products/c019afbb0e3246e2a9ec49f035d828157925b18b_1635224540.jpg?x-oss-process=image/resize,m_lfit,h_800,w_800/quality,q_90
https://dkstatics-public.digikala.com/digikala-products/57a0dbc5442a8dc91b5144e6bc2dd8c9f2d065a9_1745760231.jpg?x-oss-process=image/resize,m_lfit,h_800,w_800/quality,q_90","","۳۸۱۵ دیدگاه","۶۰۰,۰۰۰","هندزفری ایفورج مدل MA-104","قابلیت نویز کنسلینگفاقد قابلیت نویز کنسلینگفاقد قابلیت نویز کنسلینگنوع گوشیدو گوشیدو گوشینوع اتصالبا سیمبا سیمرابط‌هاجک 3.5 میلی‌متری صداجک 3.5 میلی‌متری صداقابلیت‌های مقاومتیمقاوم در برابر رطوبت و عرقمقاوم در برابر رطوبت و عرق","مشخصاتنوع هدفون، هدست و هندزفریتو گوشی (Earbud/Earphone) سایر توضیحات اقلام همراه هدفون، هندزفری و هدست۲ عدد سری سیلیکونی اضافه /
۲ عدد محافظ لاستیکی دور گوش /
۱ عدد گیره  پاسخ فرکانسی۲۰ - ۲۰۰۰۰ هرتزقابلیت نویز کنسلینگفاقد قابلیت نویز کنسلینگ قطر درایور۱۰ میلی‌مترنوع گوشیدو گوشی وزن۱۷ گرمسایر مشخصاتپشتیبانی از بالاترین کیفیت پخش صدا (Hifi) /
دارای گواهی IPX-۴ مقاوم در برابر پاشش آب، رطوبت و تعریق بدن /
طراحی ارگونومیک /
دارای کلید کشویی مدیریت صدا /
امکان قطع ، وصل مدیریت موسیقی /
امکان پاسخگویی و قطع تماس /
سری‌های سیلیکونی نرم و استاندارد /
دارای میکروفون و امکان مکالمه با موبایل نوع کابل۳.۵ میلی‌متر نوع اتصالبا سیم رابط‌هاجک ۳.۵ میلی‌متری صدا امپدانس۱۶ اهممناسب برایکاربری عمومی قابلیت‌های مقاومتیمقاوم در برابر رطوبت و عرق حساسیت۱۱۲ دسی بل","هدفون، هدست و هندزفری","ایفورج","هدفون، هدست و هندزفری ایفورج"
"1771406001-276","https://www.digikala.com/search/category-headphone/","هندزفری مک دودو مدل HP-349","۹۷۰,۰۰۰","۴.۳","","","ارسال فروشنده","","","","هندزفری مک دودو مدل HP-349ارسال فروشنده
۴.۳۹۷۰,۰۰۰","https://www.digikala.com/product/dkp-15307108/%D9%87%D9%86%D8%AF%D8%B2%D9%81%D8%B1%DB%8C-%D9%85%DA%A9-%D8%AF%D9%88%D8%AF%D9%88-%D9%85%D8%AF%D9%84-hp-349/","۴.۳","سرزمین زیبایی بهار","خیلی خوب","","https://dkstatics-public.digikala.com/digikala-products/0ca13cd76a6f6bd44aa0809646b934794c346055_1714405660.jpg?x-oss-process=image/resize,m_lfit,h_800,w_800/quality,q_90
https://dkstatics-public.digikala.com/digikala-products/4a1342ec6fd62d405438a8945c5943238a88e9c7_1714405748.jpg?x-oss-process=image/resize,m_lfit,h_800,w_800/quality,q_90
https://dkstatics-public.digikala.com/digikala-products/7f99530a572e03b4e5ba31b51b7ab01b544be3fc_1714405659.jpg?x-oss-process=image/resize,m_lfit,h_800,w_800/quality,q_90","","۱۶ دیدگاه","۸۸۰,۰۰۰","هندزفری مک دودو مدل HP-349","نوع گوشیدو گوشیدو گوشینوع اتصالبا سیمبا سیمرابط‌هاUSB Type-CUSB Type-C","مشخصاتسایر توضیحات اقلام همراه هدفون، هندزفری و هدستسری های هندزفری در سایز های مختلف

 نوع گوشیدو گوشی نوع کابلUSB Type-C نوع اتصالبا سیم رابط‌هاUSB Type-C مناسب برایمکالمه","هدفون، هدست و هندزفری","مک دودو","هدفون، هدست و هندزفری مک دودو"
"1771406003-277","https://www.digikala.com/search/category-headphone/","هندزفری بلوتوثی مدل M88 plus V5.3 ENC Version New","۶۰۰,۰۰۰","۳.۳","","","تنها ۲ عدد در انبار باقی مانده","","","","هندزفری بلوتوثی مدل M88 plus V5.3 ENC Version Newتنها ۲ عدد در انبار باقی مانده
۳.۳۶۰۰,۰۰۰","https://www.digikala.com/product/dkp-12873940/%D9%87%D9%86%D8%AF%D8%B2%D9%81%D8%B1%DB%8C-%D8%A8%D9%84%D9%88%D8%AA%D9%88%D8%AB%DB%8C-%D9%85%D8%AF%D9%84-m88-plus-v53-enc-version-new/","۳.۳","ورلد شاپ","عالی","M88 plus نسل جدید هندزفری بلوتوثی در سری M ها که قابلیت شارژ کردن گوشی به آن اضافی شده
این ورژن جدید سپتامبر است که قابلیت شارژ هم زمان سه گوشی با ایرپاد امکان پذیر شده است
که کیفیت صدا و باتری بهبود یافته است","https://dkstatics-public.digikala.com/digikala-products/5811c71fe119f4f90901ba73a7c0c381f3756291_1754251186.jpg?x-oss-process=image/resize,m_lfit,h_800,w_800/quality,q_90
https://dkstatics-public.digikala.com/digikala-products/35ed20b47ae732638b433e3d5ca67d01d139c155_1696268791.jpg?x-oss-process=image/resize,m_lfit,h_800,w_800/quality,q_90
https://dkstatics-public.digikala.com/digikala-products/ca2961d9568f33b2dccee01b1ada32501d3774a0_1696268790.jpg?x-oss-process=image/resize,m_lfit,h_800,w_800/quality,q_90
https://dkstatics-public.digikala.com/digikala-products/5811c71fe119f4f90901ba73a7c0c381f3756291_1754251186.jpg?x-oss-process=image/resize,m_lfit,h_800,w_800/quality,q_90","","۱۵۰ دیدگاه","۷۵۰,۰۰۰","هندزفری بلوتوثی مدل M88 plus V5.3 ENC Version New","نوع گوشیدو گوشیدو گوشینوع اتصالبی‌سیمبی‌سیمرابط‌هاLightningg، microUSB، USB Type-CLightningg، microUSB، USB Type-Cقابلیت‌های مقاومتیمقاوم در برابر رطوبت و عرقمقاوم در برابر رطوبت و عرق","مشخصاتسایر توضیحات اقلام همراه هدفون، هندزفری و هدستدفترچه راهنما
شارژر
محافظ گوشی سیلیکونی
 نوع گوشیدو گوشی عمر باتری هدفون در حالت مکالمه۵ تا ۷ ساعتعمر باتری هدفون در حالت استندبای۲۸۰ عمر باتری هدفون در حالت پخش موسیقی۵ تا ۷ ساعتزمان موردنیاز برای شارژ هدفون۱ تا ۲ ساعتنسخه بلوتوثV ۵.۳ سایر مشخصاتویژگی شارژ کردن سه گوشی به طور همزمان حالت (پاورینگ) Powering
همراه داشتن سه کابل در محفظه دستگاه :
Microusb
Lightening
USB Type C
حالت Gaming mod
قابلیت شارژ همه نوع گوشی
آیفون
شیائومی
هواوی 
پوکو
سامسونگ
......
با رابط کابل :

Microusb
Lightening
USB Type C ظرفیت باتری۴۰۰۰ میلی‌آمپر‌ساعتنوع اتصالبی‌سیم رابط‌هاLightningg microUSB USB Type-C مناسب برایگیمینگ قابلیت‌های مقاومتیمقاوم در برابر رطوبت و عرق","هدفون، هدست و هندزفری","متفرقه","هدفون، هدست و هندزفری متفرقه"
"1771406005-278","https://www.digikala.com/search/category-headphone/","هدفون مخصوص بازی اونیکوما مدل k10 Pro","۳,۰۹۰,۰۰۰","۴.۳","","","تنها ۱ عدد در انبار باقی مانده","","","","هدفون مخصوص بازی اونیکوما مدل k10 Proتنها ۱ عدد در انبار باقی مانده
۴.۳۳,۰۹۰,۰۰۰","https://www.digikala.com/product/dkp-2262679/%D9%87%D8%AF%D9%81%D9%88%D9%86-%D9%85%D8%AE%D8%B5%D9%88%D8%B5-%D8%A8%D8%A7%D8%B2%DB%8C-%D8%A7%D9%88%D9%86%DB%8C%DA%A9%D9%88%D9%85%D8%A7-%D9%85%D8%AF%D9%84-k10-pro/","۴.۳","دیجی‌کالا","عالی","کیفیت میکروفونِ این هدست فوق‌العادست!!","https://dkstatics-public.digikala.com/digikala-products/6707f8e1bc9ae3494282a960bfec6ce92d61a609_1745760217.jpg?x-oss-process=image/resize,m_lfit,h_800,w_800/quality,q_90
https://dkstatics-public.digikala.com/digikala-products/6707f8e1bc9ae3494282a960bfec6ce92d61a609_1745760217.jpg?x-oss-process=image/resize,m_lfit,h_800,w_800/quality,q_90
https://dkstatics-public.digikala.com/digikala-products/114646021.jpg?x-oss-process=image/resize,m_lfit,h_800,w_800/quality,q_90
https://dkstatics-public.digikala.com/digikala-products/6707f8e1bc9ae3494282a960bfec6ce92d61a609_1745760217.jpg?x-oss-process=image/resize,m_lfit,h_800,w_800/quality,q_90","","۳۴۴۷ دیدگاه","۳,۵۶۹,۰۰۰","هدفون مخصوص بازی اونیکوما مدل k10 Pro","نوع گوشیدو گوشیدو گوشینوع اتصالبا سیمبا سیمرابط‌هاجک 3.5 میلی‌متری خروجی صدا، USBجک 3.5 میلی‌متری خروجی صدا، USB","مشخصاتسایر توضیحات اقلام همراه هدفون، هندزفری و هدست- پاسخ فرکانسی۲۰-۲۰۰۰۰ هرتزقطر درایور۵۰ میلی‌مترنوع گوشیدو گوشی وزن۳۸۰ گرمسایر مشخصاتکاپ های تهیه شده از Memory Foam
پخش صدای ۷.۱ surround
دارای نورهای RGB در قسمت کاپ هدفون
دارای میکروفون با تغییر زاویه تا ۱۲۰ درجه 
دارای قابلیت Noise Canceling برای میکروفون
قابلیت تنظیم اندازه هدبند
سازگار با PS۴, Xbox One, Nintendo Switch, ۳۲-bit &amp; ۶۴-bit Win۷/Win۸/Win۸.۱/Win۱۰/XP نوع اتصالبا سیم رابط‌هاجک ۳.۵ میلی‌متری خروجی صدا USB امپدانس۳۲ اهممناسب برایگیمینگ حساسیت۱۱۴","هدفون، هدست و هندزفری","اونیکوما","هدفون، هدست و هندزفری اونیکوما"
"1771406008-279","https://www.digikala.com/search/category-headphone/","هدفون بلوتوثی شیائومی مدل Redmi Buds 6 - گلوبال","۵,۳۰۰,۰۰۰","۴.۵","","","تنها ۱ عدد در انبار باقی مانده","","","","هدفون بلوتوثی شیائومی مدل Redmi Buds 6 - گلوبالتنها ۱ عدد در انبار باقی مانده
۴.۵۵,۳۰۰,۰۰۰","https://www.digikala.com/product/dkp-18197818/%D9%87%D8%AF%D9%81%D9%88%D9%86-%D8%A8%D9%84%D9%88%D8%AA%D9%88%D8%AB%DB%8C-%D8%B4%DB%8C%D8%A7%D8%A6%D9%88%D9%85%DB%8C-%D9%85%D8%AF%D9%84-redmi-buds-6-%DA%AF%D9%84%D9%88%D8%A8%D8%A7%D9%84/","۴.۵","دیجی‌کالا","عالی","","https://dkstatics-public.digikala.com/digikala-products/6144cd5cb1c4ea11c4dc0dae0058516d98965ba8_1754239830.jpg?x-oss-process=image/resize,m_lfit,h_800,w_800/quality,q_90
https://dkstatics-public.digikala.com/digikala-products/74a71f88e02443653f9c3293524cfabc735144b7_1738483626.jpg?x-oss-process=image/resize,m_lfit,h_800,w_800/quality,q_90
https://dkstatics-public.digikala.com/digikala-products/c34ede2ef2f3948b67135ed14cd7432488058638_1738483626.jpg?x-oss-process=image/resize,m_lfit,h_800,w_800/quality,q_90
https://dkstatics-public.digikala.com/digikala-products/6144cd5cb1c4ea11c4dc0dae0058516d98965ba8_1754239830.jpg?x-oss-process=image/resize,m_lfit,h_800,w_800/quality,q_90","","۱۵۵ دیدگاه","۶,۲۹۴,۴۰۰","هدفون بلوتوثی شیائومی مدل Redmi Buds 6 - گلوبال","قابلیت نویز کنسلینگنویز کنسلینگ فعال (ANC)نویز کنسلینگ فعال (ANC)نوع گوشیدو گوشیدو گوشینوع اتصالبی‌سیمبی‌سیمرابط‌هابلوتوثبلوتوثقابلیت‌های مقاومتیمقاوم در برابر رطوبت و عرقمقاوم در برابر رطوبت و عرق","مشخصاتنوع هدفون، هدست و هندزفریTWS (True Wireless Stereo) ابعاد۶۱x۵۱.۷x۲۴.۸ میلی‌مترسایر توضیحات اقلام همراه هدفون، هندزفری و هدستکابل شارژ /
دفترچه راهنما اقلام همراه هدفون، هندزفری و هدستکابل شارژ قابلیت نویز کنسلینگنویز کنسلینگ فعال (ANC) ویژگی‌های خاصپشتیبانی از فرمان لمسی نشانگر LED محدوده عملکردتا ۱۰ متر مترنوع گوشیدو گوشی عمر باتریتا ۴۲ ساعت عمر باتری هدفون در حالت پخش موسیقیتا ۱۰ ساعتعمر باتری محفظه شارژتا ۴۲ ساعتقابلیت‌های شارژشارژ باسیم درگاه شارژUSB Type-C وزن۴۳.۲ گرمنسخه بلوتوث۵.۴ سایر مشخصاتهدفون‌ها با وزن ۵ گرم /
هدفون‌ها دارای ۵۴ میلی آمپر ساعت ظرفیت باتری /
۱۰ دقیقه شارژ برای ۴ ساعت پخش /
دارای دکمه لمسی روی هدفون جنس بدنهپلاستیک ظرفیت باتری۴۷۵ میلی‌آمپر‌ساعتنوع کابلUSB Type-C نوع اتصالبی‌سیم رابط‌هابلوتوث مناسب برایکاربری عمومی قابلیت‌های مقاومتیمقاوم در برابر رطوبت و عرق حساسیت۴۹ دسی‌‌بل","هدفون، هدست و هندزفری","شیائومی","هدفون، هدست و هندزفری شیائومی"
"1771406010-280","https://www.digikala.com/search/category-headphone/","هدفون بلوتوثی ناتینگ مدل CMF Buds 2 Plus","۶,۲۰۰,۰۰۰","۴.۳","","","تنها ۱ عدد در انبار باقی مانده","","","","هدفون بلوتوثی ناتینگ مدل CMF Buds 2 Plusتنها ۱ عدد در انبار باقی مانده
۴.۳۶,۲۰۰,۰۰۰","https://www.digikala.com/product/dkp-19323153/%D9%87%D8%AF%D9%81%D9%88%D9%86-%D8%A8%D9%84%D9%88%D8%AA%D9%88%D8%AB%DB%8C-%D9%86%D8%A7%D8%AA%DB%8C%D9%86%DA%AF-%D9%85%D8%AF%D9%84-cmf-buds-2-plus/","۴.۳","پارس بلو","عالی","CMF Buds 2 Plus با طراحی جمع‌وجور، وزن سبک و کیفیت ساخت بالا، برای استفاده روزمره، ورزش، مکالمه و موسیقی کاملاً ایده‌آل است. درایور ۱۲ میلی‌متری و فناوری Ultra Bass 2.0، صدایی پرقدرت، عمیق و شفاف تولید می‌کنند. پشتیبانی از کدک‌های AAC، SBC و LDAC به همراه گواهی Hi-Res Audio یعنی جزئیات موسیقی را همان ‌طور که ضبط شده‌اند می‌شنوید. نویز کنسلینگ فعال به‌ صورت تطبیقی عمل می‌کند. یعنی با توجه به محیط اطراف، سطح حذف نویز را هوشمند تنظیم می‌کند. همچنین ۶ میکروفون با فناوری Clear Vo ...","https://dkstatics-public.digikala.com/digikala-products/87b111a639d92cee01f2f9dc429380bc6bcec937_1748174493.jpg?x-oss-process=image/resize,m_lfit,h_800,w_800/quality,q_90
https://dkstatics-public.digikala.com/digikala-products/87b111a639d92cee01f2f9dc429380bc6bcec937_1748174493.jpg?x-oss-process=image/resize,m_lfit,h_800,w_800/quality,q_90
https://dkstatics-public.digikala.com/digikala-products/b335652ffb7927ee27a1a915f8e41950d5f5927a_1748174493.jpg?x-oss-process=image/resize,m_lfit,h_800,w_800/quality,q_90
https://dkstatics-public.digikala.com/digikala-products/6ba256c2827c1219b8a5d6c8a2192246ade27d03_1748174493.jpg?x-oss-process=image/resize,m_lfit,h_800,w_800/quality,q_90","","۳۵ دیدگاه","۵,۹۵۰,۰۰۰","هدفون بلوتوثی ناتینگ مدل CMF Buds 2 Plus","قابلیت نویز کنسلینگنویز کنسلینگ فعال (ANC)نویز کنسلینگ فعال (ANC)نوع گوشیدو گوشیدو گوشینوع اتصالبی‌سیمبی‌سیمرابط‌هابلوتوثبلوتوثقابلیت‌های مقاومتیمقاوم در برابر رطوبت و عرقمقاوم در برابر رطوبت و عرق","مشخصاتنوع هدفون، هدست و هندزفریتو گوشی (Earbud/Earphone) ابعاد۲۲.۷x۲۰.۹x۳۳.۶ میلی‌مترابعاد محفظه شارژ۲۳x۵۳.۳x۵۳.۳ میلی‌متراقلام همراه هدفون، هندزفری و هدستپد گوشی یدکی پاسخ فرکانسی۵۴۰۰ هرتزقابلیت نویز کنسلینگنویز کنسلینگ فعال (ANC) مشخصات میکروفوندارای ۶ میکروفون با فناوری Clear Voice ۳.۰ و کاهش نویز باد قطر درایور۱۲ میلی‌مترویژگی‌های خاصپشتیبانی از فرمان لمسی محدوده عملکردتا ۱۰ مترنوع گوشیدو گوشی عمر باتری هدفون در حالت مکالمهتا ۶.۵ (نویز کنسلینگ فعال) - تا ۸ (نویز کنسلینگ غیرفعال) ساعتعمر باتری هدفون در حالت پخش موسیقیتا ۷ (نویز کنسلینگ فعال) - تا ۱۴ (نویز کنسلینگ غیرفعال) ساعتعمر باتری محفظه شارژتا ۳۳ (نویز کنسلینگ فعال) - تا ۶۱ (نویز کنسلینگ غیر فعال) ساعتزمان مورد نیاز برای شارژ محفظهتا ۱.۵ ساعتقابلیت‌های شارژشارژ باسیم درگاه شارژUSB Type-C وزن۴۲.۵ گرمنسخه بلوتوث۵.۴ سایر مشخصاتهدفون‌ها با وزن ۴.۵ گرم /
پشتیبانی از کدک‌های صوتی AAC - SBC - LDAC (پشتیبانی از Hi-Res Audio) /
مجهز به فناوری Ultra Bass ۲.۰ /
پشتیبانی از حالت حذف نویز تطبیقی هوشمند /
هدفون‌ها با ظرفیت باتری ۵۳ میلی آمپر ساعت /
۱۰ دقیقه شارژ برای ۴.۵ ساعت پخش /
دارای گواهی IP۵۵ (مقاوم در برابر گرد و غبار و پاشش آب) ظرفیت باتری۴۶۰ میلی‌آمپر‌ساعتنوع کابلUSB Type-C نوع اتصالبی‌سیم رابط‌هابلوتوث مناسب برایکاربری عمومی قابلیت‌های مقاومتیمقاوم در برابر رطوبت و عرق حساسیت۵۰ دسی‌بل","هدفون، هدست و هندزفری","ناتینگ","هدفون، هدست و هندزفری ناتینگ"
"1771406012-281","https://www.digikala.com/search/category-headphone/","هدفون بلوتوثی شیائومی مدل Redmi Buds 4 Lite","۱,۳۴۹,۰۰۰","۳.۶","","","تنها ۱ عدد در انبار باقی مانده","","","","هدفون بلوتوثی شیائومی مدل Redmi Buds 4 Liteتنها ۱ عدد در انبار باقی مانده
۳.۶۱,۳۴۹,۰۰۰","https://www.digikala.com/product/dkp-12407094/%D9%87%D8%AF%D9%81%D9%88%D9%86-%D8%A8%D9%84%D9%88%D8%AA%D9%88%D8%AB%DB%8C-%D9%85%D8%AF%D9%84-redmi-buds-4-lite/","۳.۶","دیجی‌کالا","عالی","بهترین های شیائومی","https://dkstatics-public.digikala.com/digikala-products/c569a28c6c50ba959b6668ed352ab63738541d83_1745825001.jpg?x-oss-process=image/resize,m_lfit,h_800,w_800/quality,q_90
https://dkstatics-public.digikala.com/digikala-products/c569a28c6c50ba959b6668ed352ab63738541d83_1745825001.jpg?x-oss-process=image/resize,m_lfit,h_800,w_800/quality,q_90
https://dkstatics-public.digikala.com/digikala-products/e113e1961e528186d330f9d5dc4becff3ed07efd_1692207660.jpg?x-oss-process=image/resize,m_lfit,h_800,w_800/quality,q_90
https://dkstatics-public.digikala.com/digikala-products/c569a28c6c50ba959b6668ed352ab63738541d83_1745825001.jpg?x-oss-process=image/resize,m_lfit,h_800,w_800/quality,q_90","","۵۱۷ دیدگاه","۱,۱۹۹,۰۰۰","هدفون بلوتوثی شیائومی مدل Redmi Buds 4 Lite","نوع گوشیدو گوشیدو گوشیرابط‌هاUSB Type-CUSB Type-C","مشخصاتسایر توضیحات اقلام همراه هدفون، هندزفری و هدستکابل شارژر / دفترچه راهنما محدوده عملکرد۱۰ متر مترنوع گوشیدو گوشی نسخه بلوتوث۵.۳ سایر مشخصاتابعاد و وزن ایربادها (هرکدام): ۳۲.۲۴×۱۸.۲۲×۱۹.۶۳ میلی‌متر و ۳.۹۲ گرم / 
ابعاد و وزن محفظه شارژر: ۵۵.۶×۴۷.۳×۲۲.۲m میلی‌متر و ۲۶.۷ /
ظرفیت باتری ایربادها: ۳۵ میلی‌آمپر ساعت /
ظرفیت باتری محفظه شارژر: ۳۲۰ میلی‌آمپر ساعت جنس بدنهپلاستیک نوع کابلUSB Type-C رابط‌هاUSB Type-C امپدانس۳۲ اهممناسب برایآقایان و بانوان","هدفون، هدست و هندزفری","شیائومی","هدفون، هدست و هندزفری شیائومی"
"1771406015-282","https://www.digikala.com/search/category-headphone/","هندزفری بلوتوثی مدل  X35","۹۹۰,۰۰۰","۴.۵","","","&nbsp;","","","","هندزفری بلوتوثی مدل  X35&nbsp;
۴.۵۹۹۰,۰۰۰","https://www.digikala.com/product/dkp-14697907/%D9%87%D9%86%D8%AF%D8%B2%D9%81%D8%B1%DB%8C-%D8%A8%D9%84%D9%88%D8%AA%D9%88%D8%AB%DB%8C-%D9%85%D8%AF%D9%84-x35/","۴.۵","بازرگانی شاهد","عالی","","https://dkstatics-public.digikala.com/digikala-products/8ad0cd092357609f48f3e3036a63b72314a42590_1710085475.jpg?x-oss-process=image/resize,m_lfit,h_800,w_800/quality,q_90
https://dkstatics-public.digikala.com/digikala-products/597e08234dd4d6e57d3e357dd326394e5d4e7482_1710046825.jpg?x-oss-process=image/resize,m_lfit,h_800,w_800/quality,q_90
https://dkstatics-public.digikala.com/digikala-products/34fde45eef72f46b8d29cb85651b440413f83794_1709543765.jpg?x-oss-process=image/resize,m_lfit,h_800,w_800/quality,q_90
https://dkstatics-public.digikala.com/digikala-products/8ad0cd092357609f48f3e3036a63b72314a42590_1710085475.jpg?x-oss-process=image/resize,m_lfit,h_800,w_800/quality,q_90","","۱۵ دیدگاه","۹۹۰,۰۰۰","هندزفری بلوتوثی مدل  X35","قابلیت نویز کنسلینگفاقد قابلیت نویز کنسلینگفاقد قابلیت نویز کنسلینگنوع گوشیدو گوشیدو گوشینوع اتصالبی‌سیمبی‌سیمرابط‌هابلوتوثبلوتوث","مشخصاتنوع هدفون، هدست و هندزفریتو گوشی (Earbud/Earphone) سایر توضیحات اقلام همراه هدفون، هندزفری و هدست- قابلیت نویز کنسلینگفاقد قابلیت نویز کنسلینگ نوع گوشیدو گوشی وزن۱۰ گرمسایر مشخصاتدو گوشی
سری گیمینگ
دارای نویز کنسلینگ
کمترین تأخیر
بلوتوث ۵.۳
۱.۵ ساعت زمان لازم برای شارژ
دارای RGB
دارای قابلیت تاچ

برند: Other نوع اتصالبی‌سیم رابط‌هابلوتوث مناسب برایگیمینگ","هدفون، هدست و هندزفری","متفرقه","هدفون، هدست و هندزفری متفرقه"
"1771406017-283","https://www.digikala.com/search/category-headphone/","هدفون J5 مدل HS3303WE","۹۳,۵۰۰","۳.۵","۹۶,۰۰۰","۳٪","&nbsp;","","","","هدفون J5 مدل HS3303WE&nbsp;
۳.۵۳٪۹۳,۵۰۰۹۶,۰۰۰","https://www.digikala.com/product/dkp-900019/%D9%87%D8%AF%D9%81%D9%88%D9%86-j5-%D9%85%D8%AF%D9%84-hs3303we/","۳.۵","حامدامپراطور","خیلی خوب","هدفون HS3303WE از طریق جک 3.5 میلی‌متری صدا به تلفن‌همراه متصل می‌شود. این هدفون طراحی بسیار ساده‌ای دارد ولی صدای تولیدی آن با کیفیت است. هنگام گوش کردن به موسیقی توسط هدفون شاهد بیس خوب در آن خواهیم بود. کابل این هدفون دارای روکش پلاستیکی و با طول 1.2 متر است که مقدار بسیار مناسبی به شمار می‌رود. روی گوشی‌های این محصول سرگوشی‌های سیلیکونی تعبیه شده است که نرم هستند. این سرگوشی‌ها باعث می‌شوند که هدفون به خوبی در گوش قرار گیرد. همچنین از نشر صدا به محیط بیرون جلوگیری می‌ک ...","https://dkstatics-public.digikala.com/digikala-products/0603b72097cdf0d8bde479a404920e18e3962c1e_1754835744.jpg?x-oss-process=image/resize,m_lfit,h_800,w_800/quality,q_90
https://dkstatics-public.digikala.com/digikala-products/0603b72097cdf0d8bde479a404920e18e3962c1e_1754248664.jpg?x-oss-process=image/resize,m_lfit,h_800,w_800/quality,q_90
https://dkstatics-public.digikala.com/digikala-products/4188458.jpg?x-oss-process=image/resize,m_lfit,h_800,w_800/quality,q_90
https://dkstatics-public.digikala.com/digikala-products/0603b72097cdf0d8bde479a404920e18e3962c1e_1754835744.jpg?x-oss-process=image/resize,m_lfit,h_800,w_800/quality,q_90","","۱۵۱۵ دیدگاه","۹۵,۰۰۰","هدفون J5 مدل HS3303WE","نوع گوشیدو گوشیدو گوشینوع اتصالباسیمباسیمرابط‌هاجک 3.5 میلی‌متری صداجک 3.5 میلی‌متری صدا","مشخصاتپاسخ فرکانسی۲۰۰۰۰-۲۰ هرتزنوع گوشیدو گوشی وزن۱۴ گرمسایر مشخصاتپخش رسانه صوتی با دو خروجی دینامیک و کنترل کننده صدا نوع اتصالباسیم رابط‌هاجک ۳.۵ میلی‌متری صدا امپدانس۳۲ اهمحساسیت۹۰","هدفون، هدست و هندزفری","متفرقه","هدفون، هدست و هندزفری متفرقه"
"1771406019-284","https://www.digikala.com/search/category-headphone/","هدفون بلوتوثی آر ایکس مدل CozyPods30","۲,۴۹۵,۰۰۰","۴.۲","۵,۵۰۰,۰۰۰","۵۵٪","&nbsp;","","","","هدفون بلوتوثی آر ایکس مدل CozyPods30&nbsp;
۴.۲۵۵٪۲,۴۹۵,۰۰۰۵,۵۰۰,۰۰۰","https://www.digikala.com/product/dkp-21299384/%D9%87%D8%AF%D9%81%D9%88%D9%86-%D8%A8%D9%84%D9%88%D8%AA%D9%88%D8%AB%DB%8C-%D8%A2%D8%B1-%D8%A7%DB%8C%DA%A9%D8%B3-%D9%85%D8%AF%D9%84-cozypods30/","۴.۲","برزان","عالی","هدفون بلوتوثی آر ایکس مدل CozyPods30 یکی از جدیدترین سری های این برند است که با داشتن امکانات بالا توانسته است به فروش بسیار خوبی در بازار جهانی هم دست پیدا کند. این هدفون، یک محصول کاملا هوشمند است و صفحه نمایش روی کیس شارژ به شما امکان تنظیمات مختلفی از جمله از طرفی امکان رد کردن آهنگ، تنظیم صدای موسیقی، تنظیم اکولایز در حالت های مختلف، تنظیم آلارم، تنظیم نور صفحه نمایش، تغییر زبان، قابلیت Find My، استفاده به عنوان شاتر عکاسی گوشی و اضفه کردن اهنگ به علاقه مندی‌ها ارائه می‌ ...","https://dkstatics-public.digikala.com/digikala-products/2a99b69f8abdf118fe0deaebea5f16d2b019454a_1769087451.jpg?x-oss-process=image/resize,m_lfit,h_800,w_800/quality,q_90
https://dkstatics-public.digikala.com/digikala-products/d4663be50fdcfc54b9fea49c7c8c8b2d2013af07_1769087451.jpg?x-oss-process=image/resize,m_lfit,h_800,w_800/quality,q_90
https://dkstatics-public.digikala.com/digikala-products/06b879e09c30ee1634438a592794e47698878f04_1769087451.jpg?x-oss-process=image/resize,m_lfit,h_800,w_800/quality,q_90
https://dkstatics-public.digikala.com/digikala-products/2a99b69f8abdf118fe0deaebea5f16d2b019454a_1769087451.jpg?x-oss-process=image/resize,m_lfit,h_800,w_800/quality,q_90","","۱۷ دیدگاه","۵,۵۰۰,۰۰۰","هدفون بلوتوثی آر ایکس مدل CozyPods30","قابلیت نویز کنسلینگنویز کنسلینگ فعال (ANC)، نویز کنسلینگ میکروفون (ENC)، قابلیت پخش صدای محیطی (Transparency)نویز کنسلینگ فعال (ANC)، نویز کنسلینگ میکروفون (ENC)، قابلیت پخش صدای محیطی (Transparency)نوع گوشیدو گوشیدو گوشینوع اتصالبی‌سیمبی‌سیمرابط‌هابلوتوثبلوتوثقابلیت‌های مقاومتیمقاوم در برابر گرد و غبارمقاوم در برابر گرد و غبار","مشخصاتنوع هدفون، هدست و هندزفریتو گوشی (Earbud/Earphone) سایر توضیحات اقلام همراه هدفون، هندزفری و هدستهار عدد سرگوشی (سایزهای بسیار کوچک، کوچک، متوسط و بزرگ) / دفترچه راهنما / کابل شارژر ، بند کیس اقلام همراه هدفون، هندزفری و هدستکابل شارژ محفظه شارژ پد گوشی یدکی پاسخ فرکانسی۲۰-۲۰۰۰۰ هرتزقابلیت نویز کنسلینگنویز کنسلینگ فعال (ANC) نویز کنسلینگ میکروفون (ENC) قابلیت پخش صدای محیطی (Transparency) قطر درایور۱۰ میلی‌مترویژگی‌های خاصپشتیبانی از فرمان لمسی نمایشگر روی محفظه شارژ نوع گوشیدو گوشی عمر باتری۱۵ ساعت عمر باتری هدفون در حالت مکالمه۸ ساعتعمر باتری هدفون در حالت پخش موسیقی۶ ساعتزمان موردنیاز برای شارژ هدفون۱.۵ ساعتزمان مورد نیاز برای شارژ محفظه۱.۵ ساعتقابلیت‌های شارژشارژ باسیم شارژ بی‌سیم درگاه شارژUSB Type-C وزن۶۰ گرمنسخه بلوتوث۵.۴ سایر مشخصاتدارای صفحه نمایش ۲ اینچی / دارای قابلیت FIND MY برای هدفون‌ها / هدفون‌ها با ظرفیت باتری ۴۰ میلی آمپر ساعت جنس بدنهپلی کربنات نوع کابلUSB Type-C نوع اتصالبی‌سیم رابط‌هابلوتوث مناسب برایکاربری عمومی قابلیت‌های مقاومتیمقاوم در برابر گرد و غبار","هدفون، هدست و هندزفری","آر ایکس","هدفون، هدست و هندزفری آر ایکس"
"1771406021-285","https://www.digikala.com/search/category-headphone/","هدفون بلوتوثی مدل P9","۴۹۹,۰۰۰","۳.۷","","","&nbsp;","","","","هدفون بلوتوثی مدل P9&nbsp;
۳.۷۴۹۹,۰۰۰","https://www.digikala.com/product/dkp-6240405/%D9%87%D8%AF%D9%81%D9%88%D9%86-%D8%A8%D9%84%D9%88%D8%AA%D9%88%D8%AB%DB%8C-%D9%85%D8%AF%D9%84-p9/","۳.۷","مبین پخش","عالی","هدفون بلوتوثی","https://dkstatics-public.digikala.com/digikala-products/93db2b7945fbff4fba111814e40cba104f081fe7_1754245889.jpg?x-oss-process=image/resize,m_lfit,h_800,w_800/quality,q_90
https://dkstatics-public.digikala.com/digikala-products/93db2b7945fbff4fba111814e40cba104f081fe7_1754245889.jpg?x-oss-process=image/resize,m_lfit,h_800,w_800/quality,q_90
https://dkstatics-public.digikala.com/digikala-products/be9fd7e6e9cef2f28c8bcd4ac9cb83324113f8cc_1630133027.jpg?x-oss-process=image/resize,m_lfit,h_800,w_800/quality,q_90
https://dkstatics-public.digikala.com/digikala-products/93db2b7945fbff4fba111814e40cba104f081fe7_1754245889.jpg?x-oss-process=image/resize,m_lfit,h_800,w_800/quality,q_90","","۴۸۱ دیدگاه","۴۹۹,۰۰۰","هدفون بلوتوثی مدل P9","نوع گوشیدو گوشیدو گوشینوع اتصالبلوتوثبلوتوثرابط‌هاشیار کارت حافظهشیار کارت حافظه","مشخصاتسایر توضیحات اقلام همراه هدفون، هندزفری و هدستندارد پاسخ فرکانسی۲۰-۲۰۰۰۰ هرتزقطر درایور۴۰ میلی‌مترمحدوده عملکردتا ۱۰ متر  مترنوع گوشیدو گوشی عمر باتری هدفون در حالت پخش موسیقی۱۰ ساعتزمان موردنیاز برای شارژ هدفون۲ ساعتنسخه بلوتوث۳.۰ ظرفیت باتری۴۰۰ میلی‌آمپر‌ساعتنوع اتصالبلوتوث رابط‌هاشیار کارت حافظه امپدانس۳۲ اهممناسب برایورزش","هدفون، هدست و هندزفری","متفرقه","هدفون، هدست و هندزفری متفرقه"
"1771406024-286","https://www.digikala.com/search/category-headphone/","هدفون بلوتوثی وونک مدل pror3","۱,۵۰۰,۰۰۰","۴.۳","۲,۲۵۰,۰۰۰","۳۳٪","موجود در انبار دیجی کالا","","https://www.digikala.com/statics/img/svg/productCard/topBadge/SpecialSell.svg","https://www.digikala.com/statics/img/svg/productCard/topBadge/SpecialSell.svg","هدفون بلوتوثی وونک مدل pror3موجود در انبار دیجی کالا
۴.۳۳۳٪۱,۵۰۰,۰۰۰۲,۲۵۰,۰۰۰","https://www.digikala.com/product/dkp-20444240/%D9%87%D8%AF%D9%81%D9%88%D9%86-%D8%A8%D9%84%D9%88%D8%AA%D9%88%D8%AB%DB%8C-%D9%88%D9%88%D9%86%DA%A9-%D9%85%D8%AF%D9%84-pror3/","۴.۳","آوا هدفون ایران","عالی","هدفون بلوتوثی وونک MV3 ، به همراه کاور کیس سیلیکون ، محصول جدید شرکت VONK ، طراحی شیک و زیبا و با کاور کیس سیلیکون در چند رنگ به بازار عرضه شده است . 
توجه: در نظر داشته باشید رنگ این هدفون سفید میباشد و رنگ مربوط به کاور کیس سیلیکون آن میباشد . ساختار گوشی این هدفون باعث شده که به راحتی درون گوش جای بگیرد؛ و برای گوش دادن به موسیقی ، دیدن فیلم و گیم گزینه ای مناسب باشد. 
اگر تاکنون تجربه استفاده از این نوع هدفون را ندارید به احتمال زیاد این سوال در ذهن شما به وجود آمده که آ ...","https://dkstatics-public.digikala.com/digikala-products/f9ed94df345bf67dd2daf691608fa817f0c9d085_1757939384.jpg?x-oss-process=image/resize,m_lfit,h_800,w_800/quality,q_90
https://dkstatics-public.digikala.com/digikala-products/7ab28d371fa203b1bd5111389f9d5c39254705e7_1757939272.jpg?x-oss-process=image/resize,m_lfit,h_800,w_800/quality,q_90
https://dkstatics-public.digikala.com/digikala-products/3869603fd65c507c674b7ad08a10c7daaae100e6_1757939272.jpg?x-oss-process=image/resize,m_lfit,h_800,w_800/quality,q_90
https://dkstatics-public.digikala.com/digikala-products/f9ed94df345bf67dd2daf691608fa817f0c9d085_1757939384.jpg?x-oss-process=image/resize,m_lfit,h_800,w_800/quality,q_90","","۳۳ دیدگاه","۲,۲۵۰,۰۰۰","هدفون بلوتوثی وونک مدل pror3","قابلیت نویز کنسلینگفاقد قابلیت نویز کنسلینگفاقد قابلیت نویز کنسلینگنوع گوشیدو گوشیدو گوشینوع اتصالبی‌سیمبی‌سیمرابط‌هابلوتوثبلوتوثقابلیت‌های مقاومتیمقاوم در برابر گرد و غبارمقاوم در برابر گرد و غبار","مشخصاتنوع هدفون، هدست و هندزفریتو گوشی (Earbud/Earphone) سایر توضیحات اقلام همراه هدفون، هندزفری و هدست-کابل شارژ
-گیره نگهدارنده
-دفترچه راهنما
-کاور سیلیکونی با رنگی که شما سفارش میدهید اقلام همراه هدفون، هندزفری و هدستکابل شارژ محفظه شارژ منبع انرژیباتری قابل شارژ پاسخ فرکانسی۲۰-۲۰۰۰۰ هرتزقابلیت نویز کنسلینگفاقد قابلیت نویز کنسلینگ ویژگی‌های خاصپشتیبانی از فرمان لمسی محدوده عملکرد۱۰ مترنوع آکوستیکباز نیمه‌باز نیمه‌بسته نوع گوشیدو گوشی عمر باتری هدفون در حالت مکالمه۴ ساعتعمر باتری هدفون در حالت استندبای۹۰۰ عمر باتری هدفون در حالت پخش موسیقی۴ ساعتعمر باتری محفظه شارژ۱۲ ساعتزمان موردنیاز برای شارژ هدفون۰:۳۰ ساعتقابلیت‌های شارژشارژ باسیم درگاه شارژLightning مشخصات باتریباتری لیتیوم یون قابل شارژ وزن۳.۴ گرمنسخه بلوتوث۵.۳ سایر مشخصاتکیس نگهدارنده این هدفون علاوه بر شارژ هدفونها به صورت پاوربانک نیز عمل می کند و زمانی که شارژ هدفونها به پایان رسید با گذاشتن آنها در کیس بدون نیاز به منبع برق گوشی ها را شارژ می کند. جنس بدنهپلاستیک نوع کابللایتنینگ نوع اتصالبی‌سیم رابط‌هابلوتوث امپدانس۳۲ اهممناسب برایکاربری عمومی قابلیت‌های مقاومتیمقاوم در برابر گرد و غبار نسبت سیگنال به نویز۹۳ دسی‌بل","هدفون، هدست و هندزفری","وونک","هدفون، هدست و هندزفری وونک"
"1771406027-287","https://www.digikala.com/search/category-headphone/","هدفون بی سیم مدل AIRPODS PRO V5.3 2000","۱,۱۰۰,۰۰۰","۳.۶","","","تنها ۲ عدد در انبار باقی مانده","","","","غیراصل

هدفون بی سیم مدل AIRPODS PRO V5.3 2000تنها ۲ عدد در انبار باقی مانده
۳.۶۱,۱۰۰,۰۰۰","https://www.digikala.com/product/dkp-16626452/%D9%87%D8%AF%D9%81%D9%88%D9%86-%D8%A8%DB%8C-%D8%B3%DB%8C%D9%85-%D9%85%D8%AF%D9%84-airpods-pro-v53-2000/","۳.۶","شاپ دوز","خیلی خوب","","https://dkstatics-public.digikala.com/digikala-products/b9d292233276e6dc19a6bd998b71624f571cdab9_1725997586.jpg?x-oss-process=image/resize,m_lfit,h_800,w_800/quality,q_90
https://dkstatics-public.digikala.com/digikala-products/8a01cae2b8f0a452b2da2fa4fbd29e378db5a5fc_1725997586.jpg?x-oss-process=image/resize,m_lfit,h_800,w_800/quality,q_90
https://dkstatics-public.digikala.com/digikala-products/e2a52ed371ddeeb5ca29a4ccef4c7fafced954ee_1725997586.jpg?x-oss-process=image/resize,m_lfit,h_800,w_800/quality,q_90","","۲۸ دیدگاه","۲,۰۰۰,۰۰۰","هدفون بی سیم مدل AIRPODS PRO V5.3 2000","نوع گوشیدو گوشیدو گوشینوع اتصالبی‌سیمبی‌سیمرابط‌هابلوتوثبلوتوث","مشخصاتنوع هدفون، هدست و هندزفریTWS (True Wireless Stereo) سایر توضیحات اقلام همراه هدفون، هندزفری و هدستcharging cable نوع گوشیدو گوشی نوع اتصالبی‌سیم رابط‌هابلوتوث مناسب برایکاربری عمومی","هدفون، هدست و هندزفری","متفرقه","هدفون، هدست و هندزفری متفرقه"
"1771406029-288","https://www.digikala.com/search/category-headphone/","هندزفری یونیفا مدل U19","۹۹,۰۰۰","۳.۵","","","&nbsp;","","https://dkstatics-public.digikala.com/digikala-products/428ed9def4536443e86405e0347b7642e646032b_1713790704.jpg?x-oss-process=image/resize,m_lfit,h_300,w_300/quality,q_80","","هندزفری یونیفا مدل U19&nbsp;
۳.۵۹۹,۰۰۰","https://www.digikala.com/product/dkp-15217340/%D9%87%D9%86%D8%AF%D8%B2%D9%81%D8%B1%DB%8C-%DB%8C%D9%88%D9%86%DB%8C%D9%81%D8%A7-%D9%85%D8%AF%D9%84-u19/","۳.۵","دیجیتال سپاهان","عالی","","https://dkstatics-public.digikala.com/digikala-products/428ed9def4536443e86405e0347b7642e646032b_1713790704.jpg?x-oss-process=image/resize,m_lfit,h_800,w_800/quality,q_90
https://dkstatics-public.digikala.com/digikala-products/1b3768ef054cb0053bef7cedf58db03572aac8a2_1713790702.jpg?x-oss-process=image/resize,m_lfit,h_800,w_800/quality,q_90
https://dkstatics-public.digikala.com/digikala-products/966386467d1ee9b4bab10a7147caf95d1699d1a8_1713790700.jpg?x-oss-process=image/resize,m_lfit,h_800,w_800/quality,q_90
https://dkstatics-public.digikala.com/digikala-products/b11abba7673996f4c2ced3ec0e91fd94b568bbd1_1713790701.jpg?x-oss-process=image/resize,m_lfit,h_800,w_800/quality,q_90","","۱۳۶ دیدگاه","۹۹,۰۰۰","هندزفری یونیفا مدل U19","نوع گوشیدو گوشیدو گوشینوع اتصالبا سیمبا سیمرابط‌هاجک 3.5 میلی‌متری خروجی صداجک 3.5 میلی‌متری خروجی صدا","مشخصاتسایر توضیحات اقلام همراه هدفون، هندزفری و هدستندارد پاسخ فرکانسی۲۰ تا ۲۰۰۰۰ هرتزقطر درایور۱۰ میلی‌مترنوع گوشیدو گوشی سایر مشخصات- اتصال با سیم از طریق رابط جک ۳٫۵ میلی متری صدا به موبایل، تبلت و .... | - درایو ۱۰ میلی متری و توان خروجی RMS سه میلی وات، کسب استاندارد FCC | - دارای کابل با طول ۱۲۰ سانتی متر و روکش از جنس TPE مقاوم در برابر کشش و پارگی | - مجهز به میکروفون داخلی جهت برقراری مکالمه و کلید فیزیکی برای مدیریت تماس دریافتی | - حساسیت سیگنال به نویز ۹۸ دسی بل، امپدانس ۳۲ اهمی و محدوده پاسخ فرکانسی ۲۰ هرتز الی ۲۰ کیلوهرتز نوع کابل۳.۵ میلی‌متر نوع اتصالبا سیم رابط‌هاجک ۳.۵ میلی‌متری خروجی صدا امپدانس۳۲ اهممناسب برایکاربری عمومی نسبت سیگنال به نویز۹۸ دسی‌بل","هدفون، هدست و هندزفری","متفرقه","هدفون، هدست و هندزفری متفرقه"
"1771406031-289","https://www.digikala.com/search/category-headphone/","هدفون بلوتوثی مدل P39 2021","۷۴۵,۰۰۰","۳.۷","","","&nbsp;","","https://dkstatics-public.digikala.com/digikala-products/35f4844908db639f14fad966e34825c59ccc3938_1745760224.jpg?x-oss-process=image/resize,m_lfit,h_300,w_300/quality,q_80","","هدفون بلوتوثی مدل P39 2021&nbsp;
۳.۷۷۴۵,۰۰۰","https://www.digikala.com/product/dkp-4228930/%D9%87%D8%AF%D9%81%D9%88%D9%86-%D8%A8%D9%84%D9%88%D8%AA%D9%88%D8%AB%DB%8C-%D9%85%D8%AF%D9%84-p39-2021/","۳.۷","موبایل  بیست میرزایی","عالی","از ارزون های بازار🤨🫤","https://dkstatics-public.digikala.com/digikala-products/35f4844908db639f14fad966e34825c59ccc3938_1745760224.jpg?x-oss-process=image/resize,m_lfit,h_800,w_800/quality,q_90
https://dkstatics-public.digikala.com/digikala-products/35f4844908db639f14fad966e34825c59ccc3938_1745760224.jpg?x-oss-process=image/resize,m_lfit,h_800,w_800/quality,q_90
https://dkstatics-public.digikala.com/digikala-products/5ec284a09a2367deaf00690fd3c7d847672135d8_1610534871.jpg?x-oss-process=image/resize,m_lfit,h_800,w_800/quality,q_90
https://dkstatics-public.digikala.com/digikala-products/35f4844908db639f14fad966e34825c59ccc3938_1745760224.jpg?x-oss-process=image/resize,m_lfit,h_800,w_800/quality,q_90","","۳۳۰۰ دیدگاه","۶۵۰,۰۰۰","هدفون بلوتوثی مدل P39 2021","نوع گوشیدو گوشیدو گوشینوع اتصالبا سیم، بلوتوثبا سیم، بلوتوثرابط‌هاجک 2.5 میلی‌متری صدا، شیار کارت حافظهجک 2.5 میلی‌متری صدا، شیار کارت حافظه","مشخصاتسایر توضیحات اقلام همراه هدفون، هندزفری و هدستکابل شارژ محدوده عملکرد۱۰ متر مترنوع گوشیدو گوشی عمر باتری هدفون در حالت مکالمه۱۰ ساعتعمر باتری هدفون در حالت استندبای۱۸۰ عمر باتری هدفون در حالت پخش موسیقی۱۰ ساعتزمان موردنیاز برای شارژ هدفون۱ ساعتوزن۱۵۵ گرمنسخه بلوتوث۵.۰ نوع اتصالبا سیم بلوتوث رابط‌هاجک ۲.۵ میلی‌متری صدا شیار کارت حافظه امپدانس۳۲ اهممناسب برایورزش","هدفون، هدست و هندزفری","متفرقه","هدفون، هدست و هندزفری متفرقه"
"1771406033-290","https://www.digikala.com/search/category-headphone/","هندزفری سیمی وریتی  مدل V-E101","۴۷۰,۰۰۰","۴.۸","","","تنها ۱ عدد در انبار باقی مانده","","","","هندزفری سیمی وریتی  مدل V-E101تنها ۱ عدد در انبار باقی مانده
۴.۸۴۷۰,۰۰۰","https://www.digikala.com/product/dkp-19008547/%D9%87%D9%86%D8%AF%D8%B2%D9%81%D8%B1%DB%8C-%D8%B3%DB%8C%D9%85%DB%8C-%D9%88%D8%B1%DB%8C%D8%AA%DB%8C-%D9%85%D8%AF%D9%84-v-e101/","۴.۸","موبی کالا اصفهان","عالی","اتصال با سیم از طریق رابط جک 3.5 میلی متری صدا با کابل 120 سانتی متری و روکش ساخته شده از جنس الیاف بهم بافته شده

دارای میکروفون داخلی به منظور مکالمه و کلید فیزیکی به منظور مدیریت موسیقی و مکالمه

پاسخ فرکانسی در رنج داینامیکی ۲۰ هرتز الی ۲۰ کیلوهرتز و حساسیت 5±124 دسی بل

مجهز به درایو 12 میلی متری، با امپدانس 16 اهم، دارای سری های سیلیکونی","https://dkstatics-public.digikala.com/digikala-products/13d16e1359eb998db19568bb84f0f623643ae9e9_1745210874.jpg?x-oss-process=image/resize,m_lfit,h_800,w_800/quality,q_90
https://dkstatics-public.digikala.com/digikala-products/ffafbc12257bc38c37efe3b4bf5b183068ec0bcd_1745210874.jpg?x-oss-process=image/resize,m_lfit,h_800,w_800/quality,q_90
https://dkstatics-public.digikala.com/digikala-products/23ffa520999232de749d87cf66c957df32c11f74_1745210874.jpg?x-oss-process=image/resize,m_lfit,h_800,w_800/quality,q_90","","۲ دیدگاه","۴۷۰,۰۰۰","هندزفری سیمی وریتی  مدل V-E101","قابلیت نویز کنسلینگفاقد قابلیت نویز کنسلینگفاقد قابلیت نویز کنسلینگنوع گوشیدو گوشیدو گوشینوع اتصالبا سیمبا سیمرابط‌هاجک 3.5 میلی‌متری صداجک 3.5 میلی‌متری صدا","مشخصاتنوع هدفون، هدست و هندزفریتو گوشی (Earbud/Earphone) اقلام همراه هدفون، هندزفری و هدستبدون اقلام همراه قابلیت نویز کنسلینگفاقد قابلیت نویز کنسلینگ ویژگی‌های خاصبدون ویژگی خاص نوع گوشیدو گوشی قابلیت‌های شارژبدون قابلیت شارژ درگاه شارژبدون قابلیت شارژ نوع اتصالبا سیم رابط‌هاجک ۳.۵ میلی‌متری صدا مناسب برایکاربری عمومی","هدفون، هدست و هندزفری","وریتی","هدفون، هدست و هندزفری وریتی"
"1771406036-291","https://www.digikala.com/search/category-headphone/","هدفون بلوتوثی آر ایکس مدل TWS- EARBUDS30 DISPLAY","۲,۵۵۵,۵۰۰","۳.۹","۵,۵۰۰,۰۰۰","۵۴٪","&nbsp;","","","","هدفون بلوتوثی آر ایکس مدل TWS- EARBUDS30 DISPLAY&nbsp;
۳.۹۵۴٪۲,۵۵۵,۵۰۰۵,۵۰۰,۰۰۰","https://www.digikala.com/product/dkp-21299454/%D9%87%D8%AF%D9%81%D9%88%D9%86-%D8%A8%D9%84%D9%88%D8%AA%D9%88%D8%AB%DB%8C-%D8%A2%D8%B1-%D8%A7%DB%8C%DA%A9%D8%B3-%D9%85%D8%AF%D9%84-tws-earbuds30-display/","۳.۹","اهورایی","عالی","هدست بلوتوس آر ایکس مدل TWS- EARBUDS30 DISPLAY با طراحی مشابه نسخه قبلی عرضه شده است، اما با بهبودهایی که تجربه کاربری را به سطح بالاتری ارتقا داده است. این محصول از جنس پلاستیک باکیفیت ساخته شده و در مقابل آب و عرق مقاومت دارد. اندازه و وزن مناسب این هندزفری‌ها باعث می‌شود که به راحتی در گوش قرار بگیرند و در طولانی مدت احساس ناراحتی نکنید. طراحی کیس شارژ نیز با دقت و ظرافت انجام شده است. یکی از مهم‌ترین تغییرات در این نسل، اضافه شدن یک صفحه نمایش LCD کوچک به کیس شارژ است. ای ...","https://dkstatics-public.digikala.com/digikala-products/d4663be50fdcfc54b9fea49c7c8c8b2d2013af07_1769088651.jpg?x-oss-process=image/resize,m_lfit,h_800,w_800/quality,q_90
https://dkstatics-public.digikala.com/digikala-products/fd243b092a5b95ecd23ff047720a7d3357748d8e_1769088651.jpg?x-oss-process=image/resize,m_lfit,h_800,w_800/quality,q_90
https://dkstatics-public.digikala.com/digikala-products/2a99b69f8abdf118fe0deaebea5f16d2b019454a_1769088651.jpg?x-oss-process=image/resize,m_lfit,h_800,w_800/quality,q_90
https://dkstatics-public.digikala.com/digikala-products/d4663be50fdcfc54b9fea49c7c8c8b2d2013af07_1769088651.jpg?x-oss-process=image/resize,m_lfit,h_800,w_800/quality,q_90","","۲۰ دیدگاه","۵,۵۰۰,۰۰۰","هدفون بلوتوثی آر ایکس مدل TWS- EARBUDS30 DISPLAY","قابلیت نویز کنسلینگنویز کنسلینگ فعال (ANC)، نویز کنسلینگ میکروفون (ENC)، قابلیت پخش صدای محیطی (Transparency)نویز کنسلینگ فعال (ANC)، نویز کنسلینگ میکروفون (ENC)، قابلیت پخش صدای محیطی (Transparency)نوع گوشیدو گوشیدو گوشینوع اتصالبی‌سیمبی‌سیمرابط‌هابلوتوثبلوتوث","مشخصاتنوع هدفون، هدست و هندزفریتو گوشی (Earbud/Earphone) سایر توضیحات اقلام همراه هدفون، هندزفری و هدستچهار عدد سرگوشی (سایزهای بسیار کوچک، کوچک، متوسط و بزرگ) / دفترچه راهنما / کابل شارژر ، بند کیس اقلام همراه هدفون، هندزفری و هدستکابل شارژ محفظه شارژ پد گوشی یدکی قابلیت نویز کنسلینگنویز کنسلینگ فعال (ANC) نویز کنسلینگ میکروفون (ENC) قابلیت پخش صدای محیطی (Transparency) ویژگی‌های خاصپشتیبانی از فرمان لمسی نمایشگر روی محفظه شارژ نوع گوشیدو گوشی عمر باتری هدفون در حالت مکالمه۱۰ ساعتعمر باتری هدفون در حالت پخش موسیقی۷ ساعتزمان موردنیاز برای شارژ هدفون۱.۵ ساعتزمان مورد نیاز برای شارژ محفظه۱.۵ ساعتقابلیت‌های شارژشارژ باسیم شارژ بی‌سیم درگاه شارژUSB Type-C وزن۶۰ گرمنسخه بلوتوث۵.۴ سایر مشخصاتعملکرد بی‌نظیر باتری. صفحه نمایش LCD جدید بر روی کیس شارژ. طراحی زیبا، کیفیت صدای بی‌نظیر، قابلیت‌های پیشرفته مانند ANC و ENC، به همراه صفحه نمایش LCD بر روی کیس شارژ، جنس بدنهپلی کربنات نوع کابلUSB Type-C نوع اتصالبی‌سیم رابط‌هابلوتوث مناسب برایکاربری عمومی","هدفون، هدست و هندزفری","آر ایکس","هدفون، هدست و هندزفری آر ایکس"
"1771406038-292","https://www.digikala.com/search/category-headphone/","هدفون بلوتوثی وونک مدل NP-34","۱,۳۹۵,۰۰۰","۴.۶","۲,۷۰۰,۰۰۰","۴۸٪","تنها ۳ عدد در انبار باقی مانده","","","","هدفون بلوتوثی وونک مدل NP-34تنها ۳ عدد در انبار باقی مانده
۴.۶۴۸٪۱,۳۹۵,۰۰۰۲,۷۰۰,۰۰۰%فروش رفته۲۷ : ۴۸ : ۰۲","https://www.digikala.com/product/dkp-17997830/%D9%87%D8%AF%D9%81%D9%88%D9%86-%D8%A8%D9%84%D9%88%D8%AA%D9%88%D8%AB%DB%8C-%D9%88%D9%88%D9%86%DA%A9-%D9%85%D8%AF%D9%84-np-34/","۴.۶","پارس هدفون","عالی","هدست بلوتوثی وونک NP34، به همراه کاور کیس سیلیکون ، محصول جدید شرکت VONK ، طراحی شیک و زیبا و با کاور کیس سیلیکون در چند رنگ به بازار عرضه شده است . توجه: در نظر داشته باشید رنگی ایرپادز سفید میباشد و رنگ مربوط به کاور کیس سیلیکون آن میباشد . ساختار گوشی این هدفون باعث شده که به راحتی درون گوش جای بگیرد؛ و برای گوش دادن به موسیقی ، دیدن فیلم و گیم گزینه ای مناسب باشد. اگر تاکنون تجربه استفاده از ایرپاد را ندارید به احتمال زیاد این سوال در ذهن شما به وجود آمده که آیا آن‌ها واق ...","https://dkstatics-public.digikala.com/digikala-products/4042b2ba0290a29c9162a35fba2654aacdc614b2_1737200844.jpg?x-oss-process=image/resize,m_lfit,h_800,w_800/quality,q_90
https://dkstatics-public.digikala.com/digikala-products/5adc0be045e0bee29f6cb14daf5c426bb7ce6dbf_1736690223.jpg?x-oss-process=image/resize,m_lfit,h_800,w_800/quality,q_90
https://dkstatics-public.digikala.com/digikala-products/9bbf0036dcc865caab87efaf7119e21a305fd92a_1736690223.jpg?x-oss-process=image/resize,m_lfit,h_800,w_800/quality,q_90
https://dkstatics-public.digikala.com/digikala-products/4042b2ba0290a29c9162a35fba2654aacdc614b2_1737200844.jpg?x-oss-process=image/resize,m_lfit,h_800,w_800/quality,q_90","","۴۷ دیدگاه","۲,۷۰۰,۰۰۰","هدفون بلوتوثی وونک مدل NP-34","قابلیت نویز کنسلینگفاقد قابلیت نویز کنسلینگفاقد قابلیت نویز کنسلینگنوع گوشیدو گوشیدو گوشینوع اتصالبی‌سیمبی‌سیمرابط‌هابلوتوثبلوتوثقابلیت‌های مقاومتیمقاوم در برابر گرد و غبارمقاوم در برابر گرد و غبار","مشخصاتنوع هدفون، هدست و هندزفریTWS (True Wireless Stereo) سایر توضیحات اقلام همراه هدفون، هندزفری و هدست-کابل شارژ
-گیره نگهدارنده
-دفترچه راهنما
-کاور سیلیکونی با رنگی که شما سفارش میدهید
-آداپتور شارژ پاسخ فرکانسی۲۰-۲۰۰۰۰ هرتزقابلیت نویز کنسلینگفاقد قابلیت نویز کنسلینگ قطر درایور۱۰ میلی‌مترمحدوده عملکرد۱۰ متر مترنوع آکوستیکباز نیمه‌باز نیمه‌بسته نوع گوشیدو گوشی عمر باتری هدفون در حالت مکالمه۵ ساعتعمر باتری هدفون در حالت استندبای۱۵۰۰ عمر باتری هدفون در حالت پخش موسیقی۶ ساعتعمر باتری محفظه شارژ۱۸ ساعتزمان موردنیاز برای شارژ هدفون۰:۳۰ ساعتزمان مورد نیاز برای شارژ محفظه۱:۳۰ ساعتوزن۳.۴ گرمنسخه بلوتوث۵.۳ سایر مشخصاتکیس نگهدارنده این ایرپاد، علاوه بر شارژ گوشی ها به صورت پاوربانک نیز عمل می کند و زمانی که شارژ گوشی ها به پایان رسید با گذاشتن آنها در کیس بدون نیاز به منبع برق گوشی ها را شارژ می کند.
سازگار با : اندروید ، IOS ، شیائومی ، سامسونگ و آیفون جنس بدنهپلاستیک ظرفیت باتری۱۱۰ میلی‌آمپر‌ساعتنوع کابللایتنینگ نوع اتصالبی‌سیم رابط‌هابلوتوث امپدانس۳۲ اهممناسب برایکاربری عمومی قابلیت‌های مقاومتیمقاوم در برابر گرد و غبار نسبت سیگنال به نویز۹۳ دسی‌بل","هدفون، هدست و هندزفری","وونک","هدفون، هدست و هندزفری وونک"
"1771406040-293","https://www.digikala.com/search/category-headphone/","هندزفری مدل AKG-J1","۱۲۱,۰۰۰","۳.۸","","","تنها ۱ عدد در انبار باقی مانده","","","","غیراصل

هندزفری مدل AKG-J1تنها ۱ عدد در انبار باقی مانده
۳.۸۱۲۱,۰۰۰","https://www.digikala.com/product/dkp-11584285/%D9%87%D9%86%D8%AF%D8%B2%D9%81%D8%B1%DB%8C-%D9%85%D8%AF%D9%84-akg-j1/","۳.۸","بازرگانی استایل لند","عالی","","https://dkstatics-public.digikala.com/digikala-products/fc5a4491a210efc8a09f1c46cd88b516542454b9_1687884403.jpg?x-oss-process=image/resize,m_lfit,h_800,w_800/quality,q_90
https://dkstatics-public.digikala.com/digikala-products/81ab85ec4a4cd23c193abff7eadc2149385e21d3_1686076376.jpg?x-oss-process=image/resize,m_lfit,h_800,w_800/quality,q_90
https://dkstatics-public.digikala.com/digikala-products/7466d0598d7299ec8a4bd5cfb1a4db1141d036dc_1687884407.jpg?x-oss-process=image/resize,m_lfit,h_800,w_800/quality,q_90
https://dkstatics-public.digikala.com/digikala-products/fc5a4491a210efc8a09f1c46cd88b516542454b9_1687884403.jpg?x-oss-process=image/resize,m_lfit,h_800,w_800/quality,q_90","","۱۴۶ دیدگاه","۱۱۱,۶۱۰","هندزفری مدل AKG-J1","نوع گوشیدو گوشیدو گوشینوع اتصالبا سیمبا سیمرابط‌هاAUXAUX","مشخصاتسایر توضیحات اقلام همراه هدفون، هندزفری و هدستهندزفری خوش صدا و با داوام با صدای بلند می باشد نوع گوشیدو گوشی نوع اتصالبا سیم رابط‌هاAUX مناسب برایآقایان و بانوان","هدفون، هدست و هندزفری","متفرقه","هدفون، هدست و هندزفری متفرقه"
"1771406042-294","https://www.digikala.com/search/category-headphone/","هدفون بی سیم انکر مدل SUS APTX R50i ADJUST","۱,۸۹۵,۰۰۰","۴.۳","","","ارسال سریع دیجی‌کالا","","","","هدفون بی سیم انکر مدل SUS APTX R50i ADJUSTارسال سریع دیجی‌کالا
۴.۳۱,۸۹۵,۰۰۰","https://www.digikala.com/product/dkp-16023674/%D9%87%D8%AF%D9%81%D9%88%D9%86-%D8%A8%DB%8C-%D8%B3%DB%8C%D9%85-%D8%A7%D9%86%DA%A9%D8%B1-%D9%85%D8%AF%D9%84-sus-aptx-r50i-adjust/","۴.۳","نوین جهش","عالی","","https://dkstatics-public.digikala.com/digikala-products/2d9400fc47ac469f6ad90b8c112ad158f3bcd344_1754235521.jpg?x-oss-process=image/resize,m_lfit,h_800,w_800/quality,q_90
https://dkstatics-public.digikala.com/digikala-products/2d9400fc47ac469f6ad90b8c112ad158f3bcd344_1754235521.jpg?x-oss-process=image/resize,m_lfit,h_800,w_800/quality,q_90
https://dkstatics-public.digikala.com/digikala-products/b989857628d43d3c60f29a2317e98107404843b3_1720597598.jpg?x-oss-process=image/resize,m_lfit,h_800,w_800/quality,q_90
https://dkstatics-public.digikala.com/digikala-products/2d9400fc47ac469f6ad90b8c112ad158f3bcd344_1754235521.jpg?x-oss-process=image/resize,m_lfit,h_800,w_800/quality,q_90","","۲۷۵ دیدگاه","۱,۸۹۵,۰۰۰","هدفون بی سیم انکر مدل SUS APTX R50i ADJUST","نوع گوشیدو گوشیدو گوشینوع اتصالبی‌سیمبی‌سیمرابط‌هابلوتوثبلوتوث","مشخصاتابعاد۱۸۰×۹۰×۳۰ میلی‌مترسایر توضیحات اقلام همراه هدفون، هندزفری و هدستکابل نوع گوشیدو گوشی نوع اتصالبی‌سیم رابط‌هابلوتوث مناسب برایکاربری عمومی","هدفون، هدست و هندزفری","انکر","هدفون، هدست و هندزفری انکر"
"1771406044-295","https://www.digikala.com/search/category-headphone/","هدفون مخصوص بازی بلوتوثی لنوو مدل FAT XT92 QAZ","۱,۱۰۰,۰۰۰","۴.۱","","","&nbsp;","","","","هدفون مخصوص بازی بلوتوثی لنوو مدل FAT XT92 QAZ&nbsp;
۴.۱۱,۱۰۰,۰۰۰","https://www.digikala.com/product/dkp-7307978/%D9%87%D8%AF%D9%81%D9%88%D9%86-%D9%85%D8%AE%D8%B5%D9%88%D8%B5-%D8%A8%D8%A7%D8%B2%DB%8C-%D8%A8%D9%84%D9%88%D8%AA%D9%88%D8%AB%DB%8C-%D9%84%D9%86%D9%88%D9%88-%D9%85%D8%AF%D9%84-fat-xt92-qaz/","۴.۱","عصر صدا","عالی","کیفیتِ ساختِ خوب؛اما...","https://dkstatics-public.digikala.com/digikala-products/f9cfb0b1111f326ee9e21dbfe39f04b94659d00a_1745760233.jpg?x-oss-process=image/resize,m_lfit,h_800,w_800/quality,q_90
https://dkstatics-public.digikala.com/digikala-products/f9cfb0b1111f326ee9e21dbfe39f04b94659d00a_1745760233.jpg?x-oss-process=image/resize,m_lfit,h_800,w_800/quality,q_90
https://dkstatics-public.digikala.com/digikala-products/c320d21a7521f6f9de8f0411c7f3cbc4747e1ecf_1639417581.jpg?x-oss-process=image/resize,m_lfit,h_800,w_800/quality,q_90
https://dkstatics-public.digikala.com/digikala-products/9788bb4042c4e5ca20f4d8efe2898f3f08807e52_1678545642.jpg?x-oss-process=image/resize,m_lfit,h_800,w_800/quality,q_90
https://dkstatics-public.digikala.com/digikala-products/f9cfb0b1111f326ee9e21dbfe39f04b94659d00a_1745760233.jpg?x-oss-process=image/resize,m_lfit,h_800,w_800/quality,q_90","","۱۵۰۹ دیدگاه","۱,۱۰۰,۰۰۰","هدفون مخصوص بازی بلوتوثی لنوو مدل FAT XT92 QAZ","نوع گوشیدو گوشیدو گوشینوع اتصالبی‌سیمبی‌سیمرابط‌هاUSB Type-CUSB Type-Cقابلیت‌های مقاومتیمقاوم در برابر رطوبت و عرقمقاوم در برابر رطوبت و عرق","مشخصاتابعاد- میلی‌مترسایر توضیحات اقلام همراه هدفون، هندزفری و هدستکابل USB-C

 محدوده عملکردبیش از ۱۰ متر مترنوع گوشیدو گوشی عمر باتری۳۲ ساعت به همراه کیس عمر باتری هدفون در حالت مکالمه۴ ساعتعمر باتری هدفون در حالت استندبای۳۲ عمر باتری هدفون در حالت پخش موسیقی۴ ساعتزمان موردنیاز برای شارژ هدفون۱.۵ ساعتزمان مورد نیاز برای شارژ محفظه۲ ساعتوزن۱۱۰ گرمنسخه بلوتوث۵.۱ سایر مشخصاتکنترل لمسی، دارای طراحی گیمینگ و مناسب بازی از جمله گرفتن صدای پا و جزئیات در بازی، مناسب دویدن و ورزش، دارای نورپردازی بسیار زیبا به رنگ سبز جنس بدنهپلی کربنات ظرفیت باتری۳۰۰ میلی‌آمپر‌ساعتنوع اتصالبی‌سیم رابط‌هاUSB Type-C امپدانس۳۲ اهممناسب برایکاربری عمومی قابلیت‌های مقاومتیمقاوم در برابر رطوبت و عرق حساسیت۴۰","هدفون، هدست و هندزفری","لنوو","هدفون، هدست و هندزفری لنوو"
"1771406047-296","https://www.digikala.com/search/category-headphone/","هندزفری بلوتوثی ترانیو مدل Ti-4","۱,۴۵۴,۰۰۰","۴.۱","","","&nbsp;","","","","هندزفری بلوتوثی ترانیو مدل Ti-4&nbsp;
۴.۱۱,۴۵۴,۰۰۰","https://www.digikala.com/product/dkp-6815245/%D9%87%D9%86%D8%AF%D8%B2%D9%81%D8%B1%DB%8C-%D8%A8%D9%84%D9%88%D8%AA%D9%88%D8%AB%DB%8C-%D8%AA%D8%B1%D8%A7%D9%86%DB%8C%D9%88-%D9%85%D8%AF%D9%84-ti-4/","۴.۱","موبایل تبریزاستور","خوب","هندزفری وایرلس Ti-4 محصولی زیبا و شیک و در عین حال کاربردی از کمپانی ترانیو (Tranyoo) است. هر کدام از هندزفري‌ها داراي يک باتري 30 ميلي‌آمپري هستند که با ولوم 80درصد جوابگوي 3 ساعت مکالمه يا 5 ساعت پخش موسيقي هستند. پس از استفاده از آنها با قرار دادنشان در محفظه شارژ به صورت خودکار شروع به شارژ شدن مي‌کنند. محفظه نيز داراي يک باتري 300 ميلي‌آمپري است که قادر است هر کدام از هندزفري‌ها را تا 10 بار و هر دوي آنها را به صورت همزمان تا 5 بار شارژ کند. براي شارژ محفظه نيز مي‌توانيد ...","https://dkstatics-public.digikala.com/digikala-products/f34789bc241106cde9912e60e1ca56c9d76731ad_1634747938.jpg?x-oss-process=image/resize,m_lfit,h_800,w_800/quality,q_90
https://dkstatics-public.digikala.com/digikala-products/f34789bc241106cde9912e60e1ca56c9d76731ad_1634747938.jpg?x-oss-process=image/resize,m_lfit,h_800,w_800/quality,q_90
https://dkstatics-public.digikala.com/digikala-products/f34789bc241106cde9912e60e1ca56c9d76731ad_1634747952.jpg?x-oss-process=image/resize,m_lfit,h_800,w_800/quality,q_90
https://dkstatics-public.digikala.com/digikala-products/f8af9525467e035f834ca4d58f12585f4c19aca8_1634748000.jpg?x-oss-process=image/resize,m_lfit,h_800,w_800/quality,q_90
https://dkstatics-public.digikala.com/digikala-products/f34789bc241106cde9912e60e1ca56c9d76731ad_1634747938.jpg?x-oss-process=image/resize,m_lfit,h_800,w_800/quality,q_90","","۶۲ دیدگاه","۱,۴۵۴,۰۰۰","هندزفری بلوتوثی ترانیو مدل Ti-4","نوع گوشیدو گوشیدو گوشینوع اتصالبی‌سیم، بلوتوثبی‌سیم، بلوتوثرابط‌هابلوتوثبلوتوث","مشخصاتسایر توضیحات اقلام همراه هدفون، هندزفری و هدستیک عدد کاور محافظ هندزفری به رنگ سفید یا مشکی
کابل لایتنینگ جهت شارژ کردن هندزفری
راهنمای کاربر پاسخ فرکانسی۲۰-۲۰۰۰۰ هرتزقطر درایور۱۳ میلی‌مترمحدوده عملکرد۱۰ مترنوع گوشیدو گوشی عمر باتری هدفون در حالت مکالمه۳ ساعتعمر باتری هدفون در حالت استندبای۲۰۰ ساعت عمر باتری هدفون در حالت پخش موسیقی۵ ساعتزمان مورد نیاز برای شارژ محفظه۱-۲ ساعتوزن۵.۵ گرمنسخه بلوتوث۵.۱ سایر مشخصاتابعاد هر یک از ایرپادها: ۱۶×۴۱ میلیمتر
وزن هر یک از ایرپادها: ۲.۷۵ گرم
ابعاد محفظه: ۴۴.۳×۵۳.۸ میلیمتر
وزن محفظه: ۳۵ گرم ظرفیت باتری۳۰۰ میلی‌آمپر‌ساعتنوع کابللایتنینگ نوع اتصالبی‌سیم بلوتوث رابط‌هابلوتوث امپدانس۳۲ اهممناسب برایآقایان و بانوان حساسیت۱۱۰ دسی بل","هدفون، هدست و هندزفری","ترانیو","هدفون، هدست و هندزفری ترانیو"
"1771406050-297","https://www.digikala.com/search/category-headphone/","هدفون بی سیم تسکو مدل TH 5345","","۴.۲","","","&nbsp;","","","","هدفون بی سیم تسکو مدل TH 5345&nbsp;
۴.۲ناموجودمشاهده کالا در سایر فروشگاه‌ها","https://www.digikala.com/product/dkp-3112629/%D9%87%D8%AF%D9%81%D9%88%D9%86-%D8%A8%DB%8C-%D8%B3%DB%8C%D9%85-%D8%AA%D8%B3%DA%A9%D9%88-%D9%85%D8%AF%D9%84-th-5345/","۴.۲","","","یکی از ارزون ترین هدفون‌هایی که میشه خرید!","https://dkstatics-public.digikala.com/digikala-products/c9990bb1013fc96bd7aee3a69dc18a831a56eedf_1754243253.jpg?x-oss-process=image/resize,m_lfit,h_800,w_800/quality,q_90
https://dkstatics-public.digikala.com/digikala-products/c9990bb1013fc96bd7aee3a69dc18a831a56eedf_1754243253.jpg?x-oss-process=image/resize,m_lfit,h_800,w_800/quality,q_90
https://dkstatics-public.digikala.com/digikala-products/e9d9c588e245a75be0799f7d3c31f6a8aba8940b_1595164169.jpg?x-oss-process=image/resize,m_lfit,h_800,w_800/quality,q_90
https://dkstatics-public.digikala.com/digikala-products/2ed5a3b03a5860ca94f9bdc3f23bf5a93d3dd8f4_1595164054.jpg?x-oss-process=image/resize,m_lfit,h_800,w_800/quality,q_90
https://dkstatics-public.digikala.com/digikala-products/c9990bb1013fc96bd7aee3a69dc18a831a56eedf_1754243253.jpg?x-oss-process=image/resize,m_lfit,h_800,w_800/quality,q_90","","۱۰۲۰ دیدگاه","","ناموجودهدفون بی سیم تسکو مدل TH 5345","قابلیت نویز کنسلینگفاقد قابلیت نویز کنسلینگفاقد قابلیت نویز کنسلینگنوع گوشیدو گوشیدو گوشینوع اتصالبی‌سیمبی‌سیمرابط‌هاجک 3.5 میلی‌متری صدا، شیار کارت حافظهجک 3.5 میلی‌متری صدا، شیار کارت حافظه","مشخصاتنوع هدفون، هدست و هندزفریرو گوشی (On/Over Ear) سایر توضیحات اقلام همراه هدفون، هندزفری و هدستندارد قابلیت نویز کنسلینگفاقد قابلیت نویز کنسلینگ نوع گوشیدو گوشی عمر باتری هدفون در حالت مکالمه۱۲ ساعتعمر باتری هدفون در حالت استندبای۶ ماه عمر باتری هدفون در حالت پخش موسیقی۶ ساعتزمان موردنیاز برای شارژ هدفون۱.۵ ساعتوزن۱۰۰ گرمنوع اتصالبی‌سیم رابط‌هاجک ۳.۵ میلی‌متری صدا شیار کارت حافظه امپدانس۱۶ اهممناسب برایورزش حساسیت۱۱۸","هدفون، هدست و هندزفری","تسکو","هدفون، هدست و هندزفری تسکو"
"1771406052-298","https://www.digikala.com/search/category-headphone/","هدفون بی سیم کینگ استار مدل KBH125S","۲,۳۵۰,۰۰۰","۴.۱","","","تنها ۱ عدد در انبار باقی مانده","","","","هدفون بی سیم کینگ استار مدل KBH125Sتنها ۱ عدد در انبار باقی مانده
۴.۱۲,۳۵۰,۰۰۰","https://www.digikala.com/product/dkp-17946699/%D9%87%D8%AF%D9%81%D9%88%D9%86-%D8%A8%DB%8C-%D8%B3%DB%8C%D9%85-%DA%A9%DB%8C%D9%86%DA%AF-%D8%A7%D8%B3%D8%AA%D8%A7%D8%B1-%D9%85%D8%AF%D9%84-kbh125s/","۴.۱","فروشگاه توپا","عالی","از امکانات این محصول می‌توان به پشتیبانی از درگاه microUSB برای شارژ شدن هدفون، پشتیبانی از کابل AUX برای اتصال با‌سیم به دستگاه پلیر، پشتیبانی از رادیو موج FM و بلوتوث ورژن 5.1 با برد عملیاتی 10 متر را نام برد. می‌توانید این محصول را علاوه بر بلوتوث با کابل AUX نیز به پلیر خود متصل نمایید. بدون نویز و صداهای آزار دهنده به موسیقی دلخواهتان گوش فرا دهید.
اما از مشخصه‌های مهم این محصول که از نام آن هم پیداست قابلیت تبدیل هدفون به اسپیکر است.
کینگ استار با ظرفیت باتری داخلی لیتی ...","https://dkstatics-public.digikala.com/digikala-products/c3a20f9cf497f687f10d362db8337e3d32ae7c6a_1736257002.jpg?x-oss-process=image/resize,m_lfit,h_800,w_800/quality,q_90
https://dkstatics-public.digikala.com/digikala-products/06fa303696f4a77b830b5668d3212df6fa6f5e8d_1736256924.jpg?x-oss-process=image/resize,m_lfit,h_800,w_800/quality,q_90
https://dkstatics-public.digikala.com/digikala-products/c02b1954dd1d6401c48f98106b2d7c51dd08255e_1736256924.jpg?x-oss-process=image/resize,m_lfit,h_800,w_800/quality,q_90
https://dkstatics-public.digikala.com/digikala-products/c3a20f9cf497f687f10d362db8337e3d32ae7c6a_1736257002.jpg?x-oss-process=image/resize,m_lfit,h_800,w_800/quality,q_90","","۶ دیدگاه","۲,۱۰۰,۰۰۰","هدفون بی سیم کینگ استار مدل KBH125S","قابلیت نویز کنسلینگفاقد قابلیت نویز کنسلینگفاقد قابلیت نویز کنسلینگنوع گوشیدو گوشیدو گوشینوع اتصالبی‌سیمبی‌سیمرابط‌هابلوتوثبلوتوث","مشخصاتنوع هدفون، هدست و هندزفریرو گوشی (On/Over Ear) سایر توضیحات اقلام همراه هدفون، هندزفری و هدستهمراه با دفترچه راهنما و کابل شارژ type-c پاسخ فرکانسی۲۰-۱۸,۰۰۰ هرتزقابلیت نویز کنسلینگفاقد قابلیت نویز کنسلینگ قطر درایور۴۰ میلی‌مترمحدوده عملکرد۱۰متر مترنوع گوشیدو گوشی نسخه بلوتوث۵.۱ سایر مشخصاتپشتیبانی از کارت حافظه : دارد
استاندارد : CE, FCC, RoHS ظرفیت باتری۴۰۰ میلی‌آمپر‌ساعتنوع کابلUSB Type-C نوع اتصالبی‌سیم رابط‌هابلوتوث امپدانس۴ اهممناسب برایکاربری عمومی","هدفون، هدست و هندزفری","کینگ استار","هدفون، هدست و هندزفری کینگ استار"
"1771406054-299","https://www.digikala.com/search/category-headphone/","هندزفری بلوتوثی مدل Airpod Pro","۹۵۰,۰۰۰","۳.۵","","","تنها ۲ عدد در انبار باقی مانده","","","","هندزفری بلوتوثی مدل Airpod Proتنها ۲ عدد در انبار باقی مانده
۳.۵۹۵۰,۰۰۰","https://www.digikala.com/product/dkp-12096701/%D9%87%D9%86%D8%AF%D8%B2%D9%81%D8%B1%DB%8C-%D8%A8%D9%84%D9%88%D8%AA%D9%88%D8%AB%DB%8C-%D9%85%D8%AF%D9%84-airpod-pro/","۳.۵","جانبی شرق البرز","عالی","","https://dkstatics-public.digikala.com/digikala-products/3f63b75c6d90806e8a9501bcf62438eb7462f3bf_1754250387.jpg?x-oss-process=image/resize,m_lfit,h_800,w_800/quality,q_90
https://dkstatics-public.digikala.com/digikala-products/5531981748c129f26a59c03044cdac8ea60ed326_1690009235.jpg?x-oss-process=image/resize,m_lfit,h_800,w_800/quality,q_90
https://dkstatics-public.digikala.com/digikala-products/e614938b18033247d5245619269449da905932da_1689775848.jpg?x-oss-process=image/resize,m_lfit,h_800,w_800/quality,q_90
https://dkstatics-public.digikala.com/digikala-products/3f63b75c6d90806e8a9501bcf62438eb7462f3bf_1754250387.jpg?x-oss-process=image/resize,m_lfit,h_800,w_800/quality,q_90","","۳۵۹ دیدگاه","۱,۵۷۰,۰۰۰","هندزفری بلوتوثی مدل Airpod Pro","نوع گوشیدو گوشیدو گوشینوع اتصالبی‌سیمبی‌سیمرابط‌هاLightninggLightningg","مشخصاتسایر توضیحات اقلام همراه هدفون، هندزفری و هدستدفترچه راهنما ، کیس شارژ ، کابل شارژر ، سری گوشی های سیلیکونی اضافه نوع آکوستیکبسته نوع گوشیدو گوشی عمر باتری۴ ساعت نوع اتصالبی‌سیم رابط‌هاLightningg","هدفون، هدست و هندزفری","متفرقه","هدفون، هدست و هندزفری متفرقه"
"1771406056-300","https://www.digikala.com/search/category-headphone/","هدفون بلوتوثی هایلو مدل X1 Neo","۲,۲۹۰,۰۰۰","۴","","","ارسال سریع دیجی‌کالا","","","","هدفون بلوتوثی هایلو مدل X1 Neoارسال سریع دیجی‌کالا
۴۲,۲۹۰,۰۰۰","https://www.digikala.com/product/dkp-10120510/%D9%87%D8%AF%D9%81%D9%88%D9%86-%D8%A8%D9%84%D9%88%D8%AA%D9%88%D8%AB%DB%8C-%D9%87%D8%A7%DB%8C%D9%84%D9%88-%D9%85%D8%AF%D9%84-x1-neo/","۴","اورجینالت","عالی","راهنمای خرید هدفون تا ۱ میلیون تومن","https://dkstatics-public.digikala.com/digikala-products/60af734bf6c8b593361e74caf422fac2cab92d1d_1745824984.jpg?x-oss-process=image/resize,m_lfit,h_800,w_800/quality,q_90
https://dkstatics-public.digikala.com/digikala-products/60af734bf6c8b593361e74caf422fac2cab92d1d_1745824984.jpg?x-oss-process=image/resize,m_lfit,h_800,w_800/quality,q_90
https://dkstatics-public.digikala.com/digikala-products/d7d2aef4775eb046af3f2e639b8fd9952abb3f88_1670763407.jpg?x-oss-process=image/resize,m_lfit,h_800,w_800/quality,q_90
https://dkstatics-public.digikala.com/digikala-products/17fb5a3527d349df5f61abd182a2d3a49a5674ab_1670763408.jpg?x-oss-process=image/resize,m_lfit,h_800,w_800/quality,q_90
https://dkstatics-public.digikala.com/digikala-products/60af734bf6c8b593361e74caf422fac2cab92d1d_1745824984.jpg?x-oss-process=image/resize,m_lfit,h_800,w_800/quality,q_90","","۱۳۶۶ دیدگاه","۲,۰۷۰,۰۰۰","هدفون بلوتوثی هایلو مدل X1 Neo","قابلیت نویز کنسلینگفاقد قابلیت نویز کنسلینگفاقد قابلیت نویز کنسلینگنوع گوشیدو گوشیدو گوشینوع اتصالبی‌سیمبی‌سیمرابط‌هاUSB Type-CUSB Type-Cقابلیت‌های مقاومتیمقاوم در برابر رطوبت و عرقمقاوم در برابر رطوبت و عرق","مشخصاتنوع هدفون، هدست و هندزفریTWS (True Wireless Stereo) ابعاد۶۰x۵۰x۲۰ میلی‌متر میلی‌مترسایر توضیحات اقلام همراه هدفون، هندزفری و هدستکابل شارژر | دفترچه‌راهنما قابلیت نویز کنسلینگفاقد قابلیت نویز کنسلینگ قطر درایور۱۳ میلی‌مترمحدوده عملکرد۱۰ متر (بدون مانع) مترنوع گوشیدو گوشی عمر باتریگوشی ها ۵ ساعت با شارژ کیس تا ۲۰  عمر باتری هدفون در حالت پخش موسیقی۵ ساعت با کیس شارژ ۲۰  ساعتعمر باتری محفظه شارژحدود ۱۵ ساعت ساعتزمان موردنیاز برای شارژ هدفون۱.۵ ساعتزمان مورد نیاز برای شارژ محفظه۲ ساعتوزنهر گوشی ۳.۸۷  گرمنسخه بلوتوث۵.۳ سایر مشخصاتپشتیبانی از پروتکل های SBC / A۲DP / AVRCP / HFP / HSP جنس بدنهپلاستیک ظرفیت باتری۳۱۰ میلی‌آمپر‌ساعتنوع کابلUSB Type-C نوع اتصالبی‌سیم رابط‌هاUSB Type-C مناسب برایکاربری عمومی قابلیت‌های مقاومتیمقاوم در برابر رطوبت و عرق","هدفون، هدست و هندزفری","هایلو","هدفون، هدست و هندزفری هایلو"
"1771406058-301","https://www.digikala.com/search/category-headphone/","هندزفری ریمکس مدل RM-510","۵۶۰,۰۰۰","۴.۲","","","&nbsp;","","","","هندزفری ریمکس مدل RM-510&nbsp;
۴.۲۵۶۰,۰۰۰","https://www.digikala.com/product/dkp-381385/%D9%87%D9%86%D8%AF%D8%B2%D9%81%D8%B1%DB%8C-%D8%B1%DB%8C%D9%85%DA%A9%D8%B3-%D9%85%D8%AF%D9%84-rm-510/","۴.۲","مانا تجهیز","عالی","ارزون‌ترین و پرفروش‌ترین هندزفری سیمی دیجی‌کالا🤪","https://dkstatics-public.digikala.com/digikala-products/15278ad1b8bff766b95266c712546c399c5fa838_1745760214.jpg?x-oss-process=image/resize,m_lfit,h_800,w_800/quality,q_90
https://dkstatics-public.digikala.com/digikala-products/15278ad1b8bff766b95266c712546c399c5fa838_1745760214.jpg?x-oss-process=image/resize,m_lfit,h_800,w_800/quality,q_90
https://dkstatics-public.digikala.com/digikala-products/1957786.jpg?x-oss-process=image/resize,m_lfit,h_800,w_800/quality,q_90
https://dkstatics-public.digikala.com/digikala-products/1957869.jpg?x-oss-process=image/resize,m_lfit,h_800,w_800/quality,q_90
https://dkstatics-public.digikala.com/digikala-products/15278ad1b8bff766b95266c712546c399c5fa838_1745760214.jpg?x-oss-process=image/resize,m_lfit,h_800,w_800/quality,q_90","","۱۲۶۴۵ دیدگاه","۵۳۸,۰۰۰","هندزفری ریمکس مدل RM-510","نوع گوشیدو گوشیدو گوشینوع اتصالبا سیمبا سیمرابط‌هاجک 3.5 میلی‌متری خروجی صداجک 3.5 میلی‌متری خروجی صدا","مشخصاتسایر توضیحات اقلام همراه هدفون، هندزفری و هدست- پاسخ فرکانسی۲۰-۲۰۰۰۰ هرتزنوع گوشیدو گوشی وزن۲۰ گرمنوع اتصالبا سیم رابط‌هاجک ۳.۵ میلی‌متری خروجی صدا مناسب برایکاربری عمومی حساسیت۸۷","هدفون، هدست و هندزفری","ریمکس","هدفون، هدست و هندزفری ریمکس"
"1771406060-302","https://www.digikala.com/search/category-headphone/","هدست بلوتوثی مدل S109","۴۵۰,۰۰۰","۳.۳","","","&nbsp;","","","","هدست بلوتوثی مدل S109&nbsp;
۳.۳۴۵۰,۰۰۰","https://www.digikala.com/product/dkp-2372145/%D9%87%D8%AF%D8%B3%D8%AA-%D8%A8%D9%84%D9%88%D8%AA%D9%88%D8%AB%DB%8C-%D9%85%D8%AF%D9%84-s109/","۳.۳","بازرگانی شاهد","عالی","","https://dkstatics-public.digikala.com/digikala-products/116654513.jpg?x-oss-process=image/resize,m_lfit,h_800,w_800/quality,q_90
https://dkstatics-public.digikala.com/digikala-products/116657438.jpg?x-oss-process=image/resize,m_lfit,h_800,w_800/quality,q_90
https://dkstatics-public.digikala.com/digikala-products/116657475.jpg?x-oss-process=image/resize,m_lfit,h_800,w_800/quality,q_90
https://dkstatics-public.digikala.com/digikala-products/116654513.jpg?x-oss-process=image/resize,m_lfit,h_800,w_800/quality,q_90","","۱۶۱۴ دیدگاه","۴۵۰,۰۰۰","هدست بلوتوثی مدل S109","نوع گوشیتک گوشیتک گوشینوع اتصالبی‌سیمبی‌سیمقابلیت‌های مقاومتیمقاوم در برابر رطوبت و عرقمقاوم در برابر رطوبت و عرق","مشخصاتسایر توضیحات اقلام همراه هدفون، هندزفری و هدستکابل شارژ پاسخ فرکانسی۲۰-۲۰۰۰۰ هرتزمحدوده عملکرد۱۰ متر مترنوع آکوستیکبسته نوع گوشیتک گوشی عمر باتری هدفون در حالت مکالمه۲۸  ساعتعمر باتری هدفون در حالت استندبای۱۰۰ روز عمر باتری هدفون در حالت پخش موسیقی۲۰  ساعتعمر باتری محفظه شارژ۱۰۰ روز ساعتزمان موردنیاز برای شارژ هدفون۴۵ دقیقه ساعتوزن۱۴ گرمنسخه بلوتوث۵.۰ سایر مشخصاتقابلیت اتصال همزمان به دو تلفن همراه
قابلیت استفاده برای هر دو گوش
قابلیت نگهداری شارژ تا ۱۰۰ روز
۱۰ دقیقه شارژ ۱۰ ساعت مکالمه نوع اتصالبی‌سیم امپدانس۱۶ اهممناسب برایمکالمه قابلیت‌های مقاومتیمقاوم در برابر رطوبت و عرق حساسیت۱۰۲","هدفون، هدست و هندزفری","متفرقه","هدفون، هدست و هندزفری متفرقه"
"1771406063-303","https://www.digikala.com/search/category-headphone/","هدست بلوتوثی مدل p9","۶۲۰,۰۰۰","۳.۳","","","&nbsp;","","","","هدست بلوتوثی مدل p9&nbsp;
۳.۳۶۲۰,۰۰۰","https://www.digikala.com/product/dkp-16689681/%D9%87%D8%AF%D8%B3%D8%AA-%D8%A8%D9%84%D9%88%D8%AA%D9%88%D8%AB%DB%8C-%D9%85%D8%AF%D9%84-p9/","۳.۳","زاگرس تکنولوژی","عالی","هدفون بلوتوثی","https://dkstatics-public.digikala.com/digikala-products/7eaf71e3342ae3fc919f627633ea2cfb6e234aeb_1754236524.jpg?x-oss-process=image/resize,m_lfit,h_800,w_800/quality,q_90
https://dkstatics-public.digikala.com/digikala-products/3da92fc50b8cfa25d070044b5497522add502318_1726383378.jpg?x-oss-process=image/resize,m_lfit,h_800,w_800/quality,q_90
https://dkstatics-public.digikala.com/digikala-products/8e9570e69262ed8e2eb2311048fc75b86f6733f3_1726064008.jpg?x-oss-process=image/resize,m_lfit,h_800,w_800/quality,q_90
https://dkstatics-public.digikala.com/digikala-products/7eaf71e3342ae3fc919f627633ea2cfb6e234aeb_1754236524.jpg?x-oss-process=image/resize,m_lfit,h_800,w_800/quality,q_90","","۸۲ دیدگاه","۵۳۴,۰۰۰","هدست بلوتوثی مدل p9","نوع گوشیدو گوشیدو گوشینوع اتصالدوگانه (بی‌سیم و با سیم)دوگانه (بی‌سیم و با سیم)رابط‌هاجک 2.5 میلی‌متری صدا، شیار کارت حافظه، بلوتوثجک 2.5 میلی‌متری صدا، شیار کارت حافظه، بلوتوث","مشخصاتنوع هدفون، هدست و هندزفریرو گوشی (On/Over Ear) سایر توضیحات اقلام همراه هدفون، هندزفری و هدستکابل شارژ نوع گوشیدو گوشی نوع اتصالدوگانه (بی‌سیم و با سیم) رابط‌هاجک ۲.۵ میلی‌متری صدا شیار کارت حافظه بلوتوث مناسب برایکاربری عمومی","هدفون، هدست و هندزفری","متفرقه","هدفون، هدست و هندزفری متفرقه"
"1771406065-304","https://www.digikala.com/search/category-headphone/","هدفون بی سیم کینگ استار مدل KBH42","۱,۹۵۰,۰۰۰","۴.۴","","","تنها ۱ عدد در انبار باقی مانده","","","","هدفون بی سیم کینگ استار مدل KBH42تنها ۱ عدد در انبار باقی مانده
۴.۴۱,۹۵۰,۰۰۰","https://www.digikala.com/product/dkp-2625306/%D9%87%D8%AF%D9%81%D9%88%D9%86-%D8%A8%DB%8C-%D8%B3%DB%8C%D9%85-%DA%A9%DB%8C%D9%86%DA%AF-%D8%A7%D8%B3%D8%AA%D8%A7%D8%B1-%D9%85%D8%AF%D9%84-kbh42/","۴.۴","شهر تمیس","عالی","به‌تازگی کمپانی کینگ استار محصولی را تحت عنوان KBH42  روانه‌ی بازار کرده است.
این محصول از طریق فناوری بلوتوث به تلفن‌همراه یا پخش‌کننده‌ی صوتی شما متصل می‌شود و به کمک آن می‌توان بدون ایجاد مزاحمت برای دیگران به موسیقی مورد علاقه‌ی خود گوش داد.
اگر تلفن‌همراه یا پخش‌کننده‌ی صوتی شما از فناوری بلوتوث پشتیبانی نمی‌کند، جای هیچ‌گونه نگرانی نیست.
هدفون KBH42 از طریق جک 3.5میلی‌متری هم می‌تواند به تلفن‌همراه یا پخش‌کننده‌ی صوتی شما متصل شود.
در زیر کاپ صدای این محصول کلیدهای  ...","https://dkstatics-public.digikala.com/digikala-products/120157403.jpg?x-oss-process=image/resize,m_lfit,h_800,w_800/quality,q_90
https://dkstatics-public.digikala.com/digikala-products/120157403.jpg?x-oss-process=image/resize,m_lfit,h_800,w_800/quality,q_90
https://dkstatics-public.digikala.com/digikala-products/120157406.jpg?x-oss-process=image/resize,m_lfit,h_800,w_800/quality,q_90
https://dkstatics-public.digikala.com/digikala-products/120157401.jpg?x-oss-process=image/resize,m_lfit,h_800,w_800/quality,q_90
https://dkstatics-public.digikala.com/digikala-products/120157403.jpg?x-oss-process=image/resize,m_lfit,h_800,w_800/quality,q_90","","۵۸ دیدگاه","۱,۷۲۷,۰۰۰","هدفون بی سیم کینگ استار مدل KBH42","نوع گوشیدو گوشیدو گوشینوع اتصالبی‌سیم و باسیمبی‌سیم و باسیمرابط‌هاجک 3.5 میلی‌متری صداجک 3.5 میلی‌متری صدا","مشخصاتنوع گوشیدو گوشی وزن۱۳۰ گرمنوع اتصالبی‌سیم و باسیم رابط‌هاجک ۳.۵ میلی‌متری صدا مناسب برایورزش","هدفون، هدست و هندزفری","کینگ استار","هدفون، هدست و هندزفری کینگ استار"
"1771406067-305","https://www.digikala.com/search/category-headphone/","هدفون بلوتوثی رداستون مدل J20 OWS","۱۵۰,۰۰۰","۳.۶","۳۷۰,۰۰۰","۵۹٪","ارسال سریع دیجی‌کالا","","","","هدفون بلوتوثی رداستون مدل J20 OWSارسال سریع دیجی‌کالا
۳.۶۵۹٪۱۵۰,۰۰۰۳۷۰,۰۰۰","https://www.digikala.com/product/dkp-19650023/%D9%87%D8%AF%D9%81%D9%88%D9%86-%D8%A8%D9%84%D9%88%D8%AA%D9%88%D8%AB%DB%8C-%D8%B1%D8%AF%D8%A7%D8%B3%D8%AA%D9%88%D9%86-%D9%85%D8%AF%D9%84-j20-ows/","۳.۶","هامین تک","عالی","","https://dkstatics-public.digikala.com/digikala-products/1f7bd3c78228245290869db16da997287425259a_1751025142.jpg?x-oss-process=image/resize,m_lfit,h_800,w_800/quality,q_90
https://dkstatics-public.digikala.com/digikala-products/015f0d48b17bff675410382533efc617db0299f6_1751025142.jpg?x-oss-process=image/resize,m_lfit,h_800,w_800/quality,q_90
https://dkstatics-public.digikala.com/digikala-products/2109c883361aefb04cc5cc5d3c4ca9269af54530_1751025142.jpg?x-oss-process=image/resize,m_lfit,h_800,w_800/quality,q_90
https://dkstatics-public.digikala.com/digikala-products/1f7bd3c78228245290869db16da997287425259a_1751025142.jpg?x-oss-process=image/resize,m_lfit,h_800,w_800/quality,q_90","","۱۶۲۳ دیدگاه","۳۸۰,۰۰۰","هدفون بلوتوثی رداستون مدل J20 OWS","قابلیت نویز کنسلینگنویز کنسلینگ فعال (ANC)نویز کنسلینگ فعال (ANC)نوع گوشیتک گوشیتک گوشینوع اتصالبی‌سیمبی‌سیمرابط‌هاUSB Type-C، بلوتوثUSB Type-C، بلوتوثقابلیت‌های مقاومتیمقاوم در برابر رطوبت و عرقمقاوم در برابر رطوبت و عرق","مشخصاتنوع هدفون، هدست و هندزفریتو گوشی (Earbud/Earphone) اقلام همراه هدفون، هندزفری و هدستکابل شارژ منبع انرژیباتری قابل شارژ قابلیت نویز کنسلینگنویز کنسلینگ فعال (ANC) قطر درایور۱۳ میلی‌مترویژگی‌های خاصپشتیبانی از فرمان لمسی محدوده عملکرد۱۰ مترنوع گوشیتک گوشی عمر باتری۵۰۰ عمر باتری هدفون در حالت مکالمه۵ ساعتعمر باتری هدفون در حالت استندبای۱۲۰ روز عمر باتری هدفون در حالت پخش موسیقی۵ ساعتزمان موردنیاز برای شارژ هدفون۱ ساعتقابلیت‌های شارژشارژ باسیم درگاه شارژUSB Type-C وزن۷ گرمنسخه بلوتوث۵.۴ جنس بدنهپلاستیک نوع کابلUSB Type-C نوع اتصالبی‌سیم رابط‌هاUSB Type-C بلوتوث مناسب برایکاربری عمومی قابلیت‌های مقاومتیمقاوم در برابر رطوبت و عرق","هدفون، هدست و هندزفری","متفرقه","هدفون، هدست و هندزفری متفرقه"
"1771406069-306","https://www.digikala.com/search/category-headphone/","هدفون بلوتوثی لوکسار مدل T9","۲,۶۰۰,۰۰۰","۴.۴","","","&nbsp;","","https://dkstatics-public.digikala.com/digikala-products/abfd2c837ee9a517fcbb701cd12b30f2d8a93c4c_1754240403.jpg?x-oss-process=image/resize,m_lfit,h_300,w_300/quality,q_80","","هدفون بلوتوثی لوکسار مدل T9&nbsp;
۴.۴۲,۶۰۰,۰۰۰","https://www.digikala.com/product/dkp-18415630/%D9%87%D8%AF%D9%81%D9%88%D9%86-%D8%A8%D9%84%D9%88%D8%AA%D9%88%D8%AB%DB%8C-%D9%84%D9%88%DA%A9%D8%B3%D8%A7%D8%B1-%D9%85%D8%AF%D9%84-t9/","۴.۴","برترین کیفیت","عالی","","https://dkstatics-public.digikala.com/digikala-products/abfd2c837ee9a517fcbb701cd12b30f2d8a93c4c_1754240403.jpg?x-oss-process=image/resize,m_lfit,h_800,w_800/quality,q_90
https://dkstatics-public.digikala.com/digikala-products/7477d1ab9aaa1065e4e6dabe71f535674ff3a866_1740313084.jpg?x-oss-process=image/resize,m_lfit,h_800,w_800/quality,q_90
https://dkstatics-public.digikala.com/digikala-products/86456445b261eb6b5212a718170be7b48d05e3fd_1754206230.jpg?x-oss-process=image/resize,m_lfit,h_800,w_800/quality,q_90
https://dkstatics-public.digikala.com/digikala-products/abfd2c837ee9a517fcbb701cd12b30f2d8a93c4c_1754240403.jpg?x-oss-process=image/resize,m_lfit,h_800,w_800/quality,q_90","","۱۲۵ دیدگاه","۲,۶۰۰,۰۰۰","هدفون بلوتوثی لوکسار مدل T9","قابلیت نویز کنسلینگنویز کنسلینگ فعال (ANC)، نویز کنسلینگ بدنه، نویز کنسلینگ میکروفون (ENC)، قابلیت پخش صدای محیطی (Transparency)نویز کنسلینگ فعال (ANC)، نویز کنسلینگ بدنه، نویز کنسلینگ میکروفون (ENC)، قابلیت پخش صدای محیطی (Transparency)نوع گوشیدو گوشیدو گوشینوع اتصالبی‌سیمبی‌سیمرابط‌هابلوتوثبلوتوث","مشخصاتنوع هدفون، هدست و هندزفریتو گوشی (Earbud/Earphone) اقلام همراه هدفون، هندزفری و هدستکابل شارژ قابلیت نویز کنسلینگنویز کنسلینگ فعال (ANC) نویز کنسلینگ بدنه نویز کنسلینگ میکروفون (ENC) قابلیت پخش صدای محیطی (Transparency) ویژگی‌های خاصنمایشگر روی محفظه شارژ محدوده عملکردتا ۱۰ مترنوع گوشیدو گوشی عمر باتری هدفون در حالت پخش موسیقیتا ۶ ساعتزمان مورد نیاز برای شارژ محفظهتا ۱.۵ ساعتقابلیت‌های شارژشارژ باسیم درگاه شارژUSB Type-C نسخه بلوتوث۵.۴ سایر مشخصاتدارای صفحه نمایش ۲ اینچی /
دارای قابلیت FIND MY برای هدفون‌ها /
هدفون‌ها با ظرفیت باتری ۴۰ میلی آمپر ساعت جنس بدنهپلاستیک ظرفیت باتری۳۰۰ میلی‌آمپر‌ساعتنوع کابلUSB Type-C نوع اتصالبی‌سیم رابط‌هابلوتوث مناسب برایکاربری عمومی","هدفون، هدست و هندزفری","لوکسار","هدفون، هدست و هندزفری لوکسار"
"1771406071-307","https://www.digikala.com/search/category-headphone/","هدست بلوتوث مدل S109","۱۹۹,۰۰۰","۳.۴","","","تنها ۳ عدد در انبار باقی مانده","","https://dkstatics-public.digikala.com/digikala-products/113648447.jpg?x-oss-process=image/resize,m_lfit,h_300,w_300/quality,q_80","","هدست بلوتوث مدل S109تنها ۳ عدد در انبار باقی مانده
۳.۴۱۹۹,۰۰۰","https://www.digikala.com/product/dkp-2082179/%D9%87%D8%AF%D8%B3%D8%AA-%D8%A8%D9%84%D9%88%D8%AA%D9%88%D8%AB-%D9%85%D8%AF%D9%84-s109/","۳.۴","پخش باران رزا","خیلی خوب","","https://dkstatics-public.digikala.com/digikala-products/113648447.jpg?x-oss-process=image/resize,m_lfit,h_800,w_800/quality,q_90
https://dkstatics-public.digikala.com/digikala-products/113648467.jpg?x-oss-process=image/resize,m_lfit,h_800,w_800/quality,q_90
https://dkstatics-public.digikala.com/digikala-products/113648494.jpg?x-oss-process=image/resize,m_lfit,h_800,w_800/quality,q_90
https://dkstatics-public.digikala.com/digikala-products/113648447.jpg?x-oss-process=image/resize,m_lfit,h_800,w_800/quality,q_90","","۸۷۶ دیدگاه","۱۹۹,۰۰۰","هدست بلوتوث مدل S109","نوع گوشیتک گوشیتک گوشینوع اتصالبی‌سیمبی‌سیم","مشخصاتسایر توضیحات اقلام همراه هدفون، هندزفری و هدستکابل شارژ پاسخ فرکانسی۲۰-۲۰۰۰۰ هرتزمحدوده عملکردحدود ۱۰ متر مترنوع گوشیتک گوشی وزن۱۴ گرمسایر مشخصاتزمان مکالمه تا ۲۰ ساعت
پخش موسیقی تا ۱۸ ساعت
حالت آماده به کار تا ۱۸۰ ساعت نوع اتصالبی‌سیم امپدانس۱۶ اهممناسب برایمکالمه حساسیت۱۰۲","هدفون، هدست و هندزفری","متفرقه","هدفون، هدست و هندزفری متفرقه"
"1771406073-308","https://www.digikala.com/search/category-headphone/","هدفون بلوتوثی انکر مدل R60i NC","۴,۴۵۰,۰۰۰","۴.۵","","","تنها ۱ عدد در انبار باقی مانده","","https://dkstatics-public.digikala.com/digikala-products/f8e18d30fa4f7a98b059ca9c512ec1c72880d7a7_1765288628.jpg?x-oss-process=image/resize,m_lfit,h_300,w_300/quality,q_80","","هدفون بلوتوثی انکر مدل R60i NCتنها ۱ عدد در انبار باقی مانده
۴.۵۴,۴۵۰,۰۰۰","https://www.digikala.com/product/dkp-21061064/%D9%87%D8%AF%D9%81%D9%88%D9%86-%D8%A8%D9%84%D9%88%D8%AA%D9%88%D8%AB%DB%8C-%D8%A7%D9%86%DA%A9%D8%B1-%D9%85%D8%AF%D9%84-r60i-nc/","۴.۵","پارس بلو","عالی","هدفون بلوتوثی Anker R60i NC یک گزینه کارآمد و خوش‌ساخت برای کاربرانی است که به کیفیت صدا، حذف نویز مؤثر و امکانات روز دنیای صوتی نیاز دارند. این مدل در دسته هدفون‌های توگوشی (Earbud) قرار می‌گیرد و با بهره‌گیری از درایورهای ۱۱ میلی‌متری، صدایی شفاف، قدرتمند و متعادل در بازه فرکانسی ۲۰ تا ۲۰۰۰۰ هرتز ارائه می‌دهد. یکی از ویژگی‌های برجسته این هدفون، پشتیبانی از نویز کنسلینگ فعال (ANC) است که با فناوری Adaptive ANC تا سه برابر توانایی بهتری در حذف نویز محیطی نسبت به مدل‌های معمول ...","https://dkstatics-public.digikala.com/digikala-products/f8e18d30fa4f7a98b059ca9c512ec1c72880d7a7_1765288628.jpg?x-oss-process=image/resize,m_lfit,h_800,w_800/quality,q_90
https://dkstatics-public.digikala.com/digikala-products/7be7938ccfe3fcc28f37858741a1e98d2697981e_1765288628.jpg?x-oss-process=image/resize,m_lfit,h_800,w_800/quality,q_90
https://dkstatics-public.digikala.com/digikala-products/c131047a3bbc1af3626711acb24cd091031e2879_1765288628.jpg?x-oss-process=image/resize,m_lfit,h_800,w_800/quality,q_90
https://dkstatics-public.digikala.com/digikala-products/f8e18d30fa4f7a98b059ca9c512ec1c72880d7a7_1765288628.jpg?x-oss-process=image/resize,m_lfit,h_800,w_800/quality,q_90","","۳۱ دیدگاه","۴,۳۹۰,۰۰۰","هدفون بلوتوثی انکر مدل R60i NC","قابلیت نویز کنسلینگنویز کنسلینگ فعال (ANC)نویز کنسلینگ فعال (ANC)نوع گوشیدو گوشیدو گوشینوع اتصالبی‌سیمبی‌سیمرابط‌هابلوتوثبلوتوثقابلیت‌های مقاومتیمقاوم در برابر آبمقاوم در برابر آب","مشخصاتنوع هدفون، هدست و هندزفریتو گوشی (Earbud/Earphone) اقلام همراه هدفون، هندزفری و هدستکابل شارژ محفظه شارژ پد گوشی یدکی منبع انرژیباتری قابل شارژ پاسخ فرکانسی۲۰-۲۰۰۰۰ هرتزقابلیت نویز کنسلینگنویز کنسلینگ فعال (ANC) قطر درایور۱۱ میلی‌مترویژگی‌های خاصنشانگر LED پشتیبانی از فرمان لمسی محدوده عملکرد۱۰ مترنوع گوشیدو گوشی عمر باتری محفظه شارژ۵۰ ساعتزمان مورد نیاز برای شارژ محفظه۱.۵ ساعتقابلیت‌های شارژشارژ باسیم درگاه شارژUSB Type-C نسخه بلوتوث۶.۱ سایر مشخصاتپشتیبانی از LDAC / پشتیبانی از Hi-Res Audio / دارای Adaptive ANC (تا ۳ برابر حذف نویز بهتر) / پشتیبانی از Spatial Audio / دارای گواهی IP۵۵ جنس بدنهپلاستیک نوع کابلUSB Type-C نوع اتصالبی‌سیم رابط‌هابلوتوث امپدانس۱۴.۲ اهممناسب برایکاربری عمومی قابلیت‌های مقاومتیمقاوم در برابر آب","هدفون، هدست و هندزفری","انکر","هدفون، هدست و هندزفری انکر"
"1771406076-309","https://www.digikala.com/search/category-headphone/","هدست بلوتوثی مدل B39","۸۲۰,۰۰۰","۳.۷","","","تنها ۱ عدد در انبار باقی مانده","","https://dkstatics-public.digikala.com/digikala-products/2dafc05b1925294e8dd6a184bb95217cebdbd016_1754244051.jpg?x-oss-process=image/resize,m_lfit,h_300,w_300/quality,q_80","","هدست بلوتوثی مدل B39تنها ۱ عدد در انبار باقی مانده
۳.۷۸۲۰,۰۰۰","https://www.digikala.com/product/dkp-4066118/%D9%87%D8%AF%D8%B3%D8%AA-%D8%A8%D9%84%D9%88%D8%AA%D9%88%D8%AB%DB%8C-%D9%85%D8%AF%D9%84-b39/","۳.۷","سهرو","عالی","مدت زمان زیادی است که استفاده از هندزفری‌های کوچک و بلوتوثی رایج شده است، اما این به معنی نیست که هدفون‌های روگوشی دیگر کاربردی ندارند. افراد زیادی همچنان ترجیح می‌دهند از یک هدفون جذاب استفاده کنند و از ویژگی‌های متنوع آن لذت ببرند. هدست بلوتوثی مدل B39 یکی از این مدل‌هاست که با ظاهر و طراحی جذاب در درجه اول توجه را به خود جلب می‌کند. این هدفون سنگین نیست و روی سر احساس راحتی دارد، همچنین دارای رنگ‌های زیبایی است که بین آن‌ها می‌توانید بهترین گزینه را برای خود انتخاب کنید. ر ...","https://dkstatics-public.digikala.com/digikala-products/2dafc05b1925294e8dd6a184bb95217cebdbd016_1754244051.jpg?x-oss-process=image/resize,m_lfit,h_800,w_800/quality,q_90
https://dkstatics-public.digikala.com/digikala-products/2dafc05b1925294e8dd6a184bb95217cebdbd016_1754244051.jpg?x-oss-process=image/resize,m_lfit,h_800,w_800/quality,q_90
https://dkstatics-public.digikala.com/digikala-products/34d52d70bfa05a51438e8e41e93d9b45c7a808ca_1608734718.jpg?x-oss-process=image/resize,m_lfit,h_800,w_800/quality,q_90
https://dkstatics-public.digikala.com/digikala-products/4a2024d4f5f2cfa34d6e31aa9eb972f5c137e9c8_1608734723.jpg?x-oss-process=image/resize,m_lfit,h_800,w_800/quality,q_90
https://dkstatics-public.digikala.com/digikala-products/2dafc05b1925294e8dd6a184bb95217cebdbd016_1754244051.jpg?x-oss-process=image/resize,m_lfit,h_800,w_800/quality,q_90","","۵۳۲ دیدگاه","۷۸۰,۰۰۰","هدست بلوتوثی مدل B39","قابلیت نویز کنسلینگنویز کنسلینگ فعال (ANC)نویز کنسلینگ فعال (ANC)نوع گوشیدو گوشیدو گوشینوع اتصالبا سیمبا سیمرابط‌هاmicroUSB، شیار کارت حافظهmicroUSB، شیار کارت حافظهقابلیت‌های مقاومتیمقاوم در برابر رطوبت و عرقمقاوم در برابر رطوبت و عرق","مشخصاتنوع هدفون، هدست و هندزفریرو گوشی (On/Over Ear) سایر توضیحات اقلام همراه هدفون، هندزفری و هدست  پاسخ فرکانسی۲۰-۲۰۰۰ هرتزقابلیت نویز کنسلینگنویز کنسلینگ فعال (ANC) محدوده عملکرد۱۰ متر مترنوع گوشیدو گوشی عمر باتری هدفون در حالت مکالمه۶ ساعتعمر باتری هدفون در حالت استندبای۱۵ عمر باتری هدفون در حالت پخش موسیقی۶ ساعتزمان موردنیاز برای شارژ هدفون۱ ساعتنسخه بلوتوث۴.۱ نوع اتصالبا سیم رابط‌هاmicroUSB شیار کارت حافظه امپدانس۱۶ اهممناسب برایورزش قابلیت‌های مقاومتیمقاوم در برابر رطوبت و عرق","هدفون، هدست و هندزفری","متفرقه","هدفون، هدست و هندزفری متفرقه"
"1771406078-310","https://www.digikala.com/search/category-headphone/","هدفون بلوتوثی مدل P9-950BT","۶۲۰,۰۰۰","۳.۵","","","&nbsp;","","","","هدفون بلوتوثی مدل P9-950BT&nbsp;
۳.۵۶۲۰,۰۰۰","https://www.digikala.com/product/dkp-8031581/%D9%87%D8%AF%D8%B3%D8%AA-%D8%A8%D9%84%D9%88%D8%AA%D9%88%D8%AB%DB%8C-%D9%85%D8%AF%D9%84-p9-950bt/","۳.۵","ساحل موبایل همدان","عالی","","https://dkstatics-public.digikala.com/digikala-products/f8e768b4e10a0d2447a737a655c674e2cd6f578e_1754247683.jpg?x-oss-process=image/resize,m_lfit,h_800,w_800/quality,q_90
https://dkstatics-public.digikala.com/digikala-products/f281c59dbbb14471e46b231feb59286da2137ff5_1646654447.jpg?x-oss-process=image/resize,m_lfit,h_800,w_800/quality,q_90
https://dkstatics-public.digikala.com/digikala-products/47365e4efdb81feb44047d314c91b43b0ccd3243_1646654445.jpg?x-oss-process=image/resize,m_lfit,h_800,w_800/quality,q_90
https://dkstatics-public.digikala.com/digikala-products/f8e768b4e10a0d2447a737a655c674e2cd6f578e_1754247683.jpg?x-oss-process=image/resize,m_lfit,h_800,w_800/quality,q_90","","۲۱۷ دیدگاه","۴۹۹,۰۰۰","هدفون بلوتوثی مدل P9-950BT","قابلیت نویز کنسلینگفاقد قابلیت نویز کنسلینگفاقد قابلیت نویز کنسلینگنوع گوشیدو گوشیدو گوشینوع اتصالبا سیمبا سیمرابط‌هاUSB Type-C، جک 3.5 میلی‌متری صدا، شیار کارت حافظهUSB Type-C، جک 3.5 میلی‌متری صدا، شیار کارت حافظه","مشخصاتنوع هدفون، هدست و هندزفریرو گوشی (On/Over Ear) سایر توضیحات اقلام همراه هدفون، هندزفری و هدستندارد قابلیت نویز کنسلینگفاقد قابلیت نویز کنسلینگ نوع گوشیدو گوشی سایر مشخصاتدارای میکروفن داخلی و قابل استفاده برای پاسخ به تماس های تلفنی نوع اتصالبا سیم رابط‌هاUSB Type-C جک ۳.۵ میلی‌متری صدا شیار کارت حافظه مناسب برایکاربری عمومی","هدفون، هدست و هندزفری","متفرقه","هدفون، هدست و هندزفری متفرقه"
"1771406080-311","https://www.digikala.com/search/category-headphone/","هندزفری  مدل تایپ سی","۲۸۸,۰۰۰","۳.۸","","","&nbsp;","","","","غیراصل

هندزفری  مدل تایپ سی&nbsp;
۳.۸۲۸۸,۰۰۰","https://www.digikala.com/product/dkp-4726071/%D9%87%D9%86%D8%AF%D8%B2%D9%81%D8%B1%DB%8C-%D8%A7%DB%8C-%DA%A9%DB%8C-%D8%AC%DB%8C-%D9%85%D8%AF%D9%84-akg-type-c/","۳.۸","کرج جانبی","خوب","","https://dkstatics-public.digikala.com/digikala-products/06ee50c76ac3945bfb9bbb111faa410ebc213e83_1754244641.jpg?x-oss-process=image/resize,m_lfit,h_800,w_800/quality,q_90
https://dkstatics-public.digikala.com/digikala-products/06ee50c76ac3945bfb9bbb111faa410ebc213e83_1754244641.jpg?x-oss-process=image/resize,m_lfit,h_800,w_800/quality,q_90
https://dkstatics-public.digikala.com/digikala-products/2ddeed572480a4aa6921b0817bedad8f564810d5_1615808449.jpg?x-oss-process=image/resize,m_lfit,h_800,w_800/quality,q_90
https://dkstatics-public.digikala.com/digikala-products/0a65e2295f4208066b86154b74c736e82b8239b3_1615809728.jpg?x-oss-process=image/resize,m_lfit,h_800,w_800/quality,q_90","","۳۷۸ دیدگاه","۲۸۸,۰۰۰","هندزفری  مدل تایپ سی","نوع گوشیدو گوشیدو گوشینوع اتصالباسیمباسیم","مشخصاتنوع گوشیدو گوشی نوع اتصالباسیم مناسب برایمکالمه گیمینگ ورزش کاربری عمومی","هدفون، هدست و هندزفری","متفرقه","هدفون، هدست و هندزفری متفرقه"
"1771406082-312","https://www.digikala.com/search/category-headphone/","هدفون بلوتوثی مدل M100 PRO","۳۹۳,۰۰۰","۳.۹","۵۳۰,۰۰۰","۲۶٪","ارسال سریع دیجی‌کالا","","","","هدفون بلوتوثی مدل M100 PROارسال سریع دیجی‌کالا
۳.۹۲۶٪۳۹۳,۰۰۰۵۳۰,۰۰۰","https://www.digikala.com/product/dkp-18359475/%D9%87%D8%AF%D9%81%D9%88%D9%86-%D8%A8%D9%84%D9%88%D8%AA%D9%88%D8%AB%DB%8C-%D9%85%D8%AF%D9%84-m100-pro/","۳.۹","هامین تک","عالی","هندزفری بلوتوثی مدل M100 PRO از جدیدترین و محبوب ترین هندزفری‌های بی‌سیم موجود در بازار است. نویز و تاخیر در ارسال فرکانس و صدا در این هندزفری تقریبا به صفر رسیده که در هنگام مکالمه، گوش دادن به آهنگ و بازی کامپیوتری/موبایلی حس بسیار خوبی را تجربه خواهید کرد. هندزفری بلوتوثی مدل M100 PRO با صدای فراگیر استریو و باس تقویت‌شده ، تجربه بازی همه جانبه‌ای را برای گیمرها، صدای شفاف برای مکالمه و باس کافی برای موزیک ارائه می‌دهد. شنیدن تمامی صداها در تمام زوایا و سمت‌ها بصورت سه بعد ...","https://dkstatics-public.digikala.com/digikala-products/ef63f308a449f9106f1973d80a639562ad3b33ab_1754240328.jpg?x-oss-process=image/resize,m_lfit,h_800,w_800/quality,q_90
https://dkstatics-public.digikala.com/digikala-products/69ccfa3aad0f37d5e7820f4e3764b0931c4ae238_1739822381.jpg?x-oss-process=image/resize,m_lfit,h_800,w_800/quality,q_90
https://dkstatics-public.digikala.com/digikala-products/20509ce41cbe054097f4912bdc4269b07dceb22e_1739822657.jpg?x-oss-process=image/resize,m_lfit,h_800,w_800/quality,q_90
https://dkstatics-public.digikala.com/digikala-products/ef63f308a449f9106f1973d80a639562ad3b33ab_1754240328.jpg?x-oss-process=image/resize,m_lfit,h_800,w_800/quality,q_90","","۵۰۹ دیدگاه","۵۳۰,۰۰۰","هدفون بلوتوثی مدل M100 PRO","قابلیت نویز کنسلینگنویز کنسلینگ فعال (ANC)، نویز کنسلینگ میکروفون (ENC)نویز کنسلینگ فعال (ANC)، نویز کنسلینگ میکروفون (ENC)نوع گوشیدو گوشیدو گوشینوع اتصالبی‌سیمبی‌سیمرابط‌هاUSB، بلوتوثUSB، بلوتوثقابلیت‌های مقاومتیمقاوم در برابر رطوبت و عرقمقاوم در برابر رطوبت و عرق","مشخصاتنوع هدفون، هدست و هندزفریTWS (True Wireless Stereo) سایر توضیحات اقلام همراه هدفون، هندزفری و هدستکابل شارژ  - دفترچه راهنما - سری سیلیکونی گوشی اضافه قابلیت نویز کنسلینگنویز کنسلینگ فعال (ANC) نویز کنسلینگ میکروفون (ENC) محدوده عملکردتا ۱۰ متر مترنوع آکوستیکباز بسته نیمه‌باز نیمه‌بسته نوع گوشیدو گوشی عمر باتری هدفون در حالت مکالمه۵ ساعتعمر باتری هدفون در حالت پخش موسیقی۵ ساعتزمان موردنیاز برای شارژ هدفون۱ ساعتزمان مورد نیاز برای شارژ محفظه۲ ساعتنسخه بلوتوث۵.۴ سایر مشخصاتهندزفری بلوتوثی مدل M۱۰۰ PRO را ۵ ساعت به شارژ اولیه بزنید. جنس بدنهپلاستیک ظرفیت باتری۲۵۰۰ میلی‌آمپر‌ساعتنوع کابلUSB نوع اتصالبی‌سیم رابط‌هاUSB بلوتوث مناسب برایکاربری عمومی قابلیت‌های مقاومتیمقاوم در برابر رطوبت و عرق","هدفون، هدست و هندزفری","متفرقه","هدفون، هدست و هندزفری متفرقه"
"1771406085-313","https://www.digikala.com/search/category-headphone/","هدفون بلوتوثی انکر مدل R50i NC - طرح فروش چکی","۳,۱۸۰,۰۰۰","۴.۶","","","ارسال فروشنده","","","","هدفون بلوتوثی انکر مدل R50i NC - طرح فروش چکیارسال فروشنده
۴.۶۳,۱۸۰,۰۰۰","https://www.digikala.com/product/dkp-17899814/%D9%87%D8%AF%D9%81%D9%88%D9%86-%D8%A8%D9%84%D9%88%D8%AA%D9%88%D8%AB%DB%8C-%D8%A7%D9%86%DA%A9%D8%B1-%D9%85%D8%AF%D9%84-r50i-nc-%D8%B7%D8%B1%D8%AD-%D9%81%D8%B1%D9%88%D8%B4-%DA%86%DA%A9%DB%8C/","۴.۶","بلک اسپایدر","خوب","هدفون بلوتوثی انکر R50i NC می‌تواند انتخاب مناسبی برای افرادی باشد که به دنبال هدفون باکیفیت برای گوش دادن به موسیقی یا تماس‌های تلفنی طولانی مدت هستند. با استفاده از اتصال بلوتوثی می‌توانید با راحتی بیش‌تری همراه با هدفون، به فعالیت‌های روزمره خود برسید.R50i NC  طراحی مینیمال و جذابی دارد و به راحتی با هر استایل و لباسی هماهنگ می‌شود. کیس شارژ این هدفون علاوه بر ظاهر ساده و زیبا، یک پایه نگهدارنده مخفی برای گوشی‌های هوشمند دارد که آن را کاربردی‌تر می‌کند. R50i NC با درایورها ...","https://dkstatics-public.digikala.com/digikala-products/5b5a3f678b9a1a3ac41dd13faacbbee42789ef87_1754238969.jpg?x-oss-process=image/resize,m_lfit,h_800,w_800/quality,q_90
https://dkstatics-public.digikala.com/digikala-products/5b5a3f678b9a1a3ac41dd13faacbbee42789ef87_1754238969.jpg?x-oss-process=image/resize,m_lfit,h_800,w_800/quality,q_90
https://dkstatics-public.digikala.com/digikala-products/e9289c650652120c68613239fd8ea10d5993c18d_1735911048.jpg?x-oss-process=image/resize,m_lfit,h_800,w_800/quality,q_90
https://dkstatics-public.digikala.com/digikala-products/f40c5fe03680fe0dd392e9338695a8e2e314ec84_1735911048.jpg?x-oss-process=image/resize,m_lfit,h_800,w_800/quality,q_90
https://dkstatics-public.digikala.com/digikala-products/5b5a3f678b9a1a3ac41dd13faacbbee42789ef87_1754238969.jpg?x-oss-process=image/resize,m_lfit,h_800,w_800/quality,q_90","","۹۱ دیدگاه","۲,۷۸۰,۰۰۰","هدفون بلوتوثی انکر مدل R50i NC - طرح فروش چکی","قابلیت نویز کنسلینگنویز کنسلینگ میکروفون (ENC)نویز کنسلینگ میکروفون (ENC)نوع گوشیدو گوشیدو گوشینوع اتصالبی‌سیمبی‌سیمرابط‌هاUSB Type-CUSB Type-Cقابلیت‌های مقاومتیمقاوم در برابر آبمقاوم در برابر آب","مشخصاتنوع هدفون، هدست و هندزفریتو گوشی (Earbud/Earphone) ابعاد۱۰.۸x۱۰.۸x۳.۶ میلی‌مترسایر توضیحات اقلام همراه هدفون، هندزفری و هدستسری سیلیکونی اضافی /
دفترچه راهنما اقلام همراه هدفون، هندزفری و هدستبدون اقلام همراه قابلیت نویز کنسلینگنویز کنسلینگ میکروفون (ENC) قطر درایور۱۰ میلی‌مترویژگی‌های خاصبدون ویژگی خاص محدوده عملکردتا ۱۰ متر مترنوع گوشیدو گوشی عمر باتری۱۰ ساعت - با احتساب محفظه شارژ ۴۵ ساعت عمر باتری هدفون در حالت پخش موسیقیتا ۱۰  ساعتقابلیت‌های شارژشارژ باسیم درگاه شارژUSB Type-C USB وزن۱۰۰ گرمنسخه بلوتوث۵.۴ سایر مشخصاتمجهز به ۴ میکروفون / 
قابلیت نویز کنسلینگ تا ۴۲ دسی‌بل / 
دارای پایه نگهدارنده موبایل ( به صورت مخفی) /
دارای گواهی IP۵۴ و مقاومت بالا در برابر نفوذ آب و گرد و غبار نوع کابلUSB Type-C نوع اتصالبی‌سیم رابط‌هاUSB Type-C مناسب برایکاربری عمومی قابلیت‌های مقاومتیمقاوم در برابر آب","هدفون، هدست و هندزفری","انکر","هدفون، هدست و هندزفری انکر"
"1771406087-314","https://www.digikala.com/search/category-headphone/","هدفون بلوتوثی مدل airpods pro Vietnam","۳۹۸,۰۰۰","۳.۶","۱,۷۰۰,۰۰۰","۷۷٪","ارسال فروشنده","","","","غیراصل

هدفون بلوتوثی مدل airpods pro Vietnam ارسال فروشنده
۳.۶۷۷٪۳۹۸,۰۰۰۱,۷۰۰,۰۰۰","https://www.digikala.com/product/dkp-9298497/%D9%87%D8%AF%D9%81%D9%88%D9%86-%D8%A8%D9%84%D9%88%D8%AA%D9%88%D8%AB%DB%8C-%D9%85%D8%AF%D9%84-airpods-pro-vietnam/","۳.۶","اچ ام لایت","عالی","هدفون بلوتوثی مدل AirPods Pro Vietnam هدفونی غیر اصل و مشابه ایرپاد پرو و گزینه‌ای مناسب برای کاربرانی است که به دنبال کیفیت و کارایی در کنار قیمت مقرون‌به‌صرفه هستند. این هدفون از نوع TWS (True Wireless Stereo) ارائه‌شده و تجربه‌ای از صدای باکیفیت را برای کاربران فراهم می‌کند. این هدفون از نوع دوگوشی بوده و با درگاه ارتباطی لایتنینگ و نسخه بلوتوث 5، اتصال پایدار و سریع را تضمین می‌کند.
درایورهای 5 میلی‌متری، صدای شفافی را به شما ارائه می‌دهد. همچنین با پاسخ فرکانسی 12 تا 20 ...","https://dkstatics-public.digikala.com/digikala-products/1ad1bd82b65b705602069d679ee4f5bd4bdfa129_1754249049.jpg?x-oss-process=image/resize,m_lfit,h_800,w_800/quality,q_90
https://dkstatics-public.digikala.com/digikala-products/6edcf779589da1695d5b1b5f2f5ff8a49147cac2_1661625458.jpg?x-oss-process=image/resize,m_lfit,h_800,w_800/quality,q_90
https://dkstatics-public.digikala.com/digikala-products/2d709d198f98702b0965638b860cc0bffa45c12d_1661625505.jpg?x-oss-process=image/resize,m_lfit,h_800,w_800/quality,q_90
https://dkstatics-public.digikala.com/digikala-products/1ad1bd82b65b705602069d679ee4f5bd4bdfa129_1754249049.jpg?x-oss-process=image/resize,m_lfit,h_800,w_800/quality,q_90","","۱۷۶ دیدگاه","۱,۷۰۰,۰۰۰","هدفون بلوتوثی مدل airpods pro Vietnam","قابلیت نویز کنسلینگفاقد قابلیت نویز کنسلینگفاقد قابلیت نویز کنسلینگنوع گوشیدو گوشیدو گوشینوع اتصالبی‌سیمبی‌سیمرابط‌هابلوتوثبلوتوث","مشخصاتنوع هدفون، هدست و هندزفریTWS (True Wireless Stereo) سایر توضیحات اقلام همراه هدفون، هندزفری و هدستدفترچه راهنما /
کابل شارژ پاسخ فرکانسی۱۲ - ۲۰۰۰۰ هرتزقابلیت نویز کنسلینگفاقد قابلیت نویز کنسلینگ قطر درایور۵ میلی‌مترمحدوده عملکرد۱۰ مترنوع آکوستیکباز بسته نوع گوشیدو گوشی عمر باتری هدفون در حالت استندبایتا ۳۶ عمر باتری هدفون در حالت پخش موسیقیتا ۴ ساعتعمر باتری محفظه شارژتا ۹ ساعتزمان موردنیاز برای شارژ هدفونتا ۱ ساعتزمان مورد نیاز برای شارژ محفظهتا ۱.۵ ساعتوزن۲۰ گرمنسخه بلوتوث۵ سایر مشخصاتقابلیت استفاده به صورت تکی یا دوگانه از هدفون‌ها جنس بدنهپلاستیک نوع کابللایتنینگ نوع اتصالبی‌سیم رابط‌هابلوتوث مناسب برایکاربری عمومی نسبت سیگنال به نویز۹۲ دسی‌بلحساسیت۹۵","هدفون، هدست و هندزفری","متفرقه","هدفون، هدست و هندزفری متفرقه"
"1771406089-315","https://www.digikala.com/search/category-headphone/","هدست بلوتوثی آرسون مدل AN-H710","۶۲۲,۲۰۰","۳.۸","۶۴۵,۰۰۰","۴٪","&nbsp;","","","","هدست بلوتوثی آرسون مدل AN-H710&nbsp;
۳.۸۴٪۶۲۲,۲۰۰۶۴۵,۰۰۰","https://www.digikala.com/product/dkp-8387470/%D9%87%D8%AF%D8%B3%D8%AA-%D8%A8%D9%84%D9%88%D8%AA%D9%88%D8%AB%DB%8C-%D8%A2%D8%B1%D8%B3%D9%88%D9%86-%D9%85%D8%AF%D9%84-an-h710/","۳.۸","زمان طلایی","عالی","این روزها داشتن یک هدفون بلوتوث، تجربه لذت بخشی از پخش موسیقی را برایتان به ارمغان می آورد.شرکت ARSON، با تولید لوازم جانبی با کیفیت برای گوشی های هوشمند، سهم خوبی از بازار لوازم جانبی را در اختیار دارد. هدست بی سیم آرسون (ARSON) مدل AN-H710 ، از سری محصولات باکیفیت و جذاب این شرکت محبوب می باشد.هدفون بلوتوث AN-H710 طراحی چشم نواز و ارگونومیکی داشته و ازکیفیت ساخت بالایی برخودار است.  طراحی بالشتک ها به نحویست که فشاری بر گوش هایتان وارد نمیکند و در طولانی مدت اذیت نخواهد کرد ...","https://dkstatics-public.digikala.com/digikala-products/65fae5992d9d320c2eecdd8a75197a1ad46c4c61_1651054608.jpg?x-oss-process=image/resize,m_lfit,h_800,w_800/quality,q_90
https://dkstatics-public.digikala.com/digikala-products/b8fffcb8500332fa67a886f62772e094d6618fbf_1651054593.jpg?x-oss-process=image/resize,m_lfit,h_800,w_800/quality,q_90
https://dkstatics-public.digikala.com/digikala-products/416fe2e447c041a74ce571bccb1e012282e704c9_1651054596.jpg?x-oss-process=image/resize,m_lfit,h_800,w_800/quality,q_90
https://dkstatics-public.digikala.com/digikala-products/65fae5992d9d320c2eecdd8a75197a1ad46c4c61_1651054608.jpg?x-oss-process=image/resize,m_lfit,h_800,w_800/quality,q_90","","۲۷ دیدگاه","۶۴۵,۰۰۰","هدست بلوتوثی آرسون مدل AN-H710","نوع گوشیدو گوشیدو گوشینوع اتصالبلوتوث، بی‌سیم و باسیمبلوتوث، بی‌سیم و باسیم","مشخصاتسایر توضیحات اقلام همراه هدفون، هندزفری و هدستکابل میکرو پاسخ فرکانسی۲۰-۲۰K هرتزمحدوده عملکرد۱۰ متر مترنوع گوشیدو گوشی عمر باتری هدفون در حالت مکالمه۴ ساعتعمر باتری هدفون در حالت استندبای۳۰۰ عمر باتری هدفون در حالت پخش موسیقی۵ ساعتنسخه بلوتوث۵.۰ جنس بدنهپلاستیک ظرفیت باتری۲۰۰ میلی‌آمپر‌ساعتنوع کابلmicroUSB نوع اتصالبلوتوث بی‌سیم و باسیم امپدانس۳۲ اهممناسب برایکاربری عمومی","هدفون، هدست و هندزفری","آرسون","هدفون، هدست و هندزفری آرسون"
"1771406091-316","https://www.digikala.com/search/category-headphone/","هندزفری هوارکو مدل HAVARCFOX","۱۷۹,۰۰۰","۴.۱","۲۱۹,۰۰۰","۱۸٪","&nbsp;","","","","هندزفری هوارکو مدل HAVARCFOX&nbsp;
۴.۱۱۸٪۱۷۹,۰۰۰۲۱۹,۰۰۰","https://www.digikala.com/product/dkp-11114153/%D9%87%D9%86%D8%AF%D8%B2%D9%81%D8%B1%DB%8C-%D9%87%D9%88%D8%A7%D8%B1%DA%A9%D9%88-%D9%85%D8%AF%D9%84-havarcfox/","۴.۱","زاشادو","عالی","هندزفری باکیفیت و عالی","https://dkstatics-public.digikala.com/digikala-products/aeb550cf2ea631055d3774ef8ee42a6a4bb2a780_1681895599.jpg?x-oss-process=image/resize,m_lfit,h_800,w_800/quality,q_90
https://dkstatics-public.digikala.com/digikala-products/d65b676d50061f267e7b72702bdecaa4e8730f77_1681895596.jpg?x-oss-process=image/resize,m_lfit,h_800,w_800/quality,q_90
https://dkstatics-public.digikala.com/digikala-products/1a9731c546bf7927a449d60da0c2fc67908f3a6a_1681895602.jpg?x-oss-process=image/resize,m_lfit,h_800,w_800/quality,q_90
https://dkstatics-public.digikala.com/digikala-products/aeb550cf2ea631055d3774ef8ee42a6a4bb2a780_1681895599.jpg?x-oss-process=image/resize,m_lfit,h_800,w_800/quality,q_90","","۲۵۷ دیدگاه","۲۱۹,۰۰۰","هندزفری هوارکو مدل HAVARCFOX","رابط‌هاجک 3.5 میلی‌متری صداجک 3.5 میلی‌متری صداقابلیت‌های مقاومتیمقاوم در برابر رطوبت و عرقمقاوم در برابر رطوبت و عرق","مشخصاترابط‌هاجک ۳.۵ میلی‌متری صدا امپدانس۳۲ اهممناسب برایکاربری عمومی قابلیت‌های مقاومتیمقاوم در برابر رطوبت و عرق","هدفون، هدست و هندزفری","متفرقه","هدفون، هدست و هندزفری متفرقه"
"1771406093-317","https://www.digikala.com/search/category-headphone/","هدفون بلوتوثی مدل High_Voice","۲,۲۰۰,۰۰۰","۴","","","&nbsp;","","","","هدفون بلوتوثی مدل High_Voice&nbsp;
۴۲,۲۰۰,۰۰۰","https://www.digikala.com/product/dkp-18337977/%D9%87%D8%AF%D9%81%D9%88%D9%86-%D8%A8%D9%84%D9%88%D8%AA%D9%88%D8%AB%DB%8C-%D9%85%D8%AF%D9%84-high-voice/","۴","متین شاپ مشهد","عالی","هندزفری بلوتوثی می باشد که نسبت به ایرپادهای عادی کیفیت بسیار بالاتری دارد. محصولی سبک با طراحی زیبا و متناسب با ارگونومی است که به همراه یک کیس شارژ مقاوم به بازار عرضه شده است. طراحی استاندارد ایربادهای تعبیه شده برای این مدل سبب شده است تا به راحتی در قسمت داخلی گوش کاربر ثابت شوند؛ موضوع قابل توجه دیگر در مورد طراحی محصول این است که از استاندارد IPX4 پشتیبانی می کند و در برابر رطوبت و عرق کاملا مقاوم است؛ بنابراین، هدفون این امکان را به شما می دهد تا در هنگام بارش باران ی ...","https://dkstatics-public.digikala.com/digikala-products/ddbe750f81ead95090344e311e0e9b01ec9dab16_1754240258.jpg?x-oss-process=image/resize,m_lfit,h_800,w_800/quality,q_90
https://dkstatics-public.digikala.com/digikala-products/66c6bbea810892b81a91f701b876d930170978ef_1739650136.jpg?x-oss-process=image/resize,m_lfit,h_800,w_800/quality,q_90
https://dkstatics-public.digikala.com/digikala-products/6c46f5298e0f88e010d5cd9a831ef8bc69183b82_1739650140.jpg?x-oss-process=image/resize,m_lfit,h_800,w_800/quality,q_90
https://dkstatics-public.digikala.com/digikala-products/ddbe750f81ead95090344e311e0e9b01ec9dab16_1754240258.jpg?x-oss-process=image/resize,m_lfit,h_800,w_800/quality,q_90","","۱۷ دیدگاه","۲,۴۰۰,۰۰۰","هدفون بلوتوثی مدل High_Voice","قابلیت نویز کنسلینگنویز کنسلینگ میکروفون (ENC)نویز کنسلینگ میکروفون (ENC)نوع گوشیدو گوشیدو گوشینوع اتصالبی‌سیمبی‌سیمرابط‌هابلوتوثبلوتوثقابلیت‌های مقاومتیمقاوم در برابر رطوبت و عرقمقاوم در برابر رطوبت و عرق","مشخصاتنوع هدفون، هدست و هندزفریTWS (True Wireless Stereo) تو گوشی (Earbud/Earphone) سایر توضیحات اقلام همراه هدفون، هندزفری و هدستکابل شارژ قابلیت نویز کنسلینگنویز کنسلینگ میکروفون (ENC) محدوده عملکرد۱۰ متر مترنوع گوشیدو گوشی عمر باتری هدفون در حالت مکالمه۴ ساعتعمر باتری هدفون در حالت استندبای۳۰ عمر باتری هدفون در حالت پخش موسیقی۶ ساعتسایر مشخصاتمجهز به چیپست H۱ دارای استاندارد IPX۴ /IPX۴ (مقاوم دربرابر پاشش آب و تعریق) قابلیت اتصال به ios و android دارای Force sensor (Motion-detecting accelerometer) مجهز به کنترل لمسی ایرپاد کنترل لمسی و ضربه زدن به ایرباد برای اتصال و قطع تماس و کنترل محتوای در حال پخش - لمس طولانی روی هر ایرباد برای فعال کردن دستیار صوتی نوع اتصالبی‌سیم رابط‌هابلوتوث مناسب برایکاربری عمومی قابلیت‌های مقاومتیمقاوم در برابر رطوبت و عرق","هدفون، هدست و هندزفری","متفرقه","هدفون، هدست و هندزفری متفرقه"
"1771406095-318","https://www.digikala.com/search/category-headphone/","هدفون بلوتوثی مدل TWSA10","۲۹۹,۰۰۰","","","","ارسال سریع دیجی‌کالا","","","","هدفون بلوتوثی مدل TWSA10ارسال سریع دیجی‌کالا
۲۹۹,۰۰۰","https://www.digikala.com/product/dkp-21094859/%D9%87%D8%AF%D9%81%D9%88%D9%86-%D8%A8%D9%84%D9%88%D8%AA%D9%88%D8%AB%DB%8C-%D9%85%D8%AF%D9%84-twsa10/","","برکه برکت","عالی","هدفون بلوتوثی مدل TWSA10 یک گزینه جمع‌وجور و سبک برای استفاده روزمره است که با طراحی توگوشی و ساختار دوگوشی، آزادی عمل کامل در پخش موسیقی و مکالمه را فراهم می‌کند. بدنه پلاستیکی سبک آن به همراه محفظه شارژ تنها ۳۰ گرم وزن دارد و به‌گونه‌ای طراحی شده که حمل آن در جابه‌جایی روزمره به راحتی انجام بگیرد و در استفاده‌های طولانی‌مدت، فشار یا خستگی ایجاد نکند.

این مدل از بلوتوث نسخه ۵.۳ بهره می‌برد که اتصال پایدار و سریع را تا شعاع ۲۵ متر تضمین می‌کند. قابلیت اتصال هم‌زمان و مستقل ه ...","https://dkstatics-public.digikala.com/digikala-products/06d0ec354ce2d1f410d334627a5daafe50f1dca9_1765998718.jpg?x-oss-process=image/resize,m_lfit,h_800,w_800/quality,q_90
https://dkstatics-public.digikala.com/digikala-products/19215c392c3bee18c1330888b0621e5c67e0f48d_1765998748.jpg?x-oss-process=image/resize,m_lfit,h_800,w_800/quality,q_90
https://dkstatics-public.digikala.com/digikala-products/94293aae76268b2e6362323df7739246d98ba054_1765998754.jpg?x-oss-process=image/resize,m_lfit,h_800,w_800/quality,q_90
https://dkstatics-public.digikala.com/digikala-products/06d0ec354ce2d1f410d334627a5daafe50f1dca9_1765998718.jpg?x-oss-process=image/resize,m_lfit,h_800,w_800/quality,q_90","","۱ دیدگاه","۲۹۹,۰۰۰","هدفون بلوتوثی مدل TWSA10","قابلیت نویز کنسلینگفاقد قابلیت نویز کنسلینگفاقد قابلیت نویز کنسلینگنوع گوشیدو گوشیدو گوشینوع اتصالبی‌سیمبی‌سیمرابط‌هاUSB Type-C، بلوتوثUSB Type-C، بلوتوث","مشخصاتنوع هدفون، هدست و هندزفریتو گوشی (Earbud/Earphone) اقلام همراه هدفون، هندزفری و هدستکابل شارژ منبع انرژیباتری قابل شارژ قابلیت نویز کنسلینگفاقد قابلیت نویز کنسلینگ قابلیت اتصال به چند دستگاهدارد ویژگی‌های خاصپشتیبانی از فرمان لمسی نشانگر LED محدوده عملکردتا ۲۵ مترنوع گوشیدو گوشی عمر باتری هدفون در حالت مکالمهتا ۴ ساعتعمر باتری هدفون در حالت استندبایتا ۶ ساعت عمر باتری هدفون در حالت پخش موسیقیتا ۳ ساعتظرفیت باتری محفظه شارژ۲۰۰ میلی‌آمپر‌ساعتزمان موردنیاز برای شارژ هدفونحدود ۱ ساعتزمان مورد نیاز برای شارژ محفظهحدود ۱ ساعتقابلیت‌های شارژشارژ باسیم درگاه شارژUSB Type-C مشخصات باتریلیتیوم یون وزن۳۰ گرمنسخه بلوتوث۵.۳ سایر مشخصاتفرکانس بلوتوث ۲.۴ گیگاهرتز /
امکان اتصال جداگانه هر یک از گوشی‌ها به دستگاه‌های مختلف /
امکان شارژ کامل هر دو گوشی تا ۴ مرتبه با یک‌بار شارژ محفظه شارژ جنس بدنهپلاستیک ظرفیت باتری۳۰ میلی‌آمپر‌ساعتنوع اتصالبی‌سیم رابط‌هاUSB Type-C بلوتوث مناسب برایکاربری عمومی","هدفون، هدست و هندزفری","متفرقه","هدفون، هدست و هندزفری متفرقه"
"1771406098-319","https://www.digikala.com/search/category-headphone/","هندزفری باسئوس مدل Encok CZ11 Type-C A00164300113-Z1","۵۳۶,۰۰۰","۴","","","ارسال فروشنده","","","","هندزفری باسئوس مدل Encok CZ11 Type-C A00164300113-Z1ارسال فروشنده
۴۵۳۶,۰۰۰","https://www.digikala.com/product/dkp-16329636/%D9%87%D9%86%D8%AF%D8%B2%D9%81%D8%B1%DB%8C-%D8%A8%D8%A7%D8%B3%D8%A6%D9%88%D8%B3-%D9%85%D8%AF%D9%84-encok-cz11-type-c-a00164300113-z1/","۴","تامین تجارت اتحاد","عالی","","https://dkstatics-public.digikala.com/digikala-products/a696425567ae46ff62dc63be0448a36c80382ea3_1723278499.jpg?x-oss-process=image/resize,m_lfit,h_800,w_800/quality,q_90
https://dkstatics-public.digikala.com/digikala-products/49c044346cec6a836cde32bd8be4ad07afc5f2dc_1723278450.jpg?x-oss-process=image/resize,m_lfit,h_800,w_800/quality,q_90","","۱۱۳ دیدگاه","۴۶۵,۰۰۰","هندزفری باسئوس مدل Encok CZ11 Type-C A00164300113-Z1","نوع گوشیدو گوشیدو گوشینوع اتصالبا سیمبا سیمرابط‌هاUSBUSB","مشخصاتنوع هدفون، هدست و هندزفریتو گوشی (Earbud/Earphone) سایر توضیحات اقلام همراه هدفون، هندزفری و هدستبدون اقلام همراه نوع گوشیدو گوشی نوع اتصالبا سیم رابط‌هاUSB مناسب برایکاربری عمومی","هدفون، هدست و هندزفری","بیسوس","هدفون، هدست و هندزفری بیسوس"
"1771406100-320","https://www.digikala.com/search/category-headphone/","هدفون بلوتوثی مدل ایرپادز پرو NEW GLD","۳۹۸,۰۰۰","۳.۳","","","ارسال فروشنده","","","","هدفون بلوتوثی مدل ایرپادز پرو NEW GLDارسال فروشنده
۳.۳۳۹۸,۰۰۰","https://www.digikala.com/product/dkp-7439673/%D9%87%D8%AF%D9%81%D9%88%D9%86-%D8%A8%D9%84%D9%88%D8%AA%D9%88%D8%AB%DB%8C-%D9%85%D8%AF%D9%84-%D8%A7%DB%8C%D8%B1%D9%BE%D8%A7%D8%AF%D8%B2-%D9%BE%D8%B1%D9%88-new-gld/","۳.۳","مه فون","عالی","هدفون بلوتوثی ایرپادز پرو NEW GLD، با طراحی جذاب، یکی از محصولات خاص و پرطرف‌دار در بازار است. این محصول باظرافت بالا و کیفیتی نزدیک به نسخه اصلی، مناسب افرادی است که به دنبال ترکیب زیبایی و عملکرد در بازه قیمتی اقتصادی هستند.
ایرپادز پرو NEW GLD از نوع TWS (True Wireless Stereo) بوده و به لطف طراحی ارگونومیک، به‌راحتی در گوش قرار می‌گیرد. این هدفون با نسخه بلوتوث ۵، اتصال پایداری را ارائه می‌دهد و با اکثر دستگاه‌های هوشمند سازگار است. قابلیت نویز کنسلینگ یکی از ویژگی‌های برج ...","https://dkstatics-public.digikala.com/digikala-products/b44f3a316196b3a09af78072bedf89a1012d8051_1754247085.jpg?x-oss-process=image/resize,m_lfit,h_800,w_800/quality,q_90
https://dkstatics-public.digikala.com/digikala-products/e27f1f4e79269fc243bc5647e42c7c7293bd45bb_1736246034.jpg?x-oss-process=image/resize,m_lfit,h_800,w_800/quality,q_90
https://dkstatics-public.digikala.com/digikala-products/ff7687e424a1a52d51afb0cf76eae78d090668ca_1641027540.jpg?x-oss-process=image/resize,m_lfit,h_800,w_800/quality,q_90
https://dkstatics-public.digikala.com/digikala-products/b44f3a316196b3a09af78072bedf89a1012d8051_1754247085.jpg?x-oss-process=image/resize,m_lfit,h_800,w_800/quality,q_90","","۸۲۰ دیدگاه","۳۲۵,۰۰۰","هدفون بلوتوثی مدل ایرپادز پرو NEW GLD","قابلیت نویز کنسلینگنویز کنسلینگ فعال (ANC)نویز کنسلینگ فعال (ANC)نوع گوشیدو گوشیدو گوشینوع اتصالبی‌سیمبی‌سیمرابط‌هابلوتوثبلوتوث","مشخصاتنوع هدفون، هدست و هندزفریTWS (True Wireless Stereo) سایر توضیحات اقلام همراه هدفون، هندزفری و هدستکابل شارژر قابلیت نویز کنسلینگنویز کنسلینگ فعال (ANC) نوع گوشیدو گوشی عمر باتری هدفون در حالت مکالمه۴ ساعتعمر باتری هدفون در حالت استندبای۲۰ عمر باتری هدفون در حالت پخش موسیقی۵ ساعتزمان موردنیاز برای شارژ هدفون۱ ساعتزمان مورد نیاز برای شارژ محفظه۲ ساعتنسخه بلوتوث۵ سایر مشخصاتسیستم نویز کنسللینگ /
بسته بندی اختصاصی Golg نوع کابللایتنینگ نوع اتصالبی‌سیم رابط‌هابلوتوث مناسب برایکاربری عمومی","هدفون، هدست و هندزفری","متفرقه","هدفون، هدست و هندزفری متفرقه"
"1771406103-321","https://www.digikala.com/search/category-headphone/","هدفون بلوتوثی تی سی اچ مدل Blade L10 ANC","۱,۵۳۰,۰۰۰","۴.۲","","","ارسال سریع دیجی‌کالا","","","","هدفون بلوتوثی تی سی اچ مدل Blade L10 ANCارسال سریع دیجی‌کالا
۴.۲۱,۵۳۰,۰۰۰","https://www.digikala.com/product/dkp-16956739/%D9%87%D8%AF%D9%81%D9%88%D9%86-%D8%A8%D9%84%D9%88%D8%AA%D9%88%D8%AB%DB%8C-%D8%AA%DB%8C-%D8%B3%DB%8C-%D8%A7%DA%86-%D9%85%D8%AF%D9%84-blade-l10-anc/","۴.۲","اسمارت تکنولوژی قشم","عالی","","https://dkstatics-public.digikala.com/digikala-products/59fa7faa3ed8c01bd101893536bfc28bfa9bc2df_1754237058.jpg?x-oss-process=image/resize,m_lfit,h_800,w_800/quality,q_90
https://dkstatics-public.digikala.com/digikala-products/be2744a9d7bc09ab5c0b813b70a523c5dda5abd6_1728738246.jpg?x-oss-process=image/resize,m_lfit,h_800,w_800/quality,q_90
https://dkstatics-public.digikala.com/digikala-products/bf639ef929aac1e4790bbcc36751d185d5e596d0_1728738246.jpg?x-oss-process=image/resize,m_lfit,h_800,w_800/quality,q_90
https://dkstatics-public.digikala.com/digikala-products/59fa7faa3ed8c01bd101893536bfc28bfa9bc2df_1754237058.jpg?x-oss-process=image/resize,m_lfit,h_800,w_800/quality,q_90","","۲۱۹ دیدگاه","۱,۴۹۸,۰۰۰","هدفون بلوتوثی تی سی اچ مدل Blade L10 ANC","قابلیت نویز کنسلینگنویز کنسلینگ فعال (ANC)نویز کنسلینگ فعال (ANC)نوع گوشیدو گوشیدو گوشینوع اتصالبی‌سیمبی‌سیمرابط‌هاUSB Type-CUSB Type-C","مشخصاتنوع هدفون، هدست و هندزفریتو گوشی (Earbud/Earphone) سایر توضیحات اقلام همراه هدفون، هندزفری و هدستکیس و کابل شارژ اقلام همراه هدفون، هندزفری و هدستکابل شارژ قابلیت نویز کنسلینگنویز کنسلینگ فعال (ANC) مشخصات میکروفوندو میکروفون روی هر گوشی ویژگی‌های خاصنشانگر LED نوع گوشیدو گوشی عمر باتری هدفون در حالت مکالمه۴ ساعتعمر باتری هدفون در حالت پخش موسیقی۸ ساعتزمان موردنیاز برای شارژ هدفون۱.۵ ساعتزمان مورد نیاز برای شارژ محفظه۲ ساعتقابلیت‌های شارژشارژ باسیم درگاه شارژUSB Type-C نسخه بلوتوث۵.۳ سایر مشخصاتنشانگر LED میزان شارژ / پشتیبانی از ANC/ گواهی IPX۴ / صفحه نمایش دیجیتالی با قابلیت نمایش مجزا میزان شارژ هر هدفون / پشتیبانی از Siri و Google voice assistant / هدفون‌ها با ظرفیت ۴۵ میلی آمپر ساعت / مناسب برای مکالمه و موسیقی جنس بدنهپلی کربنات ظرفیت باتری۴۲۰ میلی‌آمپر‌ساعتنوع اتصالبی‌سیم رابط‌هاUSB Type-C امپدانس۳۲ اهممناسب برایکاربری عمومی","هدفون، هدست و هندزفری","تی سی اچ","هدفون، هدست و هندزفری تی سی اچ"
"1771406105-322","https://www.digikala.com/search/category-headphone/","هندزفری بلوتوثی ترانیو مدل T-I4","۱,۴۴۸,۰۰۰","۴.۲","","","&nbsp;","","","","هندزفری بلوتوثی ترانیو مدل T-I4&nbsp;
۴.۲۱,۴۴۸,۰۰۰","https://www.digikala.com/product/dkp-6754131/%D9%87%D9%86%D8%AF%D8%B2%D9%81%D8%B1%DB%8C-%D8%A8%D9%84%D9%88%D8%AA%D9%88%D8%AB%DB%8C-%D8%AA%D8%B1%D8%A7%D9%86%DB%8C%D9%88-%D9%85%D8%AF%D9%84-t-i4/","۴.۲","موبایل تبریزاستور","عالی","برند ترانیو از جمله تولیدکنندگان لوازم جانبی الکترونیک با کیفیت و مقرون به صرفه می‌باشد که یکی از این محصولات هندزفری بلوتوث دو گوش ترانیو مدل Tranyoo T-i4 است.هندزفری دوگوش بی سیم ترانیو t-i4 دارای میکروفن از نوع HD بوده که مجهز به نویز گیر می باشد و صدا را با کیفیتی عالی منتقل می کند. به طوری که نویزها و سر و صداهای محیطی مزاحمتی در هنگام انجام مکالمه ایجاد نخواهند کرد. این محصول دارای کیس شارژ بوده، لازم به ذکر است که در جعبه محصول یک کابل لایتینگ قرار داده شده که می توان  ...","https://dkstatics-public.digikala.com/digikala-products/ce756ed478467239c0a1a7b2299ff314041280e5_1634215748.jpg?x-oss-process=image/resize,m_lfit,h_800,w_800/quality,q_90
https://dkstatics-public.digikala.com/digikala-products/b9cdadd921e904916e4dc63b28e14ee03e319f8f_1634215749.jpg?x-oss-process=image/resize,m_lfit,h_800,w_800/quality,q_90
https://dkstatics-public.digikala.com/digikala-products/4584abe6df8031ea5485190e3984f91f6b6e680b_1634215749.jpg?x-oss-process=image/resize,m_lfit,h_800,w_800/quality,q_90
https://dkstatics-public.digikala.com/digikala-products/ce756ed478467239c0a1a7b2299ff314041280e5_1634215748.jpg?x-oss-process=image/resize,m_lfit,h_800,w_800/quality,q_90","","۴۸ دیدگاه","۱,۴۴۸,۰۰۰","هندزفری بلوتوثی ترانیو مدل T-I4","نوع گوشیدو گوشیدو گوشینوع اتصالبلوتوث، بی‌سیمبلوتوث، بی‌سیمرابط‌هابلوتوثبلوتوث","مشخصاتنوع گوشیدو گوشی وزن- گرمنسخه بلوتوث۵.۰ نوع اتصالبلوتوث بی‌سیم رابط‌هابلوتوث","هدفون، هدست و هندزفری","ترانیو","هدفون، هدست و هندزفری ترانیو"
"1771406109-323","https://www.digikala.com/search/category-headphone/","هدفون بلوتوثی مدل ایرپاد پرو","۴۵۰,۰۰۰","۳.۵","","","&nbsp;","","","","هدفون بلوتوثی مدل ایرپاد پرو&nbsp;
۳.۵۴۵۰,۰۰۰","https://www.digikala.com/product/dkp-14357656/%D9%87%D8%AF%D9%81%D9%88%D9%86-%D8%A8%D9%84%D9%88%D8%AA%D9%88%D8%AB%DB%8C-%D9%85%D8%AF%D9%84-%D8%A7%DB%8C%D8%B1%D9%BE%D8%A7%D8%AF-%D9%BE%D8%B1%D9%88/","۳.۵","مه فون","عالی","این سری هدفون‌ها با طراحی منحصربه‌فرد و با نام ایرپاد پرو شناخته می‌شوند و سوپر های کپی میباشد که کاملا مشابه نسخه اصلی هست. از نوع توگوشی هستند و میزان بیس و قدرت بالا را به کاربران عرضه می‌کنند. طراحی ارگونومیک این محصول باعث شده که هنگام استفاده‌ی بلندمدت از آن هیچ‌گونه احساس خستگی یا درد در ناحیه‌ی گوش خود نکنید. هنگامی‌که برای اولین بار  ایرپاد پرو را در دست می‌گیرید، با یک باکس سفیدرنگ مواجه خواهید شد که با بازکردن درِ آن، هدفون‌ها مشاهده می‌شوند. این باکس سفید علاوه‌بر ...","https://dkstatics-public.digikala.com/digikala-products/56ea4d41c483500c04fd8e3783f33c4f8e8d57ed_1754252965.jpg?x-oss-process=image/resize,m_lfit,h_800,w_800/quality,q_90
https://dkstatics-public.digikala.com/digikala-products/042942203106fb730264cf78a74cacdd2f953650_1707308211.jpg?x-oss-process=image/resize,m_lfit,h_800,w_800/quality,q_90
https://dkstatics-public.digikala.com/digikala-products/3a6dce55283e54c86a980929acdf2274c01a12c7_1707308206.jpg?x-oss-process=image/resize,m_lfit,h_800,w_800/quality,q_90
https://dkstatics-public.digikala.com/digikala-products/56ea4d41c483500c04fd8e3783f33c4f8e8d57ed_1754252965.jpg?x-oss-process=image/resize,m_lfit,h_800,w_800/quality,q_90","","۴۶۴ دیدگاه","۳۱۵,۰۰۰","هدفون بلوتوثی مدل ایرپاد پرو","نوع گوشیدو گوشیدو گوشینوع اتصالبی‌سیمبی‌سیمرابط‌هاLightninggLightningg","مشخصاتسایر توضیحات اقلام همراه هدفون، هندزفری و هدستپک کابل دفترچه
 نوع گوشیدو گوشی نوع اتصالبی‌سیم رابط‌هاLightningg","هدفون، هدست و هندزفری","متفرقه","هدفون، هدست و هندزفری متفرقه"
"1771406111-324","https://www.digikala.com/search/category-headphone/","هدفون بلوتوثی جی بی ال مدل Tune 770 NC","۱۰,۵۰۰,۰۰۰","۴.۵","","","تنها ۱ عدد در انبار باقی مانده","","","","هدفون بلوتوثی جی بی ال مدل Tune 770 NCتنها ۱ عدد در انبار باقی مانده
۴.۵۱۰,۵۰۰,۰۰۰","https://www.digikala.com/product/dkp-11696761/%D9%87%D8%AF%D9%81%D9%88%D9%86-%D8%A8%D9%84%D9%88%D8%AA%D9%88%D8%AB%DB%8C-%D8%AC%DB%8C-%D8%A8%DB%8C-%D8%A7%D9%84-%D9%85%D8%AF%D9%84-tune-770-nc/","۴.۵","پارتیان استور","عالی","هدست چی بخریم؟ 🤔","https://dkstatics-public.digikala.com/digikala-products/08e667f03ccf71b497df17377f85f6435055e045_1745824996.jpg?x-oss-process=image/resize,m_lfit,h_800,w_800/quality,q_90
https://dkstatics-public.digikala.com/digikala-products/08e667f03ccf71b497df17377f85f6435055e045_1745824996.jpg?x-oss-process=image/resize,m_lfit,h_800,w_800/quality,q_90
https://dkstatics-public.digikala.com/digikala-products/6a818012da283d2a21e9a8a68e4a9910036e08b5_1686903988.jpg?x-oss-process=image/resize,m_lfit,h_800,w_800/quality,q_90
https://dkstatics-public.digikala.com/digikala-products/0cebde36c3de1934f3ed29f9e96590a6e2665474_1686903990.jpg?x-oss-process=image/resize,m_lfit,h_800,w_800/quality,q_90
https://dkstatics-public.digikala.com/digikala-products/08e667f03ccf71b497df17377f85f6435055e045_1745824996.jpg?x-oss-process=image/resize,m_lfit,h_800,w_800/quality,q_90","","۲۱۹ دیدگاه","۸,۷۰۰,۰۰۰","هدفون بلوتوثی جی بی ال مدل Tune 770 NC","قابلیت نویز کنسلینگنویز کنسلینگ فعال (ANC)، نویز کنسلینگ میکروفون (ENC)نویز کنسلینگ فعال (ANC)، نویز کنسلینگ میکروفون (ENC)نوع گوشیدو گوشیدو گوشینوع اتصالبی‌سیمبی‌سیمرابط‌هاجک 3.5 میلی‌متری صداجک 3.5 میلی‌متری صدا","مشخصاتنوع هدفون، هدست و هندزفریرو گوشی (On/Over Ear) ابعاد۲۰.۴x۷.۶x۲۲.۳ میلی‌مترسایر توضیحات اقلام همراه هدفون، هندزفری و هدستکابل شارژ Type-c / کابل انتقال صدای با جک ۳.۵ میلی متری (AUX) پاسخ فرکانسی۲۰ تا ۲۰۰۰۰ هرتزقابلیت نویز کنسلینگنویز کنسلینگ فعال (ANC) نویز کنسلینگ میکروفون (ENC) قطر درایور۳۲ میلی‌مترمحدوده عملکردتا ۱۰ متر مترنوع گوشیدو گوشی عمر باتری۷۰ ساعت عمر باتری هدفون در حالت پخش موسیقی۷۰ ساعتزمان موردنیاز برای شارژ هدفون۲ ساعتوزن۲۳۲ گرمنسخه بلوتوث۵.۳ سایر مشخصاتعمر باتری در زمان روشن بودن نویز کنسلینگ به ۴۴ ساعت و در مواقع خاموش بودن نویز کنسلینگ به ۷۰ ساعت می‌رسد. جنس بدنهپلاستیک ظرفیت باتری۶۹۰ میلی‌آمپر‌ساعتنوع کابلUSB Type-C ۳.۵ میلی‌متر نوع اتصالبی‌سیم رابط‌هاجک ۳.۵ میلی‌متری صدا مناسب برایکاربری عمومی","هدفون، هدست و هندزفری","جی بی ال","هدفون، هدست و هندزفری جی بی ال"
"1771406113-325","https://www.digikala.com/search/category-headphone/","هدفون بلوتوثی انکر مدل Soundcore Liberty 5","۸,۲۰۰,۰۰۰","۴.۴","","","ارسال فروشنده","","","","هدفون بلوتوثی انکر مدل Soundcore Liberty 5ارسال فروشنده
۴.۴۸,۲۰۰,۰۰۰","https://www.digikala.com/product/dkp-19489210/%D9%87%D8%AF%D9%81%D9%88%D9%86-%D8%A8%D9%84%D9%88%D8%AA%D9%88%D8%AB%DB%8C-%D8%A7%D9%86%DA%A9%D8%B1-%D9%85%D8%AF%D9%84-soundcore-liberty-5/","۴.۴","ماهان ارتباط پیشگام","عالی","","https://dkstatics-public.digikala.com/digikala-products/5e262d320e707629924d2f550f85492576ad5f8c_1749467799.jpg?x-oss-process=image/resize,m_lfit,h_800,w_800/quality,q_90
https://dkstatics-public.digikala.com/digikala-products/5e262d320e707629924d2f550f85492576ad5f8c_1749467799.jpg?x-oss-process=image/resize,m_lfit,h_800,w_800/quality,q_90
https://dkstatics-public.digikala.com/digikala-products/0835288cbc40edcf0bd1ab759f26f73b80cd59a3_1749467799.jpg?x-oss-process=image/resize,m_lfit,h_800,w_800/quality,q_90
https://dkstatics-public.digikala.com/digikala-products/14ba63defd4604788a9a89b3b456572f85d5bede_1749467799.jpg?x-oss-process=image/resize,m_lfit,h_800,w_800/quality,q_90
https://dkstatics-public.digikala.com/digikala-products/5e262d320e707629924d2f550f85492576ad5f8c_1749467799.jpg?x-oss-process=image/resize,m_lfit,h_800,w_800/quality,q_90","","۱۰۶ دیدگاه","۸,۴۰۰,۰۰۰","هدفون بلوتوثی انکر مدل Soundcore Liberty 5","قابلیت نویز کنسلینگنویز کنسلینگ فعال (ANC)نویز کنسلینگ فعال (ANC)نوع گوشیدو گوشیدو گوشینوع اتصالبی‌سیمبی‌سیمرابط‌هابلوتوثبلوتوثقابلیت‌های مقاومتیمقاوم در برابر آبمقاوم در برابر آب","مشخصاتنوع هدفون، هدست و هندزفریTWS (True Wireless Stereo) اقلام همراه هدفون، هندزفری و هدستکابل شارژ محفظه شارژ پد گوشی یدکی قابلیت نویز کنسلینگنویز کنسلینگ فعال (ANC) مشخصات میکروفونمجهز به ۶ میکروفون قابلیت اتصال به چند دستگاهدارد قطر درایور۹.۲ میلی‌مترویژگی‌های خاصپشتیبانی از فرمان لمسی نوع گوشیدو گوشی عمر باتری هدفون در حالت پخش موسیقیتا ۸ (نویز کنسلینگ فعال) - تا ۱۲ (نویز کنسلینگ غیرفعال) ساعتعمر باتری محفظه شارژتا ۳۲ (نویز کنسلینگ فعال) - تا ۴۸ (نویز کنسلینگ غیرفعال) ساعتقابلیت‌های شارژشارژ باسیم درگاه شارژUSB Type-C وزن۵۷.۱ گرمنسخه بلوتوث۵.۴ سایر مشخصاتپشتیبانی از الگوریتم حذف نویز تطبیقی نسخه ۳.۰ (Adaptive ANC ۳.۰) /
مقاومت در برابر آب و گرد و غبار با استاندارد IP۵۵ /
هر هدفون با وزن ۴.۶ گرم /
۱۰ دقیقه شارژ تا ۵ ساعت پخش موسیقی /
پشتیبانی از فناوری HearID ۴.۰ برای تنظیم دقیق صدای مناسب شنوایی کاربر نوع کابلUSB Type-C نوع اتصالبی‌سیم رابط‌هابلوتوث امپدانس۱۷ اهممناسب برایکاربری عمومی قابلیت‌های مقاومتیمقاوم در برابر آب","هدفون، هدست و هندزفری","انکر","هدفون، هدست و هندزفری انکر"
"1771406115-326","https://www.digikala.com/search/category-headphone/","هدفون بلوتوثی گرین لاین مدل Earbuds pro2","۲,۲۹۰,۰۰۰","۴.۴","","","تنها ۱ عدد در انبار باقی مانده","","https://dkstatics-public.digikala.com/digikala-products/86cf249cde1268254d95c460bb4a3b24adcfcf71_1730234631.jpg?x-oss-process=image/resize,m_lfit,h_300,w_300/quality,q_80","","هدفون بلوتوثی گرین لاین مدل Earbuds pro2تنها ۱ عدد در انبار باقی مانده
۴.۴۲,۲۹۰,۰۰۰","https://www.digikala.com/product/dkp-17204611/%D9%87%D8%AF%D9%81%D9%88%D9%86-%D8%A8%D9%84%D9%88%D8%AA%D9%88%D8%AB%DB%8C-%DA%AF%D8%B1%DB%8C%D9%86-%D9%84%D8%A7%DB%8C%D9%86-%D9%85%D8%AF%D9%84-earbuds-pro2/","۴.۴","تکنام پلاس","خوب","هندزفری بلوتوثی گرین لاین مدل Earbuds Pro 2 محصولی با کیفیت بالا و خوش ساخت است که برای ساخت این هدفون از مواد اولیه‌ی با کیفیت و مرغوبی استفاده شده است. این ویژگی، یکی از نشانه‌های هر دستگاه اورجینالی است. به همین دلیل چنین وسایلی طول عمر بالایی دارند.از مزایای آن مقاومت در برابر آب و تعریق است و در نتیجه به هنگام استفاده در روز های بارانی یا انجام فعالیت هایی که موجب تعریق شما می شود با مشکل رو به رو نخواهید شد.هندزفری بلوتوثی گرین لاین مدل Earbuds Pro 2 مجهز به یک پنل لمسی ...","https://dkstatics-public.digikala.com/digikala-products/86cf249cde1268254d95c460bb4a3b24adcfcf71_1730234631.jpg?x-oss-process=image/resize,m_lfit,h_800,w_800/quality,q_90
https://dkstatics-public.digikala.com/digikala-products/7dec14454faf4262d18db06398c912bec616c029_1730234637.jpg?x-oss-process=image/resize,m_lfit,h_800,w_800/quality,q_90
https://dkstatics-public.digikala.com/digikala-products/56d708b64da9a2de9ed952ce46954a1202914836_1730234633.jpg?x-oss-process=image/resize,m_lfit,h_800,w_800/quality,q_90","","۳۲ دیدگاه","۲,۴۹۹,۰۰۰","هدفون بلوتوثی گرین لاین مدل Earbuds pro2","قابلیت نویز کنسلینگنویز کنسلینگ فعال (ANC)، نویز کنسلینگ میکروفون (ENC)نویز کنسلینگ فعال (ANC)، نویز کنسلینگ میکروفون (ENC)نوع گوشیدو گوشیدو گوشینوع اتصالبی‌سیمبی‌سیمرابط‌هاUSB Type-C، بلوتوثUSB Type-C، بلوتوث","مشخصاتنوع هدفون، هدست و هندزفریتو گوشی (Earbud/Earphone) سایر توضیحات اقلام همراه هدفون، هندزفری و هدستهدفون، سیم شارژر، بند قابلیت نویز کنسلینگنویز کنسلینگ فعال (ANC) نویز کنسلینگ میکروفون (ENC) نوع گوشیدو گوشی نوع اتصالبی‌سیم رابط‌هاUSB Type-C بلوتوث مناسب برایمکالمه","هدفون، هدست و هندزفری","گرین لاین","هدفون، هدست و هندزفری گرین لاین"
"1771406118-327","https://www.digikala.com/search/category-headphone/","هدفون بلوتوثی سامسونگ مدل Galaxy Buds FE","۷,۹۹۰,۰۰۰","۴.۵","","","تنها ۱ عدد در انبار باقی مانده","","https://dkstatics-public.digikala.com/digikala-products/1c3f647dde99f962c7e7ec3964becdab5631b897_1745825004.jpg?x-oss-process=image/resize,m_lfit,h_300,w_300/quality,q_80","","هدفون بلوتوثی سامسونگ مدل Galaxy Buds FEتنها ۱ عدد در انبار باقی مانده
۴.۵۷,۹۹۰,۰۰۰","https://www.digikala.com/product/dkp-12914704/%D9%87%D8%AF%D9%81%D9%88%D9%86-%D8%A8%D9%84%D9%88%D8%AA%D9%88%D8%AB%DB%8C-%D8%B3%D8%A7%D9%85%D8%B3%D9%88%D9%86%DA%AF-%D9%85%D8%AF%D9%84-galaxy-buds-fe/","۴.۵","ماهان ارتباط پیشگام","عالی","","https://dkstatics-public.digikala.com/digikala-products/1c3f647dde99f962c7e7ec3964becdab5631b897_1745825004.jpg?x-oss-process=image/resize,m_lfit,h_800,w_800/quality,q_90
https://dkstatics-public.digikala.com/digikala-products/1c3f647dde99f962c7e7ec3964becdab5631b897_1745825004.jpg?x-oss-process=image/resize,m_lfit,h_800,w_800/quality,q_90
https://dkstatics-public.digikala.com/digikala-products/908c3f6922ec35a73446b774320791ea67eab2f9_1698223162.jpg?x-oss-process=image/resize,m_lfit,h_800,w_800/quality,q_90
https://dkstatics-public.digikala.com/digikala-products/e840ee0b910c9918d3f9114ddfd0eec6d31000a2_1698223162.jpg?x-oss-process=image/resize,m_lfit,h_800,w_800/quality,q_90
https://dkstatics-public.digikala.com/digikala-products/1c3f647dde99f962c7e7ec3964becdab5631b897_1745825004.jpg?x-oss-process=image/resize,m_lfit,h_800,w_800/quality,q_90","","۲۶۲۰ دیدگاه","۷,۷۳۰,۰۰۰","هدفون بلوتوثی سامسونگ مدل Galaxy Buds FE","قابلیت نویز کنسلینگنویز کنسلینگ میکروفون (ENC)نویز کنسلینگ میکروفون (ENC)نوع گوشیدو گوشیدو گوشینوع اتصالبی‌سیمبی‌سیمرابط‌هابلوتوثبلوتوثقابلیت‌های مقاومتیمقاوم در برابر رطوبت و عرقمقاوم در برابر رطوبت و عرق","مشخصاتنوع هدفون، هدست و هندزفریTWS (True Wireless Stereo) سایر توضیحات اقلام همراه هدفون، هندزفری و هدستمحفظه شارژ /
دفترچه راهنما /
کابل شارژ /
دو عدد WingTip و دو سری اضافه با ابعاد مختلف قابلیت نویز کنسلینگنویز کنسلینگ میکروفون (ENC) قطر درایور۶.۵ میلی‌مترمحدوده عملکردتا ۱۰ متر مترنوع گوشیدو گوشی عمر باتری هدفون در حالت مکالمهتا ۳.۵ ساعتعمر باتری هدفون در حالت پخش موسیقیبا روشن بودن ANC تا ۶ ساعت و با خاموش بودن ANC تا ۸.۵ ساعتعمر باتری محفظه شارژتا ۳۰ ساعتنسخه بلوتوث۵.۲ سایر مشخصاتفناوری نویز کنسلینگ فعال (Active Noise Cancellation) و Ambient Sound /  سه میکروفون / فناوری Bixby (Seamless Al) دستیار صوتی / قابلیت SmartThings Find برای مکان‌یابی ایربادها / شارژدهی با محفظه شارژر با نویز کنسلینگ فعال تا ۲۱ ساعت / هدفون‌ها با ظرفیت ۶۰ میلی آمپر ساعت
 جنس بدنهپلاستیک ظرفیت باتری۴۷۹ میلی‌آمپر‌ساعتنوع کابلUSB Type-C نوع اتصالبی‌سیم رابط‌هابلوتوث مناسب برایکاربری عمومی قابلیت‌های مقاومتیمقاوم در برابر رطوبت و عرق","هدفون، هدست و هندزفری","سامسونگ","هدفون، هدست و هندزفری سامسونگ"
"1771406120-328","https://www.digikala.com/search/category-headphone/","هدفون بلوتوثی مدل OWS JR2","۴۹۹,۰۰۰","۳.۴","۱,۲۱۰,۰۰۰","۵۹٪","ارسال سریع دیجی‌کالا","","https://www.digikala.com/statics/img/svg/productCard/topBadge/SpecialSell.svg","https://www.digikala.com/statics/img/svg/productCard/topBadge/SpecialSell.svg","هدفون بلوتوثی مدل OWS JR2ارسال سریع دیجی‌کالا
۳.۴۵۹٪۴۹۹,۰۰۰۱,۲۱۰,۰۰۰","https://www.digikala.com/product/dkp-20804057/%D9%87%D8%AF%D9%81%D9%88%D9%86-%D8%A8%D9%84%D9%88%D8%AA%D9%88%D8%AB%DB%8C-%D9%85%D8%AF%D9%84-ows-jr2/","۳.۴","فانتک","عالی","","https://dkstatics-public.digikala.com/digikala-products/e1803ef515638f172ba10d45936ccfb7f8c792d7_1762015415.jpg?x-oss-process=image/resize,m_lfit,h_800,w_800/quality,q_90
https://dkstatics-public.digikala.com/digikala-products/fda9423f0d606fb6dbe54e9dc783c6365f046622_1762015421.jpg?x-oss-process=image/resize,m_lfit,h_800,w_800/quality,q_90
https://dkstatics-public.digikala.com/digikala-products/957d90691c6507633b2d1c045572beb5d762ce30_1762015483.jpg?x-oss-process=image/resize,m_lfit,h_800,w_800/quality,q_90
https://dkstatics-public.digikala.com/digikala-products/e1803ef515638f172ba10d45936ccfb7f8c792d7_1762015415.jpg?x-oss-process=image/resize,m_lfit,h_800,w_800/quality,q_90","","۶۱ دیدگاه","۱,۲۱۰,۰۰۰","هدفون بلوتوثی مدل OWS JR2","قابلیت نویز کنسلینگنویز کنسلینگ فعال (ANC)نویز کنسلینگ فعال (ANC)نوع گوشیدو گوشیدو گوشینوع اتصالبی‌سیمبی‌سیمرابط‌هاUSB Type-C، USB، بلوتوثUSB Type-C، USB، بلوتوثقابلیت‌های مقاومتیمقاوم در برابر رطوبت و عرقمقاوم در برابر رطوبت و عرق","مشخصاتنوع هدفون، هدست و هندزفریرو گوشی (On/Over Ear) اقلام همراه هدفون، هندزفری و هدستکابل شارژ محفظه شارژ منبع انرژیباتری قابل شارژ قابلیت نویز کنسلینگنویز کنسلینگ فعال (ANC) ویژگی‌های خاصپشتیبانی از فرمان لمسی نمایشگر روی محفظه شارژ نوع گوشیدو گوشی عمر باتری هدفون در حالت پخش موسیقی۴ تا ۵ ساعتقابلیت‌های شارژشارژ باسیم درگاه شارژUSB Type-C نسخه بلوتوث۵.۳ جنس بدنهپلاستیک ABS نوع کابلUSB Type-C نوع اتصالبی‌سیم رابط‌هاUSB Type-C USB بلوتوث مناسب برایکاربری عمومی قابلیت‌های مقاومتیمقاوم در برابر رطوبت و عرق","هدفون، هدست و هندزفری","متفرقه","هدفون، هدست و هندزفری متفرقه"
"1771406122-329","https://www.digikala.com/search/category-headphone/","هدست مخصوص بازی ایسوس مدل TUF Gaming H3","۳,۹۵۰,۰۰۰","۴.۵","","","ارسال سریع دیجی‌کالا","","https://dkstatics-public.digikala.com/digikala-products/5e2eb7d94ba2aaa822c295d09c7e2e17311e1260_1754244376.jpg?x-oss-process=image/resize,m_lfit,h_300,w_300/quality,q_80","","هدست مخصوص بازی ایسوس مدل TUF Gaming H3ارسال سریع دیجی‌کالا
۴.۵۳,۹۵۰,۰۰۰","https://www.digikala.com/product/dkp-4479388/%D9%87%D8%AF%D8%B3%D8%AA-%D9%85%D8%AE%D8%B5%D9%88%D8%B5-%D8%A8%D8%A7%D8%B2%DB%8C-%D8%A7%DB%8C%D8%B3%D9%88%D8%B3-%D9%85%D8%AF%D9%84-tuf-gaming-h3/","۴.۵","آروند تک","عالی","بررسی هدفون Asus TUF Gaming H3 _ هدفونی بی نظیر با قیمتی کم","https://dkstatics-public.digikala.com/digikala-products/5e2eb7d94ba2aaa822c295d09c7e2e17311e1260_1754244376.jpg?x-oss-process=image/resize,m_lfit,h_800,w_800/quality,q_90
https://dkstatics-public.digikala.com/digikala-products/5e2eb7d94ba2aaa822c295d09c7e2e17311e1260_1754244376.jpg?x-oss-process=image/resize,m_lfit,h_800,w_800/quality,q_90
https://dkstatics-public.digikala.com/digikala-products/f9bd9a73512c4c7d60fe63acb50ea1fc2a7e09f9_1613476490.jpg?x-oss-process=image/resize,m_lfit,h_800,w_800/quality,q_90
https://dkstatics-public.digikala.com/digikala-products/10b8faebacb268fb73fc2cc6adf6f366e3dbfc2b_1741377171.jpg?x-oss-process=image/resize,m_lfit,h_800,w_800/quality,q_90
https://dkstatics-public.digikala.com/digikala-products/5e2eb7d94ba2aaa822c295d09c7e2e17311e1260_1754244376.jpg?x-oss-process=image/resize,m_lfit,h_800,w_800/quality,q_90","","۷۶ دیدگاه","۳,۹۵۰,۰۰۰","هدست مخصوص بازی ایسوس مدل TUF Gaming H3","نوع گوشیدو گوشیدو گوشیرابط‌هاجک 3.5 میلی‌متری خروجی صداجک 3.5 میلی‌متری خروجی صدا","مشخصاتسایر توضیحات اقلام همراه هدفون، هندزفری و هدست- نوع گوشیدو گوشی وزن۴۶۰ گرمرابط‌هاجک ۳.۵ میلی‌متری خروجی صدا مناسب برایگیمینگ","هدفون، هدست و هندزفری","ایسوس","هدفون، هدست و هندزفری ایسوس"
"1771406124-330","https://www.digikala.com/search/category-headphone/","هدفون بلوتوثی مدل M19","۹۰۰,۰۰۰","۳.۵","","","تنها ۲ عدد در انبار باقی مانده","","","","هدفون بلوتوثی مدل M19تنها ۲ عدد در انبار باقی مانده
۳.۵۹۰۰,۰۰۰","https://www.digikala.com/product/dkp-6568120/%D9%87%D8%AF%D9%81%D9%88%D9%86-%D8%A8%D9%84%D9%88%D8%AA%D9%88%D8%AB%DB%8C-%D9%85%D8%AF%D9%84-m19/","۳.۵","یوریل","عالی","هدفون بلوتوثی مدل M19 یک محصول پرطرفدار و پیشرفته در بازار است که توانسته با ارائه‌ی ویژگی‌های فنی و طراحی جذاب، نظر بسیاری از کاربران را به خود جلب کند. این هدفون با استفاده از جدیدترین تکنولوژی‌های موجود، امکانات متنوع و طراحی زیبا، تجربه‌ای منحصربه‌فرد از شنیدن موسیقی را فراهم می‌کند.
از نظر طراحی، هدفون M19 دارای قاب اصلی از جنس پلاستیک با کیفیت بالا و پوشش داخلی سیلیکونی نرم و راحت است. گوشی‌های این هدفون به گونه‌ای طراحی شده‌اند که احساس آرامش و راحتی را برای کاربر ایج ...","https://dkstatics-public.digikala.com/digikala-products/d251d2db772411592807ad667d9e97133ad73c9b_1745760229.jpg?x-oss-process=image/resize,m_lfit,h_800,w_800/quality,q_90
https://dkstatics-public.digikala.com/digikala-products/841d0c454925a51fb91308787d57723b32504501_1632744133.jpg?x-oss-process=image/resize,m_lfit,h_800,w_800/quality,q_90
https://dkstatics-public.digikala.com/digikala-products/f5094ff42c57b800f321a4efa71d0e2fc3b788de_1632744134.jpg?x-oss-process=image/resize,m_lfit,h_800,w_800/quality,q_90
https://dkstatics-public.digikala.com/digikala-products/d251d2db772411592807ad667d9e97133ad73c9b_1745760229.jpg?x-oss-process=image/resize,m_lfit,h_800,w_800/quality,q_90","","۱۰۳۴ دیدگاه","۷۰۰,۰۰۰","هدفون بلوتوثی مدل M19","نوع گوشیدو گوشیدو گوشینوع اتصالبلوتوثبلوتوثرابط‌هابلوتوثبلوتوث","مشخصاتسایر توضیحات اقلام همراه هدفون، هندزفری و هدستدفترچه راهنما / 
کابل شارژر / 
سری سیلیکونی اضافه

 پاسخ فرکانسی۲۴۰۲ - ۲۴۸۰ هرتزمحدوده عملکردتا ۱۰ متر مترنوع گوشیدو گوشی عمر باتری هدفون در حالت مکالمه۴ - ۶ ساعتعمر باتری هدفون در حالت استندبای۲۸۰ ساعت عمر باتری هدفون در حالت پخش موسیقی۳ - ۵  ساعتزمان مورد نیاز برای شارژ محفظه۱ - ۲  ساعتوزن۱۰۰ گرمنسخه بلوتوث۵.۱ سایر مشخصاتقابلیت استفاده از محفظه شارژر به عنوان پاوربانک

 نوع اتصالبلوتوث رابط‌هابلوتوث مناسب برایآقایان و بانوان","هدفون، هدست و هندزفری","متفرقه","هدفون، هدست و هندزفری متفرقه"
"1771406127-331","https://www.digikala.com/search/category-headphone/","هدفون بلوتوثی آر ایکس مدل GENW30","۲,۵۵۵,۰۰۰","۳.۹","۵,۸۰۰,۰۰۰","۵۶٪","&nbsp;","","","","هدفون بلوتوثی آر ایکس مدل GENW30&nbsp;
۳.۹۵۶٪۲,۵۵۵,۰۰۰۵,۸۰۰,۰۰۰","https://www.digikala.com/product/dkp-21299422/%D9%87%D8%AF%D9%81%D9%88%D9%86-%D8%A8%D9%84%D9%88%D8%AA%D9%88%D8%AB%DB%8C-%D8%A2%D8%B1-%D8%A7%DB%8C%DA%A9%D8%B3-%D9%85%D8%AF%D9%84-genw30/","۳.۹","اهورایی","عالی","هدفون بلوتوثی آر ایکس مدل GENW30 یک هندزفری با باکس شارژ خاص میباشد که نسل جدید از هندزفری های بیسیم میباشد که دارای صفحه نمایش لمسی است و آپشن های زیادی دقیقا مثل یک گوشی موبایل را دارد. باکس شارژ دارای منو با شخصی سازی بسیار زیاد است که میتوانید از قابلیت های Find My , تماس , نمایش تاریخ و ساعت , رفتن به اهنگ قبلی بعدی , کنترل صدا , تغییر Theme , تغییر مود های هدفون (Transparency و ANC ) و بسیاری از قابلیت های دیگر است .اما خود گوشی هدفون ها هم دارای قابلیت های ویژه است مثل ...","https://dkstatics-public.digikala.com/digikala-products/2a99b69f8abdf118fe0deaebea5f16d2b019454a_1769087451.jpg?x-oss-process=image/resize,m_lfit,h_800,w_800/quality,q_90
https://dkstatics-public.digikala.com/digikala-products/d4663be50fdcfc54b9fea49c7c8c8b2d2013af07_1769087451.jpg?x-oss-process=image/resize,m_lfit,h_800,w_800/quality,q_90
https://dkstatics-public.digikala.com/digikala-products/a4009262dd2473a47e495b5cf8d2b65a6aef2913_1769087451.jpg?x-oss-process=image/resize,m_lfit,h_800,w_800/quality,q_90
https://dkstatics-public.digikala.com/digikala-products/2a99b69f8abdf118fe0deaebea5f16d2b019454a_1769087451.jpg?x-oss-process=image/resize,m_lfit,h_800,w_800/quality,q_90","","۹ دیدگاه","۵,۸۰۰,۰۰۰","هدفون بلوتوثی آر ایکس مدل GENW30","قابلیت نویز کنسلینگنویز کنسلینگ فعال (ANC)، نویز کنسلینگ میکروفون (ENC)، قابلیت پخش صدای محیطی (Transparency)نویز کنسلینگ فعال (ANC)، نویز کنسلینگ میکروفون (ENC)، قابلیت پخش صدای محیطی (Transparency)نوع گوشیدو گوشیدو گوشینوع اتصالبی‌سیمبی‌سیمرابط‌هابلوتوثبلوتوثقابلیت‌های مقاومتیمقاوم در برابر گرد و غبارمقاوم در برابر گرد و غبار","مشخصاتنوع هدفون، هدست و هندزفریتو گوشی (Earbud/Earphone) سایر توضیحات اقلام همراه هدفون، هندزفری و هدستچهار عدد سرگوشی (سایزهای بسیار کوچک، کوچک، متوسط و بزرگ) / دفترچه راهنما / کابل شارژر ، بند کیس اقلام همراه هدفون، هندزفری و هدستکابل شارژ محفظه شارژ پد گوشی یدکی پاسخ فرکانسی۲۰-۲۰۰۰۰ هرتزقابلیت نویز کنسلینگنویز کنسلینگ فعال (ANC) نویز کنسلینگ میکروفون (ENC) قابلیت پخش صدای محیطی (Transparency) قطر درایور۱۰ میلی‌مترویژگی‌های خاصپشتیبانی از فرمان لمسی نمایشگر روی محفظه شارژ نوع گوشیدو گوشی عمر باتری۱۵ ساعت عمر باتری هدفون در حالت مکالمه۸ ساعتعمر باتری هدفون در حالت پخش موسیقی۵.۵ ساعتزمان موردنیاز برای شارژ هدفون۱.۵ ساعتزمان مورد نیاز برای شارژ محفظه۱.۵ ساعتقابلیت‌های شارژشارژ باسیم شارژ بی‌سیم درگاه شارژUSB Type-C وزن۶۰ گرمنسخه بلوتوث۵.۴ سایر مشخصاتدارای صفحه نمایش ۲ اینچی / دارای قابلیت FIND MY برای هدفون‌ها / هدفون‌ها با ظرفیت باتری ۴۰ میلی آمپر ساعت جنس بدنهپلی کربنات نوع کابلUSB Type-C نوع اتصالبی‌سیم رابط‌هابلوتوث مناسب برایکاربری عمومی قابلیت‌های مقاومتیمقاوم در برابر گرد و غبار","هدفون، هدست و هندزفری","آر ایکس","هدفون، هدست و هندزفری آر ایکس"
"1771406129-332","https://www.digikala.com/search/category-headphone/","هندزفری بلوتوثی مدل M10 V5.1","۳۶۰,۰۰۰","۳.۶","","","ارسال فروشنده","","","","هندزفری بلوتوثی مدل M10 V5.1ارسال فروشنده
۳.۶۳۶۰,۰۰۰","https://www.digikala.com/product/dkp-7956277/%D9%87%D9%86%D8%AF%D8%B2%D9%81%D8%B1%DB%8C-%D8%A8%D9%84%D9%88%D8%AA%D9%88%D8%AB%DB%8C-%D9%85%D8%AF%D9%84-m10-v51/","۳.۶","مه فون","عالی","ارزون ترین هدفونِ دیجیکالا","https://dkstatics-public.digikala.com/digikala-products/334b283e1bf83a72036b1f086c9abf1d131779ad_1745760235.jpg?x-oss-process=image/resize,m_lfit,h_800,w_800/quality,q_90
https://dkstatics-public.digikala.com/digikala-products/334b283e1bf83a72036b1f086c9abf1d131779ad_1745760235.jpg?x-oss-process=image/resize,m_lfit,h_800,w_800/quality,q_90
https://dkstatics-public.digikala.com/digikala-products/aa2d8c2d2f0bf3e95bf66b52297588eb298fa3fd_1645895156.jpg?x-oss-process=image/resize,m_lfit,h_800,w_800/quality,q_90
https://dkstatics-public.digikala.com/digikala-products/02c34730e794dc5c674bb2d756a72987616f1b4b_1716902403.jpg?x-oss-process=image/resize,m_lfit,h_800,w_800/quality,q_90
https://dkstatics-public.digikala.com/digikala-products/334b283e1bf83a72036b1f086c9abf1d131779ad_1745760235.jpg?x-oss-process=image/resize,m_lfit,h_800,w_800/quality,q_90","","۲۵۷۵ دیدگاه","۳۸۰,۰۰۰","هندزفری بلوتوثی مدل M10 V5.1","نوع گوشیدو گوشیدو گوشینوع اتصالبی‌سیمبی‌سیمرابط‌هابلوتوثبلوتوثقابلیت‌های مقاومتیمقاوم در برابر رطوبت و عرقمقاوم در برابر رطوبت و عرق","مشخصاتابعاد- میلی‌مترسایر توضیحات اقلام همراه هدفون، هندزفری و هدستکابل شارژ Micro USB /  
 ۴ عدد سری هندزفری /
دفترچه راهنما پاسخ فرکانسی۲.۴G هرتزنوع آهن‌ربامگنتی محدوده عملکرد۱۰ متر مترنوع گوشیدو گوشی عمر باتری هدفون در حالت مکالمه۴ الی ۶  ساعتعمر باتری هدفون در حالت استندبایحدود ۲۸۰ ساعت عمر باتری هدفون در حالت پخش موسیقی۴ الی ۶  ساعتزمان موردنیاز برای شارژ هدفونحدود ۲  ساعتزمان مورد نیاز برای شارژ محفظه۲  ساعتوزن۱۰۰  گرمسایر مشخصاتکیفیت ساخت بالا / قابلیت استفاده به عنوان پاوربانک / طراحی جدید / قابلیت فست شارژ /  دارای گواهینامه های CE و FC / ساخت کشور چین ظرفیت باتری۲۰۰۰ میلی‌آمپر‌ساعتنوع کابلmicroUSB نوع اتصالبی‌سیم رابط‌هابلوتوث مناسب برایکاربری عمومی قابلیت‌های مقاومتیمقاوم در برابر رطوبت و عرق","هدفون، هدست و هندزفری","متفرقه","هدفون، هدست و هندزفری متفرقه"
"1771406131-333","https://www.digikala.com/search/category-headphone/","هدفون بلوتوثی مدل گربه ای B39M","۵۶۸,۰۰۰","۳.۷","","","ارسال فروشنده","","","","هدفون بلوتوثی مدل گربه ای B39Mارسال فروشنده
۳.۷۵۶۸,۰۰۰","https://www.digikala.com/product/dkp-11093221/%D9%87%D8%AF%D9%81%D9%88%D9%86-%D8%A8%D9%84%D9%88%D8%AA%D9%88%D8%AB%DB%8C-%D9%85%D8%AF%D9%84-%DA%AF%D8%B1%D8%A8%D9%87-%D8%A7%DB%8C-b39m/","","","","","","","","","","","","","",""
"1771406133-334","https://www.digikala.com/search/category-headphone/","هدفون بلوتوثی دوپریم مدل k5 pro+ 2025","۷۹۷,۶۰۰","۲.۸","۹۲۰,۰۰۰","۱۳٪","&nbsp;","","","","هدفون بلوتوثی دوپریم مدل k5 pro+ 2025&nbsp;
۲.۸۱۳٪۷۹۷,۶۰۰۹۲۰,۰۰۰","https://www.digikala.com/product/dkp-19824108/%D9%87%D8%AF%D9%81%D9%88%D9%86-%D8%A8%D9%84%D9%88%D8%AA%D9%88%D8%AB%DB%8C-%D8%AF%D9%88%D9%BE%D8%B1%DB%8C%D9%85-%D9%85%D8%AF%D9%84-k5-pro-2025/","","","","","","","","","","","","","",""
"1771406135-335","https://www.digikala.com/search/category-headphone/","هدفون بلوتوثی شیائومی مدل Redmi Buds 6 Active","۲,۱۸۰,۰۰۰","۴.۱","","","ارسال سریع دیجی‌کالا","","","","هدفون بلوتوثی شیائومی مدل Redmi Buds 6 Activeارسال سریع دیجی‌کالا
۴.۱۲,۱۸۰,۰۰۰","https://www.digikala.com/product/dkp-16471977/%D9%87%D8%AF%D9%81%D9%88%D9%86-%D8%A8%D9%84%D9%88%D8%AA%D9%88%D8%AB%DB%8C-%D8%B4%DB%8C%D8%A7%D8%A6%D9%88%D9%85%DB%8C-%D9%85%D8%AF%D9%84-redmi-buds-6-active/","۴.۱","دیجی‌کالا","عالی","بهترین های شیائومی","https://dkstatics-public.digikala.com/digikala-products/feee7e67c5de8588f750492f4c38d82960640b00_1745827633.jpg?x-oss-process=image/resize,m_lfit,h_800,w_800/quality,q_90
https://dkstatics-public.digikala.com/digikala-products/feee7e67c5de8588f750492f4c38d82960640b00_1745827633.jpg?x-oss-process=image/resize,m_lfit,h_800,w_800/quality,q_90
https://dkstatics-public.digikala.com/digikala-products/2e63b922d7968b1705525dd19084a30cf96ce51e_1724059364.jpg?x-oss-process=image/resize,m_lfit,h_800,w_800/quality,q_90
https://dkstatics-public.digikala.com/digikala-products/ae81b7ad8ad45dde2d0799273d2ebde70da6c8d0_1724059362.jpg?x-oss-process=image/resize,m_lfit,h_800,w_800/quality,q_90
https://dkstatics-public.digikala.com/digikala-products/feee7e67c5de8588f750492f4c38d82960640b00_1745827633.jpg?x-oss-process=image/resize,m_lfit,h_800,w_800/quality,q_90","","۱۰۵۷ دیدگاه","۲,۶۴۹,۷۰۰","هدفون بلوتوثی شیائومی مدل Redmi Buds 6 Active","قابلیت نویز کنسلینگنویز کنسلینگ میکروفون (ENC)نویز کنسلینگ میکروفون (ENC)نوع گوشیدو گوشیدو گوشینوع اتصالبی‌سیمبی‌سیمرابط‌هابلوتوثبلوتوثقابلیت‌های مقاومتیمقاوم در برابر رطوبت و عرقمقاوم در برابر رطوبت و عرق","مشخصاتنوع هدفون، هدست و هندزفریتو گوشی (Earbud/Earphone) ابعاد۱۸.۵x۱۷.۸x۳۲ میلی‌مترابعاد محفظه شارژ۲۳x۴۸.۶x۴۹ میلی‌متراقلام همراه هدفون، هندزفری و هدستبدون اقلام همراه منبع انرژیباتری قابل شارژ پاسخ فرکانسی۲۰-۲۰۰۰۰ هرتزقابلیت نویز کنسلینگنویز کنسلینگ میکروفون (ENC) مشخصات میکروفونچهار میکروفون (دو میکروفون در هر ایرباد) با قابلیت حذف نویز (ENC) برای مکالمه قطر درایور۱۴.۲ میلی‌مترویژگی‌های خاصنشانگر LED پشتیبانی از فرمان لمسی محدوده عملکرد۱۰ مترنوع آکوستیکبسته نوع گوشیدو گوشی عمر باتری هدفون در حالت پخش موسیقی۶ ساعتظرفیت باتری محفظه شارژ۴۷۵ میلی‌آمپر‌ساعتعمر باتری محفظه شارژ۳۰ ساعتزمان موردنیاز برای شارژ هدفون۱.۵ ساعتزمان مورد نیاز برای شارژ محفظه۲ ساعتقابلیت‌های شارژشارژ باسیم درگاه شارژUSB Type-C مشخصات باتریباتری لیتیوم پلیمری وزن۴ گرمنسخه بلوتوث۵.۴ سایر مشخصاتدارای میکروفون دوگانه همراه با قابلیت حذف نویز برای بهبود صدای مکالمات /
استاندارد IPX۴ مقاومت در برابر رطوبت و پاشش آب /
تا ۱۰ متر برد اتصال بلوتوث جنس بدنهپلاستیک ظرفیت باتری۳۷ میلی‌آمپر‌ساعتنوع کابلUSB Type-C نوع اتصالبی‌سیم رابط‌هابلوتوث مناسب برایکاربری عمومی قابلیت‌های مقاومتیمقاوم در برابر رطوبت و عرق","هدفون، هدست و هندزفری","شیائومی","هدفون، هدست و هندزفری شیائومی"
"1771406137-336","https://www.digikala.com/search/category-headphone/","هدفون بلوتوثی مدل M28 ORIG","۵۰۱,۸۶۰","۳.۸","","","ارسال فروشنده","","","","هدفون بلوتوثی مدل M28 ORIGارسال فروشنده
۳.۸۵۰۱,۸۶۰","https://www.digikala.com/product/dkp-16040379/%D9%87%D8%AF%D9%81%D9%88%D9%86-%D8%A8%D9%84%D9%88%D8%AA%D9%88%D8%AB%DB%8C-%D9%85%D8%AF%D9%84-m28-orig/","۳.۸","آرچر موبایل","خیلی خوب","هدفون گیمینگ!!!!","https://dkstatics-public.digikala.com/digikala-products/7532cd0ec1fa85854877bef907bf0bb77c0e50ab_1754235524.jpg?x-oss-process=image/resize,m_lfit,h_800,w_800/quality,q_90
https://dkstatics-public.digikala.com/digikala-products/fa435a9ea4434275b30b44c77d94f8a20e6f19a2_1720714739.jpg?x-oss-process=image/resize,m_lfit,h_800,w_800/quality,q_90
https://dkstatics-public.digikala.com/digikala-products/91c47f867d20ed979d23070648614a1e7c730073_1720714739.jpg?x-oss-process=image/resize,m_lfit,h_800,w_800/quality,q_90","","۹۲ دیدگاه","۵۰۱,۸۶۰","هدفون بلوتوثی مدل M28 ORIG","نوع گوشیدو گوشیدو گوشینوع اتصالبی‌سیمبی‌سیمرابط‌هاUSBUSB","مشخصاتابعادx میلی‌مترسایر توضیحات اقلام همراه هدفون، هندزفری و هدستcharging cable نوع گوشیدو گوشی نوع اتصالبی‌سیم رابط‌هاUSB مناسب برایکاربری عمومی","هدفون، هدست و هندزفری","متفرقه","هدفون، هدست و هندزفری متفرقه"
"1771406140-337","https://www.digikala.com/search/category-headphone/","هدفون بلوتوثی پی‌ام‌ام مدل NEW PMM-5.4","۴۹۹,۰۰۰","۳.۸","۱,۵۹۰,۰۰۰","۶۹٪","ارسال سریع دیجی‌کالا","","","","هدفون بلوتوثی پی‌ام‌ام مدل NEW PMM-5.4ارسال سریع دیجی‌کالا
۳.۸۶۹٪۴۹۹,۰۰۰۱,۵۹۰,۰۰۰","https://www.digikala.com/product/dkp-21118330/%D9%87%D8%AF%D9%81%D9%88%D9%86-%D8%A8%D9%84%D9%88%D8%AA%D9%88%D8%AB%DB%8C-%D9%BE%DB%8C%D8%A7%D9%85%D8%A7%D9%85-%D9%85%D8%AF%D9%84-new-pmm-54/","۳.۸","لاپ استور","عالی","","https://dkstatics-public.digikala.com/digikala-products/c4fca507fde330ecbdb97ac0ca933ef2b1d27fd3_1766077012.jpg?x-oss-process=image/resize,m_lfit,h_800,w_800/quality,q_90
https://dkstatics-public.digikala.com/digikala-products/3f2459c25ad08f5a4a88589338e01a05be07223c_1766077024.jpg?x-oss-process=image/resize,m_lfit,h_800,w_800/quality,q_90
https://dkstatics-public.digikala.com/digikala-products/d5e3bb30811111f50cf2a78409366618d0b9a3f8_1766077041.jpg?x-oss-process=image/resize,m_lfit,h_800,w_800/quality,q_90
https://dkstatics-public.digikala.com/digikala-products/c4fca507fde330ecbdb97ac0ca933ef2b1d27fd3_1766077012.jpg?x-oss-process=image/resize,m_lfit,h_800,w_800/quality,q_90","","۳۶ دیدگاه","۱,۵۹۰,۰۰۰","هدفون بلوتوثی پی‌ام‌ام مدل NEW PMM-5.4","قابلیت نویز کنسلینگنویز کنسلینگ فعال (ANC)، نویز کنسلینگ میکروفون (ENC)نویز کنسلینگ فعال (ANC)، نویز کنسلینگ میکروفون (ENC)نوع گوشیدو گوشیدو گوشینوع اتصالبی‌سیمبی‌سیمرابط‌هاUSB، بلوتوثUSB، بلوتوث","مشخصاتنوع هدفون، هدست و هندزفریتو گوشی (Earbud/Earphone) اقلام همراه هدفون، هندزفری و هدستکابل شارژ منبع انرژیباتری قابل شارژ قابلیت نویز کنسلینگنویز کنسلینگ فعال (ANC) نویز کنسلینگ میکروفون (ENC) ویژگی‌های خاصپشتیبانی از فرمان لمسی نمایشگر روی محفظه شارژ نشانگر LED نوع آکوستیکباز بسته نیمه‌باز نیمه‌بسته نوع گوشیدو گوشی عمر باتری هدفون در حالت مکالمه۴ ساعتعمر باتری هدفون در حالت پخش موسیقی۴ ساعتقابلیت‌های شارژشارژ باسیم شارژ معکوس درگاه شارژUSB نسخه بلوتوث۵.۴ نوع اتصالبی‌سیم رابط‌هاUSB بلوتوث مناسب برایکاربری عمومی","هدفون، هدست و هندزفری","متفرقه","هدفون، هدست و هندزفری متفرقه"
"1771406142-338","https://www.digikala.com/search/category-headphone/","هدفون ای کی جی مدل B.K2021","۱۲۰,۰۰۰","۳.۸","","","تنها ۱ عدد در انبار باقی مانده","","","","هدفون ای کی جی مدل B.K2021تنها ۱ عدد در انبار باقی مانده
۳.۸۱۲۰,۰۰۰","https://www.digikala.com/product/dkp-7119464/%D9%87%D8%AF%D9%81%D9%88%D9%86-%D8%A7%DB%8C-%DA%A9%DB%8C-%D8%AC%DB%8C-%D9%85%D8%AF%D9%84-bk2021/","۳.۸","بازرگانی استایل لند","عالی","بررسی هندزفری ارزون قیمت AKG","https://dkstatics-public.digikala.com/digikala-products/3ea85f76b93434783537848ce9477bc46c7ad280_1745760231.jpg?x-oss-process=image/resize,m_lfit,h_800,w_800/quality,q_90
https://dkstatics-public.digikala.com/digikala-products/3ea85f76b93434783537848ce9477bc46c7ad280_1745760231.jpg?x-oss-process=image/resize,m_lfit,h_800,w_800/quality,q_90
https://dkstatics-public.digikala.com/digikala-products/9a477fe64616aca1cb8db254f0f847c21ffa6a40_1637669346.jpg?x-oss-process=image/resize,m_lfit,h_800,w_800/quality,q_90
https://dkstatics-public.digikala.com/digikala-products/771dd6e4885ece22b6d17145c02ee1703b3e9064_1637650247.jpg?x-oss-process=image/resize,m_lfit,h_800,w_800/quality,q_90","","۴۹۵۲ دیدگاه","۱۰۲,۵۸۰","هدفون ای کی جی مدل B.K2021","نوع گوشیدو گوشیدو گوشینوع اتصالبا سیمبا سیمرابط‌هاجک 3.5 میلی‌متری صداجک 3.5 میلی‌متری صدا","مشخصاتابعاد- میلی‌مترسایر توضیحات اقلام همراه هدفون، هندزفری و هدستندارد نوع گوشیدو گوشی وزن۱۵ گرمنوع کابل۳.۵ میلی‌متر نوع اتصالبا سیم رابط‌هاجک ۳.۵ میلی‌متری صدا مناسب برایکاربری عمومی","هدفون، هدست و هندزفری","متفرقه","هدفون، هدست و هندزفری متفرقه"
"1771406144-339","https://www.digikala.com/search/category-headphone/","هدفون بلوتوثی شیائومی مدل Buds 6 Lite","۲,۸۱۰,۰۰۰","۴.۲","","","ارسال سریع دیجی‌کالا","","","","هدفون بلوتوثی شیائومی مدل Buds 6 Liteارسال سریع دیجی‌کالا
۴.۲۲,۸۱۰,۰۰۰","https://www.digikala.com/product/dkp-17682013/%D9%87%D8%AF%D9%81%D9%88%D9%86-%D8%A8%D9%84%D9%88%D8%AA%D9%88%D8%AB%DB%8C-%D8%B4%DB%8C%D8%A7%D8%A6%D9%88%D9%85%DB%8C-%D9%85%D8%AF%D9%84-buds-6-lite/","۴.۲","فونیکس شاپ ارتباط","خیلی خوب","","https://dkstatics-public.digikala.com/digikala-products/da4265bd7085182f56b9b479760135ee24e927e0_1754238455.jpg?x-oss-process=image/resize,m_lfit,h_800,w_800/quality,q_90
https://dkstatics-public.digikala.com/digikala-products/da4265bd7085182f56b9b479760135ee24e927e0_1754238455.jpg?x-oss-process=image/resize,m_lfit,h_800,w_800/quality,q_90
https://dkstatics-public.digikala.com/digikala-products/d71fc2a6b8d53b1b42db3d146f26180fad6cd5e0_1733907415.jpg?x-oss-process=image/resize,m_lfit,h_800,w_800/quality,q_90
https://dkstatics-public.digikala.com/digikala-products/d75a2450ad54801065c601b34d6effb15d40c1cc_1733907415.jpg?x-oss-process=image/resize,m_lfit,h_800,w_800/quality,q_90
https://dkstatics-public.digikala.com/digikala-products/da4265bd7085182f56b9b479760135ee24e927e0_1754238455.jpg?x-oss-process=image/resize,m_lfit,h_800,w_800/quality,q_90","","۳۰۹ دیدگاه","۲,۵۰۰,۰۰۰","هدفون بلوتوثی شیائومی مدل Buds 6 Lite","قابلیت نویز کنسلینگنویز کنسلینگ فعال (ANC)، نویز کنسلینگ میکروفون (ENC)نویز کنسلینگ فعال (ANC)، نویز کنسلینگ میکروفون (ENC)نوع گوشیدو گوشیدو گوشینوع اتصالبی‌سیمبی‌سیمرابط‌هابلوتوثبلوتوث","مشخصاتنوع هدفون، هدست و هندزفریTWS (True Wireless Stereo) ابعاد محفظه شارژ۵۷x۵۵.۹۵x۲۶.۸۵ میلی‌مترسایر توضیحات اقلام همراه هدفون، هندزفری و هدستدفترچه راهنما اقلام همراه هدفون، هندزفری و هدستمحفظه شارژ پد گوشی یدکی پاسخ فرکانسی۲۰ - ۲۰۰۰۰ هرتزقابلیت نویز کنسلینگنویز کنسلینگ فعال (ANC) نویز کنسلینگ میکروفون (ENC) مشخصات میکروفونمجهز به دو میکروفون برای کاهش نویز قطر درایور۱۲.۴ میلی‌مترویژگی‌های خاصپشتیبانی از فرمان لمسی محدوده عملکردتا ۱۰ متر مترنوع گوشیدو گوشی عمر باتری هدفون در حالت پخش موسیقیتا ۷ ساعتظرفیت باتری محفظه شارژ۴۸۰ میلی‌آمپر‌ساعتعمر باتری محفظه شارژتا ۳۸ ساعتقابلیت‌های شارژشارژ باسیم درگاه شارژUSB Type-C وزن۴۷ گرمنسخه بلوتوث۵.۳ سایر مشخصاتوزن هدفون ۴.۲ گرم 
 ظرفیت باتری۴۵ میلی‌آمپر‌ساعتنوع اتصالبی‌سیم رابط‌هابلوتوث امپدانس۳۲ اهممناسب برایکاربری عمومی نسبت سیگنال به نویز۴۰ دسی‌بل","هدفون، هدست و هندزفری","شیائومی","هدفون، هدست و هندزفری شیائومی"
"1771406146-340","https://www.digikala.com/search/category-headphone/","هدفون بلوتوثی لنوو مدل Qt82 2021","۱,۰۹۵,۰۰۰","۳.۹","","","ارسال سریع دیجی‌کالا","","","","هدفون بلوتوثی لنوو مدل Qt82 2021ارسال سریع دیجی‌کالا
۳.۹۱,۰۹۵,۰۰۰","https://www.digikala.com/product/dkp-4736614/%D9%87%D8%AF%D9%81%D9%88%D9%86-%D8%A8%D9%84%D9%88%D8%AA%D9%88%D8%AB%DB%8C-%D9%84%D9%86%D9%88%D9%88-%D9%85%D8%AF%D9%84-qt82-2021/","۳.۹","موبایل رهجو","عالی","ایرپاد لنوو مدل Qt82 سفید","https://dkstatics-public.digikala.com/digikala-products/816d8b743f8d0064c00bfa22cd3ef040d79651b8_1754244642.jpg?x-oss-process=image/resize,m_lfit,h_800,w_800/quality,q_90
https://dkstatics-public.digikala.com/digikala-products/1292439bf6d45ea7226b46086ab4ec48827e3c1d_1615911417.jpg?x-oss-process=image/resize,m_lfit,h_800,w_800/quality,q_90
https://dkstatics-public.digikala.com/digikala-products/e4b69544a6b4a6cfbf288e8896c1248fb44c14a4_1615911423.jpg?x-oss-process=image/resize,m_lfit,h_800,w_800/quality,q_90
https://dkstatics-public.digikala.com/digikala-products/816d8b743f8d0064c00bfa22cd3ef040d79651b8_1754244642.jpg?x-oss-process=image/resize,m_lfit,h_800,w_800/quality,q_90","","۶۰۸ دیدگاه","۱,۰۹۵,۰۰۰","هدفون بلوتوثی لنوو مدل Qt82 2021","نوع گوشیدو گوشیدو گوشینوع اتصالبی‌سیمبی‌سیمرابط‌هاUSB Type-CUSB Type-Cقابلیت‌های مقاومتیمقاوم در برابر رطوبت و عرقمقاوم در برابر رطوبت و عرق","مشخصاتسایر توضیحات اقلام همراه هدفون، هندزفری و هدستکابل شارژ قطر درایور۱۳ میلی‌مترنوع گوشیدو گوشی عمر باتری هدفون در حالت مکالمه۴ ساعتعمر باتری هدفون در حالت پخش موسیقی۴ ساعتنسخه بلوتوث۵.۰ سایر مشخصاتاتصال بی سیم از طریق بلوتوث نسخه ۵.۰ با برد اتصال ۱۰ متر
دو گوشی بی سیم با باتری های ۴۰ میلی آمپر ساعتی
دارای کیس شارژ همراه ۴۰۰ میلی آمپر ساعتی برای شارژ هدفون ها
کلیدهای لمسی جهت مدیریت موسیقی و تماس ها و برقراری تماس با صدای واضح تر
طراحی ارگونومیکی به صورت In Ear برای راحتی گوش های کاربر به هنگام استفاده های طولانی مدت
الگوریتم CVSD به کار رفته در هندزفری برای حذف صدای اکو و صدای واضح تر و با کیفیت تر
درایور ۱۳ میلی متری به همراه طراحی Semi in Ear برای موزیک با کیفیت تر  ظرفیت باتری۴۰۰ میلی‌آمپر‌ساعتنوع اتصالبی‌سیم رابط‌هاUSB Type-C مناسب برایورزش قابلیت‌های مقاومتیمقاوم در برابر رطوبت و عرق","هدفون، هدست و هندزفری","لنوو","هدفون، هدست و هندزفری لنوو"
"1771406149-341","https://www.digikala.com/search/category-headphone/","هندزفری بلوتوثی مدل powerbass","۵,۴۷۵,۰۰۰","۳.۸","","","&nbsp;","","","","هندزفری بلوتوثی مدل powerbass&nbsp;
۳.۸۵,۴۷۵,۰۰۰","https://www.digikala.com/product/dkp-20767610/%D9%87%D9%86%D8%AF%D8%B2%D9%81%D8%B1%DB%8C-%D8%A8%D9%84%D9%88%D8%AA%D9%88%D8%AB%DB%8C-%D9%85%D8%AF%D9%84-powerbass/","۳.۸","متین شاپ مشهد","عالی","هندزفری بلوتوثی می باشد که نسبت به ایرپادهای عادی کیفیت بسیار بالاتری دارد. محصولی سبک با طراحی زیبا و متناسب با ارگونومی است که به همراه یک کیس شارژ مقاوم به بازار عرضه شده است. طراحی استاندارد ایربادهای تعبیه شده برای این مدل سبب شده است تا به راحتی در قسمت داخلی گوش کاربر ثابت شوند؛ موضوع قابل توجه دیگر در مورد طراحی محصول این است که از استاندارد IPX4 پشتیبانی می کند و در برابر رطوبت و عرق کاملا مقاوم است؛ بنابراین، هدفون این امکان را به شما می دهد تا در هنگام بارش باران ی ...","https://dkstatics-public.digikala.com/digikala-products/66c6bbea810892b81a91f701b876d930170978ef_1761514578.jpg?x-oss-process=image/resize,m_lfit,h_800,w_800/quality,q_90
https://dkstatics-public.digikala.com/digikala-products/8215ca6e9748e354c78797f2c2ff153ce95b992f_1761514589.jpg?x-oss-process=image/resize,m_lfit,h_800,w_800/quality,q_90
https://dkstatics-public.digikala.com/digikala-products/2c0506865120af0051358b20bd1165321a4f8cb0_1761514591.jpg?x-oss-process=image/resize,m_lfit,h_800,w_800/quality,q_90
https://dkstatics-public.digikala.com/digikala-products/66c6bbea810892b81a91f701b876d930170978ef_1761514578.jpg?x-oss-process=image/resize,m_lfit,h_800,w_800/quality,q_90","","۱۸ دیدگاه","۶,۵۰۰,۰۰۰","هندزفری بلوتوثی مدل powerbass","قابلیت نویز کنسلینگنویز کنسلینگ فعال (ANC)، قابلیت پخش صدای محیطی (Transparency)، نویز کنسلینگ بدنهنویز کنسلینگ فعال (ANC)، قابلیت پخش صدای محیطی (Transparency)، نویز کنسلینگ بدنهنوع گوشیدو گوشیدو گوشینوع اتصالبی‌سیمبی‌سیمرابط‌هابلوتوثبلوتوثقابلیت‌های مقاومتیمقاوم در برابر رطوبت و عرقمقاوم در برابر رطوبت و عرق","مشخصاتنوع هدفون، هدست و هندزفریتو گوشی (Earbud/Earphone) اقلام همراه هدفون، هندزفری و هدستکابل شارژ قابلیت نویز کنسلینگنویز کنسلینگ فعال (ANC) قابلیت پخش صدای محیطی (Transparency) نویز کنسلینگ بدنه ویژگی‌های خاصکلید مدیریت میزان صدا نوع گوشیدو گوشی عمر باتری هدفون در حالت استندبای۳۰ عمر باتری هدفون در حالت پخش موسیقی۶ ساعتقابلیت‌های شارژشارژ باسیم درگاه شارژLightning سایر مشخصاتمجهز به چیپست H۱ دارای استاندارد IPX۴ /IPX۴ (مقاوم دربرابر پاشش آب و تعریق) قابلیت اتصال به ios و android دارای Force sensor (Motion-detecting accelerometer) مجهز به کنترل لمسی ایرپاد کنترل لمسی و ضربه زدن به ایرباد برای اتصال و قطع تماس و کنترل محتوای در حال پخش - لمس طولانی روی هر ایرباد برای فعال کردن دستیار صوتی نوع اتصالبی‌سیم رابط‌هابلوتوث مناسب برایکاربری عمومی قابلیت‌های مقاومتیمقاوم در برابر رطوبت و عرق","هدفون، هدست و هندزفری","متفرقه","هدفون، هدست و هندزفری متفرقه"
"1771406151-342","https://www.digikala.com/search/category-headphone/","هدست بلوتوثی تسکو مدل TH 5378","۱,۳۷۴,۰۰۰","۳.۹","","","&nbsp;","","","","هدست بلوتوثی تسکو مدل TH 5378&nbsp;
۳.۹۱,۳۷۴,۰۰۰","https://www.digikala.com/product/dkp-13041875/%D9%87%D8%AF%D8%B3%D8%AA-%D8%A8%D9%84%D9%88%D8%AA%D9%88%D8%AB%DB%8C-%D8%AA%D8%B3%DA%A9%D9%88-%D9%85%D8%AF%D9%84-th-5378/","۳.۹","تابان","عالی","کپی کاری جدید تسکو","https://dkstatics-public.digikala.com/digikala-products/23f80a79589a787cf34c4260753590a6a4df3363_1745825006.jpg?x-oss-process=image/resize,m_lfit,h_800,w_800/quality,q_90
https://dkstatics-public.digikala.com/digikala-products/23e70ae4495e0f8b314ce784a3898260d247458a_1697708898.jpg?x-oss-process=image/resize,m_lfit,h_800,w_800/quality,q_90
https://dkstatics-public.digikala.com/digikala-products/c542784f981ec985efe613356d1bbc8323ee2a90_1697708898.jpg?x-oss-process=image/resize,m_lfit,h_800,w_800/quality,q_90
https://dkstatics-public.digikala.com/digikala-products/23f80a79589a787cf34c4260753590a6a4df3363_1745825006.jpg?x-oss-process=image/resize,m_lfit,h_800,w_800/quality,q_90","","۱۰۷ دیدگاه","۱,۳۷۴,۰۰۰","هدست بلوتوثی تسکو مدل TH 5378","نوع گوشیدو گوشیدو گوشینوع اتصالدوگانه (بی‌سیم و با سیم)دوگانه (بی‌سیم و با سیم)رابط‌هاجک 3.5 میلی‌متری صدا، شیار کارت حافظه، بلوتوثجک 3.5 میلی‌متری صدا، شیار کارت حافظه، بلوتوث","مشخصاتابعاد     میلی‌مترسایر توضیحات اقلام همراه هدفون، هندزفری و هدستکابل شارژ تایپ سی , دفترچه راهنما , کابل صدا محدوده عملکردبالای ۱۰ متر مترنوع گوشیدو گوشی عمر باتری۱۸۰ ساعت عمر باتری هدفون در حالت مکالمهبالای ۸ ساعت ساعتعمر باتری هدفون در حالت استندبایبالای ۱۸۰ ساعت عمر باتری هدفون در حالت پخش موسیقیبالای ۸ ساعت ساعتزمان موردنیاز برای شارژ هدفون۲ ساعتوزن۱۷۴ گرمنسخه بلوتوث۵.۳ سایر مشخصاتدارای پورت شارژ تایپ سی , دارای شیار حافظه , قابلیت اتصال به رادیو , قابلیت مکالمه , انعطاف پذیری و قابلیت چرخش ۹۰ درجه ای , قابلیت پخش صدای HD , چیپست : JL۶۹۲۵F  ظرفیت باتری۳۰۰ میلی‌آمپر‌ساعتنوع کابلUSB Type-C نوع اتصالدوگانه (بی‌سیم و با سیم) رابط‌هاجک ۳.۵ میلی‌متری صدا شیار کارت حافظه بلوتوث مناسب برایکاربری عمومی حساسیت۱۰۵±۳dB","هدفون، هدست و هندزفری","تسکو","هدفون، هدست و هندزفری تسکو"
"1771406153-343","https://www.digikala.com/search/category-headphone/","هدفون بلوتوثی مدل گربه ای","۵۲۹,۰۰۰","۴","","","ارسال سریع دیجی‌کالا","","","","هدفون بلوتوثی مدل گربه ایارسال سریع دیجی‌کالا
۴۵۲۹,۰۰۰","https://www.digikala.com/product/dkp-9362922/%D9%87%D8%AF%D9%81%D9%88%D9%86-%D8%A8%D9%84%D9%88%D8%AA%D9%88%D8%AB%DB%8C-%D9%85%D8%AF%D9%84-%DA%AF%D8%B1%D8%A8%D9%87-%D8%A7%DB%8C/","۴","کاویان سیتی","عالی","","https://dkstatics-public.digikala.com/digikala-products/b0164e058cbc1c7c71fb67fed7e990bd953aee34_1745824977.jpg?x-oss-process=image/resize,m_lfit,h_800,w_800/quality,q_90
https://dkstatics-public.digikala.com/digikala-products/084182096961859d97f9897fc4479ec55ee92c2d_1662209886.jpg?x-oss-process=image/resize,m_lfit,h_800,w_800/quality,q_90
https://dkstatics-public.digikala.com/digikala-products/69ff84c754f607491c0ed7629e52df77aaa103d9_1662207222.jpg?x-oss-process=image/resize,m_lfit,h_800,w_800/quality,q_90
https://dkstatics-public.digikala.com/digikala-products/b0164e058cbc1c7c71fb67fed7e990bd953aee34_1745824977.jpg?x-oss-process=image/resize,m_lfit,h_800,w_800/quality,q_90","","۴۲۰۵ دیدگاه","۴۹۹,۰۰۰","هدفون بلوتوثی مدل گربه ای","نوع گوشیدو گوشیدو گوشینوع اتصالباسیم، بی‌سیمباسیم، بی‌سیمرابط‌هاشیار کارت حافظه، بلوتوث، AUXشیار کارت حافظه، بلوتوث، AUXقابلیت‌های مقاومتیمقاوم در برابر رطوبت و عرقمقاوم در برابر رطوبت و عرق","مشخصاتسایر توضیحات اقلام همراه هدفون، هندزفری و هدستدفترچه راهنما / کابل شارژ محدوده عملکرد۱۰ متر مترنوع گوشیدو گوشی عمر باتری هدفون در حالت مکالمهتا ۷ ساعتعمر باتری هدفون در حالت استندبای۲۴ ساعت عمر باتری هدفون در حالت پخش موسیقیتا ۷ ساعتزمان موردنیاز برای شارژ هدفون۲ ساعتوزن۵۰۰ گرمنسخه بلوتوث۵.۰ جنس بدنهپلاستیک ظرفیت باتری۴۰۰ میلی‌آمپر‌ساعتنوع کابلmicroUSB نوع اتصالباسیم بی‌سیم رابط‌هاشیار کارت حافظه بلوتوث AUX امپدانس۳۲ اهممناسب برایکاربری عمومی قابلیت‌های مقاومتیمقاوم در برابر رطوبت و عرق","هدفون، هدست و هندزفری","متفرقه","هدفون، هدست و هندزفری متفرقه"
"1771406155-344","https://www.digikala.com/search/category-headphone/","هندزفری مدل LLM- Ericsson Port","۸۹,۹۰۰","۲","۱۲۰,۰۰۰","۲۵٪","تنها ۱ عدد در انبار باقی مانده","","","","غیراصل

هندزفری مدل LLM- Ericsson Port تنها ۱ عدد در انبار باقی مانده
۲۲۵٪۸۹,۹۰۰۱۲۰,۰۰۰","https://www.digikala.com/product/dkp-21063548/%D9%87%D9%86%D8%AF%D8%B2%D9%81%D8%B1%DB%8C-%D9%85%D8%AF%D9%84-llm-ericsson-port/","۲","جانبی تامین","خیلی خوب","هندزفریLLM با کانکتور Sony Ericsson یک هندزفری اورجینال و کمیاب  است که به  گوشی‌های قدیمی سونی‌اریکسون متصل می‌شود. اگر یکی از مدل‌های کلاسیک سونی‌اریکسون را دارید و به‌دنبال یک هندزفری سالم و سازگار می‌گردید، این مدل بهترین گزینه برای شماست.

طراحی ارگونومیک و وزن بسیار سبک باعث می‌شود استفاده‌ی طولانی‌مدت از آن خسته‌کننده نباشد. کیفیت صدا شفاف، باس مناسب و میکروفون باکیفیت، آن را مناسب مکالمه، موسیقی و استفاده روزمره می‌کند.

روی کابل یک ماژول کنترلی قرار دارد که امکان مدی ...","https://dkstatics-public.digikala.com/digikala-products/55ef972750a8671a997873e64b30fcae16cbc7cd_1765314312.jpg?x-oss-process=image/resize,m_lfit,h_800,w_800/quality,q_90
https://dkstatics-public.digikala.com/digikala-products/55ef972750a8671a997873e64b30fcae16cbc7cd_1765314316.jpg?x-oss-process=image/resize,m_lfit,h_800,w_800/quality,q_90
https://dkstatics-public.digikala.com/digikala-products/dd875861ec7521e91d557eed34be38f54af8ccd5_1765314355.jpg?x-oss-process=image/resize,m_lfit,h_800,w_800/quality,q_90","","","۱۲۰,۰۰۰","هندزفری مدل LLM- Ericsson Port","قابلیت نویز کنسلینگفاقد قابلیت نویز کنسلینگفاقد قابلیت نویز کنسلینگنوع گوشیدو گوشیدو گوشینوع اتصالبا سیمبا سیمرابط‌هاUSBUSB","مشخصاتنوع هدفون، هدست و هندزفریتو گوشی (Earbud/Earphone) سایر توضیحات اقلام همراه هدفون، هندزفری و هدستاین هندزفری مناسب افرادی است که هنوز از گوشی‌های کلاسیک سونی‌اریکسون استفاده می‌کنند و به‌دنبال یک هندزفری با کیفیت و کاملاً سازگار هستند. محصولی کم‌یاب، قابل اعتماد و کاملاً کاربردی برای استفاده روزمره. اقلام همراه هدفون، هندزفری و هدستبدون اقلام همراه قابلیت نویز کنسلینگفاقد قابلیت نویز کنسلینگ ویژگی‌های خاصکلید مدیریت میزان صدا گیره نگهدارنده نوع گوشیدو گوشی قابلیت‌های شارژبدون قابلیت شارژ درگاه شارژبدون قابلیت شارژ وزن۲۰ گرمنوع اتصالبا سیم رابط‌هاUSB مناسب برایکاربری عمومی","هدفون، هدست و هندزفری","متفرقه","هدفون، هدست و هندزفری متفرقه"
"1771406157-345","https://www.digikala.com/search/category-headphone/","هندزفری هوارکو مدل شمس","۱۹۹,۰۰۰","۴.۲","","","&nbsp;","","","","هندزفری هوارکو مدل شمس&nbsp;
۴.۲۱۹۹,۰۰۰","https://www.digikala.com/product/dkp-8929722/%D9%87%D9%86%D8%AF%D8%B2%D9%81%D8%B1%DB%8C-%D9%87%D9%88%D8%A7%D8%B1%DA%A9%D9%88-%D9%85%D8%AF%D9%84-%D8%B4%D9%85%D8%B3/","۴.۲","زاشادو","عالی","","https://dkstatics-public.digikala.com/digikala-products/8a5587c84184842b9cc17c81f9ed9595167dbd66_1657033992.jpg?x-oss-process=image/resize,m_lfit,h_800,w_800/quality,q_90
https://dkstatics-public.digikala.com/digikala-products/5fbb8cf7da53bbd82adba4f3e3d725e1f5c53255_1657034264.jpg?x-oss-process=image/resize,m_lfit,h_800,w_800/quality,q_90
https://dkstatics-public.digikala.com/digikala-products/a8ac45db20183023b425d6020e8f254952c7b203_1657033972.jpg?x-oss-process=image/resize,m_lfit,h_800,w_800/quality,q_90
https://dkstatics-public.digikala.com/digikala-products/8a5587c84184842b9cc17c81f9ed9595167dbd66_1657033992.jpg?x-oss-process=image/resize,m_lfit,h_800,w_800/quality,q_90","","۴۷۶ دیدگاه","۱۹۹,۰۰۰","هندزفری هوارکو مدل شمس","نوع گوشیدو گوشیدو گوشینوع اتصالبا سیم، باسیمبا سیم، باسیمرابط‌هاجک 3.5 میلی‌متری صداجک 3.5 میلی‌متری صدا","مشخصاتنوع گوشیدو گوشی نوع اتصالبا سیم باسیم رابط‌هاجک ۳.۵ میلی‌متری صدا امپدانس۳۲ اهممناسب برایگیمینگ","هدفون، هدست و هندزفری","متفرقه","هدفون، هدست و هندزفری متفرقه"
"1771406159-346","https://www.digikala.com/search/category-headphone/","هدفون بلوتوثی انکر مدل Soundcore A25i","۱,۷۰۰,۰۰۰","۴.۴","","","ارسال فروشنده","","https://dkstatics-public.digikala.com/digikala-products/5c8e26926132dd12cb6b101f4f9883085a423405_1754239690.jpg?x-oss-process=image/resize,m_lfit,h_300,w_300/quality,q_80","","هدفون بلوتوثی انکر مدل Soundcore A25iارسال فروشنده
۴.۴۱,۷۰۰,۰۰۰","https://www.digikala.com/product/dkp-18142321/%D9%87%D8%AF%D9%81%D9%88%D9%86-%D8%A8%D9%84%D9%88%D8%AA%D9%88%D8%AB%DB%8C-%D8%A7%D9%86%DA%A9%D8%B1-%D9%85%D8%AF%D9%84-soundcore-a25i/","۴.۴","دیجی‌کالا","عالی","هدفون بلوتوثی انکر مدل Soundcore A25i می‌تواند برای ساعاتی بسیار از صبح گرفته تا شب تجربه‌ای راحت و باکیفیت از گوش‌دادن به موسیقی را برای شما فراهم کند. این هدفون به‌صورت بی‌سیم و ارگونومیک با وزنی سبک طراحی شده است، به‌گونه‌ای که حتی پس از ساعت‌ها استفاده از آن، هیچ‌گونه احساس خستگی در گوش خود نخواهید کرد.
استفاده از بلوتوث نسخه ۵.۳، اتصال این هدفون را در محدوده 10 متری سریع و پایدار کرده است و با درایورهای ۶ میلی‌متری، فرکانسی ۲۰ تا 20000 هرتز و امپدانس ۱۶ اهم صدایی متعادل  ...","https://dkstatics-public.digikala.com/digikala-products/5c8e26926132dd12cb6b101f4f9883085a423405_1754239690.jpg?x-oss-process=image/resize,m_lfit,h_800,w_800/quality,q_90
https://dkstatics-public.digikala.com/digikala-products/e7ccd5a3debb1ce9067e54e2e933bf383dedc943_1737979211.jpg?x-oss-process=image/resize,m_lfit,h_800,w_800/quality,q_90
https://dkstatics-public.digikala.com/digikala-products/6f8856cb8b5bf3b70563d6d02229d37d0962e766_1737979211.jpg?x-oss-process=image/resize,m_lfit,h_800,w_800/quality,q_90
https://dkstatics-public.digikala.com/digikala-products/5c8e26926132dd12cb6b101f4f9883085a423405_1754239690.jpg?x-oss-process=image/resize,m_lfit,h_800,w_800/quality,q_90","","۳۲۴ دیدگاه","۱,۶۷۴,۹۰۰","هدفون بلوتوثی انکر مدل Soundcore A25i","قابلیت نویز کنسلینگفاقد قابلیت نویز کنسلینگفاقد قابلیت نویز کنسلینگنوع گوشیدو گوشیدو گوشینوع اتصالبی‌سیمبی‌سیمرابط‌هابلوتوثبلوتوث","مشخصاتنوع هدفون، هدست و هندزفریTWS (True Wireless Stereo) سایر توضیحات اقلام همراه هدفون، هندزفری و هدستدفترچه راهنما اقلام همراه هدفون، هندزفری و هدستکابل شارژ پاسخ فرکانسی۲۰ - ۲۰۰۰۰ هرتزقابلیت نویز کنسلینگفاقد قابلیت نویز کنسلینگ قطر درایور۶ میلی‌مترویژگی‌های خاصنشانگر LED محدوده عملکردتا ۱۰ متر مترنوع گوشیدو گوشی عمر باتریتا ۲۸ عمر باتری هدفون در حالت پخش موسیقیتا ۹ ساعتقابلیت‌های شارژشارژ باسیم درگاه شارژUSB Type-C نسخه بلوتوث۵.۳ سایر مشخصات۱۰ دقیقه شارژ برای دو ساعت پخش /
دارای گواهی IPX۵ (مقاوم در برابر پاشش آب) /
هدفون‌ها با ظرفیت باتری ۶۰ میلی آمپر ساعت /
مدت زمان مورد نیاز برای شارژ شدن تا ۲ ساعت ظرفیت باتری۳۵۰ میلی‌آمپر‌ساعتنوع اتصالبی‌سیم رابط‌هابلوتوث امپدانس۱۶ اهممناسب برایکاربری عمومی حساسیت۱۰۰ دسی‌بل","هدفون، هدست و هندزفری","انکر","هدفون، هدست و هندزفری انکر"
"1771406161-347","https://www.digikala.com/search/category-headphone/","هدفون بلوتوثی ناتینگ مدل CMF Neckband Pro","۴,۱۵۰,۰۰۰","۴.۵","","","تنها ۱ عدد در انبار باقی مانده","","https://dkstatics-public.digikala.com/digikala-products/5b6e5987c31994722b8eb780d827fecffd261d04_1754253968.jpg?x-oss-process=image/resize,m_lfit,h_300,w_300/quality,q_80","","هدفون بلوتوثی ناتینگ مدل CMF Neckband Proتنها ۱ عدد در انبار باقی مانده
۴.۵۴,۱۵۰,۰۰۰","https://www.digikala.com/product/dkp-15235017/%D9%87%D8%AF%D9%81%D9%88%D9%86-%D8%A8%D9%84%D9%88%D8%AA%D9%88%D8%AB%DB%8C-%D9%86%D8%A7%D8%AA%DB%8C%D9%86%DA%AF-%D9%85%D8%AF%D9%84-cmf-neckband-pro/","۴.۵","پارس بلو","عالی","الهام گرفته شده از بالینسیاگا!","https://dkstatics-public.digikala.com/digikala-products/5b6e5987c31994722b8eb780d827fecffd261d04_1754253968.jpg?x-oss-process=image/resize,m_lfit,h_800,w_800/quality,q_90
https://dkstatics-public.digikala.com/digikala-products/6c36e85fa989d0a96a804fd90c40dc361cdae7e2_1736230925.jpg?x-oss-process=image/resize,m_lfit,h_800,w_800/quality,q_90
https://dkstatics-public.digikala.com/digikala-products/1c2b0392809d7e0120ee4edbcad21ea0977500ae_1737815210.jpg?x-oss-process=image/resize,m_lfit,h_800,w_800/quality,q_90
https://dkstatics-public.digikala.com/digikala-products/5b6e5987c31994722b8eb780d827fecffd261d04_1754253968.jpg?x-oss-process=image/resize,m_lfit,h_800,w_800/quality,q_90","","۵۶۳ دیدگاه","۴,۰۹۰,۰۰۰","هدفون بلوتوثی ناتینگ مدل CMF Neckband Pro","قابلیت نویز کنسلینگنویز کنسلینگ فعال (ANC)، نویز کنسلینگ میکروفون (ENC)نویز کنسلینگ فعال (ANC)، نویز کنسلینگ میکروفون (ENC)نوع گوشیدو گوشیدو گوشینوع اتصالبی‌سیمبی‌سیمرابط‌هابلوتوثبلوتوث","مشخصاتنوع هدفون، هدست و هندزفریگردنی (Neckband) ابعاد۹۳۷x۲۲.۸x۱۳.۲ میلی‌متراقلام همراه هدفون، هندزفری و هدستپد گوشی یدکی قابلیت نویز کنسلینگنویز کنسلینگ فعال (ANC) نویز کنسلینگ میکروفون (ENC) قطر درایور۱۳.۶ میلی‌مترویژگی‌های خاصنگهدارنده-گردنی کلید مدیریت میزان صدا نوع آکوستیکبسته نوع گوشیدو گوشی عمر باتری هدفون در حالت مکالمهتا ۱۸ (نویز کنسلینگ فعال) - تا ۲۰ (نویز کنسلینگ غیرفعال) ساعتعمر باتری هدفون در حالت پخش موسیقیتا ۲۳ (نویز کنسلینگ فعال) - تا ۳۷ (نویز کنسلینگ غیرفعال) ساعتظرفیت باتری محفظه شارژ۲۲۰ میلی‌آمپر‌ساعتقابلیت‌های شارژشارژ باسیم درگاه شارژUSB Type-C وزن۲۹.۶ گرمنسخه بلوتوث۵.۳ سایر مشخصاتپشتیبانی از کدک‌های A۲DP - AVRCP - HFP ظرفیت باتری۲۲۰ میلی‌آمپر‌ساعتنوع اتصالبی‌سیم رابط‌هابلوتوث مناسب برایکاربری عمومی","هدفون، هدست و هندزفری","ناتینگ","هدفون، هدست و هندزفری ناتینگ"
"1771406164-348","https://www.digikala.com/search/category-headphone/","هدفون بلوتوثی مدل M.IOO PR0","۳۹۵,۰۰۰","۴.۲","۵۲۰,۰۰۰","۲۴٪","ارسال سریع دیجی‌کالا","","https://www.digikala.com/statics/img/svg/productCard/topBadge/SpecialSell.svg","https://www.digikala.com/statics/img/svg/productCard/topBadge/SpecialSell.svg","هدفون بلوتوثی مدل M.IOO PR0ارسال سریع دیجی‌کالا
۴.۲۲۴٪۳۹۵,۰۰۰۵۲۰,۰۰۰","https://www.digikala.com/product/dkp-18874214/%D9%87%D8%AF%D9%81%D9%88%D9%86-%D8%A8%D9%84%D9%88%D8%AA%D9%88%D8%AB%DB%8C-%D9%85%D8%AF%D9%84-mioo-pr0/","۴.۲","فانتک","عالی","","https://dkstatics-public.digikala.com/digikala-products/69ccfa3aad0f37d5e7820f4e3764b0931c4ae238_1744270521.jpg?x-oss-process=image/resize,m_lfit,h_800,w_800/quality,q_90
https://dkstatics-public.digikala.com/digikala-products/20509ce41cbe054097f4912bdc4269b07dceb22e_1744270524.jpg?x-oss-process=image/resize,m_lfit,h_800,w_800/quality,q_90
https://dkstatics-public.digikala.com/digikala-products/c2dc94c3d2a278ca2654a6b7c0d326e142ecc752_1744270527.jpg?x-oss-process=image/resize,m_lfit,h_800,w_800/quality,q_90
https://dkstatics-public.digikala.com/digikala-products/69ccfa3aad0f37d5e7820f4e3764b0931c4ae238_1744270521.jpg?x-oss-process=image/resize,m_lfit,h_800,w_800/quality,q_90","","۲۵ دیدگاه","۵۲۰,۰۰۰","هدفون بلوتوثی مدل M.IOO PR0","قابلیت نویز کنسلینگنویز کنسلینگ میکروفون (ENC)، نویز کنسلینگ بدنهنویز کنسلینگ میکروفون (ENC)، نویز کنسلینگ بدنهنوع گوشیدو گوشیدو گوشینوع اتصالبی‌سیمبی‌سیمرابط‌هاUSB، بلوتوثUSB، بلوتوثقابلیت‌های مقاومتیمقاوم در برابر رطوبت و عرقمقاوم در برابر رطوبت و عرق","مشخصاتنوع هدفون، هدست و هندزفریTWS (True Wireless Stereo) اقلام همراه هدفون، هندزفری و هدستکابل شارژ محفظه شارژ پد گوشی یدکی منبع انرژیباتری قابل شارژ USB قابلیت نویز کنسلینگنویز کنسلینگ میکروفون (ENC) نویز کنسلینگ بدنه ویژگی‌های خاصنشانگر LED پشتیبانی از فرمان لمسی نمایشگر روی محفظه شارژ محدوده عملکردتا ۱۰ مترنوع آکوستیکباز بسته نیمه‌باز نیمه‌بسته نوع گوشیدو گوشی عمر باتری هدفون در حالت مکالمه۵ ساعتعمر باتری هدفون در حالت پخش موسیقی۵ ساعتظرفیت باتری محفظه شارژ۲۵۰۰ میلی‌آمپر‌ساعتزمان موردنیاز برای شارژ هدفون۱ ساعتزمان مورد نیاز برای شارژ محفظه۲ ساعتقابلیت‌های شارژشارژ بی‌سیم درگاه شارژUSB مشخصات باتری۲۵۰۰ نسخه بلوتوث۵.۴ سایر مشخصاتابتدا پاوربانک را ۵ ساعت به شارژ اولیه بزنید و سپس هندزفری‌ها شارژ شود. جنس بدنهپلاستیک ظرفیت باتری۲۵۰۰ میلی‌آمپر‌ساعتنوع کابلUSB نوع اتصالبی‌سیم رابط‌هاUSB بلوتوث مناسب برایکاربری عمومی قابلیت‌های مقاومتیمقاوم در برابر رطوبت و عرق","هدفون، هدست و هندزفری","متفرقه","هدفون، هدست و هندزفری متفرقه"
"1771406166-349","https://www.digikala.com/search/category-headphone/","هدست لاجیتک مدل H111","۱,۵۰۰,۰۰۰","۴.۲","","","تنها ۳ عدد در انبار باقی مانده","","https://dkstatics-public.digikala.com/digikala-products/09a2de02b5f45f29acc752ed7b56da69651fb764_1637739872.jpg?x-oss-process=image/resize,m_lfit,h_300,w_300/quality,q_80","","هدست لاجیتک مدل H111تنها ۳ عدد در انبار باقی مانده
۴.۲۱,۵۰۰,۰۰۰","https://www.digikala.com/product/dkp-4018902/%D9%87%D8%AF%D8%B3%D8%AA-%D9%84%D8%A7%D8%AC%DB%8C%D8%AA%DA%A9-%D9%85%D8%AF%D9%84-h111/","۴.۲","بوبوکو شاپ","عالی","هدفون مدل «H111» محصولی از برند مطرح «لاجیتک» است که به‌صورت روگوشی طراحی شده است. این هدست با وزن معادل 73.2 گرم و ابعاد کوچک به وسیله‌ی سیم و جک 3.5 میلی‌متری به گوشی یا رایانه متصل می‌شود. البته توجه داشته باشید که این محصول از جک 3.5 میلی متری تکی بهره می‌برد و در هنگام اتصال به رایانه یا هدفون آن فعال می‌شود یا میکروفون آن، مگر اینکه از تبدیل‌های یک به دو استفاده شود. محل قرارگیری میکروفون روی کاپ هدست است و حساسیت بالا و فرکانس پاسخ‌گویی 100 تا 16000 هرتز را به شما ارائ ...","https://dkstatics-public.digikala.com/digikala-products/09a2de02b5f45f29acc752ed7b56da69651fb764_1637739872.jpg?x-oss-process=image/resize,m_lfit,h_800,w_800/quality,q_90
https://dkstatics-public.digikala.com/digikala-products/09a2de02b5f45f29acc752ed7b56da69651fb764_1637739872.jpg?x-oss-process=image/resize,m_lfit,h_800,w_800/quality,q_90
https://dkstatics-public.digikala.com/digikala-products/69ad58031e8a51775ca33f662b0299ce09d74688_1637745475.jpg?x-oss-process=image/resize,m_lfit,h_800,w_800/quality,q_90
https://dkstatics-public.digikala.com/digikala-products/7158e68de72bbfeedc1ed87e3a145ac73ea5ecee_1637745477.jpg?x-oss-process=image/resize,m_lfit,h_800,w_800/quality,q_90
https://dkstatics-public.digikala.com/digikala-products/09a2de02b5f45f29acc752ed7b56da69651fb764_1637739872.jpg?x-oss-process=image/resize,m_lfit,h_800,w_800/quality,q_90","","۲۸۲ دیدگاه","۱,۴۵۰,۰۰۰","هدست لاجیتک مدل H111","نوع گوشیدو گوشیدو گوشیرابط‌هاجک 3.5 میلی‌متری صداجک 3.5 میلی‌متری صدا","مشخصاتسایر توضیحات اقلام همراه هدفون، هندزفری و هدستدفترچه راهنما پاسخ فرکانسی۲۰-۲۰۰۰۰ هرتزنوع گوشیدو گوشی وزن    گرمسایر مشخصاتصدای استریو
میکروفون تاشو
هدبند قابل تنظیم
سازگار با سیستم عامل های iOS (iPhone, iPad and iPod) / Windows Vista / Windows ۷ / Windows ۸ / Windows ۱۰ / Mac OS X ۱۰.۵ / Chrome OS / Linux Kernel ۲.۶ / Android
 رابط‌هاجک ۳.۵ میلی‌متری صدا مناسب برایمکالمه","هدفون، هدست و هندزفری","لاجیتک","هدفون، هدست و هندزفری لاجیتک"
"1771406168-350","https://www.digikala.com/search/category-headphone/","هندزفری بلوتوثی مدل M88 Plus","۵۱۲,۰۰۰","۳.۲","","","تنها ۲ عدد در انبار باقی مانده","","","","هندزفری بلوتوثی مدل M88 Plusتنها ۲ عدد در انبار باقی مانده
۳.۲۵۱۲,۰۰۰","https://www.digikala.com/product/dkp-11189102/%D9%87%D9%86%D8%AF%D8%B2%D9%81%D8%B1%DB%8C-%D8%A8%D9%84%D9%88%D8%AA%D9%88%D8%AB%DB%8C-%D9%85%D8%AF%D9%84-m88-plus/","۳.۲","ورلد شاپ","عالی","امروزه به دلیل مشغله کاری زیاد نیاز ما به وسایل دیجیتالی هر روز بیشتر می شود کالاهایی که چند ویژگی باهم داشته باشند یک محصول کاملا جذاب به شمار می رود. ایرپاد-پاوربانک  M88 Plus یکی از این محصولات است که هم یک هندزفری باکیفیت در عین حال یک پاوربانک به تمام معناست که مجهز به سه نوع کابل جهت شارژ هم زمان گوشی یا تبلت و ... می باشد .
 ظرفیت باتری کیس این محصول 1200 میلی آمپرست که می تواند هندزفری ها را تا چند روز پرشارژ و همیشه در دسترس نگه دارد. تراشه بلوتوثی این هندزفری -پاور ...","https://dkstatics-public.digikala.com/digikala-products/9ef75618856418cd52d4a837d6140fe0805fa6d1_1754243787.jpg?x-oss-process=image/resize,m_lfit,h_800,w_800/quality,q_90
https://dkstatics-public.digikala.com/digikala-products/cccccb379a27b84740ce1eec99522ab5c2c3f2e4_1682702520.jpg?x-oss-process=image/resize,m_lfit,h_800,w_800/quality,q_90
https://dkstatics-public.digikala.com/digikala-products/79489cbac46fffc7af63542bb96579bdf38b9ae6_1682702212.jpg?x-oss-process=image/resize,m_lfit,h_800,w_800/quality,q_90
https://dkstatics-public.digikala.com/digikala-products/9ef75618856418cd52d4a837d6140fe0805fa6d1_1754243787.jpg?x-oss-process=image/resize,m_lfit,h_800,w_800/quality,q_90","","۱۶۴ دیدگاه","۴۰۵,۰۰۰","هندزفری بلوتوثی مدل M88 Plus","نوع گوشیدو گوشیدو گوشینوع اتصالبی‌سیمبی‌سیمرابط‌هاUSBUSBقابلیت‌های مقاومتیمقاوم در برابر رطوبت و عرقمقاوم در برابر رطوبت و عرق","مشخصاتسایر توضیحات اقلام همراه هدفون، هندزفری و هدستسری های سیلیکونی 
کابل شارژ 
کیس شارژ نوع گوشیدو گوشی وزن۱۰۰ گرمنسخه بلوتوث  ۵.۲ سایر مشخصاتقابلیت استفاده از کیس شارژ به عنوان پاوربانک
مجهز به ۳ نوع کابل جهت شارژ
کیس شارژ کشویی ظرفیت باتری۱۲۰۰ میلی‌آمپر‌ساعتنوع اتصالبی‌سیم رابط‌هاUSB قابلیت‌های مقاومتیمقاوم در برابر رطوبت و عرق","هدفون، هدست و هندزفری","متفرقه","هدفون، هدست و هندزفری متفرقه"
"1771406170-351","https://www.digikala.com/search/category-headphone/","هدفون بلوتوثی مدل J-30","۱,۳۵۰,۰۰۰","۴.۲","","","&nbsp;","","","","غیراصل

هدفون بلوتوثی مدل J-30&nbsp;
۴.۲۱,۳۵۰,۰۰۰","https://www.digikala.com/product/dkp-13178439/%D9%87%D8%AF%D9%81%D9%88%D9%86-%D8%A8%D9%84%D9%88%D8%AA%D9%88%D8%AB%DB%8C-%D8%AC%DB%8C-%D8%A8%DB%8C-%D9%85%D8%AF%D9%84-j-30/","۴.۲","تیدار مارکت","عالی","","https://dkstatics-public.digikala.com/digikala-products/0daa7475ae50e4fe0d2c7409a61f40a82aa2dfb9_1754251642.jpg?x-oss-process=image/resize,m_lfit,h_800,w_800/quality,q_90
https://dkstatics-public.digikala.com/digikala-products/3dd972c3650634d34c0653719fcc335ecb7373b0_1698673207.jpg?x-oss-process=image/resize,m_lfit,h_800,w_800/quality,q_90
https://dkstatics-public.digikala.com/digikala-products/1896f27ab6957eb40a3ba95b1a280e8f612f61e4_1698673210.jpg?x-oss-process=image/resize,m_lfit,h_800,w_800/quality,q_90
https://dkstatics-public.digikala.com/digikala-products/0daa7475ae50e4fe0d2c7409a61f40a82aa2dfb9_1754251642.jpg?x-oss-process=image/resize,m_lfit,h_800,w_800/quality,q_90","","۱۴۱ دیدگاه","۱,۳۵۰,۰۰۰","هدفون بلوتوثی مدل J-30","نوع گوشیدو گوشیدو گوشینوع اتصالبی‌سیم و باسیم، بلوتوثبی‌سیم و باسیم، بلوتوثرابط‌هابلوتوثبلوتوث","مشخصاتسایر توضیحات اقلام همراه هدفون، هندزفری و هدستکابل شارژ نوع گوشیدو گوشی عمر باتری هدفون در حالت مکالمه۴ ساعتعمر باتری هدفون در حالت پخش موسیقی۴ ساعتزمان موردنیاز برای شارژ هدفون۱ ساعتنوع اتصالبی‌سیم و باسیم بلوتوث رابط‌هابلوتوث مناسب برایآقایان و بانوان","هدفون، هدست و هندزفری","متفرقه","هدفون، هدست و هندزفری متفرقه"
"1771406172-352","https://www.digikala.com/search/category-headphone/","هدفون بلوتوثی مدل Ultrapods max","۷۰۰,۰۰۰","۳.۳","۱,۴۵۰,۰۰۰","۵۲٪","ارسال سریع دیجی‌کالا","","","","هدفون بلوتوثی مدل Ultrapods maxارسال سریع دیجی‌کالا
۳.۳۵۲٪۷۰۰,۰۰۰۱,۴۵۰,۰۰۰","https://www.digikala.com/product/dkp-16023264/%D9%87%D8%AF%D9%81%D9%88%D9%86-%D8%A8%D9%84%D9%88%D8%AA%D9%88%D8%AB%DB%8C-%D9%85%D8%AF%D9%84-ultrapods-max/","۳.۳","عسلی سینا","عالی","هدفون بلوتوثی","https://dkstatics-public.digikala.com/digikala-products/48ee678504c451de582809dfa6c4f2bf24857a1a_1754235520.jpg?x-oss-process=image/resize,m_lfit,h_800,w_800/quality,q_90
https://dkstatics-public.digikala.com/digikala-products/eef3e87efcc65681b2149503ac36c3cc17a68965_1720944877.jpg?x-oss-process=image/resize,m_lfit,h_800,w_800/quality,q_90
https://dkstatics-public.digikala.com/digikala-products/382939eb38f526bb5cf6183110a103da5f43cbc2_1721027242.jpg?x-oss-process=image/resize,m_lfit,h_800,w_800/quality,q_90
https://dkstatics-public.digikala.com/digikala-products/48ee678504c451de582809dfa6c4f2bf24857a1a_1754235520.jpg?x-oss-process=image/resize,m_lfit,h_800,w_800/quality,q_90","","۲۴۲ دیدگاه","۱,۵۰۰,۰۰۰","هدفون بلوتوثی مدل Ultrapods max","نوع گوشیدو گوشیدو گوشینوع اتصالبی‌سیمبی‌سیمرابط‌هاUSB Type-CUSB Type-C","مشخصاتابعاد۴۰*۴۰*۳۰ میلی‌مترسایر توضیحات اقلام همراه هدفون، هندزفری و هدستکابل usb.دفترچه راهنما نوع گوشیدو گوشی نوع اتصالبی‌سیم رابط‌هاUSB Type-C مناسب برایکاربری عمومی","هدفون، هدست و هندزفری","متفرقه","هدفون، هدست و هندزفری متفرقه"
"1771406175-353","https://www.digikala.com/search/category-headphone/","هدفون بلوتوثی هایلو مدل X1 pro","۳,۸۰۰,۰۰۰","۴.۱","","","تنها ۱ عدد در انبار باقی مانده","","","","هدفون بلوتوثی هایلو مدل X1 proتنها ۱ عدد در انبار باقی مانده
۴.۱۳,۸۰۰,۰۰۰","https://www.digikala.com/product/dkp-8633371/%D9%87%D8%AF%D9%81%D9%88%D9%86-%D8%A8%D9%84%D9%88%D8%AA%D9%88%D8%AB%DB%8C-%D9%87%D8%A7%DB%8C%D9%84%D9%88-%D9%85%D8%AF%D9%84-x1-pro/","۴.۱","پارس بلو","عالی","معرفی بهترین هدفون های هایلو","https://dkstatics-public.digikala.com/digikala-products/48ecf93682f867032baf0a039b3980ff13d45739_1745760237.jpg?x-oss-process=image/resize,m_lfit,h_800,w_800/quality,q_90
https://dkstatics-public.digikala.com/digikala-products/48ecf93682f867032baf0a039b3980ff13d45739_1745760237.jpg?x-oss-process=image/resize,m_lfit,h_800,w_800/quality,q_90
https://dkstatics-public.digikala.com/digikala-products/4cf05f89756a1fc784e77f429c4fba1b1c940abb_1657531459.jpg?x-oss-process=image/resize,m_lfit,h_800,w_800/quality,q_90
https://dkstatics-public.digikala.com/digikala-products/9c56aa54b90ab594f20663f1d16b314e16b3281f_1741377169.jpg?x-oss-process=image/resize,m_lfit,h_800,w_800/quality,q_90
https://dkstatics-public.digikala.com/digikala-products/48ecf93682f867032baf0a039b3980ff13d45739_1745760237.jpg?x-oss-process=image/resize,m_lfit,h_800,w_800/quality,q_90","","۱۵۰۶ دیدگاه","۳,۹۹۰,۰۰۰","هدفون بلوتوثی هایلو مدل X1 pro","نوع گوشیدو گوشیدو گوشینوع اتصالبی‌سیمبی‌سیمرابط‌هاUSBUSB","مشخصاتابعاد- میلی‌مترسایر توضیحات اقلام همراه هدفون، هندزفری و هدست  محدوده عملکردتا ۱۰ متر  مترنوع آکوستیکنیمه‌بسته نوع گوشیدو گوشی عمر باتری هدفون در حالت پخش موسیقی۹ ساعتعمر باتری محفظه شارژ۴۰ ساعتزمان موردنیاز برای شارژ هدفون۲ ساعتزمان مورد نیاز برای شارژ محفظه۳ ساعتوزن۴۵ گرمنسخه بلوتوث۵.۲ سایر مشخصاتقابلیت نویز کنسلینگ / 
طول عمر مفید محفظه شارژ: ۴۴ ساعت برای حالت ANC OFF /
طول عمر مفید محفظه شارژ: ۲۲ ساعت برای حالت ANC ON /
میزان ظرفیت باتری محفظه شارژ ۴۰۰ میلی‌آمپر‌ساعت /
سه میکروفون /
سیستم کاهش تاخیر مخصوص بازی  جنس بدنهپلاستیک ظرفیت باتری۴۵ میلی‌آمپر‌ساعتنوع کابلUSB Type-C نوع اتصالبی‌سیم رابط‌هاUSB مناسب برایکاربری عمومی","هدفون، هدست و هندزفری","هایلو","هدفون، هدست و هندزفری هایلو"
"1771406177-354","https://www.digikala.com/search/category-headphone/","هدفون بلوتوثی تی سی اچ مدل Blade L10","۱,۳۹۸,۰۰۰","۴.۴","","","ارسال سریع دیجی‌کالا","","","","هدفون بلوتوثی تی سی اچ مدل Blade L10ارسال سریع دیجی‌کالا
۴.۴۱,۳۹۸,۰۰۰","https://www.digikala.com/product/dkp-15318639/%D9%87%D8%AF%D9%81%D9%88%D9%86-%D8%A8%D9%84%D9%88%D8%AA%D9%88%D8%AB%DB%8C-%D8%AA%DB%8C-%D8%B3%DB%8C-%D8%A7%DA%86-%D9%85%D8%AF%D9%84-blade-l10/","۴.۴","اسمارت تکنولوژی قشم","عالی","خوشگل‌ترین اقتصادیِ بازار!","https://dkstatics-public.digikala.com/digikala-products/3dd85f1affaf76c4fb6dab03ee703a914e29cbf2_1745827628.jpg?x-oss-process=image/resize,m_lfit,h_800,w_800/quality,q_90
https://dkstatics-public.digikala.com/digikala-products/0bef54dff1e69f2484d3c00661108e0d00bbe4e5_1715076284.jpg?x-oss-process=image/resize,m_lfit,h_800,w_800/quality,q_90
https://dkstatics-public.digikala.com/digikala-products/f0b43fc56497969af04705cb4bf2138cbf1cbd64_1714489283.jpg?x-oss-process=image/resize,m_lfit,h_800,w_800/quality,q_90
https://dkstatics-public.digikala.com/digikala-products/3dd85f1affaf76c4fb6dab03ee703a914e29cbf2_1745827628.jpg?x-oss-process=image/resize,m_lfit,h_800,w_800/quality,q_90","","۶۸۸ دیدگاه","۱,۳۹۵,۰۰۰","هدفون بلوتوثی تی سی اچ مدل Blade L10","قابلیت نویز کنسلینگنویز کنسلینگ میکروفون (ENC)نویز کنسلینگ میکروفون (ENC)نوع گوشیدو گوشیدو گوشینوع اتصالبی‌سیمبی‌سیمرابط‌هابلوتوثبلوتوثقابلیت‌های مقاومتیمقاوم در برابر رطوبت و عرقمقاوم در برابر رطوبت و عرق","مشخصاتنوع هدفون، هدست و هندزفریتو گوشی (Earbud/Earphone) سایر توضیحات اقلام همراه هدفون، هندزفری و هدستکابل شارژ /
دفترچه راهنما اقلام همراه هدفون، هندزفری و هدستکابل شارژ قابلیت نویز کنسلینگنویز کنسلینگ میکروفون (ENC) مشخصات میکروفوندو میکروفون روی هر گوشی ویژگی‌های خاصنشانگر LED محدوده عملکرد۱۰ مترنوع گوشیدو گوشی عمر باتری هدفون در حالت مکالمه۴ ساعتعمر باتری هدفون در حالت پخش موسیقی۸ ساعتزمان موردنیاز برای شارژ هدفون۱.۵ ساعتزمان مورد نیاز برای شارژ محفظه۲ ساعتقابلیت‌های شارژشارژ باسیم درگاه شارژUSB Type-C نسخه بلوتوث۵.۳ سایر مشخصاتنشانگر LED میزان شارژ /
پشتیبانی از ANC /
گواهی IPX۴ /
صفحه نمایش دیجیتالی با قابلیت نمایش مجزا میزان شارژ هر هدفون /
پشتیبانی از Siri و Google voice assistant /
هدفون‌ها با ظرفیت ۴۵ میلی آمپر ساعت جنس بدنهپلی کربنات ظرفیت باتری۴۲۰ میلی‌آمپر‌ساعتنوع کابلUSB Type-C نوع اتصالبی‌سیم رابط‌هابلوتوث امپدانس۳۲ اهممناسب برایکاربری عمومی قابلیت‌های مقاومتیمقاوم در برابر رطوبت و عرق","هدفون، هدست و هندزفری","تی سی اچ","هدفون، هدست و هندزفری تی سی اچ"
"1771406179-355","https://www.digikala.com/search/category-headphone/","هندزفری باسیم سلبریت مدل G35","۱۸۵,۰۰۰","۴.۳","","","&nbsp;","","","","هندزفری باسیم سلبریت مدل G35&nbsp;
۴.۳۱۸۵,۰۰۰","https://www.digikala.com/product/dkp-17177122/%D9%87%D9%86%D8%AF%D8%B2%D9%81%D8%B1%DB%8C-%D8%A8%D8%A7%D8%B3%DB%8C%D9%85-%D8%B3%D9%84%D8%A8%D8%B1%DB%8C%D8%AA-%D9%85%D8%AF%D9%84-g35/","۴.۳","اکسسوری شرق","عالی","","https://dkstatics-public.digikala.com/digikala-products/67d15df3558b9d57cc1678463cdd0cf92ff8a086_1730112047.jpg?x-oss-process=image/resize,m_lfit,h_800,w_800/quality,q_90
https://dkstatics-public.digikala.com/digikala-products/d0daca2e3625413bcdf4486fb8e16e00c31c86ce_1730039200.jpg?x-oss-process=image/resize,m_lfit,h_800,w_800/quality,q_90","","","۱۸۵,۰۰۰","هندزفری باسیم سلبریت مدل G35","قابلیت نویز کنسلینگفاقد قابلیت نویز کنسلینگفاقد قابلیت نویز کنسلینگنوع گوشیدو گوشیدو گوشینوع اتصالبا سیمبا سیمرابط‌هاجک 3.5 میلی‌متری صداجک 3.5 میلی‌متری صدا","مشخصاتنوع هدفون، هدست و هندزفریتو گوشی (Earbud/Earphone) سایر توضیحات اقلام همراه هدفون، هندزفری و هدستندارد  قابلیت نویز کنسلینگفاقد قابلیت نویز کنسلینگ نوع گوشیدو گوشی نوع اتصالبا سیم رابط‌هاجک ۳.۵ میلی‌متری صدا مناسب برایکاربری عمومی","هدفون، هدست و هندزفری","سلبریت","هدفون، هدست و هندزفری سلبریت"
"1771406181-356","https://www.digikala.com/search/category-headphone/","هندزفری بلوتوثی مدل m28","۵۶۱,۹۱۰","۳.۴","","","تنها ۱ عدد در انبار باقی مانده","","","","هندزفری بلوتوثی مدل m28تنها ۱ عدد در انبار باقی مانده
۳.۴۵۶۱,۹۱۰","https://www.digikala.com/product/dkp-16060257/%D9%87%D9%86%D8%AF%D8%B2%D9%81%D8%B1%DB%8C-%D8%A8%D9%84%D9%88%D8%AA%D9%88%D8%AB%DB%8C-%D9%85%D8%AF%D9%84-m28/","۳.۴","راد استار","خوب","هدفون بلوتوثی","https://dkstatics-public.digikala.com/digikala-products/d92b0febefc8b0ec4cc4c04e829b27103a685a97_1754235586.jpg?x-oss-process=image/resize,m_lfit,h_800,w_800/quality,q_90
https://dkstatics-public.digikala.com/digikala-products/7e8ce386a3084258922ec3c87d92186afa44de65_1720949768.jpg?x-oss-process=image/resize,m_lfit,h_800,w_800/quality,q_90
https://dkstatics-public.digikala.com/digikala-products/9b8a3f8acd236c130562607ce0801cfceb0bdb1c_1720949984.jpg?x-oss-process=image/resize,m_lfit,h_800,w_800/quality,q_90","","۱۰۸ دیدگاه","۵۶۱,۹۱۰","هندزفری بلوتوثی مدل m28","نوع گوشیدو گوشیدو گوشینوع اتصالبی‌سیمبی‌سیمرابط‌هاUSB Type-C، USB 1.1USB Type-C، USB 1.1","مشخصاتابعادارتفاع۱۱_طول ۷_عرض۴ میلی‌مترسایر توضیحات اقلام همراه هدفون، هندزفری و هدستکابل شارژر ایرپاد_دارای کله گوش اضافه نوع گوشیدو گوشی نوع اتصالبی‌سیم رابط‌هاUSB Type-C USB ۱.۱ مناسب برایکاربری عمومی","هدفون، هدست و هندزفری","متفرقه","هدفون، هدست و هندزفری متفرقه"
"1771406183-357","https://www.digikala.com/search/category-headphone/","هدفون بلوتوثی سونی مدل WH-CH520","۶,۳۹۰,۰۰۰","۴.۵","","","تنها ۱ عدد در انبار باقی مانده","","","","هدفون بلوتوثی سونی مدل WH-CH520تنها ۱ عدد در انبار باقی مانده
۴.۵۶,۳۹۰,۰۰۰","https://www.digikala.com/product/dkp-12749430/%D9%87%D8%AF%D9%81%D9%88%D9%86-%D8%A8%D9%84%D9%88%D8%AA%D9%88%D8%AB%DB%8C-%D8%B3%D9%88%D9%86%DB%8C-%D9%85%D8%AF%D9%84-wh-ch520/","۴.۵","دیجی‌کالا","عالی","هدفون اقتصادی سونی🔥 تا ۲.۵ میلیون!","https://dkstatics-public.digikala.com/digikala-products/c11054b5cdb87bee85b65504cc0bd834f23a540b_1745825003.jpg?x-oss-process=image/resize,m_lfit,h_800,w_800/quality,q_90
https://dkstatics-public.digikala.com/digikala-products/c11054b5cdb87bee85b65504cc0bd834f23a540b_1745825003.jpg?x-oss-process=image/resize,m_lfit,h_800,w_800/quality,q_90
https://dkstatics-public.digikala.com/digikala-products/b43727ed9c4749e36a770b8786f42c2c1995fb59_1695469170.jpg?x-oss-process=image/resize,m_lfit,h_800,w_800/quality,q_90
https://dkstatics-public.digikala.com/digikala-products/24478dddd9ad29662ad8a4e2135223c2be8627a1_1695469170.jpg?x-oss-process=image/resize,m_lfit,h_800,w_800/quality,q_90
https://dkstatics-public.digikala.com/digikala-products/c11054b5cdb87bee85b65504cc0bd834f23a540b_1745825003.jpg?x-oss-process=image/resize,m_lfit,h_800,w_800/quality,q_90","","۳۳۲ دیدگاه","۶,۳۹۷,۲۰۰","هدفون بلوتوثی سونی مدل WH-CH520","نوع گوشیدو گوشیدو گوشینوع اتصالبلوتوثبلوتوثرابط‌هاUSB Type-CUSB Type-C","مشخصاتسایر توضیحات اقلام همراه هدفون، هندزفری و هدستکابل Type-C قطر درایور۳۰ میلی‌مترمحدوده عملکرد۱۰ متر مترنوع گوشیدو گوشی عمر باتری هدفون در حالت پخش موسیقی۴۰  ساعتوزن۱۴۷ گرمنسخه بلوتوث۵.۲ نوع اتصالبلوتوث رابط‌هاUSB Type-C مناسب برایکاربری عمومی","هدفون، هدست و هندزفری","سونی","هدفون، هدست و هندزفری سونی"
"1771406186-358","https://www.digikala.com/search/category-headphone/","هدفون بلوتوثی هوآوی مدل FreeBuds SE 2","۲,۷۱۵,۰۰۰","۴.۴","","","تنها ۱ عدد در انبار باقی مانده","","","","هدفون بلوتوثی هوآوی مدل FreeBuds SE 2تنها ۱ عدد در انبار باقی مانده
۴.۴۲,۷۱۵,۰۰۰","https://www.digikala.com/product/dkp-13950794/%D9%87%D8%AF%D9%81%D9%88%D9%86-%D8%A8%D9%84%D9%88%D8%AA%D9%88%D8%AB%DB%8C-%D9%87%D9%88%D8%A2%D9%88%DB%8C-%D9%85%D8%AF%D9%84-freebuds-se-2/","۴.۴","ویژکالا","عالی","هدفون اپن فیت میخوای؟ اینو بخر","https://dkstatics-public.digikala.com/digikala-products/f758db2b75cfb5e96fc38f6ff86a96316a57c41c_1754252435.jpg?x-oss-process=image/resize,m_lfit,h_800,w_800/quality,q_90
https://dkstatics-public.digikala.com/digikala-products/f758db2b75cfb5e96fc38f6ff86a96316a57c41c_1754252435.jpg?x-oss-process=image/resize,m_lfit,h_800,w_800/quality,q_90
https://dkstatics-public.digikala.com/digikala-products/6e40e14a881147dc78ef2332db480bf4440c2239_1704026791.jpg?x-oss-process=image/resize,m_lfit,h_800,w_800/quality,q_90
https://dkstatics-public.digikala.com/digikala-products/3c7e406be5a95ad14de2b703b0d5a1ac9828a793_1704026789.jpg?x-oss-process=image/resize,m_lfit,h_800,w_800/quality,q_90
https://dkstatics-public.digikala.com/digikala-products/f758db2b75cfb5e96fc38f6ff86a96316a57c41c_1754252435.jpg?x-oss-process=image/resize,m_lfit,h_800,w_800/quality,q_90","","۱۲۲ دیدگاه","۲,۷۱۵,۰۰۰","هدفون بلوتوثی هوآوی مدل FreeBuds SE 2","قابلیت نویز کنسلینگفاقد قابلیت نویز کنسلینگفاقد قابلیت نویز کنسلینگنوع گوشیدو گوشیدو گوشینوع اتصالبی‌سیمبی‌سیمرابط‌هابلوتوثبلوتوثقابلیت‌های مقاومتیمقاوم در برابر رطوبت و عرقمقاوم در برابر رطوبت و عرق","مشخصاتنوع هدفون، هدست و هندزفریتو گوشی (Earbud/Earphone) سایر توضیحات اقلام همراه هدفون، هندزفری و هدستدفترچه راهنما / کابل USB-C اقلام همراه هدفون، هندزفری و هدستکابل شارژ قابلیت نویز کنسلینگفاقد قابلیت نویز کنسلینگ قطر درایور۱۰ میلی‌مترمحدوده عملکردتا ۱۰ متر  مترنوع گوشیدو گوشی عمر باتری هدفون در حالت مکالمه۴ ساعتعمر باتری هدفون در حالت پخش موسیقی۹ ساعتزمان موردنیاز برای شارژ هدفون۱ ساعتزمان مورد نیاز برای شارژ محفظهنزدیک به ۲ ساعتقابلیت‌های شارژشارژ باسیم درگاه شارژUSB Type-C وزن۳.۸ گرمنسخه بلوتوث۵.۳ ظرفیت باتریهر گوشی ۴۱ میلی‌آمپر‌ساعتنوع اتصالبی‌سیم رابط‌هابلوتوث مناسب برایکاربری عمومی قابلیت‌های مقاومتیمقاوم در برابر رطوبت و عرق","هدفون، هدست و هندزفری","هوآوی","هدفون، هدست و هندزفری هوآوی"
"1771406188-359","https://www.digikala.com/search/category-headphone/","هدفون بلوتوثی مدل WG990","۹۹۰,۰۰۰","۴.۵","۳,۴۰۰,۰۰۰","۷۱٪","&nbsp;","","","","هدفون بلوتوثی مدل WG990&nbsp;
۴.۵۷۱٪۹۹۰,۰۰۰۳,۴۰۰,۰۰۰%فروش رفته۰۰ : ۴۹ : ۰۲","https://www.digikala.com/product/dkp-21275847/%D9%87%D8%AF%D9%81%D9%88%D9%86-%D8%A8%D9%84%D9%88%D8%AA%D9%88%D8%AB%DB%8C-%D9%85%D8%AF%D9%84-wg990/","۴.۵","الماس طهران","عالی","هندزفری بی سیم مدل WG990 از خانواده شناخته شده سری WG هدفون های بی سیم است. 
نویز و تاخیر در ارسال فرکانس و صدا در این هدفون تقریبا به صفر رسیده که در هنگام مکالمه، گوش دادن به آهنگ و بازی کامپیوتری/موبایلی حس بسیار خوبی را تجربه خواهید کرد.
هدفون بی‌سیم WG990 با صدای فراگیر استریو و باس تقویت‌شده با درایور صوتی بزرگ 12 میلی‌متری، تجربه بازی همه جانبه‌ای را برای گیمرها ارائه می‌دهد. شنیدن تمامی صداها در تمام زوایا و سمت های بازی بصورت سه بعدی به شما کمک می کند تا از مزیت قابل ...","https://dkstatics-public.digikala.com/digikala-products/bed5b0d1f00ff97fe9c2d7f82805ab7a84a0dfd3_1768737868.jpg?x-oss-process=image/resize,m_lfit,h_800,w_800/quality,q_90
https://dkstatics-public.digikala.com/digikala-products/6befbedda9fa41dd312c44c8962e5e923ef2af21_1768737868.jpg?x-oss-process=image/resize,m_lfit,h_800,w_800/quality,q_90
https://dkstatics-public.digikala.com/digikala-products/c7709e4fbfe8729cbd2ecf6cfc80da8d216a1372_1768737868.jpg?x-oss-process=image/resize,m_lfit,h_800,w_800/quality,q_90
https://dkstatics-public.digikala.com/digikala-products/bed5b0d1f00ff97fe9c2d7f82805ab7a84a0dfd3_1768737868.jpg?x-oss-process=image/resize,m_lfit,h_800,w_800/quality,q_90","","۱۱۴ دیدگاه","۳,۴۰۰,۰۰۰","هدفون بلوتوثی مدل WG990","قابلیت نویز کنسلینگنویز کنسلینگ فعال (ANC)، نویز کنسلینگ میکروفون (ENC)نویز کنسلینگ فعال (ANC)، نویز کنسلینگ میکروفون (ENC)نوع گوشیدو گوشیدو گوشینوع اتصالبی‌سیمبی‌سیمرابط‌هاUSB Type-CUSB Type-C","مشخصاتنوع هدفون، هدست و هندزفریتو گوشی (Earbud/Earphone) اقلام همراه هدفون، هندزفری و هدستکابل شارژ محفظه شارژ قابلیت نویز کنسلینگنویز کنسلینگ فعال (ANC) نویز کنسلینگ میکروفون (ENC) ویژگی‌های خاصپشتیبانی از فرمان لمسی محدوده عملکرد۱۵ مترنوع گوشیدو گوشی عمر باتری هدفون در حالت مکالمه۷ ساعتعمر باتری هدفون در حالت پخش موسیقی۷ ساعتزمان موردنیاز برای شارژ هدفون۱ ساعتزمان مورد نیاز برای شارژ محفظه۱.۵ ساعتقابلیت‌های شارژشارژ باسیم درگاه شارژUSB Type-C نسخه بلوتوث۵.۴ نوع اتصالبی‌سیم رابط‌هاUSB Type-C مناسب برایکاربری عمومی","هدفون، هدست و هندزفری","متفرقه","هدفون، هدست و هندزفری متفرقه"
"1771406190-360","https://www.digikala.com/search/category-headphone/","هدست مخصوص بازی ریزر مدل Kraken X Lite 7.1","۳,۶۰۰,۰۰۰","۴.۵","","","تنها ۱ عدد در انبار باقی مانده","","","","هدست مخصوص بازی ریزر مدل Kraken X Lite 7.1تنها ۱ عدد در انبار باقی مانده
۴.۵۳,۶۰۰,۰۰۰","https://www.digikala.com/product/dkp-4657331/%D9%87%D8%AF%D8%B3%D8%AA-%D9%85%D8%AE%D8%B5%D9%88%D8%B5-%D8%A8%D8%A7%D8%B2%DB%8C-%D8%B1%DB%8C%D8%B2%D8%B1-%D9%85%D8%AF%D9%84-kraken-x-lite-71/","۴.۵","آوا فراز","عالی","به این میگن هدست گیمینگ👌🎧","https://dkstatics-public.digikala.com/digikala-products/d1a908eed8da6508cc88a3e65d87312763b753e4_1745760225.jpg?x-oss-process=image/resize,m_lfit,h_800,w_800/quality,q_90
https://dkstatics-public.digikala.com/digikala-products/d1a908eed8da6508cc88a3e65d87312763b753e4_1745760225.jpg?x-oss-process=image/resize,m_lfit,h_800,w_800/quality,q_90
https://dkstatics-public.digikala.com/digikala-products/8988036c25cd0a5056fecf9f6718e9ebd4274163_1615204024.jpg?x-oss-process=image/resize,m_lfit,h_800,w_800/quality,q_90
https://dkstatics-public.digikala.com/digikala-products/05e282dae81946ea0bed31209760425dd0094193_1615204078.jpg?x-oss-process=image/resize,m_lfit,h_800,w_800/quality,q_90
https://dkstatics-public.digikala.com/digikala-products/d1a908eed8da6508cc88a3e65d87312763b753e4_1745760225.jpg?x-oss-process=image/resize,m_lfit,h_800,w_800/quality,q_90","","۴۸۲ دیدگاه","۳,۲۵۰,۰۰۰","هدست مخصوص بازی ریزر مدل Kraken X Lite 7.1","نوع گوشیدو گوشیدو گوشینوع اتصالبا سیمبا سیمرابط‌هاجک 3.5 میلی‌متری صداجک 3.5 میلی‌متری صدا","مشخصاتقطر درایور۴۰ میلی‌مترنوع گوشیدو گوشی وزن۲۲۹ گرمسایر مشخصات- دارای کامال مخفی روی گوشی برای کاهش فشار دسته عینک روش گوش نوع اتصالبا سیم رابط‌هاجک ۳.۵ میلی‌متری صدا امپدانس۳۲ اهممناسب برایگیمینگ حساسیت۱۰۶","هدفون، هدست و هندزفری","ریزر","هدفون، هدست و هندزفری ریزر"
"1771406192-361","https://www.digikala.com/search/category-headphone/","هدفون بلوتوثی هایلو مدل X1 2023","۲,۱۳۰,۰۰۰","۴.۴","","","ارسال سریع دیجی‌کالا","","","","هدفون بلوتوثی هایلو مدل X1 2023ارسال سریع دیجی‌کالا
۴.۴۲,۱۳۰,۰۰۰","https://www.digikala.com/product/dkp-11589831/%D9%87%D8%AF%D9%81%D9%88%D9%86-%D8%A8%D9%84%D9%88%D8%AA%D9%88%D8%AB%DB%8C-%D9%87%D8%A7%DB%8C%D9%84%D9%88-%D9%85%D8%AF%D9%84-x1-2023/","۴.۴","پارس بلو","عالی","هدفونِ جدید هایلو؛ X1 2023","https://dkstatics-public.digikala.com/digikala-products/82cab4b8bcdbce7bed227446d273ddf5f0cb3d84_1745824994.jpg?x-oss-process=image/resize,m_lfit,h_800,w_800/quality,q_90
https://dkstatics-public.digikala.com/digikala-products/82cab4b8bcdbce7bed227446d273ddf5f0cb3d84_1745824994.jpg?x-oss-process=image/resize,m_lfit,h_800,w_800/quality,q_90
https://dkstatics-public.digikala.com/digikala-products/409e257ab8fbc3b15035b5a92c3ec4dedf82b630_1686133838.jpg?x-oss-process=image/resize,m_lfit,h_800,w_800/quality,q_90
https://dkstatics-public.digikala.com/digikala-products/90091946970834e8c022a379f776a52bd82fffc6_1686133840.jpg?x-oss-process=image/resize,m_lfit,h_800,w_800/quality,q_90
https://dkstatics-public.digikala.com/digikala-products/82cab4b8bcdbce7bed227446d273ddf5f0cb3d84_1745824994.jpg?x-oss-process=image/resize,m_lfit,h_800,w_800/quality,q_90","","۱۷۵۶ دیدگاه","۲,۱۳۰,۰۰۰","هدفون بلوتوثی هایلو مدل X1 2023","نوع گوشیدو گوشیدو گوشینوع اتصالبی‌سیمبی‌سیمرابط‌هاUSB Type-CUSB Type-Cقابلیت‌های مقاومتیمقاوم در برابر آبمقاوم در برابر آب","مشخصاتابعاد- میلی‌مترسایر توضیحات اقلام همراه هدفون، هندزفری و هدستدفترچه راهنما قطر درایور۱۲ میلی‌مترمحدوده عملکرد۱۰ متر مترنوع گوشیدو گوشی عمر باتری هدفون در حالت مکالمه۲۴ ساعتعمر باتری هدفون در حالت پخش موسیقی۵.۵ ساعتنسخه بلوتوث۵.۳ سایر مشخصات- دارای استاندارد IPX۴
- ENC
- برای پخش/توقف روی هر یک از هدفون ها دوبار کلیک کنید
- برای Skip track backward/forward روی هدفون چپ/راست سه بار کلیک کنید.
- برای سوییچ به مود گیمینگ هدفون چپ/راست را فشار داده و نگه دارید
 ظرفیت باتری۳۰۰ میلی‌آمپر‌ساعتنوع اتصالبی‌سیم رابط‌هاUSB Type-C مناسب برایکاربری عمومی قابلیت‌های مقاومتیمقاوم در برابر آب","هدفون، هدست و هندزفری","هایلو","هدفون، هدست و هندزفری هایلو"
"1771406195-362","https://www.digikala.com/search/category-headphone/","هدفون بلوتوثی ناتینگ مدل Cmf Buds Pro 2","۶,۴۵۰,۰۰۰","۴.۶","","","ارسال سریع دیجی‌کالا","","","","هدفون بلوتوثی ناتینگ مدل Cmf Buds Pro 2ارسال سریع دیجی‌کالا
۴.۶۶,۴۵۰,۰۰۰","https://www.digikala.com/product/dkp-16029106/%D9%87%D8%AF%D9%81%D9%88%D9%86-%D8%A8%D9%84%D9%88%D8%AA%D9%88%D8%AB%DB%8C-%D9%86%D8%A7%D8%AA%DB%8C%D9%86%DA%AF-%D9%85%D8%AF%D9%84-cmf-buds-pro-2/","۴.۶","پارس بلو","عالی","","https://dkstatics-public.digikala.com/digikala-products/7b2002077041e41735c2da14296cd297b133a82e_1745827630.jpg?x-oss-process=image/resize,m_lfit,h_800,w_800/quality,q_90
https://dkstatics-public.digikala.com/digikala-products/25741cb0935aac46060010367bfc367351d81800_1720622492.jpg?x-oss-process=image/resize,m_lfit,h_800,w_800/quality,q_90
https://dkstatics-public.digikala.com/digikala-products/9c0728e136cd3647013a929d8e85fd0f3a84d042_1720622481.jpg?x-oss-process=image/resize,m_lfit,h_800,w_800/quality,q_90
https://dkstatics-public.digikala.com/digikala-products/7b2002077041e41735c2da14296cd297b133a82e_1745827630.jpg?x-oss-process=image/resize,m_lfit,h_800,w_800/quality,q_90","","۵۱۹ دیدگاه","۶,۲۳۰,۰۰۰","هدفون بلوتوثی ناتینگ مدل Cmf Buds Pro 2","قابلیت نویز کنسلینگنویز کنسلینگ میکروفون (ENC)، نویز کنسلینگ فعال (ANC)، قابلیت پخش صدای محیطی (Transparency)نویز کنسلینگ میکروفون (ENC)، نویز کنسلینگ فعال (ANC)، قابلیت پخش صدای محیطی (Transparency)نوع گوشیدو گوشیدو گوشینوع اتصالبی‌سیمبی‌سیمرابط‌هابلوتوثبلوتوثقابلیت‌های مقاومتیمقاوم در برابر رطوبت و عرقمقاوم در برابر رطوبت و عرق","مشخصاتنوع هدفون، هدست و هندزفریتو گوشی (Earbud/Earphone) سایر توضیحات اقلام همراه هدفون، هندزفری و هدستطبق اعلام کمپانی ناتینگ، از تاریخ ۱۵ مه ۲۰۲۵ (۲۵ اردیبهشت ۱۴۰۴) به بعد، کابل USB-C از بسته بندی کالا حذف شده است و کالا به صورت بدون کابل عرضه می‌شود.  اقلام همراه هدفون، هندزفری و هدستپد گوشی یدکی محفظه شارژ منبع انرژیباتری قابل شارژ پاسخ فرکانسی۲۰-۵۰۰۰ هرتزقابلیت نویز کنسلینگنویز کنسلینگ میکروفون (ENC) نویز کنسلینگ فعال (ANC) قابلیت پخش صدای محیطی (Transparency) قابلیت اتصال به چند دستگاهدارد قطر درایور۱۱ میلی‌مترویژگی‌های خاصنشانگر LED پشتیبانی از فرمان لمسی محدوده عملکرد۱۰ مترنوع گوشیدو گوشی عمر باتری هدفون در حالت مکالمه۴.۸ ساعتعمر باتری هدفون در حالت پخش موسیقی۶.۵ ساعتظرفیت باتری محفظه شارژ۴۶۰ میلی‌آمپر‌ساعتعمر باتری محفظه شارژ۲۶ ساعتقابلیت‌های شارژشارژ باسیم درگاه شارژUSB Type-C وزن۴.۹ گرمنسخه بلوتوث۵.۳ سایر مشخصاتحذف نویز هیبریدی تطبیقی ۵۰ دسی‌بل: این هدفون‌‌ها به‌طور خودکار نشت صدا بین گوشی و مجرای گوش را تشخیص می‌دهند تا بهترین عملکرد حذف نویز ارائه شود. همچنین با شناسایی هوشمند صدای محیط، در هنگام دویدن شما را هوشیار نگه می‌دارند و در حالت شفافیت، تمرکز شما را حفظ می‌کنند.
کنترل هوشمند و اتصال همزمان: این هدفون‌ها به شما امکان می‌دهند از طریق دکمه چرخان روی کیس، حجم صدا، ترک‌ها و حالت‌های نویز را به دلخواه تنظیم کنید. بلوتوث ۵.۳ اتصال همزمان به چند دستگاه را فراهم کرده و با تأخیر تنها ۱۲۰ میلی‌ثانیه، تجربه‌ای روان برای بازی ارائه می‌دهد.
تنظیم صدای Dirac با درایور دوگانه: وجود درایور بیس ۱۱ میلی‌متری و توییتر ۶ میلی‌متری همراه با انتقال بی‌اتلاف LDAC صدایی غنی و عمیق ایجاد می‌کند. فناوری Dynamic Bass Boost ۲.۰ ریتم‌ها را تقویت می‌کند.
۶ میکروفون HD: این هدفون‌ها نرخ انتقال صدا را تا سه برابر بیشتر از مدل‌های معمولی افزایش داده و با صدای Hi-Res جزئیات صوتی را حفظ می‌کنند. میکروفون‌های هوش مصنوعی با فناوری Clear Voice ۳.۰ صدایی طبیعی و کیفیت بالای تماس‌ها را تضمین می‌کنند.
باتری با دوام ۴۳ ساعته: هدفون‌ها تا ۱۱ ساعت به‌طور مداوم و همراه با کیس شارژ تا ۴۳ ساعت کار می‌کنند. تنها ۱۰ دقیقه شارژ، ۳ ساعت پخش فراهم می‌کند. طراحی ضدآب IP۵۵ نیز آنها را برای بازی طولانی، سفر، خواب و رفت‌وآمد روزانه مقاوم ساخته و حتی پس از شست‌وشو هم دوام بالایی دارند. جنس بدنهپلاستیک ظرفیت باتری۶۰ میلی‌آمپر‌ساعتنوع اتصالبی‌سیم رابط‌هابلوتوث مناسب برایکاربری عمومی قابلیت‌های مقاومتیمقاوم در برابر رطوبت و عرق نسبت سیگنال به نویز۵۰ دسی‌بل","هدفون، هدست و هندزفری","ناتینگ","هدفون، هدست و هندزفری ناتینگ"
"1771406197-363","https://www.digikala.com/search/category-headphone/","هدفون کیو کی زد مدل AK6 PRO","۸۱۹,۰۰۰","۴.۵","","","&nbsp;","","","","هدفون کیو کی زد مدل AK6 PRO&nbsp;
۴.۵۸۱۹,۰۰۰","https://www.digikala.com/product/dkp-12993992/%D9%87%D8%AF%D9%81%D9%88%D9%86-%DA%A9%DB%8C%D9%88-%DA%A9%DB%8C-%D8%B2%D8%AF-%D9%85%D8%AF%D9%84-ak6-pro/","۴.۵","نگار سل","عالی","ایرفون QKZ AK6 pro مدلی بسیار زیبا و جذاب با کیفیت ساخت بالا برای گوش‌کردن به موسیقی به صورت حرفه ای طراحی شده است. این ایرفون توانایی تولید یکی از شفاف‌ترین و گوش نوازترین صداهای ممکن را دارد. صدایی متوازن با بیسی نرم و عمیق، میدرنجی واضح و تریبلی کنترل شده که در کمتر ایرفونی می‌توان سراغ گرفت. اصلاً مهم نیست سبک موسیقی چه باشد، با این هدفون احساس می کنید در کنسرت زنده در حال اجرا هستید. فرکانس پاسخ‌گویی در این هدفون 20 هرتز تا 23 هزار هرتز است. اتصال این هدفون با جک 3.5 میل ...","https://dkstatics-public.digikala.com/digikala-products/24f4880625ecf1199d6a4ace253f96351d4a113d_1697364380.jpg?x-oss-process=image/resize,m_lfit,h_800,w_800/quality,q_90
https://dkstatics-public.digikala.com/digikala-products/215126c2e06a1d4f3a159a582e365dc6157c7d63_1697364212.jpg?x-oss-process=image/resize,m_lfit,h_800,w_800/quality,q_90
https://dkstatics-public.digikala.com/digikala-products/a13bca11735674d07f692587aa0bfc14d0766bc4_1697364207.jpg?x-oss-process=image/resize,m_lfit,h_800,w_800/quality,q_90
https://dkstatics-public.digikala.com/digikala-products/24f4880625ecf1199d6a4ace253f96351d4a113d_1697364380.jpg?x-oss-process=image/resize,m_lfit,h_800,w_800/quality,q_90","","۱۹ دیدگاه","۷۵۰,۰۰۰","هدفون کیو کی زد مدل AK6 PRO","نوع گوشیدو گوشیدو گوشینوع اتصالبا سیمبا سیمرابط‌هاجک 3.5 میلی‌متری خروجی صداجک 3.5 میلی‌متری خروجی صدا","مشخصاتسایر توضیحات اقلام همراه هدفون، هندزفری و هدستسری اضافه
گیره سیم پاسخ فرکانسی۲۰-۲۰۰۰۰ هرتز هرتزنوع گوشیدو گوشی نوع اتصالبا سیم رابط‌هاجک ۳.۵ میلی‌متری خروجی صدا امپدانس۱۶ اهم اهممناسب برایکاربری عمومی حساسیت۹۸ دسی بل","هدفون، هدست و هندزفری","کیو کی زد","هدفون، هدست و هندزفری کیو کی زد"
"1771406199-364","https://www.digikala.com/search/category-headphone/","هدفون بلوتوثی اولتراسور مدل U-N25","۱,۲۰۰,۰۰۰","۴.۵","","","&nbsp;","","","","هدفون بلوتوثی اولتراسور مدل U-N25&nbsp;
۴.۵۱,۲۰۰,۰۰۰","https://www.digikala.com/product/dkp-21046218/%D9%87%D8%AF%D9%81%D9%88%D9%86-%D8%A8%D9%84%D9%88%D8%AA%D9%88%D8%AB%DB%8C-%D8%A7%D9%88%D9%84%D8%AA%D8%B1%D8%A7%D8%B3%D9%88%D8%B1-%D9%85%D8%AF%D9%84-u-n25/","۴.۵","کمالی مارکت","عالی","","https://dkstatics-public.digikala.com/digikala-products/7bfc84eea630d400787c81a3a3deb3c784a74001_1765116858.jpg?x-oss-process=image/resize,m_lfit,h_800,w_800/quality,q_90
https://dkstatics-public.digikala.com/digikala-products/35a98df73bedff9aabfbc4f1357c928a65f4f24f_1765116858.jpg?x-oss-process=image/resize,m_lfit,h_800,w_800/quality,q_90","","۴ دیدگاه","۱,۹۶۰,۰۰۰","هدفون بلوتوثی اولتراسور مدل U-N25","قابلیت نویز کنسلینگفاقد قابلیت نویز کنسلینگفاقد قابلیت نویز کنسلینگنوع گوشیدو گوشیدو گوشینوع اتصالبی‌سیمبی‌سیمرابط‌هابلوتوثبلوتوث","مشخصاتنوع هدفون، هدست و هندزفریگردنی (Neckband) اقلام همراه هدفون، هندزفری و هدستبدون اقلام همراه قابلیت نویز کنسلینگفاقد قابلیت نویز کنسلینگ ویژگی‌های خاصبدون ویژگی خاص نوع گوشیدو گوشی قابلیت‌های شارژشارژ باسیم درگاه شارژMicroUSB نوع اتصالبی‌سیم رابط‌هابلوتوث مناسب برایکاربری عمومی","هدفون، هدست و هندزفری","اولتراسور","هدفون، هدست و هندزفری اولتراسور"
"1771406201-365","https://www.digikala.com/search/category-headphone/","هدفون بلوتوثی لنوو مدل LP19","","۳.۶","","","&nbsp;","","","","هدفون بلوتوثی لنوو مدل LP19&nbsp;
۳.۶ناموجود","https://www.digikala.com/product/dkp-15096947/%D9%87%D8%AF%D9%81%D9%88%D9%86-%D8%A8%D9%84%D9%88%D8%AA%D9%88%D8%AB%DB%8C-%D9%84%D9%86%D9%88%D9%88-%D9%85%D8%AF%D9%84-lp19/","۳.۶","","","هدفون بلوتوثی لنوو مدل LP19 یکی از محصولات باکیفیت و مقرون‌به‌صرفه‌ای که برای کاربران عمومی و حرفه‌ای طراحی‌شده است. این هدفون از نوع TWS (True Wireless Stereo) بوده و به لطف طراحی ارگونومیک و سبک خود، تجربه‌ای راحت و بدون مزاحمت را در طول روز ارائه می‌دهد. با نسخه بلوتوث 5.1، این محصول اتصال پایدار و بدون قطعی را تا فاصله 10 متری تضمین می‌کند.
درایورهای 13 میلی‌متری این هدفون، صدایی شفاف و باکیفیت بالا تولید می‌کنند که پاسخ فرکانسی گسترده‌ای از 20 تا 20000 هرتز را پوشش می‌د ...","https://dkstatics-public.digikala.com/digikala-products/1951ca86516280f08056942e3578d690a2b4f0fb_1754253828.jpg?x-oss-process=image/resize,m_lfit,h_800,w_800/quality,q_90
https://dkstatics-public.digikala.com/digikala-products/1951ca86516280f08056942e3578d690a2b4f0fb_1754253828.jpg?x-oss-process=image/resize,m_lfit,h_800,w_800/quality,q_90
https://dkstatics-public.digikala.com/digikala-products/d54b9ed46482703c03d0f6eb748e85b3d19d7fc3_1713014864.jpg?x-oss-process=image/resize,m_lfit,h_800,w_800/quality,q_90
https://dkstatics-public.digikala.com/digikala-products/02054c543f581ae0b3726bdf99f0d8d501c1f2c6_1713014865.jpg?x-oss-process=image/resize,m_lfit,h_800,w_800/quality,q_90
https://dkstatics-public.digikala.com/digikala-products/1951ca86516280f08056942e3578d690a2b4f0fb_1754253828.jpg?x-oss-process=image/resize,m_lfit,h_800,w_800/quality,q_90","","۹ دیدگاه","","ناموجودهدفون بلوتوثی لنوو مدل LP19","قابلیت نویز کنسلینگنویز کنسلینگ فعال (ANC)نویز کنسلینگ فعال (ANC)نوع گوشیدو گوشیدو گوشینوع اتصالبی‌سیمبی‌سیمرابط‌هاUSB Type-CUSB Type-C","مشخصاتنوع هدفون، هدست و هندزفریTWS (True Wireless Stereo) سایر توضیحات اقلام همراه هدفون، هندزفری و هدستکابل شارژ /
دفترچه راهنما پاسخ فرکانسی۲۰ - ۲۰۰۰۰ هرتزقابلیت نویز کنسلینگنویز کنسلینگ فعال (ANC) قطر درایور۱۳ میلی‌مترمحدوده عملکردتا ۱۰ متر مترنوع گوشیدو گوشی عمر باتری هدفون در حالت پخش موسیقیتا ۶ ساعتزمان مورد نیاز برای شارژ محفظهتا ۱.۵ ساعتنسخه بلوتوث۵.۱ سایر مشخصاتمجهز به دکمه‌های لمسی  جنس بدنهپلاستیک ظرفیت باتری۲۳۰ میلی‌آمپر‌ساعتنوع کابلUSB Type-C نوع اتصالبی‌سیم رابط‌هاUSB Type-C امپدانس۳۲ اهممناسب برایکاربری عمومی نسبت سیگنال به نویز&gt;۵۶db دسی‌بلحساسیت۹۶ دسی‌‌بل","هدفون، هدست و هندزفری","لنوو","هدفون، هدست و هندزفری لنوو"
"1771406203-366","https://www.digikala.com/search/category-headphone/","هدفون بلوتوثی مدل خرگوشی MZ-023","۵۸۵,۰۰۰","۳.۹","","","&nbsp;","","https://dkstatics-public.digikala.com/digikala-products/fdd6d52db36e44f4bf3e37827dbb15bd459637f5_1754250448.jpg?x-oss-process=image/resize,m_lfit,h_300,w_300/quality,q_80","","هدفون بلوتوثی مدل خرگوشی MZ-023 &nbsp;
۳.۹۵۸۵,۰۰۰","https://www.digikala.com/product/dkp-12119786/%D9%87%D8%AF%D9%81%D9%88%D9%86-%D8%A8%D9%84%D9%88%D8%AA%D9%88%D8%AB%DB%8C-%D9%85%D8%AF%D9%84-%D8%AE%D8%B1%DA%AF%D9%88%D8%B4%DB%8C-mz-08r/","۳.۹","آرچر موبایل","خیلی خوب","","https://dkstatics-public.digikala.com/digikala-products/fdd6d52db36e44f4bf3e37827dbb15bd459637f5_1754250448.jpg?x-oss-process=image/resize,m_lfit,h_800,w_800/quality,q_90
https://dkstatics-public.digikala.com/digikala-products/4979f2015a7c00bcf90af933f873b5f5a7e54e26_1690043716.jpg?x-oss-process=image/resize,m_lfit,h_800,w_800/quality,q_90
https://dkstatics-public.digikala.com/digikala-products/1b53ffa89a91a713238e067dd7da14216365c6c6_1690043736.jpg?x-oss-process=image/resize,m_lfit,h_800,w_800/quality,q_90
https://dkstatics-public.digikala.com/digikala-products/fdd6d52db36e44f4bf3e37827dbb15bd459637f5_1754250448.jpg?x-oss-process=image/resize,m_lfit,h_800,w_800/quality,q_90","","۳۰۳ دیدگاه","۴۹۲,۰۰۰","هدفون بلوتوثی مدل خرگوشی MZ-023","نوع گوشیدو گوشیدو گوشینوع اتصالبلوتوثبلوتوثرابط‌هاشیار کارت حافظه MicroSD، AUXشیار کارت حافظه MicroSD، AUX","مشخصاتسایر توضیحات اقلام همراه هدفون، هندزفری و هدستاقلام خاصی ندارد نوع گوشیدو گوشی نوع اتصالبلوتوث رابط‌هاشیار کارت حافظه MicroSD AUX مناسب برایکودکان","هدفون، هدست و هندزفری","متفرقه","هدفون، هدست و هندزفری متفرقه"
"1771406206-367","https://www.digikala.com/search/category-headphone/","هدفون بلوتوثی مدل Digiktflex3","۴۲۵,۱۰۰","۳.۶","۵۴۵,۰۰۰","۲۲٪","&nbsp;","","https://www.digikala.com/statics/img/svg/productCard/topBadge/SpecialSell.svg","https://www.digikala.com/statics/img/svg/productCard/topBadge/SpecialSell.svg","هدفون بلوتوثی مدل Digiktflex3&nbsp;
۳.۶۲۲٪۴۲۵,۱۰۰۵۴۵,۰۰۰","https://www.digikala.com/product/dkp-14201240/%D9%87%D8%AF%D9%81%D9%88%D9%86-%D8%A8%D9%84%D9%88%D8%AA%D9%88%D8%AB%DB%8C-%D9%85%D8%AF%D9%84-digiktflex3/","۳.۶","آرس","عالی","","https://dkstatics-public.digikala.com/digikala-products/781b3fe0dbfa1e066b0741bd65f69086a77ddb77_1706003251.jpg?x-oss-process=image/resize,m_lfit,h_800,w_800/quality,q_90
https://dkstatics-public.digikala.com/digikala-products/b77807d4c46f58bc85a5802b686ad02efb923996_1706003255.jpg?x-oss-process=image/resize,m_lfit,h_800,w_800/quality,q_90
https://dkstatics-public.digikala.com/digikala-products/8a4d92a4792621f5f7d4f9674f4613791a643234_1706003280.jpg?x-oss-process=image/resize,m_lfit,h_800,w_800/quality,q_90
https://dkstatics-public.digikala.com/digikala-products/781b3fe0dbfa1e066b0741bd65f69086a77ddb77_1706003251.jpg?x-oss-process=image/resize,m_lfit,h_800,w_800/quality,q_90","","۳۵ دیدگاه","۵۴۵,۰۰۰","هدفون بلوتوثی مدل Digiktflex3","نوع گوشیدو گوشیدو گوشینوع اتصالبی‌سیمبی‌سیمرابط‌هابلوتوثبلوتوثقابلیت‌های مقاومتیمقاوم در برابر رطوبت و عرقمقاوم در برابر رطوبت و عرق","مشخصاتسایر توضیحات اقلام همراه هدفون، هندزفری و هدستکابل شارژ قطر درایور۱۱ میلی‌مترمحدوده عملکرد۱۰ مترنوع گوشیدو گوشی عمر باتری۷ زمان موردنیاز برای شارژ هدفون۱.۵ ساعتنسخه بلوتوث۵ نوع اتصالبی‌سیم رابط‌هابلوتوث امپدانس۳۲ اهممناسب برایکاربری عمومی قابلیت‌های مقاومتیمقاوم در برابر رطوبت و عرق","هدفون، هدست و هندزفری","متفرقه","هدفون، هدست و هندزفری متفرقه"
"1771406208-368","https://www.digikala.com/search/category-headphone/","هدفون بلوتوثی مدل M10","۳۳۴,۲۰۰","۳.۷","","","&nbsp;","","https://dkstatics-public.digikala.com/digikala-products/7e7b60b247b6f18c71ae8c8be622c6f251970269_1745760229.jpg?x-oss-process=image/resize,m_lfit,h_300,w_300/quality,q_80","","هدفون بلوتوثی مدل M10&nbsp;
۳.۷۳۳۴,۲۰۰","https://www.digikala.com/product/dkp-6408043/%D9%87%D8%AF%D9%81%D9%88%D9%86-%D8%A8%D9%84%D9%88%D8%AA%D9%88%D8%AB%DB%8C-%D9%85%D8%AF%D9%84-m10/","۳.۷","مه فون","عالی","کیس این هدفون مانیتور داره!","https://dkstatics-public.digikala.com/digikala-products/7e7b60b247b6f18c71ae8c8be622c6f251970269_1745760229.jpg?x-oss-process=image/resize,m_lfit,h_800,w_800/quality,q_90
https://dkstatics-public.digikala.com/digikala-products/7e7b60b247b6f18c71ae8c8be622c6f251970269_1745760229.jpg?x-oss-process=image/resize,m_lfit,h_800,w_800/quality,q_90
https://dkstatics-public.digikala.com/digikala-products/5fb17f017564554bde2b087f3257c7f9a8df41e0_1631389670.jpg?x-oss-process=image/resize,m_lfit,h_800,w_800/quality,q_90
https://dkstatics-public.digikala.com/digikala-products/47dccaa1d621900b813c8dba5358fc94c801937f_1631284029.jpg?x-oss-process=image/resize,m_lfit,h_800,w_800/quality,q_90
https://dkstatics-public.digikala.com/digikala-products/7e7b60b247b6f18c71ae8c8be622c6f251970269_1745760229.jpg?x-oss-process=image/resize,m_lfit,h_800,w_800/quality,q_90","","۱۱۹۷۱ دیدگاه","۳۴۰,۰۰۰","هدفون بلوتوثی مدل M10","نوع گوشیدو گوشیدو گوشینوع اتصالبلوتوثبلوتوثرابط‌هابلوتوثبلوتوث","مشخصاتسایر توضیحات اقلام همراه هدفون، هندزفری و هدستدفترچه راهنما  محدوده عملکرد۱۰ متر مترنوع گوشیدو گوشی عمر باتری هدفون در حالت مکالمهتا ۳ ساعتعمر باتری هدفون در حالت پخش موسیقیتا ۴ ساعتعمر باتری محفظه شارژ۲۸۰ ساعتزمان موردنیاز برای شارژ هدفونتا ۲ ساعتسایر مشخصاتقابلیت استفاده به عنوان پاوربانک ظرفیت باتری۶۰۰ میلی‌آمپر‌ساعتنوع کابلmicroUSB نوع اتصالبلوتوث رابط‌هابلوتوث مناسب برایکاربری عمومی","هدفون، هدست و هندزفری","متفرقه","هدفون، هدست و هندزفری متفرقه"
"1771406211-369","https://www.digikala.com/search/category-headphone/","هدفون بلوتوثی اپل مدل AirPods 4","۱۷,۴۹۰,۰۰۰","۴.۴","","","تنها ۳ عدد در انبار باقی مانده","","https://dkstatics-public.digikala.com/digikala-products/47253d3d200446771fd7be0c5c68545a71728ce9_1745827634.jpg?x-oss-process=image/resize,m_lfit,h_300,w_300/quality,q_80","","هدفون بلوتوثی اپل مدل AirPods 4تنها ۳ عدد در انبار باقی مانده
۴.۴۱۷,۴۹۰,۰۰۰","https://www.digikala.com/product/dkp-16768320/%D9%87%D8%AF%D9%81%D9%88%D9%86-%D8%A8%D9%84%D9%88%D8%AA%D9%88%D8%AB%DB%8C-%D8%A7%D9%BE%D9%84-%D9%85%D8%AF%D9%84-airpods-4/","۴.۴","رایاتک","عالی","ایرپاد‌های اپل زیادی هوشمندن","https://dkstatics-public.digikala.com/digikala-products/47253d3d200446771fd7be0c5c68545a71728ce9_1745827634.jpg?x-oss-process=image/resize,m_lfit,h_800,w_800/quality,q_90
https://dkstatics-public.digikala.com/digikala-products/47253d3d200446771fd7be0c5c68545a71728ce9_1745827634.jpg?x-oss-process=image/resize,m_lfit,h_800,w_800/quality,q_90
https://dkstatics-public.digikala.com/digikala-products/6ccd55c332018c7547822aea4386cfd1854f65c0_1729681416.jpg?x-oss-process=image/resize,m_lfit,h_800,w_800/quality,q_90
https://dkstatics-public.digikala.com/digikala-products/9a4b79e6a3597a86599101f0f6ca3988b3212505_1729681416.jpg?x-oss-process=image/resize,m_lfit,h_800,w_800/quality,q_90
https://dkstatics-public.digikala.com/digikala-products/47253d3d200446771fd7be0c5c68545a71728ce9_1745827634.jpg?x-oss-process=image/resize,m_lfit,h_800,w_800/quality,q_90","","۳۹۲ دیدگاه","۱۷,۴۷۰,۰۰۰","هدفون بلوتوثی اپل مدل AirPods 4","قابلیت نویز کنسلینگفاقد قابلیت نویز کنسلینگفاقد قابلیت نویز کنسلینگنوع گوشیدو گوشیدو گوشینوع اتصالبی‌سیمبی‌سیمرابط‌هابلوتوثبلوتوثقابلیت‌های مقاومتیمقاوم در برابر آبمقاوم در برابر آب","مشخصاتنوع هدفون، هدست و هندزفریتو گوشی (Earbud/Earphone) ابعاد۵۰.۱x۲۱.۲x۴۶.۲ میلی‌مترسایر توضیحات اقلام همراه هدفون، هندزفری و هدستدفترچه راهنما  اقلام همراه هدفون، هندزفری و هدستبدون اقلام همراه منبع انرژیباتری قابلیت نویز کنسلینگفاقد قابلیت نویز کنسلینگ ویژگی‌های خاصپشتیبانی از فرمان لمسی نشانگر LED پشتیبانی از دستیار صوتی نوع گوشیدو گوشی عمر باتری هدفون در حالت مکالمهتا ۴.۵  ساعتعمر باتری هدفون در حالت پخش موسیقیتا ۵ ساعتعمر باتری محفظه شارژتا ۳۰ (برای پخش موسیقی) / تا ۲۰ (برای مکالمه) ساعتقابلیت‌های شارژشارژ باسیم شارژ بی‌سیم درگاه شارژUSB Type-C وزن۳۲.۳ گرمنسخه بلوتوث۵.۳ سایر مشخصاتمقاوم در برابر گرد و غبار / 
مجهز به سنسور نوری داخل گوش /
دارای شتاب سنج تشخیص حرکت /
مجهز به شتاب سنج تشخیص گفتار /
دارای سنسور نیرو /
دارای قابلیت جداسازی صدا /
مجهز به سیستم هواکش برای یکسان سازی فشار /
دارای کنترلرهای لمسی /  نوع کابلUSB Type-C نوع اتصالبی‌سیم رابط‌هابلوتوث مناسب برایکاربری عمومی قابلیت‌های مقاومتیمقاوم در برابر آب","هدفون، هدست و هندزفری","اپل","هدفون، هدست و هندزفری اپل"
"1771406213-370","https://www.digikala.com/search/category-headphone/","هدفون بلوتوثی مخصوص بازی مدل K77","۱,۰۹۸,۰۰۰","۴.۲","","","ارسال سریع دیجی‌کالا","","","","هدفون بلوتوثی مخصوص بازی مدل K77ارسال سریع دیجی‌کالا
۴.۲۱,۰۹۸,۰۰۰","https://www.digikala.com/product/dkp-11679069/%D9%87%D8%AF%D9%81%D9%88%D9%86-%D8%A8%D9%84%D9%88%D8%AA%D9%88%D8%AB%DB%8C-%D9%85%D8%AE%D8%B5%D9%88%D8%B5-%D8%A8%D8%A7%D8%B2%DB%8C-%D9%85%D8%AF%D9%84-k77/","۴.۲","مرکز پخش مونترال","عالی","هدفونِ گیمینگ K77","https://dkstatics-public.digikala.com/digikala-products/d0347b6d9f232ba4a3c82f24594dd9b3af0bc9d8_1745824995.jpg?x-oss-process=image/resize,m_lfit,h_800,w_800/quality,q_90
https://dkstatics-public.digikala.com/digikala-products/6d83927b3235bfa1cd0a588632e552e21272e316_1692786571.jpg?x-oss-process=image/resize,m_lfit,h_800,w_800/quality,q_90
https://dkstatics-public.digikala.com/digikala-products/438fa3e3b2b6367f7518ab8962ddba3a58298d18_1686748429.jpg?x-oss-process=image/resize,m_lfit,h_800,w_800/quality,q_90
https://dkstatics-public.digikala.com/digikala-products/d0347b6d9f232ba4a3c82f24594dd9b3af0bc9d8_1745824995.jpg?x-oss-process=image/resize,m_lfit,h_800,w_800/quality,q_90","","۸۹۰ دیدگاه","۱,۰۹۸,۰۰۰","هدفون بلوتوثی مخصوص بازی مدل K77","قابلیت نویز کنسلینگفاقد قابلیت نویز کنسلینگفاقد قابلیت نویز کنسلینگنوع گوشیدو گوشیدو گوشینوع اتصالبی‌سیمبی‌سیمرابط‌هابلوتوثبلوتوث","مشخصاتنوع هدفون، هدست و هندزفریTWS (True Wireless Stereo) سایر توضیحات اقلام همراه هدفون، هندزفری و هدستدفترچه راهنمای فارسی و انگلیسی /
کابل شارژ /
دو جفت سری گوشی هندزفری با دو سایز متفاوت قابلیت نویز کنسلینگفاقد قابلیت نویز کنسلینگ قطر درایور۱۲ میلی‌مترمحدوده عملکرد۱۵ متر مترنوع گوشیدو گوشی زمان موردنیاز برای شارژ هدفونیک ساعتزمان مورد نیاز برای شارژ محفظهیک ساعتنسخه بلوتوث۵.۰ سایر مشخصاتامکان سوئیچ از حالت موزیک /
مکالمه به حالت گیمینگ (با ۵بار ضربه سزدن روی دکمه لمسی گوشی) /
تاخیر بسیار پایین در ارسال سیگنال و صدا جنس بدنهپلاستیک نوع کابلUSB Type-C نوع اتصالبی‌سیم رابط‌هابلوتوث مناسب برایکاربری عمومی","هدفون، هدست و هندزفری","متفرقه","هدفون، هدست و هندزفری متفرقه"
"1771406215-371","https://www.digikala.com/search/category-headphone/","هدفون بلوتوثی انکر مدل Liberty 4 Pro","۱۴,۰۰۰,۰۰۰","۴.۵","","","ارسال سریع دیجی‌کالا","","","","هدفون بلوتوثی انکر مدل Liberty 4 Proارسال سریع دیجی‌کالا
۴.۵۱۴,۰۰۰,۰۰۰","https://www.digikala.com/product/dkp-17017222/%D9%87%D8%AF%D9%81%D9%88%D9%86-%D8%A8%D9%84%D9%88%D8%AA%D9%88%D8%AB%DB%8C-%D8%A7%D9%86%DA%A9%D8%B1-%D9%85%D8%AF%D9%84-liberty-4-pro/","۴.۵","ستیاکو شاپ","عالی","","https://dkstatics-public.digikala.com/digikala-products/0586d359e660c8a86f677478c7dc18a630ecc1b1_1745827637.jpg?x-oss-process=image/resize,m_lfit,h_800,w_800/quality,q_90
https://dkstatics-public.digikala.com/digikala-products/0586d359e660c8a86f677478c7dc18a630ecc1b1_1745827637.jpg?x-oss-process=image/resize,m_lfit,h_800,w_800/quality,q_90
https://dkstatics-public.digikala.com/digikala-products/286a4c7f6ad9d7645d86a50824f729f790f3f0bf_1728844823.jpg?x-oss-process=image/resize,m_lfit,h_800,w_800/quality,q_90
https://dkstatics-public.digikala.com/digikala-products/c0d01aa77194d87d7ddee747d002a8eb87033781_1728844829.jpg?x-oss-process=image/resize,m_lfit,h_800,w_800/quality,q_90
https://dkstatics-public.digikala.com/digikala-products/0586d359e660c8a86f677478c7dc18a630ecc1b1_1745827637.jpg?x-oss-process=image/resize,m_lfit,h_800,w_800/quality,q_90","","۲۴۹ دیدگاه","۱۲,۳۹۰,۰۰۰","هدفون بلوتوثی انکر مدل Liberty 4 Pro","قابلیت نویز کنسلینگنویز کنسلینگ فعال (ANC)نویز کنسلینگ فعال (ANC)نوع گوشیدو گوشیدو گوشینوع اتصالبی‌سیمبی‌سیمرابط‌هابلوتوثبلوتوثقابلیت‌های مقاومتیمقاوم در برابر رطوبت و عرقمقاوم در برابر رطوبت و عرق","مشخصاتنوع هدفون، هدست و هندزفریتو گوشی (Earbud/Earphone) ابعاد۶۴x۶۱x۲۹ میلی‌مترسایر توضیحات اقلام همراه هدفون، هندزفری و هدستدفترچه‌راهنما اقلام همراه هدفون، هندزفری و هدستکابل شارژ پد گوشی یدکی قابلیت نویز کنسلینگنویز کنسلینگ فعال (ANC) قطر درایور۱۰.۵ میلی‌مترویژگی‌های خاصپشتیبانی از فرمان لمسی نمایشگر روی محفظه شارژ نشانگر LED محدوده عملکردتا ۱۰ متر مترنوع گوشیدو گوشی عمر باتری هدفون در حالت پخش موسیقی۴ ساعتظرفیت باتری محفظه شارژ۵۸۰ میلی‌آمپر‌ساعتعمر باتری محفظه شارژ۴۰ ساعتقابلیت‌های شارژشارژ باسیم درگاه شارژUSB Type-C وزن۶۲ گرمنسخه بلوتوث۵.۳ سایر مشخصاتمجهز به سنسور فشار سنج / امکان تشخیص حرکات سر جنس بدنهپلاستیک نوع کابلUSB Type-C نوع اتصالبی‌سیم رابط‌هابلوتوث مناسب برایکاربری عمومی قابلیت‌های مقاومتیمقاوم در برابر رطوبت و عرق حساسیت۱۲۶","هدفون، هدست و هندزفری","انکر","هدفون، هدست و هندزفری انکر"
"1771406217-372","https://www.digikala.com/search/category-headphone/","هدفون بلوتوثی مدل M10 V5.3 Touch version B","۳۸۹,۵۰۰","۳.۵","","","ارسال فروشنده","","","","هدفون بلوتوثی مدل M10 V5.3 Touch version Bارسال فروشنده
۳.۵۳۸۹,۵۰۰","https://www.digikala.com/product/dkp-12817985/%D9%87%D8%AF%D9%81%D9%88%D9%86-%D8%A8%D9%84%D9%88%D8%AA%D9%88%D8%AB%DB%8C-%D9%85%D8%AF%D9%84-m10-v53-touch-version-b/","۳.۵","آرچر موبایل","خیلی خوب","این کالا توسط افسریه موبایل فروخته میشود و از ورژن جدید سپتامبر قابلیت نویز کنسلینگ لایدرینگ به آن اضافی شده و از کیفیت صدای بالایی برخوردار هست که به باتری هم کمک میکند","https://dkstatics-public.digikala.com/digikala-products/16b4c64bd26a6f5ddf71fcfbff0ed409d00aa9ba_1754251181.jpg?x-oss-process=image/resize,m_lfit,h_800,w_800/quality,q_90
https://dkstatics-public.digikala.com/digikala-products/937c53ee626f4acff00a2842eb28d124171da2dc_1695888129.jpg?x-oss-process=image/resize,m_lfit,h_800,w_800/quality,q_90
https://dkstatics-public.digikala.com/digikala-products/002b7711814464a72814deec6a3bcedcac3ad1fc_1695888129.jpg?x-oss-process=image/resize,m_lfit,h_800,w_800/quality,q_90
https://dkstatics-public.digikala.com/digikala-products/16b4c64bd26a6f5ddf71fcfbff0ed409d00aa9ba_1754251181.jpg?x-oss-process=image/resize,m_lfit,h_800,w_800/quality,q_90","","۳۲۱ دیدگاه","۳۸۹,۵۰۰","هدفون بلوتوثی مدل M10 V5.3 Touch version B","قابلیت نویز کنسلینگفاقد قابلیت نویز کنسلینگفاقد قابلیت نویز کنسلینگنوع گوشیدو گوشیدو گوشینوع اتصالبی‌سیمبی‌سیمرابط‌هاmicroUSBmicroUSB","مشخصاتنوع هدفون، هدست و هندزفریتو گوشی (Earbud/Earphone) سایر توضیحات اقلام همراه هدفون، هندزفری و هدستدفترچه راهنما
شارژر
محافظ گوشی سیلیکونی در دو سایز کوچک و بزرگ پاسخ فرکانسی۲.۵ CG هرتزقابلیت نویز کنسلینگفاقد قابلیت نویز کنسلینگ محدوده عملکرد۱۱ متر مترنوع گوشیدو گوشی عمر باتری۳۱۰ ساعت عمر باتری هدفون در حالت مکالمه۸ ساعتعمر باتری هدفون در حالت استندبای۳۱۰ عمر باتری هدفون در حالت پخش موسیقی۵ تا ۷  ساعتزمان موردنیاز برای شارژ هدفون۱.۵ ساعتنسخه بلوتوثV ۵.۳ Version B سایر مشخصاتاین هندزفری نسخه سپتامبر است که از ورژن قبلی مکالمه و باتری بهبود یافته است ظرفیت باتری۲۵۰۰ میلی‌آمپر‌ساعتنوع اتصالبی‌سیم رابط‌هاmicroUSB مناسب برایمکالمه","هدفون، هدست و هندزفری","متفرقه","هدفون، هدست و هندزفری متفرقه"
"1771406219-373","https://www.digikala.com/search/category-headphone/","هندزفری سیمی مدل YS","۱۰۵,۰۰۰","۳.۶","","","ارسال سریع دیجی‌کالا","","","","غیراصل

هندزفری سیمی مدل YSارسال سریع دیجی‌کالا
۳.۶۱۰۵,۰۰۰","https://www.digikala.com/product/dkp-4379670/%D9%87%D9%86%D8%AF%D8%B2%D9%81%D8%B1%DB%8C-%D8%B3%DB%8C%D9%85%DB%8C-%D9%85%D8%AF%D9%84-ys/","۳.۶","جانبی امید","عالی","هندزفری سیمی مدل YS (غیر اصل) گزینه‌ای ساده و سبک‌وزن برای استفاده روزمره است. به دلیل طراحی مینیمال و ارگونومیک و وزن پایین آن (17 گرم) برای استفاده‌های طولانی و فعالیت‌های ورزشی مثل دویدن، پیاده‌روی و ورزش در باشگاه گزینه راحت و مناسبی است.
اتصال هندزفری مدل YS به دستگاه‌های صوتی به‌وسیله جک 3.5 میلی‌متری صورت می‌گیرد و خبری از بلوتوث یا فناوری‌های بی‌سیم دیگر نیست. همچنین به دلیل عدم وجود قابلیت‌های اضافی مانند نویز کنسلینگ، قیمت این محصول نسبت به سایر مدل‌ها بسیار مقرون‌ب ...","https://dkstatics-public.digikala.com/digikala-products/3b8cdc83bc992b1ded460fbd58ca0e5742320b2e_1754244311.jpg?x-oss-process=image/resize,m_lfit,h_800,w_800/quality,q_90
https://dkstatics-public.digikala.com/digikala-products/3b8cdc83bc992b1ded460fbd58ca0e5742320b2e_1754244311.jpg?x-oss-process=image/resize,m_lfit,h_800,w_800/quality,q_90
https://dkstatics-public.digikala.com/digikala-products/ec94df319f15e7a431c58a822815f9568e483ae4_1612281715.jpg?x-oss-process=image/resize,m_lfit,h_800,w_800/quality,q_90
https://dkstatics-public.digikala.com/digikala-products/1d463a1581b0790887a0385665dddaea018acbcb_1612281708.jpg?x-oss-process=image/resize,m_lfit,h_800,w_800/quality,q_90","","۶۶۸ دیدگاه","۱۰۵,۰۰۰","هندزفری سیمی مدل YS","قابلیت نویز کنسلینگفاقد قابلیت نویز کنسلینگفاقد قابلیت نویز کنسلینگنوع گوشیدو گوشیدو گوشینوع اتصالبا سیمبا سیمرابط‌هاجک 3.5 میلی‌متری صداجک 3.5 میلی‌متری صدا","مشخصاتنوع هدفون، هدست و هندزفریتو گوشی (Earbud/Earphone) سایر توضیحات اقلام همراه هدفون، هندزفری و هدستفاقد اقلام همراه قابلیت نویز کنسلینگفاقد قابلیت نویز کنسلینگ نوع گوشیدو گوشی وزن۱۷ گرمنوع اتصالبا سیم رابط‌هاجک ۳.۵ میلی‌متری صدا مناسب برایورزش","هدفون، هدست و هندزفری","متفرقه","هدفون، هدست و هندزفری متفرقه"
"1771406222-374","https://www.digikala.com/search/category-headphone/","هدفون بلوتوثی سامسونگ مدل Galaxy Buds3 Pro","۲۱,۴۹۰,۰۰۰","۴.۶","","","ارسال فروشنده","","","","هدفون بلوتوثی سامسونگ مدل Galaxy Buds3 Proارسال فروشنده
۴.۶۲۱,۴۹۰,۰۰۰","https://www.digikala.com/product/dkp-16072099/%D9%87%D8%AF%D9%81%D9%88%D9%86-%D8%A8%D9%84%D9%88%D8%AA%D9%88%D8%AB%DB%8C-%D8%B3%D8%A7%D9%85%D8%B3%D9%88%D9%86%DA%AF-%D9%85%D8%AF%D9%84-galaxy-buds3-pro/","۴.۶","پخش موبایل و اکسسوری برلیان","خیلی خوب","سامسونگ چه کرده!","https://dkstatics-public.digikala.com/digikala-products/f72b6efe382bd6225ca86de5d67140754765d5b7_1745827631.jpg?x-oss-process=image/resize,m_lfit,h_800,w_800/quality,q_90
https://dkstatics-public.digikala.com/digikala-products/f72b6efe382bd6225ca86de5d67140754765d5b7_1745827631.jpg?x-oss-process=image/resize,m_lfit,h_800,w_800/quality,q_90
https://dkstatics-public.digikala.com/digikala-products/5890e7a567c2d2bd4880688f22826175b5a6a0b5_1721134737.jpg?x-oss-process=image/resize,m_lfit,h_800,w_800/quality,q_90
https://dkstatics-public.digikala.com/digikala-products/80c3756f357f9dea5174203e4dd8bdc96d169541_1721134736.jpg?x-oss-process=image/resize,m_lfit,h_800,w_800/quality,q_90
https://dkstatics-public.digikala.com/digikala-products/f72b6efe382bd6225ca86de5d67140754765d5b7_1745827631.jpg?x-oss-process=image/resize,m_lfit,h_800,w_800/quality,q_90","","۱۰۹۵ دیدگاه","۲۱,۴۰۰,۰۰۰","هدفون بلوتوثی سامسونگ مدل Galaxy Buds3 Pro","قابلیت نویز کنسلینگنویز کنسلینگ فعال (ANC)نویز کنسلینگ فعال (ANC)نوع گوشیدو گوشیدو گوشینوع اتصالبی‌سیمبی‌سیمرابط‌هابلوتوثبلوتوثقابلیت‌های مقاومتیمقاوم در برابر آبمقاوم در برابر آب","مشخصاتنوع هدفون، هدست و هندزفریتو گوشی (Earbud/Earphone) ابعاد(ایرباد) ۳۳.۲x۱۹.۸x۱۸.۱ / (جایگاه شارژ) ۵۸.۹x۴۸.۷x۲۴.۴ میلی‌متراقلام همراه هدفون، هندزفری و هدستکابل شارژ محفظه شارژ پد گوشی یدکی قابلیت نویز کنسلینگنویز کنسلینگ فعال (ANC) مشخصات میکروفوندارای میکروفن ۳ گانه بر روی هر ایرباد  قطر درایور۱۰ میلی‌مترویژگی‌های خاصپشتیبانی از فرمان لمسی پشتیبانی از دستیار صوتی محدوده عملکرد۱۰ مترنوع آکوستیکبسته نوع گوشیدو گوشی عمر باتری هدفون در حالت مکالمه۴.۵ ساعت (ANC روشن) / ۵ ساعت (ANC خاموش) ساعتعمر باتری هدفون در حالت پخش موسیقی۶ ساعت (ANC روشن) / ۷ ساعت (ANC خاموش) ساعتقابلیت‌های شارژشارژ باسیم شارژ بی‌سیم درگاه شارژUSB Type-C وزن(هر ایرباد) ۵.۴ / (جایگاه شارژ) ۴۶.۵ گرمنسخه بلوتوث۵.۴ سایر مشخصاتدارای گواهی IP۵۷ و مقاوم در برابر آب تا عمق یک متری به مدت ۳۰ دقیقه  ظرفیت باتری(هر ایرباد) ۵۳ / (جایگاه شارژ) ۵۱۵ میلی‌آمپر‌ساعتنوع کابلUSB Type-C نوع اتصالبی‌سیم رابط‌هابلوتوث مناسب برایکاربری عمومی قابلیت‌های مقاومتیمقاوم در برابر آب","هدفون، هدست و هندزفری","سامسونگ","هدفون، هدست و هندزفری سامسونگ"
"1771406224-375","https://www.digikala.com/search/category-headphone/","سیم هندزفری کیو کی زد مدل TC100","۸۲۹,۰۰۰","۳.۵","","","&nbsp;","","","","سیم هندزفری کیو کی زد مدل TC100&nbsp;
۳.۵۸۲۹,۰۰۰","https://www.digikala.com/product/dkp-20454424/%D8%B3%DB%8C%D9%85-%D9%87%D9%86%D8%AF%D8%B2%D9%81%D8%B1%DB%8C-%DA%A9%DB%8C%D9%88-%DA%A9%DB%8C-%D8%B2%D8%AF-%D9%85%D8%AF%D9%84-tc100/","۳.۵","هوم سل","عالی","یکی از نقاط مثبت هدفون های جداشونده از کابل ، قابلیت تعویض کابل در صورت خرابی و قطعی آن میباشد. اکثر مدل های هدفون برند KZ و QKZ دارای این قابلیت هستند و در صورت خرابی کابل های آن ها، امکان تعویض کابل وجود دارد. کابل Flat Type S قابل استفاده برای تمام هدفون های برند KZ و QKZ موجود در بازار است که دارای پین مدل S هستند. مدل هایی مثل KZ AS12 . KZ ZNS . QKZ AK6 Pro . QKZ ODIN . QKZ ZXT با این کابل سازگار هستند.","https://dkstatics-public.digikala.com/digikala-products/91d8f752510fb6714613e7ed9791627ca22e77b7_1758036494.jpg?x-oss-process=image/resize,m_lfit,h_800,w_800/quality,q_90
https://dkstatics-public.digikala.com/digikala-products/7b7e778cad36034d1ae116dad09c7f49d3ec9e15_1758036499.jpg?x-oss-process=image/resize,m_lfit,h_800,w_800/quality,q_90
https://dkstatics-public.digikala.com/digikala-products/54935fd670073908b31d49679d9a061964d8ad03_1758036507.jpg?x-oss-process=image/resize,m_lfit,h_800,w_800/quality,q_90
https://dkstatics-public.digikala.com/digikala-products/91d8f752510fb6714613e7ed9791627ca22e77b7_1758036494.jpg?x-oss-process=image/resize,m_lfit,h_800,w_800/quality,q_90","","۲ دیدگاه","۸۲۹,۰۰۰","سیم هندزفری کیو کی زد مدل TC100","قابلیت نویز کنسلینگفاقد قابلیت نویز کنسلینگفاقد قابلیت نویز کنسلینگنوع گوشیدو گوشیدو گوشینوع اتصالبا سیمبا سیمرابط‌هاUSB Type-CUSB Type-C","مشخصاتنوع هدفون، هدست و هندزفریتو گوشی (Earbud/Earphone) اقلام همراه هدفون، هندزفری و هدستبدون اقلام همراه قابلیت نویز کنسلینگفاقد قابلیت نویز کنسلینگ ویژگی‌های خاصبدون ویژگی خاص نوع گوشیدو گوشی قابلیت‌های شارژبدون قابلیت شارژ درگاه شارژبدون قابلیت شارژ نوع اتصالبا سیم رابط‌هاUSB Type-C مناسب برایکاربری عمومی","هدفون، هدست و هندزفری","کیو کی زد","هدفون، هدست و هندزفری کیو کی زد"
"1771406227-376","https://www.digikala.com/search/category-headphone/","هدفون بلوتوثی مدل air pods m19","۴۸۰,۰۰۰","۳.۶","","","&nbsp;","","","","غیراصل

هدفون بلوتوثی مدل air pods m19&nbsp;
۳.۶۴۸۰,۰۰۰","https://www.digikala.com/product/dkp-14329405/%D9%87%D8%AF%D9%81%D9%88%D9%86-%D8%A8%D9%84%D9%88%D8%AA%D9%88%D8%AB%DB%8C-%D9%85%D8%AF%D9%84-air-pods-m19/","۳.۶","زاگرس تکنولوژی","عالی","بررسی هندزفری بلوتوثی M19","https://dkstatics-public.digikala.com/digikala-products/ae5853fd0737b406520b7bd4f1cfa58ff1b4da1b_1745827621.jpg?x-oss-process=image/resize,m_lfit,h_800,w_800/quality,q_90
https://dkstatics-public.digikala.com/digikala-products/9a137dd61e01a7a4ddd396bd22c705ee527fe2d5_1707082726.jpg?x-oss-process=image/resize,m_lfit,h_800,w_800/quality,q_90
https://dkstatics-public.digikala.com/digikala-products/8b97c79f6dcf4d87f7de3f3712c6ec5b88b43783_1714905417.jpg?x-oss-process=image/resize,m_lfit,h_800,w_800/quality,q_90
https://dkstatics-public.digikala.com/digikala-products/ae5853fd0737b406520b7bd4f1cfa58ff1b4da1b_1745827621.jpg?x-oss-process=image/resize,m_lfit,h_800,w_800/quality,q_90","","۱۷۴۸ دیدگاه","۴۶۸,۰۰۰","هدفون بلوتوثی مدل air pods m19","قابلیت نویز کنسلینگفاقد قابلیت نویز کنسلینگفاقد قابلیت نویز کنسلینگنوع گوشیدو گوشیدو گوشینوع اتصالبی‌سیمبی‌سیمرابط‌هاmicroUSBmicroUSB","مشخصاتنوع هدفون، هدست و هندزفریتو گوشی (Earbud/Earphone) سایر توضیحات اقلام همراه هدفون، هندزفری و هدستدفترچه راهنما و کابل شارژر ۴ عدد پلاستیک رو گوشی

 قابلیت نویز کنسلینگفاقد قابلیت نویز کنسلینگ نوع گوشیدو گوشی نسخه بلوتوث۵.۱ نوع اتصالبی‌سیم رابط‌هاmicroUSB مناسب برایکاربری عمومی","هدفون، هدست و هندزفری","متفرقه","هدفون، هدست و هندزفری متفرقه"
"1771406230-377","https://www.digikala.com/search/category-headphone/","هندزفری سیمی ونتون مدل V-4O","۲۴۹,۰۰۰","۴.۱","۳۹۹,۰۰۰","۳۸٪","ارسال سریع دیجی‌کالا","","","","هندزفری سیمی ونتون مدل V-4Oارسال سریع دیجی‌کالا
۴.۱۳۸٪۲۴۹,۰۰۰۳۹۹,۰۰۰","https://www.digikala.com/product/dkp-19843964/%D9%87%D9%86%D8%AF%D8%B2%D9%81%D8%B1%DB%8C-%D8%B3%DB%8C%D9%85%DB%8C-%D9%88%D9%86%D8%AA%D9%88%D9%86-%D9%85%D8%AF%D9%84-v-4o/","۴.۱","لاپ استور","عالی","","https://dkstatics-public.digikala.com/digikala-products/31a3ebf0ba6a6cb3a31083af7cbf01827cee7d97_1752588078.jpg?x-oss-process=image/resize,m_lfit,h_800,w_800/quality,q_90
https://dkstatics-public.digikala.com/digikala-products/6e4461de6989164dbe3c8966024da892672aad5a_1752588078.jpg?x-oss-process=image/resize,m_lfit,h_800,w_800/quality,q_90
https://dkstatics-public.digikala.com/digikala-products/1d863073f3cf237a21a9ba250223d97dcbbc7963_1752588078.jpg?x-oss-process=image/resize,m_lfit,h_800,w_800/quality,q_90
https://dkstatics-public.digikala.com/digikala-products/31a3ebf0ba6a6cb3a31083af7cbf01827cee7d97_1752588078.jpg?x-oss-process=image/resize,m_lfit,h_800,w_800/quality,q_90","","۳۴۹ دیدگاه","۳۹۹,۰۰۰","هندزفری سیمی ونتون مدل V-4O","قابلیت نویز کنسلینگنویز کنسلینگ فعال (ANC)نویز کنسلینگ فعال (ANC)نوع گوشیدو گوشیدو گوشینوع اتصالبا سیمبا سیمرابط‌هاUSB Type-CUSB Type-C","مشخصاتنوع هدفون، هدست و هندزفریتو گوشی (Earbud/Earphone) اقلام همراه هدفون، هندزفری و هدستپد گوشی یدکی قابلیت نویز کنسلینگنویز کنسلینگ فعال (ANC) ویژگی‌های خاصنگهدارنده گوشی گیره نگهدارنده کلید مدیریت میزان صدا نوع گوشیدو گوشی قابلیت‌های شارژبدون قابلیت شارژ درگاه شارژبدون قابلیت شارژ نوع اتصالبا سیم رابط‌هاUSB Type-C مناسب برایکاربری عمومی","هدفون، هدست و هندزفری","متفرقه","هدفون، هدست و هندزفری متفرقه"
"1771406232-378","https://www.digikala.com/search/category-headphone/","هدفون بلوتوثی مدل P47 EDR","۴۳۰,۰۰۰","۳.۸","","","تنها ۲ عدد در انبار باقی مانده","","","","هدفون بلوتوثی مدل P47 EDRتنها ۲ عدد در انبار باقی مانده
۳.۸۴۳۰,۰۰۰","https://www.digikala.com/product/dkp-3295428/%D9%87%D8%AF%D9%81%D9%88%D9%86-%D8%A8%D9%84%D9%88%D8%AA%D9%88%D8%AB%DB%8C-%D9%85%D8%AF%D9%84-p47-edr/","۳.۸","تلفن پارس","عالی","این ارزون ترین هدفون دنیاست😬✌🏼","https://dkstatics-public.digikala.com/digikala-products/825703c72f3dba44f30e660d80cd2589f4c86562_1745760221.jpg?x-oss-process=image/resize,m_lfit,h_800,w_800/quality,q_90
https://dkstatics-public.digikala.com/digikala-products/825703c72f3dba44f30e660d80cd2589f4c86562_1745760221.jpg?x-oss-process=image/resize,m_lfit,h_800,w_800/quality,q_90
https://dkstatics-public.digikala.com/digikala-products/8f435cb234a56316906e4384c485db63e58d798e_1598372344.jpg?x-oss-process=image/resize,m_lfit,h_800,w_800/quality,q_90
https://dkstatics-public.digikala.com/digikala-products/932264bcb4c1ca45f667f5895348521250da8990_1598345099.jpg?x-oss-process=image/resize,m_lfit,h_800,w_800/quality,q_90
https://dkstatics-public.digikala.com/digikala-products/825703c72f3dba44f30e660d80cd2589f4c86562_1745760221.jpg?x-oss-process=image/resize,m_lfit,h_800,w_800/quality,q_90","","۱۲۵۲۲ دیدگاه","۲۹۸,۰۰۰","هدفون بلوتوثی مدل P47 EDR","نوع گوشیدو گوشیدو گوشینوع اتصالباسیم، بی‌سیمباسیم، بی‌سیمرابط‌هاجک 3.5 میلی‌متری صدا، شیار کارت حافظه، بلوتوثجک 3.5 میلی‌متری صدا، شیار کارت حافظه، بلوتوثقابلیت‌های مقاومتیمقاوم در برابر رطوبت و عرقمقاوم در برابر رطوبت و عرق","مشخصاتسایر توضیحات اقلام همراه هدفون، هندزفری و هدستدفترچه راهنما / کابل شارژ نوع آکوستیکنیمه‌باز نوع گوشیدو گوشی عمر باتری هدفون در حالت مکالمه۶  ساعتعمر باتری هدفون در حالت استندبای۱۵ ساعت عمر باتری هدفون در حالت پخش موسیقی۴  ساعتزمان موردنیاز برای شارژ هدفون۲  ساعتوزن۲۱۰ گرمنسخه بلوتوث۵.۰ نوع اتصالباسیم بی‌سیم رابط‌هاجک ۳.۵ میلی‌متری صدا شیار کارت حافظه بلوتوث امپدانس۳۲ اهممناسب برایکاربری عمومی قابلیت‌های مقاومتیمقاوم در برابر رطوبت و عرق","هدفون، هدست و هندزفری","متفرقه","هدفون، هدست و هندزفری متفرقه"
"1771406234-379","https://www.digikala.com/search/category-headphone/","هدفون بلوتوثی مدل SY T4","۹۹۹,۰۰۰","۳.۸","","","&nbsp;","","","","هدفون بلوتوثی مدل SY T4&nbsp;
۳.۸۹۹۹,۰۰۰","https://www.digikala.com/product/dkp-16540405/%D9%87%D8%AF%D9%81%D9%88%D9%86-%D8%A8%D9%84%D9%88%D8%AA%D9%88%D8%AB%DB%8C-%D9%85%D8%AF%D9%84-sy-t4/","۳.۸","پارس انفورماتیک ایستا","عالی","هدفون SY-T4 با طراحی مد ، ساده و ظریف یک مورد شیک و به روز است که با تنوع رنگ های خاص و کم اشباع محصولی منحصر بفرد و زیبا را برای شما به ارمغان می آورد . طراحی سبک 180 گرمی و اندازه جمع جور این هدفون باعث تجربه فشار تقریبا صفر شده و شما میتوانید ساعت ها حین لذت بردن از موسیقی و بازی بدون کوچک ترین احساس سنگینی و خستگی از آن استفاده کنید . با امکان تغییر سایز 6 حالته گوشی ها امکان استفاده برای تمامی افراد فراهم شده گوش بند  های نرم و کاملا بسته بندی شده به شما این امکان را مید ...","https://dkstatics-public.digikala.com/digikala-products/f04d0bf768409353af8278197fe9aaf0dbe5f2aa_1724620341.jpg?x-oss-process=image/resize,m_lfit,h_800,w_800/quality,q_90
https://dkstatics-public.digikala.com/digikala-products/7ccda81d64df0bc0ad6fe9a2e867a255510c62a3_1724620341.jpg?x-oss-process=image/resize,m_lfit,h_800,w_800/quality,q_90
https://dkstatics-public.digikala.com/digikala-products/4cde8be84a83dffd3dedfac9acd140d9ca507fa2_1724620340.jpg?x-oss-process=image/resize,m_lfit,h_800,w_800/quality,q_90
https://dkstatics-public.digikala.com/digikala-products/f04d0bf768409353af8278197fe9aaf0dbe5f2aa_1724620341.jpg?x-oss-process=image/resize,m_lfit,h_800,w_800/quality,q_90","","۴۶ دیدگاه","۹۴۹,۰۰۰","هدفون بلوتوثی مدل SY T4","نوع گوشیدو گوشیدو گوشینوع اتصالبا سیم، بی‌سیم، دوگانه (بی‌سیم و با سیم)با سیم، بی‌سیم، دوگانه (بی‌سیم و با سیم)رابط‌هابلوتوث، جک 3.5 میلی‌متری صدا، شیار کارت حافظهبلوتوث، جک 3.5 میلی‌متری صدا، شیار کارت حافظه","مشخصاتنوع هدفون، هدست و هندزفریرو گوشی (On/Over Ear) سایر توضیحات اقلام همراه هدفون، هندزفری و هدستکابل شارژ - کابل جک ۳.۵ میلی متری صدا - دفترچه راهنما نوع گوشیدو گوشی وزن۱۸۰ گرمظرفیت باتری۳۰۰ میلی‌آمپر‌ساعتنوع کابلUSB Type-C نوع اتصالبا سیم بی‌سیم دوگانه (بی‌سیم و با سیم) رابط‌هابلوتوث جک ۳.۵ میلی‌متری صدا شیار کارت حافظه مناسب برایکاربری عمومی","هدفون، هدست و هندزفری","متفرقه","هدفون، هدست و هندزفری متفرقه"
"1771406236-380","https://www.digikala.com/search/category-headphone/","هندزفری بلوتوثی ایرپاد پرو 2 مدل generation ANC","۹۵۰,۰۰۰","۳.۴","","","ارسال فروشنده","","","","هندزفری بلوتوثی ایرپاد پرو 2 مدل generation ANCارسال فروشنده
۳.۴۹۵۰,۰۰۰","https://www.digikala.com/product/dkp-16797963/%D9%87%D9%86%D8%AF%D8%B2%D9%81%D8%B1%DB%8C-%D8%A8%D9%84%D9%88%D8%AA%D9%88%D8%AB%DB%8C-%D8%A7%DB%8C%D8%B1%D9%BE%D8%A7%D8%AF-%D9%BE%D8%B1%D9%88-2-%D9%85%D8%AF%D9%84-generation-anc/","۳.۴","بازرگانی نوین ترابر","عالی","این مدل بالاترین کیفیت ممکن از airpods pro 2 می باشد.تمام حسگرها و امکانات نسخه اورجینال را دارد ( gps find my موقعیت یاب ایرپاد+ANC نویز کنسلینگ+حالت آهنربایی ایرپادها+حالت سمعک و شنیدن صدای محیط+شارژ وایرلس یا همان بیسیم+افزایش یا کاهش صدا با لمس کردن و دیگر امکانات لمسی+سنسور تشخیص سطح پوست) سریال های این محصول رجیستر شده خود اپل و قابل استعلام در سایت اپل می باشد(اسمبل USA آمریکا) در نسخه های مشابه کیفیت پایین تر می باشد و وزن آنها نیز از نسخه اصلی سبک تر است به گونه ای ک ...","https://dkstatics-public.digikala.com/digikala-products/d0e032dcd2a1959a89309374ec40c5b1d3194f0a_1745827635.jpg?x-oss-process=image/resize,m_lfit,h_800,w_800/quality,q_90
https://dkstatics-public.digikala.com/digikala-products/cad266b92d4510c5903ddfd0684c8c42bd5461b8_1729090726.jpg?x-oss-process=image/resize,m_lfit,h_800,w_800/quality,q_90
https://dkstatics-public.digikala.com/digikala-products/e7d3f2b14179bda8aede1d74c8f90231a35409d8_1728976185.jpg?x-oss-process=image/resize,m_lfit,h_800,w_800/quality,q_90","","۱۲۴۹ دیدگاه","۴۷۰,۰۰۰","هندزفری بلوتوثی ایرپاد پرو 2 مدل generation ANC","قابلیت نویز کنسلینگنویز کنسلینگ فعال (ANC)، نویز کنسلینگ میکروفون (ENC)نویز کنسلینگ فعال (ANC)، نویز کنسلینگ میکروفون (ENC)نوع گوشیدو گوشیدو گوشینوع اتصالبی‌سیمبی‌سیمرابط‌هابلوتوثبلوتوث","مشخصاتنوع هدفون، هدست و هندزفریرو گوشی (On/Over Ear) سایر توضیحات اقلام همراه هدفون، هندزفری و هدستچهار عدد سرگوشی (سایزهای بسیار کوچک، کوچک، متوسط و بزرگ) / دفترچه راهنما / کابل USB-C قابلیت نویز کنسلینگنویز کنسلینگ فعال (ANC) نویز کنسلینگ میکروفون (ENC) نوع گوشیدو گوشی نوع اتصالبی‌سیم رابط‌هابلوتوث مناسب برایکاربری عمومی","هدفون، هدست و هندزفری","متفرقه","هدفون، هدست و هندزفری متفرقه"
"1771406238-381","https://www.digikala.com/search/category-headphone/","هدفون بلوتوثی مدل m25","۷۹۰,۰۰۰","۳.۴","","","تنها ۱ عدد در انبار باقی مانده","","","","هدفون بلوتوثی مدل m25تنها ۱ عدد در انبار باقی مانده
۳.۴۷۹۰,۰۰۰","https://www.digikala.com/product/dkp-12310290/%D9%87%D8%AF%D9%81%D9%88%D9%86-%D8%A8%D9%84%D9%88%D8%AA%D9%88%D8%AB%DB%8C-%D9%85%D8%AF%D9%84-m25/","۳.۴","ورلد شاپ","عالی","هدست گیمینگ M25، یک محصول برتر در دسته‌ی هدست‌های گیمینگ است که عرضه می‌شود. این هدست با طراحی مدرن و کاربردی، تجربه‌ی بازی های شما را به سطح بالاتری می‌برد.

با استفاده از هدست گیمینگ M25، صدای استثنایی و فراگیری را در خلال بازی‌هایتان تجربه خواهید کرد.

با در نظر گرفتن پیشرفت‌های صوتی و تکنولوژی هدفون، صداهای جزئی و ریزِ بازی‌ها را به خوبی به شما منتقل می‌کند. همچنین، با قابلیت جلوگیری از نویزهای مزاحم خارجی، تمرکز شما را در بازی افزایش می‌دهد.

هدست گیمینگ M25 دارای  ...","https://dkstatics-public.digikala.com/digikala-products/d0213a74bf84c130323203209e02a3b704b9d86d_1691508911.jpg?x-oss-process=image/resize,m_lfit,h_800,w_800/quality,q_90
https://dkstatics-public.digikala.com/digikala-products/d0213a74bf84c130323203209e02a3b704b9d86d_1691508917.jpg?x-oss-process=image/resize,m_lfit,h_800,w_800/quality,q_90
https://dkstatics-public.digikala.com/digikala-products/8fefcea98f3a0375495cce9810a226c1e88b72f5_1691509130.jpg?x-oss-process=image/resize,m_lfit,h_800,w_800/quality,q_90
https://dkstatics-public.digikala.com/digikala-products/d0213a74bf84c130323203209e02a3b704b9d86d_1691508911.jpg?x-oss-process=image/resize,m_lfit,h_800,w_800/quality,q_90","","۱۱۶ دیدگاه","۷۵۶,۰۰۰","هدفون بلوتوثی مدل m25","قابلیت نویز کنسلینگفاقد قابلیت نویز کنسلینگفاقد قابلیت نویز کنسلینگنوع گوشیدو گوشیدو گوشینوع اتصالبی‌سیمبی‌سیمرابط‌هاUSB Type-CUSB Type-C","مشخصاتنوع هدفون، هدست و هندزفریTWS (True Wireless Stereo) سایر توضیحات اقلام همراه هدفون، هندزفری و هدست۲ جفت سری اضافی با سایز متفاوت /
کابل شارژ تایپ سی پاسخ فرکانسی۲۰۰۰۰ هرتزقابلیت نویز کنسلینگفاقد قابلیت نویز کنسلینگ قطر درایور۸ میلی‌مترمحدوده عملکردتا ۱۵ مترنوع گوشیدو گوشی عمر باتری هدفون در حالت مکالمهتا ۴ ساعتعمر باتری هدفون در حالت استندبایتا ۲ عمر باتری هدفون در حالت پخش موسیقیتا ۴ ساعتنسخه بلوتوث۵.۲ سایر مشخصاتلامپ RGB / 
نمایشگر LED شارژ محفظه شارژ و گوشی ها /
ظاهر اسپرت و چراغRGB /
مناسب برای بازی جنس بدنهپلی کربنات ظرفیت باتری۸۵۰ میلی‌آمپر‌ساعتنوع کابلUSB Type-C نوع اتصالبی‌سیم رابط‌هاUSB Type-C مناسب برایکاربری عمومی","هدفون، هدست و هندزفری","متفرقه","هدفون، هدست و هندزفری متفرقه"
"1771406240-382","https://www.digikala.com/search/category-headphone/","هدفون بی سیم مدل P9","۳۶۰,۰۰۰","۳.۸","","","&nbsp;","","","","هدفون بی سیم مدل P9&nbsp;
۳.۸۳۶۰,۰۰۰","https://www.digikala.com/product/dkp-5357021/%D9%87%D8%AF%D9%81%D9%88%D9%86-%D8%A8%DB%8C-%D8%B3%DB%8C%D9%85-%D9%85%D8%AF%D9%84-p9/","۳.۸","ریوارو سنتر","خیلی خوب","هدفون بلوتوثی","https://dkstatics-public.digikala.com/digikala-products/fd3af48a452525a1ac26849f8f2a61a03dc76899_1745760226.jpg?x-oss-process=image/resize,m_lfit,h_800,w_800/quality,q_90
https://dkstatics-public.digikala.com/digikala-products/fd3af48a452525a1ac26849f8f2a61a03dc76899_1745760226.jpg?x-oss-process=image/resize,m_lfit,h_800,w_800/quality,q_90
https://dkstatics-public.digikala.com/digikala-products/d3a03b50be01e9d79960b09be60ba630e22fb8d7_1622553937.jpg?x-oss-process=image/resize,m_lfit,h_800,w_800/quality,q_90
https://dkstatics-public.digikala.com/digikala-products/83f769414edcd71ded32f9de936593d8eb11d03d_1622553944.jpg?x-oss-process=image/resize,m_lfit,h_800,w_800/quality,q_90
https://dkstatics-public.digikala.com/digikala-products/fd3af48a452525a1ac26849f8f2a61a03dc76899_1745760226.jpg?x-oss-process=image/resize,m_lfit,h_800,w_800/quality,q_90","","۵۱۱ دیدگاه","۳۹۰,۰۰۰","هدفون بی سیم مدل P9","نوع گوشیدو گوشیدو گوشینوع اتصالبا سیم، بلوتوثبا سیم، بلوتوثرابط‌هاجک 3.5 میلی‌متری خروجی صدا، USBجک 3.5 میلی‌متری خروجی صدا، USB","مشخصاتسایر توضیحات اقلام همراه هدفون، هندزفری و هدستکابل شارژ پاسخ فرکانسی۲.۴۸ تا ۲۴۰۰۰ هرتزنوع گوشیدو گوشی نوع کابلUSB نوع اتصالبا سیم بلوتوث رابط‌هاجک ۳.۵ میلی‌متری خروجی صدا USB امپدانس۳۲ اهممناسب برایورزش حساسیت۱۱۴","هدفون، هدست و هندزفری","متفرقه","هدفون، هدست و هندزفری متفرقه"
"1771406242-383","https://www.digikala.com/search/category-headphone/","هدفون بلوتوثی مدل M10 newest","۹۰۰,۰۰۰","۳.۵","","","تنها ۲ عدد در انبار باقی مانده","","","","هدفون بلوتوثی مدل M10 newestتنها ۲ عدد در انبار باقی مانده
۳.۵۹۰۰,۰۰۰","https://www.digikala.com/product/dkp-8164895/%D9%87%D8%AF%D9%81%D9%88%D9%86-%D8%A8%D9%84%D9%88%D8%AA%D9%88%D8%AB%DB%8C-%D9%85%D8%AF%D9%84-m10-newest/","۳.۵","زاگرس تکنولوژی","عالی","هندزفری های بولوتوث","https://dkstatics-public.digikala.com/digikala-products/c22fd33b2e418b1ae3214f0041e86a6582397d14_1745760236.jpg?x-oss-process=image/resize,m_lfit,h_800,w_800/quality,q_90
https://dkstatics-public.digikala.com/digikala-products/5bc768508f2b3e054dfa2edfd278325b8cedaa69_1648548067.jpg?x-oss-process=image/resize,m_lfit,h_800,w_800/quality,q_90
https://dkstatics-public.digikala.com/digikala-products/205364120ec0260b63b9120db56fad7641513fea_1648548045.jpg?x-oss-process=image/resize,m_lfit,h_800,w_800/quality,q_90
https://dkstatics-public.digikala.com/digikala-products/c22fd33b2e418b1ae3214f0041e86a6582397d14_1745760236.jpg?x-oss-process=image/resize,m_lfit,h_800,w_800/quality,q_90","","۱۸۸۰ دیدگاه","۹۹۰,۰۰۰","هدفون بلوتوثی مدل M10 newest","قابلیت نویز کنسلینگفاقد قابلیت نویز کنسلینگفاقد قابلیت نویز کنسلینگنوع گوشیدو گوشیدو گوشینوع اتصالبی‌سیمبی‌سیمرابط‌هابلوتوثبلوتوث","مشخصاتنوع هدفون، هدست و هندزفریTWS (True Wireless Stereo) سایر توضیحات اقلام همراه هدفون، هندزفری و هدستدفترچه راهنما قابلیت نویز کنسلینگفاقد قابلیت نویز کنسلینگ محدوده عملکردتا ۱۰ متر مترنوع گوشیدو گوشی عمر باتری هدفون در حالت مکالمهتا ۴ ساعتعمر باتری هدفون در حالت پخش موسیقیتا ۴ ساعتزمان مورد نیاز برای شارژ محفظهتا ۲ ساعتنسخه بلوتوث۵ سایر مشخصاتمجهز به دکمه لمسی /
امکان استفاده به صورت پاوربانک جنس بدنهپلاستیک نوع کابلUSB Type-C نوع اتصالبی‌سیم رابط‌هابلوتوث مناسب برایکاربری عمومی","هدفون، هدست و هندزفری","متفرقه","هدفون، هدست و هندزفری متفرقه"
"1771406245-384","https://www.digikala.com/search/category-headphone/","هدفون بلوتوثی فلوکسوس مدل AMX","۶۹۹,۰۰۰","۳.۷","۱,۰۰۰,۰۰۰","۳۰٪","ارسال سریع دیجی‌کالا","","","","هدفون بلوتوثی فلوکسوس مدل AMXارسال سریع دیجی‌کالا
۳.۷۳۰٪۶۹۹,۰۰۰۱,۰۰۰,۰۰۰","https://www.digikala.com/product/dkp-21134183/%D9%87%D8%AF%D9%81%D9%88%D9%86-%D8%A8%D9%84%D9%88%D8%AA%D9%88%D8%AB%DB%8C-%D9%81%D9%84%D9%88%DA%A9%D8%B3%D9%88%D8%B3-%D9%85%D8%AF%D9%84-amx/","۳.۷","هادال شاپ","عالی","","https://dkstatics-public.digikala.com/digikala-products/bee93331e5c7a88b4f35e40ce8a2947d491d587f_1766338707.jpg?x-oss-process=image/resize,m_lfit,h_800,w_800/quality,q_90
https://dkstatics-public.digikala.com/digikala-products/6607a934ff41fa6bdf3535e51a8ffd908263d601_1766338728.jpg?x-oss-process=image/resize,m_lfit,h_800,w_800/quality,q_90
https://dkstatics-public.digikala.com/digikala-products/52eb7c93b0ef6c7eb71c526547f3ccbc19667a61_1766338745.jpg?x-oss-process=image/resize,m_lfit,h_800,w_800/quality,q_90
https://dkstatics-public.digikala.com/digikala-products/bee93331e5c7a88b4f35e40ce8a2947d491d587f_1766338707.jpg?x-oss-process=image/resize,m_lfit,h_800,w_800/quality,q_90","","۱۶ دیدگاه","۱,۰۰۰,۰۰۰","هدفون بلوتوثی فلوکسوس مدل AMX","قابلیت نویز کنسلینگفاقد قابلیت نویز کنسلینگفاقد قابلیت نویز کنسلینگنوع گوشیدو گوشیدو گوشینوع اتصالبی‌سیمبی‌سیمرابط‌هاUSB Type-CUSB Type-Cقابلیت‌های مقاومتیمقاوم در برابر رطوبت و عرقمقاوم در برابر رطوبت و عرق","مشخصاتنوع هدفون، هدست و هندزفریتو گوشی (Earbud/Earphone) سایر توضیحات اقلام همراه هدفون، هندزفری و هدستدفترچه راهنما - کابل تایپ c اقلام همراه هدفون، هندزفری و هدستکابل شارژ قابلیت نویز کنسلینگفاقد قابلیت نویز کنسلینگ نوع آهن‌ربامغناطیسی ویژگی‌های خاصنمایشگر روی محفظه شارژ نشانگر LED محدوده عملکرد۲۰ مترنوع گوشیدو گوشی ظرفیت باتری محفظه شارژ۵۰۰ میلی‌آمپر‌ساعتقابلیت‌های شارژشارژ باسیم درگاه شارژUSB Type-C مشخصات باتری۴۰/۵۰۰mah وزن۵۶ گرمنسخه بلوتوث۵.۳ ظرفیت باتری۵۰۰ میلی‌آمپر‌ساعتنوع کابلUSB Type-C نوع اتصالبی‌سیم رابط‌هاUSB Type-C مناسب برایکاربری عمومی قابلیت‌های مقاومتیمقاوم در برابر رطوبت و عرق","هدفون، هدست و هندزفری","متفرقه","هدفون، هدست و هندزفری متفرقه"
"1771406248-385","https://www.digikala.com/search/category-headphone/","هدفون بلوتوثی انکر مدل K20i","۱,۶۵۰,۰۰۰","۴.۱","","","ارسال سریع دیجی‌کالا","","","","هدفون بلوتوثی انکر مدل K20iارسال سریع دیجی‌کالا
۴.۱۱,۶۵۰,۰۰۰","https://www.digikala.com/product/dkp-16994906/%D9%87%D8%AF%D9%81%D9%88%D9%86-%D8%A8%D9%84%D9%88%D8%AA%D9%88%D8%AB%DB%8C-%D8%A7%D9%86%DA%A9%D8%B1-%D9%85%D8%AF%D9%84-k20i/","۴.۱","دیجی‌کالا","عالی","","https://dkstatics-public.digikala.com/digikala-products/751e35d7607971604b4022f1b5ba9cb16864eb47_1745827636.jpg?x-oss-process=image/resize,m_lfit,h_800,w_800/quality,q_90
https://dkstatics-public.digikala.com/digikala-products/751e35d7607971604b4022f1b5ba9cb16864eb47_1745827636.jpg?x-oss-process=image/resize,m_lfit,h_800,w_800/quality,q_90
https://dkstatics-public.digikala.com/digikala-products/d034271c4f1ee86a4402c6989f533eb759414c32_1728722854.jpg?x-oss-process=image/resize,m_lfit,h_800,w_800/quality,q_90
https://dkstatics-public.digikala.com/digikala-products/b5993d50931856bd85bda1024d8943a8f53bd0c0_1739967477.jpg?x-oss-process=image/resize,m_lfit,h_800,w_800/quality,q_90
https://dkstatics-public.digikala.com/digikala-products/751e35d7607971604b4022f1b5ba9cb16864eb47_1745827636.jpg?x-oss-process=image/resize,m_lfit,h_800,w_800/quality,q_90","","۱۴۱۷ دیدگاه","۱,۹۴۷,۵۰۰","هدفون بلوتوثی انکر مدل K20i","قابلیت نویز کنسلینگنویز کنسلینگ میکروفون (ENC)نویز کنسلینگ میکروفون (ENC)نوع گوشیدو گوشیدو گوشینوع اتصالبی‌سیمبی‌سیمرابط‌هابلوتوثبلوتوثقابلیت‌های مقاومتیمقاوم در برابر رطوبت و عرقمقاوم در برابر رطوبت و عرق","مشخصاتنوع هدفون، هدست و هندزفریتو گوشی (Earbud/Earphone) سایر توضیحات اقلام همراه هدفون، هندزفری و هدستدفترچه راهنما اقلام همراه هدفون، هندزفری و هدستبدون اقلام همراه منبع انرژیباتری قابل شارژ پاسخ فرکانسی۲۰-۲۰۰۰۰ هرتزقابلیت نویز کنسلینگنویز کنسلینگ میکروفون (ENC) مشخصات میکروفونمیکروفون دوگانه (در مجموع ۲ میکروفون در هر ایرباد) با قابلیت حذف نویز ENC و هوش مصنوعی قابلیت اتصال به چند دستگاهندارد قطر درایور۱۳ میلی‌مترویژگی‌های خاصنشانگر LED پشتیبانی از فرمان لمسی محدوده عملکرد۱۰ مترنوع آکوستیکبسته نوع گوشیدو گوشی عمر باتری هدفون در حالت مکالمه۱۰ ساعتعمر باتری هدفون در حالت پخش موسیقی۹ ساعتظرفیت باتری محفظه شارژ۷۰۰ میلی‌آمپر‌ساعتعمر باتری محفظه شارژ۳۰ ساعتزمان موردنیاز برای شارژ هدفون۱ ساعتزمان مورد نیاز برای شارژ محفظه۲ ساعتقابلیت‌های شارژشارژ باسیم درگاه شارژUSB مشخصات باتریلیتیوم یونی وزن۳.۳ گرمنسخه بلوتوث۵.۳ سایر مشخصاتپشتیبانی از شارژ سریع (۱۰ دقیقه شارژ برای ۲ ساعت پخش) /
دارای ۲۲ تنظیمات EQ /
دارای حالت Gaming Edge /
فناوری BassUp برای ایجاد بیسی عمیق تر و قدرتمندتر،
پشتیبانی از کدک‌های AAC و SBC ظرفیت باتری۴۳ میلی‌آمپر‌ساعتنوع کابلUSB Type-C نوع اتصالبی‌سیم رابط‌هابلوتوث امپدانس۱۶ اهممناسب برایکاربری عمومی قابلیت‌های مقاومتیمقاوم در برابر رطوبت و عرق","هدفون، هدست و هندزفری","انکر","هدفون، هدست و هندزفری انکر"
"1771406250-386","https://www.digikala.com/search/category-headphone/","هدفون بی سیم نیا مدل Q8-851S","۹۲۰,۰۰۰","۳.۸","","","تنها ۲ عدد در انبار باقی مانده","","https://dkstatics-public.digikala.com/digikala-products/832a725ecdeb78f5f5a5865d394bde8fc0dbaa49_1621331881.jpg?x-oss-process=image/resize,m_lfit,h_300,w_300/quality,q_80","","هدفون بی سیم نیا مدل Q8-851Sتنها ۲ عدد در انبار باقی مانده
۳.۸۹۲۰,۰۰۰","https://www.digikala.com/product/dkp-5203891/%D9%87%D8%AF%D9%81%D9%88%D9%86-%D8%A8%DB%8C-%D8%B3%DB%8C%D9%85-%D9%86%DB%8C%D8%A7-%D9%85%D8%AF%D9%84-q8-851s/","۳.۸","لوازم دکوری آنیل","خیلی خوب","دنیا بدون صدا اصلا جای جذابی برای زندگی نیست. صداها بخش بزرگی از زندگی و خاطرات ما را تشکیل می‌دهند. به لطف فناوری و توانایی انتقال صدا، این مفهوم اهمیت بسیار بالایی در زندگی انسان امروز پیدا کرده است. از تلفن‌های ساده‌ی قدیمی تا پیشرفته‌ترین موبایل‌های امروزی همه در یک ویژگی مشترک‌اند. اما کیفیت و نحوه‌ی انتقال صداست که وجه تمایز ابزارهای قدیمی و جدید می‌شود. حتما شما هم عقیده دارید که شنیدن یکی از موهبت‌های دوست‌داشتنی است که در اختیار انسان قرار داده شده. انسان مدرن سعی کر ...","https://dkstatics-public.digikala.com/digikala-products/832a725ecdeb78f5f5a5865d394bde8fc0dbaa49_1621331881.jpg?x-oss-process=image/resize,m_lfit,h_800,w_800/quality,q_90
https://dkstatics-public.digikala.com/digikala-products/832a725ecdeb78f5f5a5865d394bde8fc0dbaa49_1621331881.jpg?x-oss-process=image/resize,m_lfit,h_800,w_800/quality,q_90
https://dkstatics-public.digikala.com/digikala-products/0507d7805915318289e6832d6807e810ec7859ab_1621331872.jpg?x-oss-process=image/resize,m_lfit,h_800,w_800/quality,q_90
https://dkstatics-public.digikala.com/digikala-products/3826c144f10ec9c2231116102b13786000037744_1621331878.jpg?x-oss-process=image/resize,m_lfit,h_800,w_800/quality,q_90
https://dkstatics-public.digikala.com/digikala-products/832a725ecdeb78f5f5a5865d394bde8fc0dbaa49_1621331881.jpg?x-oss-process=image/resize,m_lfit,h_800,w_800/quality,q_90","","۴۶۳ دیدگاه","۹۱۰,۰۰۰","هدفون بی سیم نیا مدل Q8-851S","قابلیت نویز کنسلینگفاقد قابلیت نویز کنسلینگفاقد قابلیت نویز کنسلینگنوع گوشیدو گوشیدو گوشینوع اتصالبی‌سیمبی‌سیمرابط‌هاجک 3.5 میلی‌متری صدا، شیار کارت حافظهجک 3.5 میلی‌متری صدا، شیار کارت حافظهقابلیت‌های مقاومتیمقاوم در برابر رطوبت و عرقمقاوم در برابر رطوبت و عرق","مشخصاتنوع هدفون، هدست و هندزفریرو گوشی (On/Over Ear) سایر توضیحات اقلام همراه هدفون، هندزفری و هدستکابل MicroUSB
 پاسخ فرکانسی۲۰-۲۰ هرتزقابلیت نویز کنسلینگفاقد قابلیت نویز کنسلینگ قطر درایور۴۰ میلی‌مترنوع آهن‌ربانئودیمیومی نوع گوشیدو گوشی نسخه بلوتوث۲.۱ نوع اتصالبی‌سیم رابط‌هاجک ۳.۵ میلی‌متری صدا شیار کارت حافظه امپدانس۳۲ اهممناسب برایورزش قابلیت‌های مقاومتیمقاوم در برابر رطوبت و عرق حساسیت۱۰۸","هدفون، هدست و هندزفری","نیا","هدفون، هدست و هندزفری نیا"
"1771406252-387","https://www.digikala.com/search/category-headphone/","هندزفری باوفنگ مدل بادیگاردی","۲۶۰,۰۰۰","۳.۹","","","تنها ۱ عدد در انبار باقی مانده","","https://dkstatics-public.digikala.com/digikala-products/2072af540d35eff2e343b7f5db5bf41a10e3b4a8_1675327687.jpg?x-oss-process=image/resize,m_lfit,h_300,w_300/quality,q_80","","هندزفری باوفنگ مدل بادیگاردیتنها ۱ عدد در انبار باقی مانده
۳.۹۲۶۰,۰۰۰","https://www.digikala.com/product/dkp-10570478/%D9%87%D9%86%D8%AF%D8%B2%D9%81%D8%B1%DB%8C-%D8%A8%D8%A7%D9%88%D9%81%D9%86%DA%AF-%D9%85%D8%AF%D9%84-%D8%A8%D8%A7%D8%AF%DB%8C%DA%AF%D8%A7%D8%B1%D8%AF%DB%8C/","۳.۹","کاراگاه گجت اصفهانی","خیلی ضعیف","هندزفری حلزونی به صورت دو فیش میباشد که قابلیت استفاده در کلیه بیسیم های با جک هندزفری دو فیش را دارا میباشد .

لازم بذکر است کلیه بیسیم های واکی تاکی طنین Tanin GP-23 , GP-89 ، کاوش KAVOSH T816 ، تی بی TB LPD 320 , 328 ، صبا SABA SF-K1 , موتوکام MOTOCOM MC444 , MC555 , MC666 دارای جک سوکت هندزفری دو فیش میباشند.
همچنین قابلیت اتصال به بیسیم های واکی تاکی با جک هندزفری دو فیش موتورولا Motorola ، کنوود Kemnwood و باوفنگ Baofeng میباشد.","https://dkstatics-public.digikala.com/digikala-products/2072af540d35eff2e343b7f5db5bf41a10e3b4a8_1675327687.jpg?x-oss-process=image/resize,m_lfit,h_800,w_800/quality,q_90
https://dkstatics-public.digikala.com/digikala-products/f6f8075d186b204a7875d0e203d810f5a4a1518b_1675251661.jpg?x-oss-process=image/resize,m_lfit,h_800,w_800/quality,q_90
https://dkstatics-public.digikala.com/digikala-products/a24ccbe98fba3924703b0d1bb0b67fc586470c91_1675156376.jpg?x-oss-process=image/resize,m_lfit,h_800,w_800/quality,q_90
https://dkstatics-public.digikala.com/digikala-products/2072af540d35eff2e343b7f5db5bf41a10e3b4a8_1675327687.jpg?x-oss-process=image/resize,m_lfit,h_800,w_800/quality,q_90","","۲۸ دیدگاه","۲۶۰,۰۰۰","هندزفری باوفنگ مدل بادیگاردی","نوع گوشیتک گوشیتک گوشینوع اتصالبا سیمبا سیمرابط‌هاجک 3.5 میلی‌متری خروجی صدا، جک 3.5 میلی‌متری ورودی صداجک 3.5 میلی‌متری خروجی صدا، جک 3.5 میلی‌متری ورودی صدا","مشخصاتسایر توضیحات اقلام همراه هدفون، هندزفری و هدست۱ عدد هندزفری نوع گوشیتک گوشی سایر مشخصاتهندزفری بیسیم ۲PTT (دوال باند)
صدای واضح و شفاف
هندزفری بیسیم ۲PTT (دوال باند) مناسب برای انواع بیسیم های تک و دوال باند
قابل استفاده جهت کلیه نگهبانان ، حراست ها ، تکنسین های برق و آفرودرهای و…
بسیار عملیاتی و با کیفیت ساخت بسیار بالا
مخصوص بیسیم های باوفنگ و کلیه بیسیم های دو فیش
بسیار با کیفیت
قابل استفاده در بیسیم های :
باوفنگ ۷۷۷
باوفنگ ۸۸۸
بافنگ UV۵R
باوفنگ UV۸۲
باوفنگ UV۸۲-GM
باوفنگ
UV۹R-PLUS
قابل استفاده در بیسیم های موتورولا MT  نوع اتصالبا سیم رابط‌هاجک ۳.۵ میلی‌متری خروجی صدا جک ۳.۵ میلی‌متری ورودی صدا مناسب برایسازمان‌های بزرگ","هدفون، هدست و هندزفری","متفرقه","هدفون، هدست و هندزفری متفرقه"
"1771406255-388","https://www.digikala.com/search/category-headphone/","هدفون بلوتوثی شیائومی مدل Redmi Buds 6 Play","۱,۵۷۹,۰۰۰","۴.۴","","","ارسال سریع دیجی‌کالا","","https://dkstatics-public.digikala.com/digikala-products/c42de26bce7964367d48b1c31d13e5fa1e7fd921_1745827640.jpg?x-oss-process=image/resize,m_lfit,h_300,w_300/quality,q_80","","هدفون بلوتوثی شیائومی مدل Redmi Buds 6 Playارسال سریع دیجی‌کالا
۴.۴۱,۵۷۹,۰۰۰","https://www.digikala.com/product/dkp-17361639/%D9%87%D8%AF%D9%81%D9%88%D9%86-%D8%A8%D9%84%D9%88%D8%AA%D9%88%D8%AB%DB%8C-%D8%B4%DB%8C%D8%A7%D8%A6%D9%88%D9%85%DB%8C-%D9%85%D8%AF%D9%84-redmi-buds-6-play/","۴.۴","دیجی‌کالا","عالی","بهترین های شیائومی","https://dkstatics-public.digikala.com/digikala-products/c42de26bce7964367d48b1c31d13e5fa1e7fd921_1745827640.jpg?x-oss-process=image/resize,m_lfit,h_800,w_800/quality,q_90
https://dkstatics-public.digikala.com/digikala-products/c42de26bce7964367d48b1c31d13e5fa1e7fd921_1745827640.jpg?x-oss-process=image/resize,m_lfit,h_800,w_800/quality,q_90
https://dkstatics-public.digikala.com/digikala-products/7dd9861e3ac41eff711f596dc46b88c62ca6fce8_1739967477.jpg?x-oss-process=image/resize,m_lfit,h_800,w_800/quality,q_90
https://dkstatics-public.digikala.com/digikala-products/8cb49cf289a442498ffb6fb9f454e13a6eef65b2_1731410715.jpg?x-oss-process=image/resize,m_lfit,h_800,w_800/quality,q_90
https://dkstatics-public.digikala.com/digikala-products/c42de26bce7964367d48b1c31d13e5fa1e7fd921_1745827640.jpg?x-oss-process=image/resize,m_lfit,h_800,w_800/quality,q_90","","۱۱۴۱ دیدگاه","۲,۱۱۵,۸۰۰","هدفون بلوتوثی شیائومی مدل Redmi Buds 6 Play","قابلیت نویز کنسلینگفاقد قابلیت نویز کنسلینگفاقد قابلیت نویز کنسلینگنوع گوشیدو گوشیدو گوشینوع اتصالبی‌سیمبی‌سیمرابط‌هابلوتوثبلوتوث","مشخصاتنوع هدفون، هدست و هندزفریتو گوشی (Earbud/Earphone) ابعاد۵۳.۹x۵۳.۹x۲۷.۴ میلی‌مترسایر توضیحات اقلام همراه هدفون، هندزفری و هدستگوش‌گیر در سایزهای مختلف /
دفترچه راهنما اقلام همراه هدفون، هندزفری و هدستبدون اقلام همراه پاسخ فرکانسی۲۰ - ۲۰۰۰۰ هرتزقابلیت نویز کنسلینگفاقد قابلیت نویز کنسلینگ محدوده عملکردتا ۱۰ متر مترنوع گوشیدو گوشی عمر باتریتا ۳۶ ساعت قابلیت‌های شارژشارژ باسیم درگاه شارژUSB Type-C وزن۴۰ گرمنسخه بلوتوث۵.۴ سایر مشخصاتوزن هر هدفون ۳.۶ گرم /
ظرفیت باتری هدفون‌ها ۵۷ میلی آمپر ساعت ظرفیت باتری۶۰۰ میلی‌آمپر‌ساعتنوع اتصالبی‌سیم رابط‌هابلوتوث امپدانس۱۶ اهممناسب برایکاربری عمومی","هدفون، هدست و هندزفری","شیائومی","هدفون، هدست و هندزفری شیائومی"
"1771406257-389","https://www.digikala.com/search/category-headphone/","هدفون بلوتوثی سامسونگ مدل Galaxy Buds Core","۴,۵۴۰,۰۰۰","۴.۴","","","ارسال سریع دیجی‌کالا","","https://dkstatics-public.digikala.com/digikala-products/eaa12ece658d52e2460a349bc26c400771b4f0aa_1753177474.jpg?x-oss-process=image/resize,m_lfit,h_300,w_300/quality,q_80","","هدفون بلوتوثی سامسونگ مدل Galaxy Buds Coreارسال سریع دیجی‌کالا
۴.۴۴,۵۴۰,۰۰۰","https://www.digikala.com/product/dkp-19921892/%D9%87%D8%AF%D9%81%D9%88%D9%86-%D8%A8%D9%84%D9%88%D8%AA%D9%88%D8%AB%DB%8C-%D8%B3%D8%A7%D9%85%D8%B3%D9%88%D9%86%DA%AF-%D9%85%D8%AF%D9%84-galaxy-buds-core/","۴.۴","پارس بلو","عالی","Galaxy Buds CORE","https://dkstatics-public.digikala.com/digikala-products/eaa12ece658d52e2460a349bc26c400771b4f0aa_1753177474.jpg?x-oss-process=image/resize,m_lfit,h_800,w_800/quality,q_90
https://dkstatics-public.digikala.com/digikala-products/eaa12ece658d52e2460a349bc26c400771b4f0aa_1753177474.jpg?x-oss-process=image/resize,m_lfit,h_800,w_800/quality,q_90
https://dkstatics-public.digikala.com/digikala-products/bc28b9a041bcc09de75bf4dfa64455d5d6cf0e91_1753177474.jpg?x-oss-process=image/resize,m_lfit,h_800,w_800/quality,q_90
https://dkstatics-public.digikala.com/digikala-products/8536b941a2a098bbb944ef58f07196e1577c1b60_1753177474.jpg?x-oss-process=image/resize,m_lfit,h_800,w_800/quality,q_90
https://dkstatics-public.digikala.com/digikala-products/eaa12ece658d52e2460a349bc26c400771b4f0aa_1753177474.jpg?x-oss-process=image/resize,m_lfit,h_800,w_800/quality,q_90","","۳۲۶ دیدگاه","۴,۵۴۰,۰۰۰","هدفون بلوتوثی سامسونگ مدل Galaxy Buds Core","قابلیت نویز کنسلینگنویز کنسلینگ فعال (ANC)نویز کنسلینگ فعال (ANC)نوع گوشیدو گوشیدو گوشینوع اتصالبی‌سیمبی‌سیمرابط‌هابلوتوثبلوتوثقابلیت‌های مقاومتیمقاوم در برابر رطوبت و عرقمقاوم در برابر رطوبت و عرق","مشخصاتنوع هدفون، هدست و هندزفریتو گوشی (Earbud/Earphone) ابعاد محفظه شارژ۵۰x۵۰x۲۷.۷ میلی‌متراقلام همراه هدفون، هندزفری و هدستپد گوشی یدکی منبع انرژیباتری قابل شارژ قابلیت نویز کنسلینگنویز کنسلینگ فعال (ANC) مشخصات میکروفونمجهز به ۳ میکروفون بر روی هر ایرباد ویژگی‌های خاصپشتیبانی از فرمان لمسی محدوده عملکردتا ۱۰ مترنوع گوشیدو گوشی عمر باتری هدفون در حالت پخش موسیقیتا ۳۵ (ANC خاموش) / تا ۲۰ (ANC روشن) ساعتظرفیت باتری محفظه شارژ۵۰۰ میلی‌آمپر‌ساعتقابلیت‌های شارژشارژ باسیم درگاه شارژUSB Type-C وزن۳۱.۲ (هر ایرباد ۵.۳) گرمنسخه بلوتوث۵.۴ ظرفیت باتری۶۵ میلی‌آمپر‌ساعتنوع اتصالبی‌سیم رابط‌هابلوتوث مناسب برایکاربری عمومی قابلیت‌های مقاومتیمقاوم در برابر رطوبت و عرق","هدفون، هدست و هندزفری","سامسونگ","هدفون، هدست و هندزفری سامسونگ"
"1771406259-390","https://www.digikala.com/search/category-headphone/","هدفون بلوتوثی هایلو مدل W1","۳,۷۰۰,۰۰۰","۴","۴,۰۰۰,۰۰۰","۸٪","&nbsp;","","","","هدفون بلوتوثی هایلو مدل W1&nbsp;
۴۸٪۳,۷۰۰,۰۰۰۴,۰۰۰,۰۰۰","https://www.digikala.com/product/dkp-5747810/%D9%87%D8%AF%D9%81%D9%88%D9%86-%D8%A8%D9%84%D9%88%D8%AA%D9%88%D8%AB%DB%8C-%D9%87%D8%A7%DB%8C%D9%84%D9%88-%D9%85%D8%AF%D9%84-w1/","۴","پارس اینر","","معرفی بهترین هدفون های هایلو","https://dkstatics-public.digikala.com/digikala-products/d2f58fb497aabd09d217e9894968f1da4118b2ca_1745760227.jpg?x-oss-process=image/resize,m_lfit,h_800,w_800/quality,q_90
https://dkstatics-public.digikala.com/digikala-products/d2f58fb497aabd09d217e9894968f1da4118b2ca_1745760227.jpg?x-oss-process=image/resize,m_lfit,h_800,w_800/quality,q_90
https://dkstatics-public.digikala.com/digikala-products/c35563d58369de25d9d7323adf434a96a80fc75b_1694944888.jpg?x-oss-process=image/resize,m_lfit,h_800,w_800/quality,q_90
https://dkstatics-public.digikala.com/digikala-products/793f7662a467945fc4a2c2e12044e0c4d8c598b7_1645449233.jpg?x-oss-process=image/resize,m_lfit,h_800,w_800/quality,q_90
https://dkstatics-public.digikala.com/digikala-products/d2f58fb497aabd09d217e9894968f1da4118b2ca_1745760227.jpg?x-oss-process=image/resize,m_lfit,h_800,w_800/quality,q_90","","۵۹۸۳ دیدگاه","۳,۷۲۰,۰۰۰","هدفون بلوتوثی هایلو مدل W1","قابلیت نویز کنسلینگنویز کنسلینگ میکروفون (ENC)نویز کنسلینگ میکروفون (ENC)نوع گوشیدو گوشیدو گوشینوع اتصالبی‌سیمبی‌سیمرابط‌هابلوتوثبلوتوثقابلیت‌های مقاومتیمقاوم در برابر رطوبت و عرقمقاوم در برابر رطوبت و عرق","مشخصاتنوع هدفون، هدست و هندزفریTWS (True Wireless Stereo) سایر توضیحات اقلام همراه هدفون، هندزفری و هدستسری اضافه / دفترچه راهنما / کابل شارژر  قابلیت نویز کنسلینگنویز کنسلینگ میکروفون (ENC) محدوده عملکرد۱۰ متر مترنوع گوشیدو گوشی عمر باتری هدفون در حالت مکالمهتا ۶ ساعتعمر باتری هدفون در حالت پخش موسیقیتا ۶ ساعتعمر باتری محفظه شارژتا ۲۰ ساعتوزن۳.۹ گرمنسخه بلوتوث۵.۲ سایر مشخصاتصدای با کیفیت HD و بدون نویز در حین مکالمه /
دارای ۴ میکروفون با قابلیت حذف نویز
 جنس بدنهپلاستیک ظرفیت باتری۳۱۰+۳۲ میلی‌آمپر‌ساعتنوع کابلUSB Type-C نوع اتصالبی‌سیم رابط‌هابلوتوث مناسب برایکاربری عمومی قابلیت‌های مقاومتیمقاوم در برابر رطوبت و عرق","هدفون، هدست و هندزفری","هایلو","هدفون، هدست و هندزفری هایلو"
"1771406261-391","https://www.digikala.com/search/category-headphone/","هدفون بلوتوثی انکر مدل Soundcore P40i","۵,۳۰۰,۰۰۰","۴.۵","","","&nbsp;","","","","هدفون بلوتوثی انکر مدل Soundcore P40i&nbsp;
۴.۵۵,۳۰۰,۰۰۰","https://www.digikala.com/product/dkp-17453879/%D9%87%D8%AF%D9%81%D9%88%D9%86-%D8%A8%D9%84%D9%88%D8%AA%D9%88%D8%AB%DB%8C-%D8%A7%D9%86%DA%A9%D8%B1-%D9%85%D8%AF%D9%84-soundcore-p40i/","۴.۵","فاوا کالا","عالی","","https://dkstatics-public.digikala.com/digikala-products/7dfedc5b8ca31a27293866d6c18635eeaa156ab0_1745827640.jpg?x-oss-process=image/resize,m_lfit,h_800,w_800/quality,q_90
https://dkstatics-public.digikala.com/digikala-products/7dfedc5b8ca31a27293866d6c18635eeaa156ab0_1745827640.jpg?x-oss-process=image/resize,m_lfit,h_800,w_800/quality,q_90
https://dkstatics-public.digikala.com/digikala-products/31f0dfd147d241188ae52f5317ab683bbccf6685_1732016116.jpg?x-oss-process=image/resize,m_lfit,h_800,w_800/quality,q_90
https://dkstatics-public.digikala.com/digikala-products/a0d0a3373cdc29282ac7e763bd41319a10bf791b_1739967477.jpg?x-oss-process=image/resize,m_lfit,h_800,w_800/quality,q_90
https://dkstatics-public.digikala.com/digikala-products/7dfedc5b8ca31a27293866d6c18635eeaa156ab0_1745827640.jpg?x-oss-process=image/resize,m_lfit,h_800,w_800/quality,q_90","","۵۲۹ دیدگاه","۵,۲۰۰,۰۰۰","هدفون بلوتوثی انکر مدل Soundcore P40i","قابلیت نویز کنسلینگنویز کنسلینگ فعال (ANC)، نویز کنسلینگ میکروفون (ENC)نویز کنسلینگ فعال (ANC)، نویز کنسلینگ میکروفون (ENC)نوع گوشیدو گوشیدو گوشینوع اتصالبی‌سیمبی‌سیمرابط‌هابلوتوثبلوتوثقابلیت‌های مقاومتیمقاوم در برابر آبمقاوم در برابر آب","مشخصاتنوع هدفون، هدست و هندزفریTWS (True Wireless Stereo) سایر توضیحات اقلام همراه هدفون، هندزفری و هدستکابل شارژ /
سری اضافی در سایزهای مختلف /
دفترچه راهنما اقلام همراه هدفون، هندزفری و هدستکابل شارژ پاسخ فرکانسی۲۰ - ۲۰۰۰۰ هرتزقابلیت نویز کنسلینگنویز کنسلینگ فعال (ANC) نویز کنسلینگ میکروفون (ENC) قطر درایور۱۱ میلی‌مترمحدوده عملکردتا ۱۰ متر مترنوع آکوستیکبسته نوع گوشیدو گوشی عمر باتریتا ۶۰ ساعت عمر باتری هدفون در حالت مکالمهتا ۷ (روشن بودن نویز کنسلینگ) / تا ۶.۵ (خاموش بودن نویز کنسلینگ) ساعتعمر باتری هدفون در حالت پخش موسیقیتا ۱۲ ساعتعمر باتری محفظه شارژتا ۴۸ ساعتزمان موردنیاز برای شارژ هدفون۱ ساعتزمان مورد نیاز برای شارژ محفظهتا ۳ (شارژر دیواری) / تا ۴ (شارژر بی‌سیم) ساعتقابلیت‌های شارژشارژ باسیم درگاه شارژUSB Type-C وزن۵۴ گرمنسخه بلوتوث۵.۳ سایر مشخصاتمجهز به ANC تطبیقی برای حذف خودکار نویز /
پشتیبانی از فناوری BassUp /
مجهز به ۶ میکروفون با الگوریتم هوش مصنوعی /
امکان استفاده از محفظه شارژ به عنوان پایه نگهدارنده موبایل /
مجهز به دکمه‌های لمسی /
۱۰ دقیقه شارژ برای ۵ ساعت پخش /
ظرفیت باتری هدفون ۶۰ میلی آمپر ساعت /
پشتیبانی از شارژ بی‌سیم جنس بدنهپلاستیک ظرفیت باتری۸۰۰ میلی‌آمپر‌ساعتنوع کابلUSB Type-C نوع اتصالبی‌سیم رابط‌هابلوتوث امپدانستا ۱۴ اهممناسب برایکاربری عمومی قابلیت‌های مقاومتیمقاوم در برابر آب نسبت سیگنال به نویز۴۵ دسی‌بل","هدفون، هدست و هندزفری","انکر","هدفون، هدست و هندزفری انکر"
"1771406263-392","https://www.digikala.com/search/category-headphone/","هدفون بلوتوثی مدل K55","۸۷۲,۰۰۰","۴.۳","۹۹۰,۰۰۰","۱۲٪","ارسال سریع دیجی‌کالا","","","","هدفون بلوتوثی مدل K55ارسال سریع دیجی‌کالا
۴.۳۱۲٪۸۷۲,۰۰۰۹۹۰,۰۰۰","https://www.digikala.com/product/dkp-5013379/%D9%87%D8%AF%D9%81%D9%88%D9%86-%D8%A8%D9%84%D9%88%D8%AA%D9%88%D8%AB%DB%8C-%D9%85%D8%AF%D9%84-k55/","۴.۳","زاشادو","عالی","با هدفون بیسیم بازی هم میشه کرد؟!","https://dkstatics-public.digikala.com/digikala-products/12d76fd7a6566e4fe7d66ab869453518ddca94c9_1745760225.jpg?x-oss-process=image/resize,m_lfit,h_800,w_800/quality,q_90
https://dkstatics-public.digikala.com/digikala-products/12d76fd7a6566e4fe7d66ab869453518ddca94c9_1745760225.jpg?x-oss-process=image/resize,m_lfit,h_800,w_800/quality,q_90
https://dkstatics-public.digikala.com/digikala-products/0ebd9704b803f36a9738fd0cb9ace5adf85c1beb_1678780833.jpg?x-oss-process=image/resize,m_lfit,h_800,w_800/quality,q_90
https://dkstatics-public.digikala.com/digikala-products/f28f928398d9e32d05f4da9d76c60490e8df673d_1619792975.jpg?x-oss-process=image/resize,m_lfit,h_800,w_800/quality,q_90
https://dkstatics-public.digikala.com/digikala-products/12d76fd7a6566e4fe7d66ab869453518ddca94c9_1745760225.jpg?x-oss-process=image/resize,m_lfit,h_800,w_800/quality,q_90","","۹۴۶۹ دیدگاه","۹۹۰,۰۰۰","هدفون بلوتوثی مدل K55","نوع گوشیدو گوشیدو گوشینوع اتصالبی‌سیمبی‌سیمرابط‌هابلوتوثبلوتوثقابلیت‌های مقاومتیمقاوم در برابر رطوبت و عرقمقاوم در برابر رطوبت و عرق","مشخصاتسایر توضیحات اقلام همراه هدفون، هندزفری و هدستکابل شارژ /
۲ جفت واشر سر گوشی با سایز مختلف /
دفترچه راهنما
 محدوده عملکرد۱۰ مترنوع گوشیدو گوشی عمر باتری هدفون در حالت مکالمه۴-۶ ساعتعمر باتری هدفون در حالت استندبای۱۲۰ ساعت عمر باتری هدفون در حالت پخش موسیقی۴-۶ ساعتعمر باتری محفظه شارژ۲۰۰ ساعتزمان موردنیاز برای شارژ هدفون۱ ساعتزمان مورد نیاز برای شارژ محفظه۱.۵ ساعتوزن۱۶۰ گرمنسخه بلوتوث۵ سایر مشخصاتکنترل لمسی روی گوشی‌ها /
صدای HIFI جنس بدنهپلاستیک ظرفیت باتری۴۰۰ میلی‌آمپر‌ساعتنوع اتصالبی‌سیم رابط‌هابلوتوث مناسب برایآقایان و بانوان قابلیت‌های مقاومتیمقاوم در برابر رطوبت و عرق","هدفون، هدست و هندزفری","متفرقه","هدفون، هدست و هندزفری متفرقه"
"1771406265-393","https://www.digikala.com/search/category-headphone/","هدست مخصوص بازی آئولا مدل S608","۱,۶۰۰,۰۰۰","۴.۵","","","تنها ۲ عدد در انبار باقی مانده","","","","هدست مخصوص بازی آئولا مدل S608تنها ۲ عدد در انبار باقی مانده
۴.۵۱,۶۰۰,۰۰۰","https://www.digikala.com/product/dkp-16067483/%D9%87%D8%AF%D8%B3%D8%AA-%D9%85%D8%AE%D8%B5%D9%88%D8%B5-%D8%A8%D8%A7%D8%B2%DB%8C-%D8%A2%D8%A6%D9%88%D9%84%D8%A7-%D9%85%D8%AF%D9%84-s608/","۴.۵","فروشگاه پارسیان کالا","خیلی خوب","هدست گیمینگ AULA S608 آئولا یکی از جذاب ترین و حرفه‌ای ترین هدست‌های گیمینگ برند آئولا است. هدست S608 صدایی با قدرت بسیار مناسب به شما می‌رساند همچنین از کیفیت بالایی برخوردار است که این ویژگی‌ها باعث جذب بسیاری از گیمر‌‌ها می‌شود. با داشتن افکت RGB جذابیت این هدست دو برابر شده و شما با استفاده از این هدست نهایت لذت را می‌توانید ببرید. داشتن یک میکروفون با کیفیت خوبی که خیال شما را بابت رساندن صدای خود به شفافی به گوش دوستان خود آسوده می‌سازد 
هدست گیمینگ آئولا AULA S608 دار ...","https://dkstatics-public.digikala.com/digikala-products/79d7433961ff5826f51a05addd5938affa0a320f_1737391483.jpg?x-oss-process=image/resize,m_lfit,h_800,w_800/quality,q_90
https://dkstatics-public.digikala.com/digikala-products/97a1304f31f5191bde3bac689017eb6559ccdd38_1722857091.jpg?x-oss-process=image/resize,m_lfit,h_800,w_800/quality,q_90
https://dkstatics-public.digikala.com/digikala-products/b837e4e2f4ac9dac6483e8ab1dcd876b7f74d83c_1722857092.jpg?x-oss-process=image/resize,m_lfit,h_800,w_800/quality,q_90","","۱۷۱ دیدگاه","۱,۴۷۵,۵۰۰","هدست مخصوص بازی آئولا مدل S608","قابلیت نویز کنسلینگفاقد قابلیت نویز کنسلینگفاقد قابلیت نویز کنسلینگنوع گوشیدو گوشیدو گوشینوع اتصالبا سیمبا سیمرابط‌هاجک 3.5 میلی‌متری صداجک 3.5 میلی‌متری صدا","مشخصاتنوع هدفون، هدست و هندزفریرو گوشی (On/Over Ear) ابعاد۲۳۰x۲۰۰x۱۰۰ میلی‌مترسایر توضیحات اقلام همراه هدفون، هندزفری و هدستندارد قابلیت نویز کنسلینگفاقد قابلیت نویز کنسلینگ قطر درایور۵۰ میلی‌مترنوع گوشیدو گوشی سایر مشخصاتدارای افکت RGB نوع اتصالبا سیم رابط‌هاجک ۳.۵ میلی‌متری صدا مناسب برایگیمینگ حساسیت۳۸ دسی‌بل","هدفون، هدست و هندزفری","آئولا","هدفون، هدست و هندزفری آئولا"
"1771406268-394","https://www.digikala.com/search/category-headphone/","هدفون بلوتوثی کیو سی وای مدل T13 TWS","۱,۸۹۰,۰۰۰","۴.۴","","","ارسال سریع دیجی‌کالا","","","","هدفون بلوتوثی کیو سی وای مدل T13 TWSارسال سریع دیجی‌کالا
۴.۴۱,۸۹۰,۰۰۰","https://www.digikala.com/product/dkp-5856710/%D9%87%D8%AF%D9%81%D9%88%D9%86-%D8%A8%D9%84%D9%88%D8%AA%D9%88%D8%AB%DB%8C-%DA%A9%DB%8C%D9%88-%D8%B3%DB%8C-%D9%88%D8%A7%DB%8C-%D9%85%D8%AF%D9%84-t13-tws/","۴.۴","دیجی‌کالا","عالی","روز مادر چی بخریم؟","https://dkstatics-public.digikala.com/digikala-products/cdc54e2ce3297835ce13b6c598d970df415c05b3_1745760228.jpg?x-oss-process=image/resize,m_lfit,h_800,w_800/quality,q_90
https://dkstatics-public.digikala.com/digikala-products/cdc54e2ce3297835ce13b6c598d970df415c05b3_1745760228.jpg?x-oss-process=image/resize,m_lfit,h_800,w_800/quality,q_90
https://dkstatics-public.digikala.com/digikala-products/e06e98875ad5947e50811d75ae940a9a38aaa15f_1678627573.jpg?x-oss-process=image/resize,m_lfit,h_800,w_800/quality,q_90
https://dkstatics-public.digikala.com/digikala-products/e733439e3ff4e4d80ba18a797339d9f6e85f7242_1694513507.jpg?x-oss-process=image/resize,m_lfit,h_800,w_800/quality,q_90
https://dkstatics-public.digikala.com/digikala-products/cdc54e2ce3297835ce13b6c598d970df415c05b3_1745760228.jpg?x-oss-process=image/resize,m_lfit,h_800,w_800/quality,q_90","","۲۴۸۸۱ دیدگاه","۱,۷۵۰,۰۰۰","هدفون بلوتوثی کیو سی وای مدل T13 TWS","نوع گوشیدو گوشیدو گوشیرابط‌هابلوتوثبلوتوثقابلیت‌های مقاومتیمقاوم در برابر رطوبت و عرقمقاوم در برابر رطوبت و عرق","مشخصاتسایر توضیحات اقلام همراه هدفون، هندزفری و هدستکابل شارژر Type-C /
دفترچه راهنما /
سه گوش‌گیر در سایز‌های مختلف از جنس سیلیکون قطر درایور۷.۲ میلی‌مترمحدوده عملکرد۱۰ متر مترنوع آکوستیکبسته نوع گوشیدو گوشی عمر باتری هدفون در حالت مکالمه۵ ساعتعمر باتری هدفون در حالت استندبای۸۰ ساعت عمر باتری هدفون در حالت پخش موسیقی۸ ساعتعمر باتری محفظه شارژتا ۲۵ ساعتوزن۲۰ گرمنسخه بلوتوث۵.۱ سایر مشخصات۵ دقیقه شارژ محفظه شارژر= ۶۰ دقیقه شارژ برای پخش /
پوشش ضد آب IPX۵ و محافظت هدفون در برابر تعریق یا قطرات آب /
مناسب برای تمرین، دویدن و اسکی /
کیفیت صدای استریو و حذف نویز ENC و مناسب برای تماس‌های کنفرانس، دوره‌های آنلاین؛ چت ویدیویی، تماس صوتی و گیمینگ /
کنترل لمسی هوشمند جنس بدنهپلاستیک ظرفیت باتری۳۸۰ میلی‌آمپر‌ساعترابط‌هابلوتوث امپدانس۳۲  اهممناسب برایکاربری عمومی قابلیت‌های مقاومتیمقاوم در برابر رطوبت و عرق حساسیت۱۱۰","هدفون، هدست و هندزفری","کیو سی وای","هدفون، هدست و هندزفری کیو سی وای"
"1771406270-395","https://www.digikala.com/search/category-headphone/","هدست مخصوص بازی ریزر مدل BLACKSHARK V2 X","۶,۰۰۰,۰۰۰","۴.۶","","","تنها ۱ عدد در انبار باقی مانده","","","","هدست مخصوص بازی ریزر مدل BLACKSHARK V2 Xتنها ۱ عدد در انبار باقی مانده
۴.۶۶,۰۰۰,۰۰۰","https://www.digikala.com/product/dkp-3537683/%D9%87%D8%AF%D8%B3%D8%AA-%D9%85%D8%AE%D8%B5%D9%88%D8%B5-%D8%A8%D8%A7%D8%B2%DB%8C-%D8%B1%DB%8C%D8%B2%D8%B1-%D9%85%D8%AF%D9%84-blackshark-v2-x/","۴.۶","آوا فراز","عالی","هدست گیمینگ Razer","https://dkstatics-public.digikala.com/digikala-products/400ec53ccd5860503aa0d8cecb1542f9702bb13e_1745760223.jpg?x-oss-process=image/resize,m_lfit,h_800,w_800/quality,q_90
https://dkstatics-public.digikala.com/digikala-products/400ec53ccd5860503aa0d8cecb1542f9702bb13e_1745760223.jpg?x-oss-process=image/resize,m_lfit,h_800,w_800/quality,q_90
https://dkstatics-public.digikala.com/digikala-products/70a5f9414e60ed2dc549e74ac0e9f88b36bfa4fe_1602408321.jpg?x-oss-process=image/resize,m_lfit,h_800,w_800/quality,q_90
https://dkstatics-public.digikala.com/digikala-products/46644802309e1f1a49470d49069730a02aa2ddd9_1602408324.jpg?x-oss-process=image/resize,m_lfit,h_800,w_800/quality,q_90
https://dkstatics-public.digikala.com/digikala-products/400ec53ccd5860503aa0d8cecb1542f9702bb13e_1745760223.jpg?x-oss-process=image/resize,m_lfit,h_800,w_800/quality,q_90","","۸۵۷ دیدگاه","۵,۴۰۰,۰۰۰","هدست مخصوص بازی ریزر مدل BLACKSHARK V2 X","نوع گوشیدو گوشیدو گوشیرابط‌هاجک 3.5 میلی‌متری صداجک 3.5 میلی‌متری صدا","مشخصاتسایر توضیحات اقلام همراه هدفون، هندزفری و هدستکاور مخصوص ریزر
کابل رابط ورودی صدا و میکروفون پاسخ فرکانسی۱۲ تا ۲۸۰۰۰ هرتزقطر درایور۵۰ میلی‌مترنوع گوشیدو گوشی وزن۲۴۰ گرمرابط‌هاجک ۳.۵ میلی‌متری صدا امپدانس۳۲ اهممناسب برایگیمینگ حساسیت۱۰۰","هدفون، هدست و هندزفری","ریزر","هدفون، هدست و هندزفری ریزر"
"1771406272-396","https://www.digikala.com/search/category-headphone/","هدفون بلوتوثی جی بی ال مدل JBL Tune 720BT","۶,۲۳۹,۰۰۰","۴.۵","","","ارسال سریع دیجی‌کالا","","","","هدفون بلوتوثی جی بی ال مدل JBL Tune 720BTارسال سریع دیجی‌کالا
۴.۵۶,۲۳۹,۰۰۰","https://www.digikala.com/product/dkp-12116065/%D9%87%D8%AF%D9%81%D9%88%D9%86-%D8%A8%D9%84%D9%88%D8%AA%D9%88%D8%AB%DB%8C-%D8%AC%DB%8C-%D8%A8%DB%8C-%D8%A7%D9%84-%D9%85%D8%AF%D9%84-jbl-tune-720bt/","۴.۵","پارس بلو","عالی","","https://dkstatics-public.digikala.com/digikala-products/de86306f490edcacd6b188dbb8135144b6eea0a1_1745824999.jpg?x-oss-process=image/resize,m_lfit,h_800,w_800/quality,q_90
https://dkstatics-public.digikala.com/digikala-products/de86306f490edcacd6b188dbb8135144b6eea0a1_1745824999.jpg?x-oss-process=image/resize,m_lfit,h_800,w_800/quality,q_90
https://dkstatics-public.digikala.com/digikala-products/277fe800e286509617da812dd0ab448d1d80f3ad_1690025149.jpg?x-oss-process=image/resize,m_lfit,h_800,w_800/quality,q_90
https://dkstatics-public.digikala.com/digikala-products/63665e2be2357347d5f046f685f05980fd72487e_1690025149.jpg?x-oss-process=image/resize,m_lfit,h_800,w_800/quality,q_90
https://dkstatics-public.digikala.com/digikala-products/de86306f490edcacd6b188dbb8135144b6eea0a1_1745824999.jpg?x-oss-process=image/resize,m_lfit,h_800,w_800/quality,q_90","","۷۵۴ دیدگاه","۶,۱۹۰,۰۰۰","هدفون بلوتوثی جی بی ال مدل JBL Tune 720BT","نوع گوشیدو گوشیدو گوشینوع اتصالبا سیم، بی‌سیم، بلوتوثبا سیم، بی‌سیم، بلوتوثرابط‌هاجک 3.5 میلی‌متری خروجی صدا، بلوتوثجک 3.5 میلی‌متری خروجی صدا، بلوتوث","مشخصاتسایر توضیحات اقلام همراه هدفون، هندزفری و هدستدفترچه راهنما
کابل شارژ
 پاسخ فرکانسی۲۰ – ۲۰۰۰۰ هرتزقطر درایور۴۰  میلی‌مترمحدوده عملکرد۱۰ متر مترنوع آکوستیکبسته نوع گوشیدو گوشی عمر باتری۷۶ ساعت عمر باتری هدفون در حالت مکالمه۷۶ ساعتعمر باتری هدفون در حالت پخش موسیقی۷۶ ساعتزمان موردنیاز برای شارژ هدفون۲  ساعتوزن۲۲۰ گرمنسخه بلوتوث۵.۳ سایر مشخصاتویژگی‌ها
صدا JBL PureBass
فناوری بی‌سیم بلوتوث نسخه ۵.۳
اکولایزر سفارشی
نگه‌داری باتری تا ۷۶ ساعت
شارژ سریع (۵ دقیقه = ۳ ساعت)
تماس‌ها با Voice Aware
اتصالات چندگانه
سبک، راحت و طراحی تاشو
کابل صوتی قابل جداشدن جنس بدنهپلاستیک نوع کابل۳.۵ میلی‌متر AUX نوع اتصالبا سیم بی‌سیم بلوتوث رابط‌هاجک ۳.۵ میلی‌متری خروجی صدا بلوتوث امپدانس۳۲ اهممناسب برایآقایان و بانوان حساسیت۱۰۳ DB","هدفون، هدست و هندزفری","جی بی ال","هدفون، هدست و هندزفری جی بی ال"
"1771406274-397","https://www.digikala.com/search/category-headphone/","هدفون کیو کی زد مدل AK6","۳۸۹,۰۰۰","۴.۴","","","ارسال سریع دیجی‌کالا","","","","هدفون کیو کی زد مدل AK6ارسال سریع دیجی‌کالا
۴.۴۳۸۹,۰۰۰","https://www.digikala.com/product/dkp-2891227/%D9%87%D8%AF%D9%81%D9%88%D9%86-%DA%A9%DB%8C%D9%88-%DA%A9%DB%8C-%D8%B2%D8%AF-%D9%85%D8%AF%D9%84-ak6/","۴.۴","نگار سل","عالی","یه هدفون سیمیه عجیب و ارزون!🎧","https://dkstatics-public.digikala.com/digikala-products/5cd42d4739d89a2b6fba992067b5d43d071bef17_1745760219.jpg?x-oss-process=image/resize,m_lfit,h_800,w_800/quality,q_90
https://dkstatics-public.digikala.com/digikala-products/5cd42d4739d89a2b6fba992067b5d43d071bef17_1745760219.jpg?x-oss-process=image/resize,m_lfit,h_800,w_800/quality,q_90
https://dkstatics-public.digikala.com/digikala-products/121499553.jpg?x-oss-process=image/resize,m_lfit,h_800,w_800/quality,q_90
https://dkstatics-public.digikala.com/digikala-products/121461701.jpg?x-oss-process=image/resize,m_lfit,h_800,w_800/quality,q_90
https://dkstatics-public.digikala.com/digikala-products/5cd42d4739d89a2b6fba992067b5d43d071bef17_1745760219.jpg?x-oss-process=image/resize,m_lfit,h_800,w_800/quality,q_90","","۱۱۵۶۳ دیدگاه","۳۸۹,۰۰۰","هدفون کیو کی زد مدل AK6","نوع گوشیدو گوشیدو گوشینوع اتصالبا سیمبا سیمرابط‌هاجک 3.5 میلی‌متری صداجک 3.5 میلی‌متری صدا","مشخصاتابعاد                     میلی‌مترسایر توضیحات اقلام همراه هدفون، هندزفری و هدست                       پاسخ فرکانسی ۲۰-۲۰۰۰۰  هرتزقطر درایور۱۰ میلی‌مترنوع گوشیدو گوشی وزن۳۵ گرمنوع کابل۳.۵ میلی‌متر نوع اتصالبا سیم رابط‌هاجک ۳.۵ میلی‌متری صدا امپدانس۳۲ اهممناسب برایورزش حساسیت۱۰۸","هدفون، هدست و هندزفری","متفرقه","هدفون، هدست و هندزفری متفرقه"
"1771406276-398","https://www.digikala.com/search/category-headphone/","هدفون بلوتوثی کیو سی وای مدل T13 ANC","۱,۵۶۰,۰۰۰","۴.۴","","","ارسال فروشنده","","","","هدفون بلوتوثی کیو سی وای مدل T13 ANCارسال فروشنده
۴.۴۱,۵۶۰,۰۰۰","https://www.digikala.com/product/dkp-9350111/%D9%87%D8%AF%D9%81%D9%88%D9%86-%D8%A8%D9%84%D9%88%D8%AA%D9%88%D8%AB%DB%8C-%DA%A9%DB%8C%D9%88-%D8%B3%DB%8C-%D9%88%D8%A7%DB%8C-%D9%85%D8%AF%D9%84-t13-anc/","۴.۴","پخش سیوان","خیلی خوب","پیشنهاد چند تا گجت برای هدیه دادن🎁","https://dkstatics-public.digikala.com/digikala-products/9efa12f58a561518233adc67b3a6d8fa5982817f_1745824976.jpg?x-oss-process=image/resize,m_lfit,h_800,w_800/quality,q_90
https://dkstatics-public.digikala.com/digikala-products/9efa12f58a561518233adc67b3a6d8fa5982817f_1745824976.jpg?x-oss-process=image/resize,m_lfit,h_800,w_800/quality,q_90
https://dkstatics-public.digikala.com/digikala-products/24f2b572f9f1a75e4ad77d2ad37cf7096bfa9927_1683459327.jpg?x-oss-process=image/resize,m_lfit,h_800,w_800/quality,q_90
https://dkstatics-public.digikala.com/digikala-products/1a5e08f7fd16cb879e36443169c378da8a8d67af_1683459326.jpg?x-oss-process=image/resize,m_lfit,h_800,w_800/quality,q_90
https://dkstatics-public.digikala.com/digikala-products/9efa12f58a561518233adc67b3a6d8fa5982817f_1745824976.jpg?x-oss-process=image/resize,m_lfit,h_800,w_800/quality,q_90","","۷۷۲۷ دیدگاه","۱,۵۵۰,۰۰۰","هدفون بلوتوثی کیو سی وای مدل T13 ANC","نوع گوشیدو گوشیدو گوشینوع اتصالبی‌سیمبی‌سیمرابط‌هابلوتوثبلوتوثقابلیت‌های مقاومتیمقاوم در برابر رطوبت و عرقمقاوم در برابر رطوبت و عرق","مشخصاتسایر توضیحات اقلام همراه هدفون، هندزفری و هدستسری اضافه / دفترچه راهنما / کابل شارژر  پاسخ فرکانسی۲۰ تا ۲۰ هزار هرتزقطر درایور۱۰ میلی‌مترمحدوده عملکرد۱۰ متر مترنوع گوشیدو گوشی عمر باتری محفظه شارژتا ۳۰ ساعتزمان موردنیاز برای شارژ هدفون۱.۵ ساعتزمان مورد نیاز برای شارژ محفظه۲ ساعتوزن۴۴ گرمنسخه بلوتوث۵.۳ سایر مشخصاتدارای فناوری ENC با ۴ میکروفون / 
قابلیت کنترل صدا از روی دستگاه / 
قابلیت حذف نویز (ANC) / 
پشتیبانی از کدهای صوتی SBC و AAC، پشتیبانی از اپلیکیشن QCY / 
ظرفیت باتری محفظه شارژ: ۳۸۰ میلی‌ آمپر ساعت جنس بدنهپلاستیک ظرفیت باتری۳۸۰ میلی‌آمپر‌ساعتنوع اتصالبی‌سیم رابط‌هابلوتوث مناسب برایکاربری عمومی قابلیت‌های مقاومتیمقاوم در برابر رطوبت و عرق","هدفون، هدست و هندزفری","کیو سی وای","هدفون، هدست و هندزفری کیو سی وای"
"1771406278-399","https://www.digikala.com/search/category-headphone/","هدفون بلوتوثی کیو سی وای مدل T13x","۱,۷۴۰,۰۰۰","۴.۴","","","ارسال سریع دیجی‌کالا","","","","هدفون بلوتوثی کیو سی وای مدل T13xارسال سریع دیجی‌کالا
۴.۴۱,۷۴۰,۰۰۰","https://www.digikala.com/product/dkp-12407150/%D9%87%D8%AF%D9%81%D9%88%D9%86-%D8%A8%D9%84%D9%88%D8%AA%D9%88%D8%AB%DB%8C-%DA%A9%DB%8C%D9%88-%D8%B3%DB%8C-%D9%88%D8%A7%DB%8C-%D9%85%D8%AF%D9%84-t13x/","۴.۴","ماهان ارتباط پیشگام","عالی","راهنمای خرید هدفون تا ۱ میلیون تومن","https://dkstatics-public.digikala.com/digikala-products/42fa9398d8872ba684f41a4e8c69edf0fa428321_1745825001.jpg?x-oss-process=image/resize,m_lfit,h_800,w_800/quality,q_90
https://dkstatics-public.digikala.com/digikala-products/42fa9398d8872ba684f41a4e8c69edf0fa428321_1745825001.jpg?x-oss-process=image/resize,m_lfit,h_800,w_800/quality,q_90
https://dkstatics-public.digikala.com/digikala-products/58e8f311756bd22a27a240dc9af363ffb57e68e5_1692208696.jpg?x-oss-process=image/resize,m_lfit,h_800,w_800/quality,q_90
https://dkstatics-public.digikala.com/digikala-products/a02dbbc7792bbfacf416dc9253363ea1d01a8a4e_1714901846.jpg?x-oss-process=image/resize,m_lfit,h_800,w_800/quality,q_90
https://dkstatics-public.digikala.com/digikala-products/42fa9398d8872ba684f41a4e8c69edf0fa428321_1745825001.jpg?x-oss-process=image/resize,m_lfit,h_800,w_800/quality,q_90","","۴۰۲۹ دیدگاه","۱,۷۱۰,۰۰۰","هدفون بلوتوثی کیو سی وای مدل T13x","قابلیت نویز کنسلینگنویز کنسلینگ فعال (ANC)نویز کنسلینگ فعال (ANC)نوع گوشیدو گوشیدو گوشینوع اتصالبی‌سیمبی‌سیمرابط‌هاUSB Type-CUSB Type-Cقابلیت‌های مقاومتیمقاوم در برابر آبمقاوم در برابر آب","مشخصاتنوع هدفون، هدست و هندزفریTWS (True Wireless Stereo) سایر توضیحات اقلام همراه هدفون، هندزفری و هدستدفترچه راهنما / کابل شارژر قابلیت نویز کنسلینگنویز کنسلینگ فعال (ANC) قطر درایور۷.۲ میلی‌مترمحدوده عملکرد۱۰ متر مترنوع گوشیدو گوشی عمر باتری هدفون در حالت مکالمهتا ۴ ساعتعمر باتری هدفون در حالت پخش موسیقیتا ۸ ساعتنسخه بلوتوث۵.۳ جنس بدنهپلاستیک ظرفیت باتری۳۵۰ میلی‌آمپر‌ساعتنوع کابلUSB Type-C نوع اتصالبی‌سیم رابط‌هاUSB Type-C مناسب برایکاربری عمومی قابلیت‌های مقاومتیمقاوم در برابر آب","هدفون، هدست و هندزفری","کیو سی وای","هدفون، هدست و هندزفری کیو سی وای"
"1771406281-400","https://www.digikala.com/search/category-headphone/","هدفون بلوتوثی انکر مدل R50i NC","۲,۹۱۰,۰۰۰","۴.۵","","","ارسال سریع دیجی‌کالا","","","","هدفون بلوتوثی انکر مدل R50i NCارسال سریع دیجی‌کالا
۴.۵۲,۹۱۰,۰۰۰","https://www.digikala.com/product/dkp-16200986/%D9%87%D8%AF%D9%81%D9%88%D9%86-%D8%A8%D9%84%D9%88%D8%AA%D9%88%D8%AB%DB%8C-%D8%A7%D9%86%DA%A9%D8%B1-%D9%85%D8%AF%D9%84-r50i-nc/","۴.۵","بازرگانی تقدیمی","عالی","بهترین اقتصادی؟ Anker R50i NC","https://dkstatics-public.digikala.com/digikala-products/32af07490073ae17e5529365a8eb1ebf68e091b4_1745827632.jpg?x-oss-process=image/resize,m_lfit,h_800,w_800/quality,q_90
https://dkstatics-public.digikala.com/digikala-products/32af07490073ae17e5529365a8eb1ebf68e091b4_1745827632.jpg?x-oss-process=image/resize,m_lfit,h_800,w_800/quality,q_90
https://dkstatics-public.digikala.com/digikala-products/e9289c650652120c68613239fd8ea10d5993c18d_1722095598.jpg?x-oss-process=image/resize,m_lfit,h_800,w_800/quality,q_90
https://dkstatics-public.digikala.com/digikala-products/f40c5fe03680fe0dd392e9338695a8e2e314ec84_1722095608.jpg?x-oss-process=image/resize,m_lfit,h_800,w_800/quality,q_90
https://dkstatics-public.digikala.com/digikala-products/32af07490073ae17e5529365a8eb1ebf68e091b4_1745827632.jpg?x-oss-process=image/resize,m_lfit,h_800,w_800/quality,q_90","","۴۰۷۲ دیدگاه","۲,۵۸۰,۰۰۰","هدفون بلوتوثی انکر مدل R50i NC","قابلیت نویز کنسلینگنویز کنسلینگ میکروفون (ENC)نویز کنسلینگ میکروفون (ENC)نوع گوشیدو گوشیدو گوشینوع اتصالبی‌سیمبی‌سیمرابط‌هاUSB Type-CUSB Type-Cقابلیت‌های مقاومتیمقاوم در برابر آبمقاوم در برابر آب","مشخصاتنوع هدفون، هدست و هندزفریتو گوشی (Earbud/Earphone) ابعاد۱۰.۸x۱۰.۸x۳.۶ میلی‌مترسایر توضیحات اقلام همراه هدفون، هندزفری و هدستسری سیلیکونی اضافی /
دفترچه راهنما اقلام همراه هدفون، هندزفری و هدستبدون اقلام همراه قابلیت نویز کنسلینگنویز کنسلینگ میکروفون (ENC) قطر درایور۱۰ میلی‌مترویژگی‌های خاصبدون ویژگی خاص محدوده عملکردتا ۱۰ متر مترنوع گوشیدو گوشی عمر باتری۱۰ ساعت - با احتساب محفظه شارژ ۴۵ ساعت عمر باتری هدفون در حالت پخش موسیقیتا ۱۰  ساعتقابلیت‌های شارژشارژ باسیم درگاه شارژUSB USB Type-C وزن۱۰۰ گرمنسخه بلوتوث۵.۴ سایر مشخصاتمجهز به ۴ میکروفون / 
قابلیت نویز کنسلینگ تا ۴۲ دسی‌بل / 
دارای پایه نگهدارنده موبایل ( به صورت مخفی) /
دارای گواهی IP۵۴ و مقاومت بالا در برابر نفوذ آب و گرد و غبار نوع کابلUSB Type-C نوع اتصالبی‌سیم رابط‌هاUSB Type-C مناسب برایکاربری عمومی قابلیت‌های مقاومتیمقاوم در برابر آب","هدفون، هدست و هندزفری","انکر","هدفون، هدست و هندزفری انکر"
"1771406283-401","https://www.digikala.com/search/category-headphone/","هدفون بلوتوثی انکر مدل Liberty 4 NC","۶,۷۸۰,۰۰۰","۴.۵","","","ارسال سریع دیجی‌کالا","","","","هدفون بلوتوثی انکر مدل Liberty 4 NCارسال سریع دیجی‌کالا
۴.۵۶,۷۸۰,۰۰۰","https://www.digikala.com/product/dkp-13578645/%D9%87%D8%AF%D9%81%D9%88%D9%86-%D8%A8%D9%84%D9%88%D8%AA%D9%88%D8%AB%DB%8C-%D8%A7%D9%86%DA%A9%D8%B1-%D9%85%D8%AF%D9%84-liberty-4-nc/","۴.۵","دیجی‌کالا","عالی","","https://dkstatics-public.digikala.com/digikala-products/cdee225e274df5b063390430ac6fb56d85b66fd3_1745827617.jpg?x-oss-process=image/resize,m_lfit,h_800,w_800/quality,q_90
https://dkstatics-public.digikala.com/digikala-products/cdee225e274df5b063390430ac6fb56d85b66fd3_1745827617.jpg?x-oss-process=image/resize,m_lfit,h_800,w_800/quality,q_90
https://dkstatics-public.digikala.com/digikala-products/97d9b53300c0652ac3bfe280308ceb1d7afef256_1701518238.jpg?x-oss-process=image/resize,m_lfit,h_800,w_800/quality,q_90
https://dkstatics-public.digikala.com/digikala-products/28239e92ac042aef24488d4d758806c4a6a146c0_1701518238.jpg?x-oss-process=image/resize,m_lfit,h_800,w_800/quality,q_90
https://dkstatics-public.digikala.com/digikala-products/cdee225e274df5b063390430ac6fb56d85b66fd3_1745827617.jpg?x-oss-process=image/resize,m_lfit,h_800,w_800/quality,q_90","","۱۴۳۹ دیدگاه","۷,۴۷۵,۷۰۰","هدفون بلوتوثی انکر مدل Liberty 4 NC","قابلیت نویز کنسلینگنویز کنسلینگ فعال (ANC)نویز کنسلینگ فعال (ANC)نوع گوشیدو گوشیدو گوشینوع اتصالبی‌سیمبی‌سیمرابط‌هابلوتوثبلوتوث","مشخصاتنوع هدفون، هدست و هندزفریتو گوشی (Earbud/Earphone) سایر توضیحات اقلام همراه هدفون، هندزفری و هدستسری اضافه /
کابل شارژر USB-C /
دفترچه راهنما اقلام همراه هدفون، هندزفری و هدستکابل شارژ قابلیت نویز کنسلینگنویز کنسلینگ فعال (ANC) قطر درایور۱۱ میلی‌مترویژگی‌های خاصبدون ویژگی خاص محدوده عملکردتا ۱۰ متر مترنوع گوشیدو گوشی عمر باتری هدفون در حالت مکالمهتا ۱۰ ساعتعمر باتری هدفون در حالت پخش موسیقیتا ۱۰ ساعتعمر باتری محفظه شارژتا ۵۰ ساعتقابلیت‌های شارژشارژ باسیم درگاه شارژUSB Type-C نسخه بلوتوث۵.۳ سایر مشخصاتفناوری نویز کنسلینگ فعال با کاهش ۹۸.۵ درصدی نویز /
فناوری HearID Sound /
فناوری شارژ سریع: چهار ساعت شارژدهی با ۱۰ دقیقه شارژ /
قابلیت شارژ بی‌سیم /
قابلیت اتصال به چند دستگاه /
فناوری Wearing Detection /
دارای شش میکروفون با الگوریتم هوش مصنوعی نوع اتصالبی‌سیم رابط‌هابلوتوث مناسب برایکاربری عمومی","هدفون، هدست و هندزفری","انکر","هدفون، هدست و هندزفری انکر"
"1771406285-402","https://www.digikala.com/search/category-headphone/","هدفون بلوتوثی کیو سی وای مدل T13 ANC 2","۱,۹۵۰,۰۰۰","۴.۵","","","&nbsp;","","","","هدفون بلوتوثی کیو سی وای مدل T13 ANC 2&nbsp;
۴.۵۱,۹۵۰,۰۰۰","https://www.digikala.com/product/dkp-13287099/%D9%87%D8%AF%D9%81%D9%88%D9%86-%D8%A8%D9%84%D9%88%D8%AA%D9%88%D8%AB%DB%8C-%DA%A9%DB%8C%D9%88-%D8%B3%DB%8C-%D9%88%D8%A7%DB%8C-%D9%85%D8%AF%D9%84-t13-anc-2/","۴.۵","ستیاکو شاپ","عالی","کیو سی وای گل کاشته!","https://dkstatics-public.digikala.com/digikala-products/8b1c3923baf6b188ca0c9db972b30d854edfb880_1745825007.jpg?x-oss-process=image/resize,m_lfit,h_800,w_800/quality,q_90
https://dkstatics-public.digikala.com/digikala-products/1f5c65bc364fa45afc2f558260836788fa56dc58_1699442213.jpg?x-oss-process=image/resize,m_lfit,h_800,w_800/quality,q_90
https://dkstatics-public.digikala.com/digikala-products/b774cc957b0a4bc90c355a4a69785c0b08395da1_1714901922.jpg?x-oss-process=image/resize,m_lfit,h_800,w_800/quality,q_90
https://dkstatics-public.digikala.com/digikala-products/8b1c3923baf6b188ca0c9db972b30d854edfb880_1745825007.jpg?x-oss-process=image/resize,m_lfit,h_800,w_800/quality,q_90","","۶۹۶۰ دیدگاه","۱,۸۲۰,۰۰۰","هدفون بلوتوثی کیو سی وای مدل T13 ANC 2","قابلیت نویز کنسلینگنویز کنسلینگ فعال (ANC)نویز کنسلینگ فعال (ANC)نوع گوشیدو گوشیدو گوشینوع اتصالبی‌سیمبی‌سیمرابط‌هابلوتوثبلوتوثقابلیت‌های مقاومتیمقاوم در برابر گرد و غبارمقاوم در برابر گرد و غبار","مشخصاتنوع هدفون، هدست و هندزفریTWS (True Wireless Stereo) سایر توضیحات اقلام همراه هدفون، هندزفری و هدستدفترچه راهنما /
کابل USB-C /
سری سیلیکونی اضافه پاسخ فرکانسی۲۰۰۰۰ هرتزقابلیت نویز کنسلینگنویز کنسلینگ فعال (ANC) قطر درایور۱۰ میلی‌مترمحدوده عملکردتا ۱۰ متر مترنوع گوشیدو گوشی عمر باتری هدفون در حالت پخش موسیقیدر حالت ANC فعال تا ۵.۵ ساعت و بدون ANC تا ۷ ساعتعمر باتری محفظه شارژدر حالت ANC فعال تا ۲۲ ساعت و بدون ANC تا ۳۰ ساعتوزن۴۴ گرمنسخه بلوتوث۵.۳ سایر مشخصاتدارای نویز کنسلینگ اکتیو با عمق ۲۸ دسی‌بل /
سری‌های آنتی باکتریال /
دارای چهار میکروفون دارای ENC برای تماس HD /
تاخیر ورودی بسیار پایین ۰.۰۶۸ ثانیه /
پشتیبانی از اپلیکیشن اختصاصی QCY
 جنس بدنهپلاستیک ظرفیت باتری۳۸۰ میلی‌آمپر‌ساعتنوع کابلUSB Type-C نوع اتصالبی‌سیم رابط‌هابلوتوث مناسب برایکاربری عمومی قابلیت‌های مقاومتیمقاوم در برابر گرد و غبار نسبت سیگنال به نویز۱۰۱ دسی‌بل","هدفون، هدست و هندزفری","کیو سی وای","هدفون، هدست و هندزفری کیو سی وای"
"1771406287-403","https://www.digikala.com/search/category-headphone/","هدفون بلوتوثی انکر مدل SoundCore R50i A3949","۱,۹۹۰,۰۰۰","۴.۵","","","ارسال سریع دیجی‌کالا","","","","هدفون بلوتوثی انکر مدل SoundCore R50i A3949ارسال سریع دیجی‌کالا
۴.۵۱,۹۹۰,۰۰۰","https://www.digikala.com/product/dkp-11801878/%D9%87%D8%AF%D9%81%D9%88%D9%86-%D8%A8%D9%84%D9%88%D8%AA%D9%88%D8%AB%DB%8C-%D8%A7%D9%86%DA%A9%D8%B1-%D9%85%D8%AF%D9%84-soundcore-r50i-a3949/","۴.۵","دیجی‌کالا","عالی","ضررهای نویز کنسلینگ","https://dkstatics-public.digikala.com/digikala-products/487620e2936e1dd07238849a058fe472da39c1a5_1745824997.jpg?x-oss-process=image/resize,m_lfit,h_800,w_800/quality,q_90
https://dkstatics-public.digikala.com/digikala-products/487620e2936e1dd07238849a058fe472da39c1a5_1745824997.jpg?x-oss-process=image/resize,m_lfit,h_800,w_800/quality,q_90
https://dkstatics-public.digikala.com/digikala-products/e1d3c31cc45d02ed2cfe382a5668c7ce133cb78a_1764186069.jpg?x-oss-process=image/resize,m_lfit,h_800,w_800/quality,q_90
https://dkstatics-public.digikala.com/digikala-products/3dbad9f94e8174f2faef6525499da934507b130f_1687860325.jpg?x-oss-process=image/resize,m_lfit,h_800,w_800/quality,q_90
https://dkstatics-public.digikala.com/digikala-products/487620e2936e1dd07238849a058fe472da39c1a5_1745824997.jpg?x-oss-process=image/resize,m_lfit,h_800,w_800/quality,q_90","","۲۰۸۷۸ دیدگاه","۲,۳۹۱,۹۰۰","هدفون بلوتوثی انکر مدل SoundCore R50i A3949","قابلیت نویز کنسلینگنویز کنسلینگ میکروفون (ENC)نویز کنسلینگ میکروفون (ENC)نوع گوشیدو گوشیدو گوشینوع اتصالبی‌سیمبی‌سیمرابط‌هابلوتوثبلوتوثقابلیت‌های مقاومتیمقاوم در برابر آبمقاوم در برابر آب","مشخصاتنوع هدفون، هدست و هندزفریTWS (True Wireless Stereo) سایر توضیحات اقلام همراه هدفون، هندزفری و هدستسری اضافه / بند / کابل شارژر / دفترچه راهنما قابلیت نویز کنسلینگنویز کنسلینگ میکروفون (ENC) قطر درایور۱۰ میلی‌مترمحدوده عملکردتا ۱۰ متر مترنوع گوشیدو گوشی عمر باتری هدفون در حالت پخش موسیقیتا ۱۰ ساعتعمر باتری محفظه شارژتا ۳۰ ساعتنسخه بلوتوث۵.۳ سایر مشخصاتفناوری Bass-Up EQ و ۲۲ EQ / قابلیت شارژ سریع (شارژدهی تا ۲ ساعت با ۱۰ دقیقه شارژ) / الگوریتم ۲ میکروفون برای ارائه کیفیت تماس بهتر / کنترل لمسی / ویژگی AI-Clear برای پردازش شفاف‌تر صدا توسط هوش مصنوعی جنس بدنهپلاستیک نوع کابلUSB Type-C نوع اتصالبی‌سیم رابط‌هابلوتوث مناسب برایکاربری عمومی قابلیت‌های مقاومتیمقاوم در برابر آب","هدفون، هدست و هندزفری","انکر","هدفون، هدست و هندزفری انکر"
"1771406289-404","https://www.digikala.com/search/category-headphone/","هدفون بلوتوثی انکر مدل Soundcore P25i","۲,۱۰۰,۰۰۰","۴.۵","","","&nbsp;","","","","هدفون بلوتوثی انکر مدل Soundcore P25i&nbsp;
۴.۵۲,۱۰۰,۰۰۰","https://www.digikala.com/product/dkp-12784577/%D9%87%D8%AF%D9%81%D9%88%D9%86-%D8%A8%D9%84%D9%88%D8%AA%D9%88%D8%AB%DB%8C-%D8%A7%D9%86%DA%A9%D8%B1-%D9%85%D8%AF%D9%84-soundcore-p25i/","۴.۵","پیکاس شاپ","عالی","یه هندزفری با دو اسم مختلف!","https://dkstatics-public.digikala.com/digikala-products/bd401281d804abe34604b2a128c727f336cd24e2_1745825004.jpg?x-oss-process=image/resize,m_lfit,h_800,w_800/quality,q_90
https://dkstatics-public.digikala.com/digikala-products/bd401281d804abe34604b2a128c727f336cd24e2_1745825004.jpg?x-oss-process=image/resize,m_lfit,h_800,w_800/quality,q_90
https://dkstatics-public.digikala.com/digikala-products/6f1f18c2e6e2e3c074dc19d3f503f25161c04f5b_1695711839.jpg?x-oss-process=image/resize,m_lfit,h_800,w_800/quality,q_90
https://dkstatics-public.digikala.com/digikala-products/485c62bb6ed509cc4a2ef32c94a7ebb61b3ce65e_1695711839.jpg?x-oss-process=image/resize,m_lfit,h_800,w_800/quality,q_90
https://dkstatics-public.digikala.com/digikala-products/bd401281d804abe34604b2a128c727f336cd24e2_1745825004.jpg?x-oss-process=image/resize,m_lfit,h_800,w_800/quality,q_90","","۱۳۶۵ دیدگاه","۱,۸۵۹,۰۰۰","هدفون بلوتوثی انکر مدل Soundcore P25i","نوع گوشیدو گوشیدو گوشینوع اتصالبی‌سیمبی‌سیمرابط‌هابلوتوثبلوتوثقابلیت‌های مقاومتیمقاوم در برابر رطوبت و عرقمقاوم در برابر رطوبت و عرق","مشخصاتسایر توضیحات اقلام همراه هدفون، هندزفری و هدستسری سیلیکونی اضافه /
کابل شارژر /
دفترچه راهنما محدوده عملکردتا ۱۰ متر مترنوع گوشیدو گوشی عمر باتری هدفون در حالت مکالمهتا ۱۰ ساعتعمر باتری هدفون در حالت پخش موسیقیتا ۱۰ ساعتعمر باتری محفظه شارژتا ۳۰ ساعتنسخه بلوتوث۵.۰ سایر مشخصاتقابلیت حذف نویز (ANC) جنس بدنهپلاستیک نوع اتصالبی‌سیم رابط‌هابلوتوث امپدانس۱۶ اهممناسب برایکاربری عمومی قابلیت‌های مقاومتیمقاوم در برابر رطوبت و عرق","هدفون، هدست و هندزفری","انکر","هدفون، هدست و هندزفری انکر"
"1771406292-405","https://www.digikala.com/search/category-headphone/","هدفون بلوتوثی ناتینگ مدل CMF Buds 2a","۳,۶۵۰,۰۰۰","۴.۵","","","تنها ۲ عدد در انبار باقی مانده","","","","هدفون بلوتوثی ناتینگ مدل CMF Buds 2aتنها ۲ عدد در انبار باقی مانده
۴.۵۳,۶۵۰,۰۰۰","https://www.digikala.com/product/dkp-19214260/%D9%87%D8%AF%D9%81%D9%88%D9%86-%D8%A8%D9%84%D9%88%D8%AA%D9%88%D8%AB%DB%8C-%D9%86%D8%A7%D8%AA%DB%8C%D9%86%DA%AF-%D9%85%D8%AF%D9%84-cmf-buds-2a/","۴.۵","پارس بلو","عالی","هندزفری میانرده ناتینگ","https://dkstatics-public.digikala.com/digikala-products/d1a088420bd188eee131eea76e4ff7570e42b135_1746959203.jpg?x-oss-process=image/resize,m_lfit,h_800,w_800/quality,q_90
https://dkstatics-public.digikala.com/digikala-products/d1a088420bd188eee131eea76e4ff7570e42b135_1746959203.jpg?x-oss-process=image/resize,m_lfit,h_800,w_800/quality,q_90
https://dkstatics-public.digikala.com/digikala-products/400ca825f946734773739cb091d09042d228716d_1746959203.jpg?x-oss-process=image/resize,m_lfit,h_800,w_800/quality,q_90
https://dkstatics-public.digikala.com/digikala-products/8dc7b2fc46601c34bfc02f807acd4a4a5e845b26_1746959203.jpg?x-oss-process=image/resize,m_lfit,h_800,w_800/quality,q_90
https://dkstatics-public.digikala.com/digikala-products/d1a088420bd188eee131eea76e4ff7570e42b135_1746959203.jpg?x-oss-process=image/resize,m_lfit,h_800,w_800/quality,q_90","","۸۵ دیدگاه","۳,۶۵۰,۰۰۰","هدفون بلوتوثی ناتینگ مدل CMF Buds 2a","قابلیت نویز کنسلینگنویز کنسلینگ فعال (ANC)نویز کنسلینگ فعال (ANC)نوع گوشیدو گوشیدو گوشینوع اتصالبی‌سیمبی‌سیمرابط‌هاUSB Type-CUSB Type-Cقابلیت‌های مقاومتیمقاوم در برابر آبمقاوم در برابر آب","مشخصاتنوع هدفون، هدست و هندزفریتو گوشی (Earbud/Earphone) ابعاد۵۴.۷x۵۴.۷x۲۳ میلی‌متراقلام همراه هدفون، هندزفری و هدستکابل شارژ محفظه شارژ منبع انرژیباتری پاسخ فرکانسی۲۹۰۰ هرتزقابلیت نویز کنسلینگنویز کنسلینگ فعال (ANC) مشخصات میکروفونمجهز به ۴ میکروفون HD قابلیت اتصال به چند دستگاهدارد قطر درایور۱۲ میلی‌مترویژگی‌های خاصنشانگر LED پشتیبانی از فرمان لمسی محدوده عملکردتا ۱۰ مترنوع گوشیدو گوشی عمر باتری هدفون در حالت مکالمهتا ۴ (نویز کنسلینگ غیرفعال) - تا ۳ (نویز کنسلینگ فعال) ساعتعمر باتری هدفون در حالت پخش موسیقیتا ۸ (نویز کنسلینگ غیرفعال) ساعتعمر باتری محفظه شارژتا ۳۵.۵ (نویز کنسلینگ غیرفعال) ساعتزمان مورد نیاز برای شارژ محفظهتا ۱.۵ ساعتقابلیت‌های شارژشارژ باسیم درگاه شارژUSB Type-C وزن۵۱.۳ گرمنسخه بلوتوث۵.۴ سایر مشخصاتپشتیبانی از فناوری Ultra Bass ۲.۰ /
تا ۱۰ دقیقه شارژ برای ۵ ساعت پخش /
هدفون‌ها با ظرفیت باتری ۴۳ میلی‌آمپر ساعت /
دارای گواهی IP۵۴ مقاوم در برابر نفوذ آب، گرد و خاک ظرفیت باتری۴۶۰ میلی‌آمپر‌ساعتنوع کابلUSB Type-C نوع اتصالبی‌سیم رابط‌هاUSB Type-C مناسب برایکاربری عمومی قابلیت‌های مقاومتیمقاوم در برابر آب حساسیت۴۲ دسی‌بل","هدفون، هدست و هندزفری","ناتینگ","هدفون، هدست و هندزفری ناتینگ"
"1771406294-406","https://www.digikala.com/search/category-headphone/","هدفون بلوتوثی سامسونگ مدل Galaxy Buds3","۱۰,۶۹۰,۰۰۰","۴.۴","","","ارسال فروشنده","","","","هدفون بلوتوثی سامسونگ مدل Galaxy Buds3ارسال فروشنده
۴.۴۱۰,۶۹۰,۰۰۰","https://www.digikala.com/product/dkp-16072390/%D9%87%D8%AF%D9%81%D9%88%D9%86-%D8%A8%D9%84%D9%88%D8%AA%D9%88%D8%AB%DB%8C-%D8%B3%D8%A7%D9%85%D8%B3%D9%88%D9%86%DA%AF-%D9%85%D8%AF%D9%84-galaxy-buds3/","۴.۴","فرابین تجارت سروش","عالی","اپلیکیشن هدفون‌های سامسونگ","https://dkstatics-public.digikala.com/digikala-products/b9887aac7c3a2ff47201325418c2127fb1e9de87_1745827632.jpg?x-oss-process=image/resize,m_lfit,h_800,w_800/quality,q_90
https://dkstatics-public.digikala.com/digikala-products/859890f9fc0a990cdfb890b2bc369458311590a8_1721138442.jpg?x-oss-process=image/resize,m_lfit,h_800,w_800/quality,q_90
https://dkstatics-public.digikala.com/digikala-products/980ff069b5027ee1972bfdac58df49128178478b_1721138434.jpg?x-oss-process=image/resize,m_lfit,h_800,w_800/quality,q_90
https://dkstatics-public.digikala.com/digikala-products/b9887aac7c3a2ff47201325418c2127fb1e9de87_1745827632.jpg?x-oss-process=image/resize,m_lfit,h_800,w_800/quality,q_90","","۷۳۹ دیدگاه","۹,۷۷۵,۰۰۰","هدفون بلوتوثی سامسونگ مدل Galaxy Buds3","قابلیت نویز کنسلینگنویز کنسلینگ فعال (ANC)نویز کنسلینگ فعال (ANC)نوع گوشیدو گوشیدو گوشینوع اتصالبی‌سیمبی‌سیمرابط‌هاUSB Type-C، بلوتوثUSB Type-C، بلوتوثقابلیت‌های مقاومتیمقاوم در برابر آبمقاوم در برابر آب","مشخصاتنوع هدفون، هدست و هندزفریتو گوشی (Earbud/Earphone) ابعاد(گوشی‌ها) ۳۱.۹x۲۰.۳x۱۸.۲ / (جایگاه شارژ) ۵۸.۹x۴۸.۷x۲۴.۴ میلی‌مترسایر توضیحات اقلام همراه هدفون، هندزفری و هدستکابل شارژ USB Type-C /
دفترچه راهنما قابلیت نویز کنسلینگنویز کنسلینگ فعال (ANC) قطر درایور۱۱ میلی‌مترمحدوده عملکردتا ۱۰ متر مترنوع آکوستیکبسته نوع گوشیدو گوشی عمر باتری هدفون در حالت مکالمه۳.۵ (ANC روشن) / ۴ (ANC خاموش) ساعتعمر باتری هدفون در حالت پخش موسیقی۵ (ANC روشن) / ۶ (ANC خاموش) ساعتوزن(گوشی‌ها) ۴.۷ / (جایگاه شارژ) ۴۶.۵ گرمنسخه بلوتوث۵.۴ سایر مشخصاتپشتیبانی از شارژ بی‌سیم /
میکروفون ۳ گانه در هر ایرباد / 
پشتیبانی از فرمان لمسی در هر گوشی /
پشتیبانی از Galaxy AI /
سازگار با دستگاه‌های اندرویدی نسخه ۱۰ و بالاتر، iOS و ویندوز /
صدای ۳۶۰ درجه / 
صدای Hi-Fi و ۲۴ بیت / 
مجهز به اکولایزر تطبیق‌پذیر / 
دارای گواهی IP۵۷ و مقاومت در برابر آب تا عمیق یک متری به مدت ۳۰ دقیقه ظرفیت باتری(گوشی‌ها) ۴۸ / (جایگاه شارژ) ۵۱۵ میلی‌آمپر‌ساعتنوع کابلUSB Type-C نوع اتصالبی‌سیم رابط‌هاUSB Type-C بلوتوث مناسب برایکاربری عمومی قابلیت‌های مقاومتیمقاوم در برابر آب","هدفون، هدست و هندزفری","سامسونگ","هدفون، هدست و هندزفری سامسونگ"
"1771406296-407","https://www.digikala.com/search/category-headphone/","هدفون مدل KZ AS12","۱۱,۰۰۰,۰۰۰","۴.۵","","","&nbsp;","","","","هدفون مدل KZ AS12&nbsp;
۴.۵۱۱,۰۰۰,۰۰۰","https://www.digikala.com/product/dkp-1847967/%D9%87%D8%AF%D9%81%D9%88%D9%86-%D9%85%D8%AF%D9%84-kz-as12/","۴.۵","صنایع دستی دیدار","عالی","زمانی که بیرون از خانه هستیم؛ داشتن یک هدفون بسیار نیاز است؛ چرا که ما را از دست گرفتن مدام گوشی موبایل برای مکالمه راحت می‌کند. همچنین به وسیله هدفون می‌توان آهنگ‌های مورد علاقه خود را هنگامی که خارج از منزل هستیم، گوش دهیم. هدفون مدل KZ AS12 طراحی آرگونومیک حلزونی شکل مطابق با فرم گوش باعث شده که حتی با ورزش سنگین هم این هدفون از گوش خارج نشود. صدایی با کیفیت بالا کابل جدا شونده از جنس مسی با روکش پلاستیکی کیفیت عالی صدا را برای مخاطب فراهم می‌کند. کابل این هدفون به صورتی ک ...","https://dkstatics-public.digikala.com/digikala-products/fbf06331e7436aa8154028faa1e6e1cadcbb6f83_1745760216.jpg?x-oss-process=image/resize,m_lfit,h_800,w_800/quality,q_90
https://dkstatics-public.digikala.com/digikala-products/fbf06331e7436aa8154028faa1e6e1cadcbb6f83_1745760216.jpg?x-oss-process=image/resize,m_lfit,h_800,w_800/quality,q_90
https://dkstatics-public.digikala.com/digikala-products/112437695.jpg?x-oss-process=image/resize,m_lfit,h_800,w_800/quality,q_90
https://dkstatics-public.digikala.com/digikala-products/112398578.jpg?x-oss-process=image/resize,m_lfit,h_800,w_800/quality,q_90
https://dkstatics-public.digikala.com/digikala-products/fbf06331e7436aa8154028faa1e6e1cadcbb6f83_1745760216.jpg?x-oss-process=image/resize,m_lfit,h_800,w_800/quality,q_90","","۵۰ دیدگاه","۱۱,۰۰۰,۰۰۰","هدفون مدل KZ AS12","قابلیت نویز کنسلینگنویز کنسلینگ فعال (ANC)نویز کنسلینگ فعال (ANC)نوع گوشیدو گوشیدو گوشینوع اتصالبی‌سیمبی‌سیمرابط‌هاجک 3.5 میلی‌متری صداجک 3.5 میلی‌متری صداقابلیت‌های مقاومتیمقاوم در برابر رطوبت و عرقمقاوم در برابر رطوبت و عرق","مشخصاتنوع هدفون، هدست و هندزفریتو گوشی (Earbud/Earphone) سایر توضیحات اقلام همراه هدفون، هندزفری و هدستسری ایرفون پاسخ فرکانسی۶-۴۷۰۰۰ هرتزقابلیت نویز کنسلینگنویز کنسلینگ فعال (ANC) نوع گوشیدو گوشی وزن۲۲ گرمسایر مشخصاتقابلیت جدا شدن سیم
طراحی راحت و ارگونومیک نوع اتصالبی‌سیم رابط‌هاجک ۳.۵ میلی‌متری صدا امپدانس۱۶ اهممناسب برایورزش قابلیت‌های مقاومتیمقاوم در برابر رطوبت و عرق حساسیت۱۰۳","هدفون، هدست و هندزفری","متفرقه","هدفون، هدست و هندزفری متفرقه"
"1771406298-408","https://www.digikala.com/search/category-headphone/","هدفون بلوتوثی آر ایکس مدل INCLUDED TWS30 DISPLAY","۲,۴۹۰,۰۰۰","۵","۵,۹۰۰,۰۰۰","۵۸٪","ارسال سریع دیجی‌کالا","سفارشی","","","سفارشی

هدفون بلوتوثی آر ایکس مدل INCLUDED TWS30 DISPLAYارسال سریع دیجی‌کالا
۵۵۸٪۲,۴۹۰,۰۰۰۵,۹۰۰,۰۰۰%فروش رفته۱۷ : ۴۹ : ۰۲","https://www.digikala.com/product/dkp-21299473/%D9%87%D8%AF%D9%81%D9%88%D9%86-%D8%A8%D9%84%D9%88%D8%AA%D9%88%D8%AB%DB%8C-%D8%A2%D8%B1-%D8%A7%DB%8C%DA%A9%D8%B3-%D9%85%D8%AF%D9%84-included-tws30-display/?ad_variant_id=77112908","۵","اهورایی","عالی","هدست بلوتوس آر ایکس مدل INCLUDED TWS30 DISPLAY با طراحی مشابه نسخه قبلی عرضه شده است، اما با بهبودهایی که تجربه کاربری را به سطح بالاتری ارتقا داده است. این محصول از جنس پلاستیک باکیفیت ساخته شده و در مقابل آب و عرق مقاومت دارد. اندازه و وزن مناسب این هندزفری‌ها باعث می‌شود که به راحتی در گوش قرار بگیرند و در طولانی مدت احساس ناراحتی نکنید. طراحی کیس شارژ نیز با دقت و ظرافت انجام شده است. یکی از مهم‌ترین تغییرات در این نسل، اضافه شدن یک صفحه نمایش LCD کوچک به کیس شارژ است. ای ...","https://dkstatics-public.digikala.com/digikala-products/2a99b69f8abdf118fe0deaebea5f16d2b019454a_1769088651.jpg?x-oss-process=image/resize,m_lfit,h_800,w_800/quality,q_90
https://dkstatics-public.digikala.com/digikala-products/fd243b092a5b95ecd23ff047720a7d3357748d8e_1769088651.jpg?x-oss-process=image/resize,m_lfit,h_800,w_800/quality,q_90
https://dkstatics-public.digikala.com/digikala-products/d4663be50fdcfc54b9fea49c7c8c8b2d2013af07_1769088651.jpg?x-oss-process=image/resize,m_lfit,h_800,w_800/quality,q_90
https://dkstatics-public.digikala.com/digikala-products/2a99b69f8abdf118fe0deaebea5f16d2b019454a_1769088651.jpg?x-oss-process=image/resize,m_lfit,h_800,w_800/quality,q_90","","۴ دیدگاه","۵,۹۰۰,۰۰۰","هدفون بلوتوثی آر ایکس مدل INCLUDED TWS30 DISPLAY","قابلیت نویز کنسلینگنویز کنسلینگ فعال (ANC)، نویز کنسلینگ میکروفون (ENC)، قابلیت پخش صدای محیطی (Transparency)نویز کنسلینگ فعال (ANC)، نویز کنسلینگ میکروفون (ENC)، قابلیت پخش صدای محیطی (Transparency)نوع گوشیدو گوشیدو گوشینوع اتصالبی‌سیمبی‌سیمرابط‌هابلوتوثبلوتوثقابلیت‌های مقاومتیمقاوم در برابر گرد و غبارمقاوم در برابر گرد و غبار","مشخصاتنوع هدفون، هدست و هندزفریتو گوشی (Earbud/Earphone) سایر توضیحات اقلام همراه هدفون، هندزفری و هدستچهار عدد سرگوشی (سایزهای بسیار کوچک، کوچک، متوسط و بزرگ) / دفترچه راهنما / کابل شارژر ، بند کیس اقلام همراه هدفون، هندزفری و هدستکابل شارژ محفظه شارژ پد گوشی یدکی قابلیت نویز کنسلینگنویز کنسلینگ فعال (ANC) نویز کنسلینگ میکروفون (ENC) قابلیت پخش صدای محیطی (Transparency) ویژگی‌های خاصپشتیبانی از فرمان لمسی نمایشگر روی محفظه شارژ نوع گوشیدو گوشی عمر باتری هدفون در حالت مکالمه۱۰ ساعتعمر باتری هدفون در حالت پخش موسیقی۷ ساعتزمان موردنیاز برای شارژ هدفون۱.۵ ساعتزمان مورد نیاز برای شارژ محفظه۱.۵ ساعتقابلیت‌های شارژشارژ باسیم شارژ بی‌سیم درگاه شارژUSB Type-C وزن۶۰ گرمنسخه بلوتوث۵.۴ سایر مشخصاتعملکرد بی‌نظیر باتری. صفحه نمایش LCD جدید بر روی کیس شارژ. طراحی زیبا، کیفیت صدای بی‌نظیر، قابلیت‌های پیشرفته مانند ANC و ENC، به همراه صفحه نمایش LCD بر روی کیس شارژ، جنس بدنهپلی کربنات نوع کابلUSB Type-C نوع اتصالبی‌سیم رابط‌هابلوتوث مناسب برایکاربری عمومی قابلیت‌های مقاومتیمقاوم در برابر گرد و غبار","هدفون، هدست و هندزفری","آر ایکس","هدفون، هدست و هندزفری آر ایکس"
"1771406300-409","https://www.digikala.com/search/category-headphone/","هدفون بلوتوثی ریولینک مدل RV-25","۲,۴۵۰,۰۰۰","۴.۵","۶,۹۰۰,۰۰۰","۶۴٪","تنها ۳ عدد در انبار باقی مانده","سفارشی","","","سفارشی

هدفون بلوتوثی ریولینک مدل RV-25تنها ۳ عدد در انبار باقی مانده
۴.۵۶۴٪۲,۴۵۰,۰۰۰۶,۹۰۰,۰۰۰%فروش رفته۱۷ : ۴۹ : ۰۲","https://www.digikala.com/product/dkp-21257397/%D9%87%D8%AF%D9%81%D9%88%D9%86-%D8%A8%D9%84%D9%88%D8%AA%D9%88%D8%AB%DB%8C-%D8%B1%DB%8C%D9%88%D9%84%DB%8C%D9%86%DA%A9-%D9%85%D8%AF%D9%84-rv-25/?ad_variant_id=76417962","۴.۵","آوا هدفون ایران","عالی","اگر به‌دنبال یک هندزفری بی‌سیم با امکانات حرفه‌ای و قیمت اقتصادی هستید، ریولینک RV-25 می‌تواند انتخابی هوشمندانه باشد. این هدفون با درایورهای قدرتمند صدایی شفاف و دقیق ارائه می‌دهد و با قابلیت حذف نویز فعال (ANC) و میکروفون‌های ENC، تجربه‌ای باکیفیت در تماس و پخش موسیقی فراهم می‌کند.

اتصال پایدار از طریق بلوتوث نسخه 5.3 ، طراحی ارگونومیک، مقاومت در برابر رطوبت از دیگر ویژگی‌های کلیدی آن هستند. کیس شارژ نیز با ظرفیت مناسب و شارژ سریع، همراه خوبی برای استفاده روزمره است.
ریولی ...","https://dkstatics-public.digikala.com/digikala-products/3ce5b2e26d84dd41050a7bc5d7fefb479a26be37_1768302654.jpg?x-oss-process=image/resize,m_lfit,h_800,w_800/quality,q_90
https://dkstatics-public.digikala.com/digikala-products/c991a5d3852850fa40d6b77e141dad078eccafdc_1768302663.jpg?x-oss-process=image/resize,m_lfit,h_800,w_800/quality,q_90
https://dkstatics-public.digikala.com/digikala-products/2e2ee1c4eae6e142da8c34da4628271d97ddc517_1768302664.jpg?x-oss-process=image/resize,m_lfit,h_800,w_800/quality,q_90
https://dkstatics-public.digikala.com/digikala-products/3ce5b2e26d84dd41050a7bc5d7fefb479a26be37_1768302654.jpg?x-oss-process=image/resize,m_lfit,h_800,w_800/quality,q_90","","۷۵ دیدگاه","۶,۹۰۰,۰۰۰","هدفون بلوتوثی ریولینک مدل RV-25","قابلیت نویز کنسلینگنویز کنسلینگ فعال (ANC)، نویز کنسلینگ میکروفون (ENC)، قابلیت پخش صدای محیطی (Transparency)نویز کنسلینگ فعال (ANC)، نویز کنسلینگ میکروفون (ENC)، قابلیت پخش صدای محیطی (Transparency)نوع گوشیدو گوشیدو گوشینوع اتصالبی‌سیمبی‌سیمرابط‌هابلوتوثبلوتوثقابلیت‌های مقاومتیمقاوم در برابر رطوبت و عرقمقاوم در برابر رطوبت و عرق","مشخصاتنوع هدفون، هدست و هندزفریتو گوشی (Earbud/Earphone) اقلام همراه هدفون، هندزفری و هدستکابل شارژ محفظه شارژ پد گوشی یدکی منبع انرژیباتری قابل شارژ پاسخ فرکانسی۲۰-۲۰۰۰۰ هرتزقابلیت نویز کنسلینگنویز کنسلینگ فعال (ANC) نویز کنسلینگ میکروفون (ENC) قابلیت پخش صدای محیطی (Transparency) قابلیت اتصال به چند دستگاهندارد قطر درایور۱۰ میلی‌مترویژگی‌های خاصپشتیبانی از فرمان لمسی محدوده عملکرد۱۰ مترنوع آکوستیکباز نیمه‌باز نیمه‌بسته نوع گوشیدو گوشی عمر باتری هدفون در حالت استندبای۱۵۰۰ عمر باتری هدفون در حالت پخش موسیقی۶ ساعتعمر باتری محفظه شارژ۱۸ ساعتزمان موردنیاز برای شارژ هدفون۰:۳۰ ساعتقابلیت‌های شارژشارژ باسیم درگاه شارژUSB Type-C مشخصات باتریباتری لیتیوم یون قابل شارژ وزن۵.۴ گرمنسخه بلوتوث۵.۳ سایر مشخصاتکیس نگهدارنده این هندزفری ، علاوه بر شارژ گوشی ها به صورت پاوربانک نیز عمل می کند و زمانی که شارژ گوشی ها به پایان رسید با گذاشتن آنها در کیس بدون نیاز به منبع برق گوشی ها را شارژ می کند. جنس بدنهپلاستیک ظرفیت باتری۵۰۰ میلی‌آمپر‌ساعتنوع اتصالبی‌سیم رابط‌هابلوتوث امپدانس۳۲ اهممناسب برایکاربری عمومی قابلیت‌های مقاومتیمقاوم در برابر رطوبت و عرق نسبت سیگنال به نویز۹۸ دسی‌بل","هدفون، هدست و هندزفری","ریولینک","هدفون، هدست و هندزفری ریولینک"
"1771406302-410","https://www.digikala.com/search/category-headphone/","هندزفری بلوتوثی مدل  Airpod pro NEW","۳۹۸,۰۰۰","۳.۴","۴۵۰,۰۰۰","۱۲٪","&nbsp;","","https://www.digikala.com/statics/img/svg/productCard/topBadge/SpecialSell.svg","https://www.digikala.com/statics/img/svg/productCard/topBadge/SpecialSell.svg","هندزفری بلوتوثی مدل  Airpod pro NEW&nbsp;
۳.۴۱۲٪۳۹۸,۰۰۰۴۵۰,۰۰۰","https://www.digikala.com/product/dkp-14338740/%D9%87%D9%86%D8%AF%D8%B2%D9%81%D8%B1%DB%8C-%D8%A8%D9%84%D9%88%D8%AA%D9%88%D8%AB%DB%8C-%D9%85%D8%AF%D9%84-airpod-pro-new/","۳.۴","بازرگانی نوین ترابر","عالی","","https://dkstatics-public.digikala.com/digikala-products/fbf9912918552cc7b58485a290d6ad36b33ffef3_1707151234.jpg?x-oss-process=image/resize,m_lfit,h_800,w_800/quality,q_90
https://dkstatics-public.digikala.com/digikala-products/e06ccc0c4dfd15e9b329dbd9408bd430d1ec6e88_1707151251.jpg?x-oss-process=image/resize,m_lfit,h_800,w_800/quality,q_90
https://dkstatics-public.digikala.com/digikala-products/03aa9f55a39325bc12236425cfdd3a6f4c9a76c0_1707151251.jpg?x-oss-process=image/resize,m_lfit,h_800,w_800/quality,q_90
https://dkstatics-public.digikala.com/digikala-products/fbf9912918552cc7b58485a290d6ad36b33ffef3_1707151234.jpg?x-oss-process=image/resize,m_lfit,h_800,w_800/quality,q_90","","۵۷ دیدگاه","۴۵۰,۰۰۰","هندزفری بلوتوثی مدل  Airpod pro NEW","نوع گوشیدو گوشیدو گوشینوع اتصالبی‌سیمبی‌سیمرابط‌هاLightninggLightninggقابلیت‌های مقاومتیمقاوم در برابر رطوبت و عرقمقاوم در برابر رطوبت و عرق","مشخصاتسایر توضیحات اقلام همراه هدفون، هندزفری و هدست
کیس شارژ (پاوربانک)/ چهار نوع گوشی سیلیکونی ضد حساسیت (سایز: بسیار کوچک(XS)، کوچک(S)، متوسط(M)، بزرگ(L)) / کابل USB-C به لایتنینگ 
 نوع گوشیدو گوشی عمر باتری هدفون در حالت مکالمه۱۰ ساعتعمر باتری هدفون در حالت استندبای۲۴ عمر باتری هدفون در حالت پخش موسیقی۵ ساعتعمر باتری محفظه شارژ۴۸ ساعتزمان موردنیاز برای شارژ هدفون۲ ساعتوزن۱۰۰ گرمجنس بدنهپلاستیک نوع کابللایتنینگ نوع اتصالبی‌سیم رابط‌هاLightningg قابلیت‌های مقاومتیمقاوم در برابر رطوبت و عرق","هدفون، هدست و هندزفری","متفرقه","هدفون، هدست و هندزفری متفرقه"
"1771406305-411","https://www.digikala.com/search/category-headphone/","هدفون بی سیم بلوتوثی انکر مدل  A3213 U2i","۱,۷۱۰,۰۰۰","۴.۳","","","ارسال سریع دیجی‌کالا","","https://dkstatics-public.digikala.com/digikala-products/947312983ea78fab060fd2062570497850842db8_1745824979.jpg?x-oss-process=image/resize,m_lfit,h_300,w_300/quality,q_80","","هدفون بی سیم بلوتوثی انکر مدل  A3213 U2iارسال سریع دیجی‌کالا
۴.۳۱,۷۱۰,۰۰۰","https://www.digikala.com/product/dkp-9432664/%D9%87%D8%AF%D9%81%D9%88%D9%86-%D8%A8%DB%8C-%D8%B3%DB%8C%D9%85-%D8%A8%D9%84%D9%88%D8%AA%D9%88%D8%AB%DB%8C-%D8%A7%D9%86%DA%A9%D8%B1-%D9%85%D8%AF%D9%84-a3213-u2i/","۴.۳","دیجی‌کالا","عالی","ارزنده‌ترین هندزفری زیر ۱‌میلیون","https://dkstatics-public.digikala.com/digikala-products/947312983ea78fab060fd2062570497850842db8_1745824979.jpg?x-oss-process=image/resize,m_lfit,h_800,w_800/quality,q_90
https://dkstatics-public.digikala.com/digikala-products/947312983ea78fab060fd2062570497850842db8_1745824979.jpg?x-oss-process=image/resize,m_lfit,h_800,w_800/quality,q_90
https://dkstatics-public.digikala.com/digikala-products/d1b5d90b6ebd5ea2d44e1297b3591aed12d220b9_1662883753.jpg?x-oss-process=image/resize,m_lfit,h_800,w_800/quality,q_90
https://dkstatics-public.digikala.com/digikala-products/69a8a66e074ea76c78576658794472e253999816_1717595611.jpg?x-oss-process=image/resize,m_lfit,h_800,w_800/quality,q_90
https://dkstatics-public.digikala.com/digikala-products/947312983ea78fab060fd2062570497850842db8_1745824979.jpg?x-oss-process=image/resize,m_lfit,h_800,w_800/quality,q_90","","۳۱۲۱ دیدگاه","۲,۱۵۷,۵۰۰","هدفون بی سیم بلوتوثی انکر مدل  A3213 U2i","نوع گوشیدو گوشیدو گوشینوع اتصالبی‌سیمبی‌سیمرابط‌هاUSB Type-CUSB Type-Cقابلیت‌های مقاومتیمقاوم در برابر آبمقاوم در برابر آب","مشخصاتسایر توضیحات اقلام همراه هدفون، هندزفری و هدستکابل USB-C / 
سری گوشی اضافه S/M/L  پاسخ فرکانسی۲۰-۲۰۰۰۰ هرتزقطر درایور۲ درایور ۱۰ میلی‌متری میلی‌مترنوع گوشیدو گوشی عمر باتری۲۲ ساعت عمر باتری هدفون در حالت پخش موسیقی۲۲ ساعتوزن۱۰۰ گرمنسخه بلوتوث۵.۰ سایر مشخصاتایربادهای مغناطیسی / طراحی ارگونومیک و راحت / خاصیت Dual-EQ / بهینه‌سازی تماس با هوش مصنوعی /  نوع کابلUSB Type-C نوع اتصالبی‌سیم رابط‌هاUSB Type-C امپدانس۱۶ اهممناسب برایورزش قابلیت‌های مقاومتیمقاوم در برابر آب","هدفون، هدست و هندزفری","انکر","هدفون، هدست و هندزفری انکر"
