web_scraper_order,web_scraper_start_url,title,data,data2,data3,data4,data5,data6,data7,data8,data9,image,image2,item_page_title,item_page_link,rate,Seller_Name,product rezayat,product title,disc rate,org price,final price,Product_Description,image_1,image_3,var,specs 1,specs 2,comment count,brand,brand cat,main cat,cat,sub cat,sub cat 2
"1771409404-1","https://www.digikala.com/search/category-mobile-accessories/?has_selling_stock=1&sort=7","","","","","","","","","","","","","","","","","","","","","","","","","","","","","","","","","",""
"1771409404-2","https://www.digikala.com/search/category-mobile-accessories/?has_selling_stock=1&sort=7","","","","","","","","","","","","","","","","","","","","","","","","","","","","","","","","","",""
"1771409404-3","https://www.digikala.com/search/category-mobile-accessories/?has_selling_stock=1&sort=7","","","","","","","","","","","","","","","","","","","","","","","","","","","","","","","","","",""
"1771409404-4","https://www.digikala.com/search/category-mobile-accessories/?has_selling_stock=1&sort=7","","","","","","","","","","","","","","","","","","","","","","","","","","","","","","","","","",""
"1771409404-5","https://www.digikala.com/search/category-mobile-accessories/?has_selling_stock=1&sort=7","","","","","","","","","","","","","","","","","","","","","","","","","","","","","","","","","",""
"1771409404-6","https://www.digikala.com/search/category-mobile-accessories/?has_selling_stock=1&sort=7","","","","","","","","","","","","","","","","","","","","","","","","","","","","","","","","","",""
"1771409404-7","https://www.digikala.com/search/category-mobile-accessories/?has_selling_stock=1&sort=7","","","","","","","","","","","","","","","","","","","","","","","","","","","","","","","","","",""
"1771409404-8","https://www.digikala.com/search/category-mobile-accessories/?has_selling_stock=1&sort=7","","","","","","","","","","","","","","","","","","","","","","","","","","","","","","","","","",""
"1771409404-9","https://www.digikala.com/search/category-mobile-accessories/?has_selling_stock=1&sort=7","","","","","","","","","","","","","","","","","","","","","","","","","","","","","","","","","",""
"1771409404-10","https://www.digikala.com/search/category-mobile-accessories/?has_selling_stock=1&sort=7","","","","","","","","","","","","","","","","","","","","","","","","","","","","","","","","","",""
"1771409404-11","https://www.digikala.com/search/category-mobile-accessories/?has_selling_stock=1&sort=7","","","","","","","","","","","","","","","","","","","","","","","","","","","","","","","","","",""
"1771409404-12","https://www.digikala.com/search/category-mobile-accessories/?has_selling_stock=1&sort=7","","","","","","","","","","","","","","","","","","","","","","","","","","","","","","","","","",""
"1771409404-13","https://www.digikala.com/search/category-mobile-accessories/?has_selling_stock=1&sort=7","","","","","","","","","","","","","","","","","","","","","","","","","","","","","","","","","",""
"1771409404-14","https://www.digikala.com/search/category-mobile-accessories/?has_selling_stock=1&sort=7","","","","","","","","","","","","","","","","","","","","","","","","","","","","","","","","","",""
"1771409404-15","https://www.digikala.com/search/category-mobile-accessories/?has_selling_stock=1&sort=7","","","","","","","","","","","","","","","","","","","","","","","","","","","","","","","","","",""
"1771409404-16","https://www.digikala.com/search/category-mobile-accessories/?has_selling_stock=1&sort=7","","","","","","","","","","","","","","","","","","","","","","","","","","","","","","","","","",""
"1771409404-17","https://www.digikala.com/search/category-mobile-accessories/?has_selling_stock=1&sort=7","","","","","","","","","","","","","","","","","","","","","","","","","","","","","","","","","",""
"1771409404-18","https://www.digikala.com/search/category-mobile-accessories/?has_selling_stock=1&sort=7","","","","","","","","","","","","","","","","","","","","","","","","","","","","","","","","","",""
"1771409404-19","https://www.digikala.com/search/category-mobile-accessories/?has_selling_stock=1&sort=7","","","","","","","","","","","","","","","","","","","","","","","","","","","","","","","","","",""
"1771409404-20","https://www.digikala.com/search/category-mobile-accessories/?has_selling_stock=1&sort=7","","","","","","","","","","","","","","","","","","","","","","","","","","","","","","","","","",""
"1771409404-21","https://www.digikala.com/search/category-mobile-accessories/?has_selling_stock=1&sort=7","","","","","","","","","","","","","","","","","","","","","","","","","","","","","","","","","",""
"1771409404-22","https://www.digikala.com/search/category-mobile-accessories/?has_selling_stock=1&sort=7","","","","","","","","","","","","","","","","","","","","","","","","","","","","","","","","","",""
"1771409404-23","https://www.digikala.com/search/category-mobile-accessories/?has_selling_stock=1&sort=7","","","","","","","","","","","","","","","","","","","","","","","","","","","","","","","","","",""
"1771409404-24","https://www.digikala.com/search/category-mobile-accessories/?has_selling_stock=1&sort=7","","","","","","","","","","","","","","","","","","","","","","","","","","","","","","","","","",""
"1771409404-25","https://www.digikala.com/search/category-mobile-accessories/?has_selling_stock=1&sort=7","","","","","","","","","","","","","","","","","","","","","","","","","","","","","","","","","",""
"1771409404-26","https://www.digikala.com/search/category-mobile-accessories/?has_selling_stock=1&sort=7","","","","","","","","","","","","","","","","","","","","","","","","","","","","","","","","","",""
"1771409404-27","https://www.digikala.com/search/category-mobile-accessories/?has_selling_stock=1&sort=7","","","","","","","","","","","","","","","","","","","","","","","","","","","","","","","","","",""
"1771409404-28","https://www.digikala.com/search/category-mobile-accessories/?has_selling_stock=1&sort=7","","","","","","","","","","","","","","","","","","","","","","","","","","","","","","","","","",""
"1771409404-29","https://www.digikala.com/search/category-mobile-accessories/?has_selling_stock=1&sort=7","","","","","","","","","","","","","","","","","","","","","","","","","","","","","","","","","",""
"1771409404-30","https://www.digikala.com/search/category-mobile-accessories/?has_selling_stock=1&sort=7","","","","","","","","","","","","","","","","","","","","","","","","","","","","","","","","","",""
"1771409404-31","https://www.digikala.com/search/category-mobile-accessories/?has_selling_stock=1&sort=7","","","","","","","","","","","","","","","","","","","","","","","","","","","","","","","","","",""
"1771409404-32","https://www.digikala.com/search/category-mobile-accessories/?has_selling_stock=1&sort=7","","","","","","","","","","","","","","","","","","","","","","","","","","","","","","","","","",""
"1771409404-33","https://www.digikala.com/search/category-mobile-accessories/?has_selling_stock=1&sort=7","","","","","","","","","","","","","","","","","","","","","","","","","","","","","","","","","",""
"1771409404-34","https://www.digikala.com/search/category-mobile-accessories/?has_selling_stock=1&sort=7","","","","","","","","","","","","","","","","","","","","","","","","","","","","","","","","","",""
"1771409404-35","https://www.digikala.com/search/category-mobile-accessories/?has_selling_stock=1&sort=7","","","","","","","","","","","","","","","","","","","","","","","","","","","","","","","","","",""
"1771409404-36","https://www.digikala.com/search/category-mobile-accessories/?has_selling_stock=1&sort=7","","","","","","","","","","","","","","","","","","","","","","","","","","","","","","","","","",""
"1771409404-37","https://www.digikala.com/search/category-mobile-accessories/?has_selling_stock=1&sort=7","","","","","","","","","","","","","","","","","","","","","","","","","","","","","","","","","",""
"1771409404-38","https://www.digikala.com/search/category-mobile-accessories/?has_selling_stock=1&sort=7","","","","","","","","","","","","","","","","","","","","","","","","","","","","","","","","","",""
"1771409404-39","https://www.digikala.com/search/category-mobile-accessories/?has_selling_stock=1&sort=7","","","","","","","","","","","","","","","","","","","","","","","","","","","","","","","","","",""
"1771409404-40","https://www.digikala.com/search/category-mobile-accessories/?has_selling_stock=1&sort=7","","","","","","","","","","","","","","","","","","","","","","","","","","","","","","","","","",""
"1771409404-41","https://www.digikala.com/search/category-mobile-accessories/?has_selling_stock=1&sort=7","","","","","","","","","","","","","","","","","","","","","","","","","","","","","","","","","",""
"1771409404-42","https://www.digikala.com/search/category-mobile-accessories/?has_selling_stock=1&sort=7","","","","","","","","","","","","","","","","","","","","","","","","","","","","","","","","","",""
"1771409404-43","https://www.digikala.com/search/category-mobile-accessories/?has_selling_stock=1&sort=7","","","","","","","","","","","","","","","","","","","","","","","","","","","","","","","","","",""
"1771409404-44","https://www.digikala.com/search/category-mobile-accessories/?has_selling_stock=1&sort=7","","","","","","","","","","","","","","","","","","","","","","","","","","","","","","","","","",""
"1771409404-45","https://www.digikala.com/search/category-mobile-accessories/?has_selling_stock=1&sort=7","","","","","","","","","","","","","","","","","","","","","","","","","","","","","","","","","",""
"1771409404-46","https://www.digikala.com/search/category-mobile-accessories/?has_selling_stock=1&sort=7","","","","","","","","","","","","","","","","","","","","","","","","","","","","","","","","","",""
"1771409404-47","https://www.digikala.com/search/category-mobile-accessories/?has_selling_stock=1&sort=7","","","","","","","","","","","","","","","","","","","","","","","","","","","","","","","","","",""
"1771409404-48","https://www.digikala.com/search/category-mobile-accessories/?has_selling_stock=1&sort=7","","","","","","","","","","","","","","","","","","","","","","","","","","","","","","","","","",""
"1771409404-49","https://www.digikala.com/search/category-mobile-accessories/?has_selling_stock=1&sort=7","","","","","","","","","","","","","","","","","","","","","","","","","","","","","","","","","",""
"1771409404-50","https://www.digikala.com/search/category-mobile-accessories/?has_selling_stock=1&sort=7","","","","","","","","","","","","","","","","","","","","","","","","","","","","","","","","","",""
"1771409404-51","https://www.digikala.com/search/category-mobile-accessories/?has_selling_stock=1&sort=7","","","","","","","","","","","","","","","","","","","","","","","","","","","","","","","","","",""
"1771409404-52","https://www.digikala.com/search/category-mobile-accessories/?has_selling_stock=1&sort=7","","","","","","","","","","","","","","","","","","","","","","","","","","","","","","","","","",""
"1771409404-53","https://www.digikala.com/search/category-mobile-accessories/?has_selling_stock=1&sort=7","","","","","","","","","","","","","","","","","","","","","","","","","","","","","","","","","",""
"1771409404-54","https://www.digikala.com/search/category-mobile-accessories/?has_selling_stock=1&sort=7","","","","","","","","","","","","","","","","","","","","","","","","","","","","","","","","","",""
"1771409404-55","https://www.digikala.com/search/category-mobile-accessories/?has_selling_stock=1&sort=7","","","","","","","","","","","","","","","","","","","","","","","","","","","","","","","","","",""
"1771409404-56","https://www.digikala.com/search/category-mobile-accessories/?has_selling_stock=1&sort=7","","","","","","","","","","","","","","","","","","","","","","","","","","","","","","","","","",""
"1771409404-57","https://www.digikala.com/search/category-mobile-accessories/?has_selling_stock=1&sort=7","","","","","","","","","","","","","","","","","","","","","","","","","","","","","","","","","",""
"1771409404-58","https://www.digikala.com/search/category-mobile-accessories/?has_selling_stock=1&sort=7","","","","","","","","","","","","","","","","","","","","","","","","","","","","","","","","","",""
"1771409404-59","https://www.digikala.com/search/category-mobile-accessories/?has_selling_stock=1&sort=7","","","","","","","","","","","","","","","","","","","","","","","","","","","","","","","","","",""
"1771409404-60","https://www.digikala.com/search/category-mobile-accessories/?has_selling_stock=1&sort=7","","","","","","","","","","","","","","","","","","","","","","","","","","","","","","","","","",""
"1771409404-61","https://www.digikala.com/search/category-mobile-accessories/?has_selling_stock=1&sort=7","","","","","","","","","","","","","","","","","","","","","","","","","","","","","","","","","",""
"1771409404-62","https://www.digikala.com/search/category-mobile-accessories/?has_selling_stock=1&sort=7","","","","","","","","","","","","","","","","","","","","","","","","","","","","","","","","","",""
"1771409404-63","https://www.digikala.com/search/category-mobile-accessories/?has_selling_stock=1&sort=7","","","","","","","","","","","","","","","","","","","","","","","","","","","","","","","","","",""
"1771409404-64","https://www.digikala.com/search/category-mobile-accessories/?has_selling_stock=1&sort=7","","","","","","","","","","","","","","","","","","","","","","","","","","","","","","","","","",""
"1771409404-65","https://www.digikala.com/search/category-mobile-accessories/?has_selling_stock=1&sort=7","","","","","","","","","","","","","","","","","","","","","","","","","","","","","","","","","",""
"1771409404-66","https://www.digikala.com/search/category-mobile-accessories/?has_selling_stock=1&sort=7","","","","","","","","","","","","","","","","","","","","","","","","","","","","","","","","","",""
"1771409404-67","https://www.digikala.com/search/category-mobile-accessories/?has_selling_stock=1&sort=7","","","","","","","","","","","","","","","","","","","","","","","","","","","","","","","","","",""
"1771409404-68","https://www.digikala.com/search/category-mobile-accessories/?has_selling_stock=1&sort=7","","","","","","","","","","","","","","","","","","","","","","","","","","","","","","","","","",""
"1771409404-69","https://www.digikala.com/search/category-mobile-accessories/?has_selling_stock=1&sort=7","","","","","","","","","","","","","","","","","","","","","","","","","","","","","","","","","",""
"1771409404-70","https://www.digikala.com/search/category-mobile-accessories/?has_selling_stock=1&sort=7","","","","","","","","","","","","","","","","","","","","","","","","","","","","","","","","","",""
"1771409404-71","https://www.digikala.com/search/category-mobile-accessories/?has_selling_stock=1&sort=7","","","","","","","","","","","","","","","","","","","","","","","","","","","","","","","","","",""
"1771409404-72","https://www.digikala.com/search/category-mobile-accessories/?has_selling_stock=1&sort=7","","","","","","","","","","","","","","","","","","","","","","","","","","","","","","","","","",""
"1771409404-73","https://www.digikala.com/search/category-mobile-accessories/?has_selling_stock=1&sort=7","","","","","","","","","","","","","","","","","","","","","","","","","","","","","","","","","",""
"1771409404-74","https://www.digikala.com/search/category-mobile-accessories/?has_selling_stock=1&sort=7","","","","","","","","","","","","","","","","","","","","","","","","","","","","","","","","","",""
"1771409404-75","https://www.digikala.com/search/category-mobile-accessories/?has_selling_stock=1&sort=7","","","","","","","","","","","","","","","","","","","","","","","","","","","","","","","","","",""
"1771409404-76","https://www.digikala.com/search/category-mobile-accessories/?has_selling_stock=1&sort=7","","","","","","","","","","","","","","","","","","","","","","","","","","","","","","","","","",""
"1771409404-77","https://www.digikala.com/search/category-mobile-accessories/?has_selling_stock=1&sort=7","","","","","","","","","","","","","","","","","","","","","","","","","","","","","","","","","",""
"1771409404-78","https://www.digikala.com/search/category-mobile-accessories/?has_selling_stock=1&sort=7","","","","","","","","","","","","","","","","","","","","","","","","","","","","","","","","","",""
"1771409404-79","https://www.digikala.com/search/category-mobile-accessories/?has_selling_stock=1&sort=7","","","","","","","","","","","","","","","","","","","","","","","","","","","","","","","","","",""
"1771409404-80","https://www.digikala.com/search/category-mobile-accessories/?has_selling_stock=1&sort=7","","","","","","","","","","","","","","","","","","","","","","","","","","","","","","","","","",""
"1771409404-81","https://www.digikala.com/search/category-mobile-accessories/?has_selling_stock=1&sort=7","","","","","","","","","","","","","","","","","","","","","","","","","","","","","","","","","",""
"1771409404-82","https://www.digikala.com/search/category-mobile-accessories/?has_selling_stock=1&sort=7","","","","","","","","","","","","","","","","","","","","","","","","","","","","","","","","","",""
"1771409404-83","https://www.digikala.com/search/category-mobile-accessories/?has_selling_stock=1&sort=7","","","","","","","","","","","","","","","","","","","","","","","","","","","","","","","","","",""
"1771409404-84","https://www.digikala.com/search/category-mobile-accessories/?has_selling_stock=1&sort=7","","","","","","","","","","","","","","","","","","","","","","","","","","","","","","","","","",""
"1771409404-85","https://www.digikala.com/search/category-mobile-accessories/?has_selling_stock=1&sort=7","","","","","","","","","","","","","","","","","","","","","","","","","","","","","","","","","",""
"1771409404-86","https://www.digikala.com/search/category-mobile-accessories/?has_selling_stock=1&sort=7","","","","","","","","","","","","","","","","","","","","","","","","","","","","","","","","","",""
"1771409404-87","https://www.digikala.com/search/category-mobile-accessories/?has_selling_stock=1&sort=7","","","","","","","","","","","","","","","","","","","","","","","","","","","","","","","","","",""
"1771409404-88","https://www.digikala.com/search/category-mobile-accessories/?has_selling_stock=1&sort=7","","","","","","","","","","","","","","","","","","","","","","","","","","","","","","","","","",""
"1771409404-89","https://www.digikala.com/search/category-mobile-accessories/?has_selling_stock=1&sort=7","","","","","","","","","","","","","","","","","","","","","","","","","","","","","","","","","",""
"1771409404-90","https://www.digikala.com/search/category-mobile-accessories/?has_selling_stock=1&sort=7","","","","","","","","","","","","","","","","","","","","","","","","","","","","","","","","","",""
"1771409404-91","https://www.digikala.com/search/category-mobile-accessories/?has_selling_stock=1&sort=7","","","","","","","","","","","","","","","","","","","","","","","","","","","","","","","","","",""
"1771409404-92","https://www.digikala.com/search/category-mobile-accessories/?has_selling_stock=1&sort=7","","","","","","","","","","","","","","","","","","","","","","","","","","","","","","","","","",""
"1771409404-93","https://www.digikala.com/search/category-mobile-accessories/?has_selling_stock=1&sort=7","","","","","","","","","","","","","","","","","","","","","","","","","","","","","","","","","",""
"1771409404-94","https://www.digikala.com/search/category-mobile-accessories/?has_selling_stock=1&sort=7","","","","","","","","","","","","","","","","","","","","","","","","","","","","","","","","","",""
"1771409404-95","https://www.digikala.com/search/category-mobile-accessories/?has_selling_stock=1&sort=7","","","","","","","","","","","","","","","","","","","","","","","","","","","","","","","","","",""
"1771409404-96","https://www.digikala.com/search/category-mobile-accessories/?has_selling_stock=1&sort=7","","","","","","","","","","","","","","","","","","","","","","","","","","","","","","","","","",""
"1771409404-97","https://www.digikala.com/search/category-mobile-accessories/?has_selling_stock=1&sort=7","","","","","","","","","","","","","","","","","","","","","","","","","","","","","","","","","",""
"1771409404-98","https://www.digikala.com/search/category-mobile-accessories/?has_selling_stock=1&sort=7","","","","","","","","","","","","","","","","","","","","","","","","","","","","","","","","","",""
"1771409404-99","https://www.digikala.com/search/category-mobile-accessories/?has_selling_stock=1&sort=7","","","","","","","","","","","","","","","","","","","","","","","","","","","","","","","","","",""
"1771409404-100","https://www.digikala.com/search/category-mobile-accessories/?has_selling_stock=1&sort=7","","","","","","","","","","","","","","","","","","","","","","","","","","","","","","","","","",""
"1771409404-101","https://www.digikala.com/search/category-mobile-accessories/?has_selling_stock=1&sort=7","","","","","","","","","","","","","","","","","","","","","","","","","","","","","","","","","",""
"1771409404-102","https://www.digikala.com/search/category-mobile-accessories/?has_selling_stock=1&sort=7","","","","","","","","","","","","","","","","","","","","","","","","","","","","","","","","","",""
"1771409404-103","https://www.digikala.com/search/category-mobile-accessories/?has_selling_stock=1&sort=7","","","","","","","","","","","","","","","","","","","","","","","","","","","","","","","","","",""
"1771409404-104","https://www.digikala.com/search/category-mobile-accessories/?has_selling_stock=1&sort=7","","","","","","","","","","","","","","","","","","","","","","","","","","","","","","","","","",""
"1771409404-105","https://www.digikala.com/search/category-mobile-accessories/?has_selling_stock=1&sort=7","","","","","","","","","","","","","","","","","","","","","","","","","","","","","","","","","",""
"1771409404-106","https://www.digikala.com/search/category-mobile-accessories/?has_selling_stock=1&sort=7","","","","","","","","","","","","","","","","","","","","","","","","","","","","","","","","","",""
"1771409404-107","https://www.digikala.com/search/category-mobile-accessories/?has_selling_stock=1&sort=7","","","","","","","","","","","","","","","","","","","","","","","","","","","","","","","","","",""
"1771409404-108","https://www.digikala.com/search/category-mobile-accessories/?has_selling_stock=1&sort=7","","","","","","","","","","","","","","","","","","","","","","","","","","","","","","","","","",""
"1771409404-109","https://www.digikala.com/search/category-mobile-accessories/?has_selling_stock=1&sort=7","","","","","","","","","","","","","","","","","","","","","","","","","","","","","","","","","",""
"1771409404-110","https://www.digikala.com/search/category-mobile-accessories/?has_selling_stock=1&sort=7","","","","","","","","","","","","","","","","","","","","","","","","","","","","","","","","","",""
"1771409404-111","https://www.digikala.com/search/category-mobile-accessories/?has_selling_stock=1&sort=7","","","","","","","","","","","","","","","","","","","","","","","","","","","","","","","","","",""
"1771409404-112","https://www.digikala.com/search/category-mobile-accessories/?has_selling_stock=1&sort=7","","","","","","","","","","","","","","","","","","","","","","","","","","","","","","","","","",""
"1771409404-113","https://www.digikala.com/search/category-mobile-accessories/?has_selling_stock=1&sort=7","","","","","","","","","","","","","","","","","","","","","","","","","","","","","","","","","",""
"1771409404-114","https://www.digikala.com/search/category-mobile-accessories/?has_selling_stock=1&sort=7","","","","","","","","","","","","","","","","","","","","","","","","","","","","","","","","","",""
"1771409404-115","https://www.digikala.com/search/category-mobile-accessories/?has_selling_stock=1&sort=7","","","","","","","","","","","","","","","","","","","","","","","","","","","","","","","","","",""
"1771409404-116","https://www.digikala.com/search/category-mobile-accessories/?has_selling_stock=1&sort=7","","","","","","","","","","","","","","","","","","","","","","","","","","","","","","","","","",""
"1771409404-117","https://www.digikala.com/search/category-mobile-accessories/?has_selling_stock=1&sort=7","","","","","","","","","","","","","","","","","","","","","","","","","","","","","","","","","",""
"1771409404-118","https://www.digikala.com/search/category-mobile-accessories/?has_selling_stock=1&sort=7","","","","","","","","","","","","","","","","","","","","","","","","","","","","","","","","","",""
"1771409404-119","https://www.digikala.com/search/category-mobile-accessories/?has_selling_stock=1&sort=7","","","","","","","","","","","","","","","","","","","","","","","","","","","","","","","","","",""
"1771409404-120","https://www.digikala.com/search/category-mobile-accessories/?has_selling_stock=1&sort=7","","","","","","","","","","","","","","","","","","","","","","","","","","","","","","","","","",""
"1771409404-121","https://www.digikala.com/search/category-mobile-accessories/?has_selling_stock=1&sort=7","","","","","","","","","","","","","","","","","","","","","","","","","","","","","","","","","",""
"1771409404-122","https://www.digikala.com/search/category-mobile-accessories/?has_selling_stock=1&sort=7","","","","","","","","","","","","","","","","","","","","","","","","","","","","","","","","","",""
"1771409404-123","https://www.digikala.com/search/category-mobile-accessories/?has_selling_stock=1&sort=7","","","","","","","","","","","","","","","","","","","","","","","","","","","","","","","","","",""
"1771409404-124","https://www.digikala.com/search/category-mobile-accessories/?has_selling_stock=1&sort=7","","","","","","","","","","","","","","","","","","","","","","","","","","","","","","","","","",""
"1771409404-125","https://www.digikala.com/search/category-mobile-accessories/?has_selling_stock=1&sort=7","","","","","","","","","","","","","","","","","","","","","","","","","","","","","","","","","",""
"1771409404-126","https://www.digikala.com/search/category-mobile-accessories/?has_selling_stock=1&sort=7","","","","","","","","","","","","","","","","","","","","","","","","","","","","","","","","","",""
"1771409404-127","https://www.digikala.com/search/category-mobile-accessories/?has_selling_stock=1&sort=7","","","","","","","","","","","","","","","","","","","","","","","","","","","","","","","","","",""
"1771409404-128","https://www.digikala.com/search/category-mobile-accessories/?has_selling_stock=1&sort=7","","","","","","","","","","","","","","","","","","","","","","","","","","","","","","","","","",""
"1771409404-129","https://www.digikala.com/search/category-mobile-accessories/?has_selling_stock=1&sort=7","","","","","","","","","","","","","","","","","","","","","","","","","","","","","","","","","",""
"1771409404-130","https://www.digikala.com/search/category-mobile-accessories/?has_selling_stock=1&sort=7","","","","","","","","","","","","","","","","","","","","","","","","","","","","","","","","","",""
"1771409404-131","https://www.digikala.com/search/category-mobile-accessories/?has_selling_stock=1&sort=7","","","","","","","","","","","","","","","","","","","","","","","","","","","","","","","","","",""
"1771409404-132","https://www.digikala.com/search/category-mobile-accessories/?has_selling_stock=1&sort=7","","","","","","","","","","","","","","","","","","","","","","","","","","","","","","","","","",""
"1771409404-133","https://www.digikala.com/search/category-mobile-accessories/?has_selling_stock=1&sort=7","","","","","","","","","","","","","","","","","","","","","","","","","","","","","","","","","",""
"1771409404-134","https://www.digikala.com/search/category-mobile-accessories/?has_selling_stock=1&sort=7","","","","","","","","","","","","","","","","","","","","","","","","","","","","","","","","","",""
"1771409404-135","https://www.digikala.com/search/category-mobile-accessories/?has_selling_stock=1&sort=7","","","","","","","","","","","","","","","","","","","","","","","","","","","","","","","","","",""
"1771409404-136","https://www.digikala.com/search/category-mobile-accessories/?has_selling_stock=1&sort=7","","","","","","","","","","","","","","","","","","","","","","","","","","","","","","","","","",""
"1771409404-137","https://www.digikala.com/search/category-mobile-accessories/?has_selling_stock=1&sort=7","","","","","","","","","","","","","","","","","","","","","","","","","","","","","","","","","",""
"1771409404-138","https://www.digikala.com/search/category-mobile-accessories/?has_selling_stock=1&sort=7","","","","","","","","","","","","","","","","","","","","","","","","","","","","","","","","","",""
"1771409404-139","https://www.digikala.com/search/category-mobile-accessories/?has_selling_stock=1&sort=7","","","","","","","","","","","","","","","","","","","","","","","","","","","","","","","","","",""
"1771409404-140","https://www.digikala.com/search/category-mobile-accessories/?has_selling_stock=1&sort=7","","","","","","","","","","","","","","","","","","","","","","","","","","","","","","","","","",""
"1771409404-141","https://www.digikala.com/search/category-mobile-accessories/?has_selling_stock=1&sort=7","","","","","","","","","","","","","","","","","","","","","","","","","","","","","","","","","",""
"1771409404-142","https://www.digikala.com/search/category-mobile-accessories/?has_selling_stock=1&sort=7","","","","","","","","","","","","","","","","","","","","","","","","","","","","","","","","","",""
"1771409404-143","https://www.digikala.com/search/category-mobile-accessories/?has_selling_stock=1&sort=7","","","","","","","","","","","","","","","","","","","","","","","","","","","","","","","","","",""
"1771409404-144","https://www.digikala.com/search/category-mobile-accessories/?has_selling_stock=1&sort=7","","","","","","","","","","","","","","","","","","","","","","","","","","","","","","","","","",""
"1771409404-145","https://www.digikala.com/search/category-mobile-accessories/?has_selling_stock=1&sort=7","","","","","","","","","","","","","","","","","","","","","","","","","","","","","","","","","",""
"1771409404-146","https://www.digikala.com/search/category-mobile-accessories/?has_selling_stock=1&sort=7","","","","","","","","","","","","","","","","","","","","","","","","","","","","","","","","","",""
"1771409404-147","https://www.digikala.com/search/category-mobile-accessories/?has_selling_stock=1&sort=7","","","","","","","","","","","","","","","","","","","","","","","","","","","","","","","","","",""
"1771409404-148","https://www.digikala.com/search/category-mobile-accessories/?has_selling_stock=1&sort=7","","","","","","","","","","","","","","","","","","","","","","","","","","","","","","","","","",""
"1771409404-149","https://www.digikala.com/search/category-mobile-accessories/?has_selling_stock=1&sort=7","","","","","","","","","","","","","","","","","","","","","","","","","","","","","","","","","",""
"1771409404-150","https://www.digikala.com/search/category-mobile-accessories/?has_selling_stock=1&sort=7","","","","","","","","","","","","","","","","","","","","","","","","","","","","","","","","","",""
"1771409404-151","https://www.digikala.com/search/category-mobile-accessories/?has_selling_stock=1&sort=7","","","","","","","","","","","","","","","","","","","","","","","","","","","","","","","","","",""
"1771409404-152","https://www.digikala.com/search/category-mobile-accessories/?has_selling_stock=1&sort=7","","","","","","","","","","","","","","","","","","","","","","","","","","","","","","","","","",""
"1771409404-153","https://www.digikala.com/search/category-mobile-accessories/?has_selling_stock=1&sort=7","","","","","","","","","","","","","","","","","","","","","","","","","","","","","","","","","",""
"1771409404-154","https://www.digikala.com/search/category-mobile-accessories/?has_selling_stock=1&sort=7","","","","","","","","","","","","","","","","","","","","","","","","","","","","","","","","","",""
"1771409404-155","https://www.digikala.com/search/category-mobile-accessories/?has_selling_stock=1&sort=7","","","","","","","","","","","","","","","","","","","","","","","","","","","","","","","","","",""
"1771409404-156","https://www.digikala.com/search/category-mobile-accessories/?has_selling_stock=1&sort=7","","","","","","","","","","","","","","","","","","","","","","","","","","","","","","","","","",""
"1771409404-157","https://www.digikala.com/search/category-mobile-accessories/?has_selling_stock=1&sort=7","","","","","","","","","","","","","","","","","","","","","","","","","","","","","","","","","",""
"1771409404-158","https://www.digikala.com/search/category-mobile-accessories/?has_selling_stock=1&sort=7","","","","","","","","","","","","","","","","","","","","","","","","","","","","","","","","","",""
"1771409404-159","https://www.digikala.com/search/category-mobile-accessories/?has_selling_stock=1&sort=7","","","","","","","","","","","","","","","","","","","","","","","","","","","","","","","","","",""
"1771409404-160","https://www.digikala.com/search/category-mobile-accessories/?has_selling_stock=1&sort=7","","","","","","","","","","","","","","","","","","","","","","","","","","","","","","","","","",""
"1771409404-161","https://www.digikala.com/search/category-mobile-accessories/?has_selling_stock=1&sort=7","","","","","","","","","","","","","","","","","","","","","","","","","","","","","","","","","",""
"1771409404-162","https://www.digikala.com/search/category-mobile-accessories/?has_selling_stock=1&sort=7","","","","","","","","","","","","","","","","","","","","","","","","","","","","","","","","","",""
"1771409404-163","https://www.digikala.com/search/category-mobile-accessories/?has_selling_stock=1&sort=7","","","","","","","","","","","","","","","","","","","","","","","","","","","","","","","","","",""
"1771409404-164","https://www.digikala.com/search/category-mobile-accessories/?has_selling_stock=1&sort=7","","","","","","","","","","","","","","","","","","","","","","","","","","","","","","","","","",""
"1771409404-165","https://www.digikala.com/search/category-mobile-accessories/?has_selling_stock=1&sort=7","","","","","","","","","","","","","","","","","","","","","","","","","","","","","","","","","",""
"1771409404-166","https://www.digikala.com/search/category-mobile-accessories/?has_selling_stock=1&sort=7","","","","","","","","","","","","","","","","","","","","","","","","","","","","","","","","","",""
"1771409404-167","https://www.digikala.com/search/category-mobile-accessories/?has_selling_stock=1&sort=7","","","","","","","","","","","","","","","","","","","","","","","","","","","","","","","","","",""
"1771409404-168","https://www.digikala.com/search/category-mobile-accessories/?has_selling_stock=1&sort=7","","","","","","","","","","","","","","","","","","","","","","","","","","","","","","","","","",""
"1771409404-169","https://www.digikala.com/search/category-mobile-accessories/?has_selling_stock=1&sort=7","","","","","","","","","","","","","","","","","","","","","","","","","","","","","","","","","",""
"1771409404-170","https://www.digikala.com/search/category-mobile-accessories/?has_selling_stock=1&sort=7","","","","","","","","","","","","","","","","","","","","","","","","","","","","","","","","","",""
"1771409404-171","https://www.digikala.com/search/category-mobile-accessories/?has_selling_stock=1&sort=7","","","","","","","","","","","","","","","","","","","","","","","","","","","","","","","","","",""
"1771409404-172","https://www.digikala.com/search/category-mobile-accessories/?has_selling_stock=1&sort=7","","","","","","","","","","","","","","","","","","","","","","","","","","","","","","","","","",""
"1771409404-173","https://www.digikala.com/search/category-mobile-accessories/?has_selling_stock=1&sort=7","","","","","","","","","","","","","","","","","","","","","","","","","","","","","","","","","",""
"1771409404-174","https://www.digikala.com/search/category-mobile-accessories/?has_selling_stock=1&sort=7","","","","","","","","","","","","","","","","","","","","","","","","","","","","","","","","","",""
"1771409404-175","https://www.digikala.com/search/category-mobile-accessories/?has_selling_stock=1&sort=7","","","","","","","","","","","","","","","","","","","","","","","","","","","","","","","","","",""
"1771409404-176","https://www.digikala.com/search/category-mobile-accessories/?has_selling_stock=1&sort=7","","","","","","","","","","","","","","","","","","","","","","","","","","","","","","","","","",""
"1771409404-177","https://www.digikala.com/search/category-mobile-accessories/?has_selling_stock=1&sort=7","","","","","","","","","","","","","","","","","","","","","","","","","","","","","","","","","",""
"1771409404-178","https://www.digikala.com/search/category-mobile-accessories/?has_selling_stock=1&sort=7","","","","","","","","","","","","","","","","","","","","","","","","","","","","","","","","","",""
"1771409404-179","https://www.digikala.com/search/category-mobile-accessories/?has_selling_stock=1&sort=7","","","","","","","","","","","","","","","","","","","","","","","","","","","","","","","","","",""
"1771409404-180","https://www.digikala.com/search/category-mobile-accessories/?has_selling_stock=1&sort=7","","","","","","","","","","","","","","","","","","","","","","","","","","","","","","","","","",""
"1771409404-181","https://www.digikala.com/search/category-mobile-accessories/?has_selling_stock=1&sort=7","","","","","","","","","","","","","","","","","","","","","","","","","","","","","","","","","",""
"1771409404-182","https://www.digikala.com/search/category-mobile-accessories/?has_selling_stock=1&sort=7","","","","","","","","","","","","","","","","","","","","","","","","","","","","","","","","","",""
"1771409404-183","https://www.digikala.com/search/category-mobile-accessories/?has_selling_stock=1&sort=7","","","","","","","","","","","","","","","","","","","","","","","","","","","","","","","","","",""
"1771409404-184","https://www.digikala.com/search/category-mobile-accessories/?has_selling_stock=1&sort=7","","","","","","","","","","","","","","","","","","","","","","","","","","","","","","","","","",""
"1771409404-185","https://www.digikala.com/search/category-mobile-accessories/?has_selling_stock=1&sort=7","","","","","","","","","","","","","","","","","","","","","","","","","","","","","","","","","",""
"1771409407-186","https://www.digikala.com/search/category-mobile-accessories/?has_selling_stock=1&sort=7","پاوربانک ای دیتا مدل P20000QCD ظرفیت 20000 میلی آمپر ساعت","۳,۱۵۰,۰۰۰","","","۴.۳","ارسال سریع دیجی‌کالا","","","","","","","پاوربانک ای دیتا مدل P20000QCD ظرفیت 20000 میلی آمپر ساعتارسال سریع دیجی‌کالا
۴.۳۳,۱۵۰,۰۰۰","https://www.digikala.com/product/dkp-4170850/%D9%BE%D8%A7%D9%88%D8%B1%D8%A8%D8%A7%D9%86%DA%A9-%D8%A7%DB%8C-%D8%AF%DB%8C%D8%AA%D8%A7-%D9%85%D8%AF%D9%84-p20000qcd-%D8%B8%D8%B1%D9%81%DB%8C%D8%AA-20000-%D9%85%DB%8C%D9%84%DB%8C-%D8%A2%D9%85%D9%BE%D8%B1-%D8%B3%D8%A7%D8%B9%D8%AA/","۴.۳","دیجی‌کالا","۹۰.۲%","پاوربانک ای دیتا مدل P20000QCD ظرفیت 20000 میلی آمپر ساعت","","۳,۱۵۰,۰۰۰","","معرفی پاوربانک ای دیتا مدل P20000QCD
پاوربانک ای دیتا مدل P20000QCD یک محصول کاربردی با جنس و کیفیت عالی است که با انواع تلفن‌های همراه، تبلت، دوربین دیجیتال، موزیک پلیر، و دستگاه‌های این چنین، سازگاری دارد. یک پاوربانک قدرت‌مند که با سه درگاه خروجی، امکان شارژ سه دستگاه به طور همزمان را برای شما فراهم می‌سازد. در گذشته خیلی از ما با این مشکل مواجه بودیم که خارج از خانه با کمبود شارژ تلفن همراه مواجه می‌شدیم و یافت یک پریز برق برای شارژ گوشی هم کار آسانی نبود.
 امروزه اما ب ...","https://dkstatics-public.digikala.com/digikala-products/adacc0d39b3d9d54d03b047bf91b96109c9ab9b2_1754244116.jpg?x-oss-process=image/resize,m_lfit,h_800,w_800/quality,q_90
https://dkstatics-public.digikala.com/digikala-products/adacc0d39b3d9d54d03b047bf91b96109c9ab9b2_1754244116.jpg?x-oss-process=image/resize,m_lfit,h_800,w_800/quality,q_90
https://dkstatics-public.digikala.com/digikala-products/58e672f8ec45dc8e30217f6e3a1ff969b2ba07f8_1609852813.jpg?x-oss-process=image/resize,m_lfit,h_800,w_800/quality,q_90
https://dkstatics-public.digikala.com/digikala-products/adacc0d39b3d9d54d03b047bf91b96109c9ab9b2_1754244116.jpg?x-oss-process=image/resize,m_lfit,h_800,w_800/quality,q_90","https://dkstatics-public.digikala.com/digikala-products/adacc0d39b3d9d54d03b047bf91b96109c9ab9b2_1754244116.jpg?x-oss-process=image/resize,m_lfit,h_800,w_800/quality,q_90","مشکیسفیدسرمه ایسرمه ای روشن","نوع باتری پاوربانکلیتیوم پلیمریلیتیوم پلیمریتعداد درگاه خروجیسه عددسه عددقابلیت‌های دستگاهپشتیبانی از فناوری شارژ سریع Power Delivery (PD)پشتیبانی از فناوری شارژ سریع Power Delivery (PD)","مشخصاتمشخصات کلینوع پاوربانک (شارژر همراه)پاوربانک نوع باتری پاوربانکلیتیوم پلیمری مشخصات فنیپشتیبانی از تکنولوژی شارژ QC ۳.۰ و USB PD ۳.۰ / حداکثر توان خروجی ۱۸ وات جنس بدنهپلاستیک نحوه نمایش میزان شارژ باترینشانگر LED قابلیت‌های دستگاهپشتیبانی از فناوری شارژ سریع Power Delivery (PD) مشاهده بیشتر","۲۶۸۳ دیدگاه","ای دیتا","پاوربانک (شارژر همراه) ای دیتا","کالای دیجیتال/","لوازم جانبی کالای دیجیتال/","لوازم جانبی گوشی موبایل/","پاوربانک (شارژر همراه)"
"1771409409-187","https://www.digikala.com/search/category-mobile-accessories/?has_selling_stock=1&sort=7","خنک کننده گوشی موبایل مدل PUBG-AL01","۲۷۶,۰۰۰","","","۴.۲","ارسال سریع دیجی‌کالا","","","","","","","خنک کننده گوشی موبایل مدل PUBG-AL01ارسال سریع دیجی‌کالا
۴.۲۲۷۶,۰۰۰","https://www.digikala.com/product/dkp-10359158/%D8%AE%D9%86%DA%A9-%DA%A9%D9%86%D9%86%D8%AF%D9%87-%DA%AF%D9%88%D8%B4%DB%8C-%D9%85%D9%88%D8%A8%D8%A7%DB%8C%D9%84-%D9%85%D8%AF%D9%84-pubg-al01/","","","","","","","","","","","","","","","","","","","",""
"1771409411-188","https://www.digikala.com/search/category-mobile-accessories/?has_selling_stock=1&sort=7","پاوربانک آیرنج مدل IR - D252 ظرفیت 20000 میلی‌آمپرساعت","۱,۸۹۹,۰۰۰","۲,۱۵۰,۰۰۰","۱۲٪","۳.۴","تنها ۱ عدد در انبار باقی مانده","","","","","","","پاوربانک آیرنج مدل IR - D252 ظرفیت 20000 میلی‌آمپرساعتتنها ۱ عدد در انبار باقی مانده
۳.۴۱۲٪۱,۸۹۹,۰۰۰۲,۱۵۰,۰۰۰","https://www.digikala.com/product/dkp-20216973/%D9%BE%D8%A7%D9%88%D8%B1%D8%A8%D8%A7%D9%86%DA%A9-%D8%A2%DB%8C%D8%B1%D9%86%D8%AC-%D9%85%D8%AF%D9%84-ir-d252-%D8%B8%D8%B1%D9%81%DB%8C%D8%AA-20000-%D9%85%DB%8C%D9%84%DB%8C%D8%A2%D9%85%D9%BE%D8%B1%D8%B3%D8%A7%D8%B9%D8%AA/","۳.۴","بازرگانی موبایل کوثر","۶۸%","پاوربانک آیرنج مدل IR - D252 ظرفیت 20000 میلی‌آمپرساعت","۱۲٪","۲,۱۵۰,۰۰۰","۱,۸۹۹,۰۰۰","پاوربانک شفاف آیرنج مدل D252 ظرفیت 20000 میلی آمپر با طراحی خلاقانه و شفاف به شما اجازه می دهد تا مدار و چیپ های داخل پاوربانک را ببینید. این پاوربانک دارای 7 خروجی و 2 ورودی می باشد ، وجود 4 کابل یکپارچه متصل به بدنه شما را از حمل کابل شارژ اضافه بی نیاز می کند. این محصول دارای دو پورت خروجی USB با توان 22.5 وات و یک پورت Type-C با توان 20 وات می باشد و از قابلیت شارژ سریع QC و PD پشتیبانی می کند. جنس بدنه این پاوربانک از مواد درجه یک پلاستیک PC و ABS ساخته شده که بسیار مقاو ...","https://dkstatics-public.digikala.com/digikala-products/a29bca3ac5c587e9bca6b01f704f673133552a9a_1755682136.jpg?x-oss-process=image/resize,m_lfit,h_800,w_800/quality,q_90
https://dkstatics-public.digikala.com/digikala-products/a29bca3ac5c587e9bca6b01f704f673133552a9a_1755682136.jpg?x-oss-process=image/resize,m_lfit,h_800,w_800/quality,q_90
https://dkstatics-public.digikala.com/digikala-products/32ecd66a8fbff0c6516a72fd676e73ed43c6a275_1755682135.jpg?x-oss-process=image/resize,m_lfit,h_800,w_800/quality,q_90
https://dkstatics-public.digikala.com/digikala-products/a29bca3ac5c587e9bca6b01f704f673133552a9a_1755682136.jpg?x-oss-process=image/resize,m_lfit,h_800,w_800/quality,q_90","https://dkstatics-public.digikala.com/digikala-products/a29bca3ac5c587e9bca6b01f704f673133552a9a_1755682136.jpg?x-oss-process=image/resize,m_lfit,h_800,w_800/quality,q_90","مشکی","نوع باتری پاوربانکلیتیوم پلیمریلیتیوم پلیمریتعداد درگاه خروجیسه عددسه عددقابلیت‌های دستگاهپشتیبانی از فناوری شارژ سریع Power Delivery (PD)پشتیبانی از فناوری شارژ سریع Power Delivery (PD)","مشخصاتمشخصات کلینوع پاوربانک (شارژر همراه)پاوربانک نوع باتری پاوربانکلیتیوم پلیمری مشخصات فنیتوان خروجی ۲۲.۵ وات ، ۴ عدد کابل متصل به پاوربانک (لایتنینگ و USB و USB-C و Micro USB) - تعداد درگاه خروجی ۳ عدد نوع درگاه خروجی USB, Type-C نوع درگاه ورودی Type-c شدت جریان و ولتاژ ورودی ۵V/۳A, ۹V/۲A, ۱۲V/۱.۵A شدت جریان و ولتاژ خروجی از درگاه تایپ سی ۵V۳A / ۹V۲.۲A ۱۲V/۱.۶A شدت جریان و ولتاژ خروجی از درگاه یو اس بی ۴.۵V/۵A ۵V/۳A ۹V/۲A ۱۲V/۱.۵A جنس بدنهپلاستیک توضیحات جنس بدنهبدنه شفاف ، چراغ LED برای روشنایی نحوه نمایش میزان شارژ باترینشانگر LED قابلیت‌های دستگاهپشتیبانی از فناوری شارژ سریع Power Delivery (PD) مشاهده بیشتر","۶۱ دیدگاه","آیرنج","پاوربانک (شارژر همراه) آیرنج","کالای دیجیتال/","لوازم جانبی کالای دیجیتال/","لوازم جانبی گوشی موبایل/","پاوربانک (شارژر همراه)"
"1771409414-189","https://www.digikala.com/search/category-mobile-accessories/?has_selling_stock=1&sort=7","کاور مدل R50i مناسب برای کیس هندزفری بلوتوثی انکر SoundCore R50i","۱۸۱,۰۰۰","","","۴.۴","&nbsp;","","","","","","","کاور مدل R50i مناسب برای کیس هندزفری بلوتوثی انکر SoundCore R50i&nbsp;
۴.۴۱۸۱,۰۰۰","https://www.digikala.com/product/dkp-12946210/%DA%A9%D8%A7%D9%88%D8%B1-%D9%85%D8%AF%D9%84-r50i-%D9%85%D9%86%D8%A7%D8%B3%D8%A8-%D8%A8%D8%B1%D8%A7%DB%8C-%DA%A9%DB%8C%D8%B3-%D9%87%D9%86%D8%AF%D8%B2%D9%81%D8%B1%DB%8C-%D8%A8%D9%84%D9%88%D8%AA%D9%88%D8%AB%DB%8C-%D8%A7%D9%86%DA%A9%D8%B1-soundcore-r50i/","۴.۴","نوآوران تک","۹۰.۸%","کاور مدل R50i مناسب برای کیس هندزفری بلوتوثی انکر SoundCore R50i","","۱۸۱,۰۰۰","","","https://dkstatics-public.digikala.com/digikala-products/e6a50ed50c7b318a5900cf10aac8a1a54e435455_1696941655.jpg?x-oss-process=image/resize,m_lfit,h_800,w_800/quality,q_90
https://dkstatics-public.digikala.com/digikala-products/2f7a455b2d75ac7adc8875f4e4b5fecbe04c5d3e_1696941516.jpg?x-oss-process=image/resize,m_lfit,h_800,w_800/quality,q_90
https://dkstatics-public.digikala.com/digikala-products/9f5aeed3d9c6b4e090316ab1ab2312d2ce0bd756_1696941520.jpg?x-oss-process=image/resize,m_lfit,h_800,w_800/quality,q_90
https://dkstatics-public.digikala.com/digikala-products/e6a50ed50c7b318a5900cf10aac8a1a54e435455_1696941655.jpg?x-oss-process=image/resize,m_lfit,h_800,w_800/quality,q_90","https://dkstatics-public.digikala.com/digikala-products/e6a50ed50c7b318a5900cf10aac8a1a54e435455_1696941655.jpg?x-oss-process=image/resize,m_lfit,h_800,w_800/quality,q_90","سبز تیرهمشکیسفیدسرمه ای","مناسب برایSoundcore R50iSoundcore R50iساختارماتماتویژگی‌های کیف و کاوردسترسی آسان به درگاه ها، انعطاف پذیردسترسی آسان به درگاه ها، انعطاف پذیر","مشخصاتمشخصاتوزن۳۰ گرمجنسسیلیکون مناسب برایSoundcore R۵۰i ساختارمات ویژگی‌های کیف و کاوردسترسی آسان به درگاه ها انعطاف پذیر","۱۱۲۴ دیدگاه","متفرقه","کیف و کاور هدفون متفرقه","کالای دیجیتال/","لوازم جانبی کالای دیجیتال/","لوازم جانبی گوشی موبایل/","کیف و کاور هدفون"
"1771409416-190","https://www.digikala.com/search/category-mobile-accessories/?has_selling_stock=1&sort=7","محافظ لنز دوربین تیسیکالا مدل رینگی مناسب برای گوشی موبایل شیائومی POCO X7 Pro","۱۵۹,۰۰۰","","","۴.۳","ارسال سریع دیجی‌کالا","","","","","","","محافظ لنز دوربین تیسیکالا مدل رینگی مناسب برای گوشی موبایل شیائومی POCO X7 Proارسال سریع دیجی‌کالا
۴.۳۱۵۹,۰۰۰","https://www.digikala.com/product/dkp-18805315/%D9%85%D8%AD%D8%A7%D9%81%D8%B8-%D9%84%D9%86%D8%B2-%D8%AF%D9%88%D8%B1%D8%A8%DB%8C%D9%86-%D8%AA%DB%8C%D8%B3%DB%8C%DA%A9%D8%A7%D9%84%D8%A7-%D9%85%D8%AF%D9%84-%D8%B1%DB%8C%D9%86%DA%AF%DB%8C-%D9%85%D9%86%D8%A7%D8%B3%D8%A8-%D8%A8%D8%B1%D8%A7%DB%8C-%DA%AF%D9%88%D8%B4%DB%8C-%D9%85%D9%88%D8%A8%D8%A7%DB%8C%D9%84-%D8%B4%DB%8C%D8%A7%D8%A6%D9%88%D9%85%DB%8C-poco-x7-pro/","۴.۳","سهند موبایل استور","۸۵.۸%","محافظ لنز دوربین تیسیکالا مدل رینگی مناسب برای گوشی موبایل شیائومی POCO X7 Pro","","۱۴۹,۰۰۰","","","https://dkstatics-public.digikala.com/digikala-products/b766a2bac56c001df9f873892d7b590cb7abd763_1743892598.jpg?x-oss-process=image/resize,m_lfit,h_800,w_800/quality,q_90
https://dkstatics-public.digikala.com/digikala-products/90b2b7f5574e948945051300e78780a0588f6734_1743892405.jpg?x-oss-process=image/resize,m_lfit,h_800,w_800/quality,q_90
https://dkstatics-public.digikala.com/digikala-products/612b43202ff9eca6a47a965309a847ea8bd08f50_1743892405.jpg?x-oss-process=image/resize,m_lfit,h_800,w_800/quality,q_90
https://dkstatics-public.digikala.com/digikala-products/b766a2bac56c001df9f873892d7b590cb7abd763_1743892598.jpg?x-oss-process=image/resize,m_lfit,h_800,w_800/quality,q_90","https://dkstatics-public.digikala.com/digikala-products/b766a2bac56c001df9f873892d7b590cb7abd763_1743892598.jpg?x-oss-process=image/resize,m_lfit,h_800,w_800/quality,q_90","مشکینقره ای","","مشخصاتمشخصاتقابلیت‌های مقاومتیمقاومت در برابر پاشش آب و گرد و غبار مقاوم در برابر ضربه مقاوم در برابر خط و خش مقاوم در برابر نفوذ گرد و غبار مقاوم در برابر نفوذ آب مناسب برای گوشی موبایلشیائومی POCO X۷ Pro نوع محافظ لنز گوشی موبایلفلزی شیشه‌ای","۸۳ دیدگاه","متفرقه","محافظ لنز گوشی موبایل متفرقه","کالای دیجیتال/","لوازم جانبی کالای دیجیتال/","لوازم جانبی گوشی موبایل/","محافظ لنز گوشی موبایل"
"1771409418-191","https://www.digikala.com/search/category-mobile-accessories/?has_selling_stock=1&sort=7","خنک کننده گوشی موبایل پی های تک مدل Turbo CX07.5","۱,۹۸۰,۰۰۰","۲,۲۸۰,۰۰۰","۱۳٪","۴.۴","ارسال سریع دیجی‌کالا","","","","","","","خنک کننده گوشی موبایل پی های تک مدل Turbo CX07.5ارسال سریع دیجی‌کالا
۴.۴۱۳٪۱,۹۸۰,۰۰۰۲,۲۸۰,۰۰۰","https://www.digikala.com/product/dkp-19402995/%D8%AE%D9%86%DA%A9-%DA%A9%D9%86%D9%86%D8%AF%D9%87-%DA%AF%D9%88%D8%B4%DB%8C-%D9%85%D9%88%D8%A8%D8%A7%DB%8C%D9%84-%D9%BE%DB%8C-%D9%87%D8%A7%DB%8C-%D8%AA%DA%A9-%D9%85%D8%AF%D9%84-turbo-cx075/","۴.۴","جانبی ماه عسل","۹۰%","خنک کننده گوشی موبایل پی های تک مدل Turbo CX07.5","۱۳٪","۲,۲۸۰,۰۰۰","۱,۹۸۰,۰۰۰","خنک کننده گوشی ممو توربو مدل CX07.5، راهکاری مؤثر برای جلوگیری از داغ شدن گوشی، تبلت و لپ‌تاپ
این دستگاه نسبت به مدل قبلی خود ارتقا یافته و ضمن افزایش وزن و آلیاژ، قدرت خنک کنندگی آن نیز افزایش یافته است. این دستگاه با عملکرد قدرتمند خود، دمای دستگاه شما را به سرعت کاهش داده و از آسیب‌های ناشی از گرما جلوگیری می‌کند. طراحی ویژه آن باعث افزایش عمر باتری و بهبود عملکرد دستگاه در استفاده‌های طولانی‌مدت می‌شود.

شما با وجود این دستگاه می‌توانید با خیالی آسوده به اجرای انواع بازی  ...","https://dkstatics-public.digikala.com/digikala-products/c5e021e30fc80420b6bbfae5f9c4f5cd50ac222c_1748867626.jpg?x-oss-process=image/resize,m_lfit,h_800,w_800/quality,q_90
https://dkstatics-public.digikala.com/digikala-products/ea37ca0c30cae3ba90645584eb6a7e3c7bf457cb_1748867735.jpg?x-oss-process=image/resize,m_lfit,h_800,w_800/quality,q_90
https://dkstatics-public.digikala.com/digikala-products/850c6563a798b4aadb46054fa8b97ad292c9306f_1748867742.jpg?x-oss-process=image/resize,m_lfit,h_800,w_800/quality,q_90
https://dkstatics-public.digikala.com/digikala-products/c5e021e30fc80420b6bbfae5f9c4f5cd50ac222c_1748867626.jpg?x-oss-process=image/resize,m_lfit,h_800,w_800/quality,q_90","https://dkstatics-public.digikala.com/digikala-products/c5e021e30fc80420b6bbfae5f9c4f5cd50ac222c_1748867626.jpg?x-oss-process=image/resize,m_lfit,h_800,w_800/quality,q_90","مشکی","","مشخصاتمشخصاتنوع قطعات جانبی موبایل و تبلتبازی و سرگرمی وزن۷۱ گرممشخصاتاین دستگاه به صورت کاربراتوری بوده و به صورت مستقیم و با کابل Type-C عمل می کند + قابلیت باز شدن درپوش دستگاه برای تمیز کردن پره های فن با برس مخصوص","۱۵۶ دیدگاه","پی های تک","قطعات جانبی موبایل و تبلت و هدفون پی های تک","کالای دیجیتال/","لوازم جانبی کالای دیجیتال/","لوازم جانبی گوشی موبایل/","قطعات جانبی موبایل و تبلت و هدفون"
"1771409420-192","https://www.digikala.com/search/category-mobile-accessories/?has_selling_stock=1&sort=7","محافظ صفحه نمایش آتوچبو مدل A07FULL Shiny مناسب برای گوشی موبایل سامسونگ Galaxy A07","۱۰۸,۵۶۰","۱۱۸,۰۰۰","۸٪","۴.۳","&nbsp;","","","","","","","محافظ صفحه نمایش آتوچبو مدل A07FULL Shiny مناسب برای گوشی موبایل سامسونگ Galaxy A07&nbsp;
۴.۳۸٪۱۰۸,۵۶۰۱۱۸,۰۰۰","https://www.digikala.com/product/dkp-20469898/%D9%85%D8%AD%D8%A7%D9%81%D8%B8-%D8%B5%D9%81%D8%AD%D9%87-%D9%86%D9%85%D8%A7%DB%8C%D8%B4-%D8%A2%D8%AA%D9%88%DA%86%D8%A8%D9%88-%D9%85%D8%AF%D9%84-a07full-shiny-%D9%85%D9%86%D8%A7%D8%B3%D8%A8-%D8%A8%D8%B1%D8%A7%DB%8C-%DA%AF%D9%88%D8%B4%DB%8C-%D9%85%D9%88%D8%A8%D8%A7%DB%8C%D9%84-%D8%B3%D8%A7%D9%85%D8%B3%D9%88%D9%86%DA%AF-galaxy-a07/","۴.۳","اورجینال","۸۵.۸%","محافظ صفحه نمایش آتوچبو مدل A07FULL Shiny مناسب برای گوشی موبایل سامسونگ Galaxy A07","۸٪","۱۱۸,۰۰۰","۱۰۸,۵۶۰","","https://dkstatics-public.digikala.com/digikala-products/dd3040c8407c3490099907912378988c6c317f91_1758189347.jpg?x-oss-process=image/resize,m_lfit,h_800,w_800/quality,q_90
https://dkstatics-public.digikala.com/digikala-products/7827e52287ef0a914ba58178dda87631cef5f56e_1758189353.jpg?x-oss-process=image/resize,m_lfit,h_800,w_800/quality,q_90
https://dkstatics-public.digikala.com/digikala-products/7f1d9e71b90b7f4e7a16aead08b1c43149147756_1758189359.jpg?x-oss-process=image/resize,m_lfit,h_800,w_800/quality,q_90
https://dkstatics-public.digikala.com/digikala-products/dd3040c8407c3490099907912378988c6c317f91_1758189347.jpg?x-oss-process=image/resize,m_lfit,h_800,w_800/quality,q_90","https://dkstatics-public.digikala.com/digikala-products/dd3040c8407c3490099907912378988c6c317f91_1758189347.jpg?x-oss-process=image/resize,m_lfit,h_800,w_800/quality,q_90","مشکی","قابلیت‌های مقاومتیمقاوم در برابر خط و خشمقاوم در برابر خط و خشسازگار با گوشی موبایلSamsung Galaxy A07Samsung Galaxy A07","مشخصاتمشخصاتجنس محافظشیشه نوع محافظ صفحه نمایش گوشیفول ویژگی‌ها۹H قابلیت نصب آسان مقاوم در برابر چربی و اثرانگشت مقاوم در برابر خط و خش نصب بدون حباب جلوگیری از انعکاس نور قابلیت‌های مقاومتیمقاوم در برابر خط و خش سازگار با گوشی موبایلSamsung Galaxy A۰۷ دارای محافظ برای قسمتجلو (صفحه نمایش) تعداد در بسته‌بندیتکی مشاهده بیشتر","۵۱ دیدگاه","آتوچبو","محافظ صفحه نمایش گوشی آتوچبو","کالای دیجیتال/","لوازم جانبی کالای دیجیتال/","لوازم جانبی گوشی موبایل/","محافظ صفحه نمایش گوشی"
"1771409422-193","https://www.digikala.com/search/category-mobile-accessories/?has_selling_stock=1&sort=7","پاوربانک هیسکا مدل HP-224PD ظرفیت 20000 میلی آمپر ساعت","۳,۱۹۰,۰۰۰","۳,۹۹۰,۰۰۰","۲۰٪","۴.۷","ارسال سریع دیجی‌کالا","","","","","","","پاوربانک هیسکا مدل HP-224PD ظرفیت 20000 میلی آمپر ساعتارسال سریع دیجی‌کالا
۴.۷۲۰٪۳,۱۹۰,۰۰۰۳,۹۹۰,۰۰۰","https://www.digikala.com/product/dkp-19214573/%D9%BE%D8%A7%D9%88%D8%B1%D8%A8%D8%A7%D9%86%DA%A9-%D9%87%DB%8C%D8%B3%DA%A9%D8%A7-%D9%85%D8%AF%D9%84-hp-224pd-%D8%B8%D8%B1%D9%81%DB%8C%D8%AA-20000-%D9%85%DB%8C%D9%84%DB%8C-%D8%A2%D9%85%D9%BE%D8%B1-%D8%B3%D8%A7%D8%B9%D8%AA/","۴.۷","هیسکا","۹۴.۸%","پاوربانک هیسکا مدل HP-224PD ظرفیت 20000 میلی آمپر ساعت","۲۰٪","۳,۹۹۰,۰۰۰","۳,۱۹۰,۰۰۰","پاوربانک هیسکا مدل HP-224PD با ظرفیت قدرتمند 20000 میلی‌آمپرساعت، یکی از گزینه‌های حرفه‌ای و با کیفیت برای افرادی است که نیاز به شارژ سریع و چندمنظوره‌ی دستگاه‌های دیجیتال خود دارند. این مدل با برخورداری از دو باتری لیتیوم‌پلیمر داخلی و توان شارژ بالا، به‌راحتی می‌تواند گوشی‌های هوشمند، تبلت‌ها، هدفون‌های بی‌سیم و حتی برخی لپ‌تاپ‌های کوچک را چندین بار شارژ کند. درگاه‌های خروجی متنوع شامل USB-A، USB-C و کابل‌های داخلی Type-C و Lightning، باعث شده‌اند تا این پاوربانک پاسخ‌گوی ن ...","https://dkstatics-public.digikala.com/digikala-products/cccb843c85d2fde3c398156f320f1c09cd2d0c9c_1746961577.jpg?x-oss-process=image/resize,m_lfit,h_800,w_800/quality,q_90
https://dkstatics-public.digikala.com/digikala-products/df3eecc009f613b71ba3d2310b2a29f37b30ee86_1746961577.jpg?x-oss-process=image/resize,m_lfit,h_800,w_800/quality,q_90
https://dkstatics-public.digikala.com/digikala-products/33f98e34f057ea97196e6f3e09985bbcfde7bb0d_1746961577.jpg?x-oss-process=image/resize,m_lfit,h_800,w_800/quality,q_90
https://dkstatics-public.digikala.com/digikala-products/cccb843c85d2fde3c398156f320f1c09cd2d0c9c_1746961577.jpg?x-oss-process=image/resize,m_lfit,h_800,w_800/quality,q_90","https://dkstatics-public.digikala.com/digikala-products/cccb843c85d2fde3c398156f320f1c09cd2d0c9c_1746961577.jpg?x-oss-process=image/resize,m_lfit,h_800,w_800/quality,q_90","مشکی","نوع باتری پاوربانکلیتیوم پلیمریلیتیوم پلیمریتعداد درگاه خروجیچهار عددچهار عددقابلیت‌های دستگاهپشتیبانی از فناوری شارژ سریع Power Delivery (PD)پشتیبانی از فناوری شارژ سریع Power Delivery (PD)","مشخصاتمشخصات کلینوع پاوربانک (شارژر همراه)پاوربانک نوع باتری پاوربانکلیتیوم پلیمری مشخصات فنیخروجی USB-A: (۵ ولت-۳ آمپر / ۹ ولت-۲ آمپر / ۱۰ ولت-۲.۲۵ آمپر / ۱۲ ولت-۱.۵ آمپر) (۲۲.۵ وات)
خروجی USB-C: (۵ ولت-۳ آمپر / ۹ ولت-۲.۲۲ آمپر / ۱۰ ولت-۲.۲۵ آمپر / ۱۲ ولت-۱.۶۷ آمپر) (۲۲.۵ وات)
خروجی کابل TYPE-C: (۵ ولت-۳ آمپر / ۹ ولت-۲.۲۲ آمپر / ۱۰ ولت-۲.۲۵ آمپر / ۱۲ ولت-۱.۶۷ آمپر) (۱۸ وات)
ورودی USB-C: (۵ ولت-۳ آمپر / ۹ ولت-۲ آمپر / ۱۲ ولت-۱.۵ آمپر) (۱۸ وات)
ورودی کابل USB-C: (۱۸ وات)
خروجی کابل لایتنینگ: (۵ ولت-۲.۴ آمپر) (۱۲ وات) توضیحات جنس بدنهپلاستیک ABS ضد حریق + پلی‌کربنات با روکش روغنی (نرم‌لمس) قابلیت‌های دستگاهپشتیبانی از فناوری شارژ سریع Power Delivery (PD) مشاهده بیشتر","۶۶ دیدگاه","هیسکا","پاوربانک (شارژر همراه) هیسکا","کالای دیجیتال/","لوازم جانبی کالای دیجیتال/","لوازم جانبی گوشی موبایل/","پاوربانک (شارژر همراه)"
"1771409425-194","https://www.digikala.com/search/category-mobile-accessories/?has_selling_stock=1&sort=7","کابل تبدیل USB به USB-C بیاند مدل BUC-302 FAST CHARGE طول 2 متر","۲۱۸,۰۰۰","","","۴.۳","ارسال سریع دیجی‌کالا","","","","","","","کابل تبدیل USB به USB-C بیاند مدل BUC-302 FAST CHARGE طول 2 مترارسال سریع دیجی‌کالا
۴.۳۲۱۸,۰۰۰","https://www.digikala.com/product/dkp-15433817/%DA%A9%D8%A7%D8%A8%D9%84-%D8%AA%D8%A8%D8%AF%DB%8C%D9%84-usb-%D8%A8%D9%87-usb-c-%D8%A8%DB%8C%D8%A7%D9%86%D8%AF-%D9%85%D8%AF%D9%84-buc-302-fast-charge-%D8%B7%D9%88%D9%84-2-%D9%85%D8%AA%D8%B1/","۴.۳","رهپویان انفورماتیک برتر","۸۸.۲%","کابل تبدیل USB به USB-C بیاند مدل BUC-302 FAST CHARGE طول 2 متر","","۲۱۸,۰۰۰","","کابل شارژ بیاند مدل BUM-302 MicroUSB از جنس رشته‌های مسی ساخته شده‌ و دارای روکش بافته شده از الیاف نایلون است. این کابل کاملاً استاندارد بوده و به دلیل جلوگیری از جریانات مرتعش، در استفاده طولانی مدت به باتری دستگاه شما صدمه‌ای وارد نمی کند. جنس هسته این کابل از مس است و وجود 4 مجموعه سیم مسی در این کابل باعث می‌شود که علاوه بر شارژ سریع، امکان انتقال اطلاعات را نیز داشته باشید. به سبب داشتن روکش بافته شده از الیاف نایلون و استفاده از کابل‌های مسی با کیفیت، قابلیت انعطاف‌پذی ...","https://dkstatics-public.digikala.com/digikala-products/ce29e02124c6401a297c71e181194d7a6a909cb3_1770140479.jpg?x-oss-process=image/resize,m_lfit,h_800,w_800/quality,q_90
https://dkstatics-public.digikala.com/digikala-products/5e4f453fb0eb5c6269508f1caebaf6d9de6ff067_1715605451.jpg?x-oss-process=image/resize,m_lfit,h_800,w_800/quality,q_90
https://dkstatics-public.digikala.com/digikala-products/bb2406904625b7d687b4a7a9688de9462d77f775_1715605457.jpg?x-oss-process=image/resize,m_lfit,h_800,w_800/quality,q_90
https://dkstatics-public.digikala.com/digikala-products/ce29e02124c6401a297c71e181194d7a6a909cb3_1770140479.jpg?x-oss-process=image/resize,m_lfit,h_800,w_800/quality,q_90","https://dkstatics-public.digikala.com/digikala-products/ce29e02124c6401a297c71e181194d7a6a909cb3_1770140479.jpg?x-oss-process=image/resize,m_lfit,h_800,w_800/quality,q_90","مشکی","نوع رابطرابط USB Type-C، USBرابط USB Type-C، USBقابلیت‌هاامکان انتقال اطلاعاتامکان انتقال اطلاعات","مشخصاتمشخصاتسازگار باتمام دستگاه‌هایی که دارای ورودی Type-c هستند نوع کابلUSB Type-C USB طول کابل۲۰۰ سانتی مترنوع رابطرابط USB Type-C USB قابلیت‌هاامکان انتقال اطلاعات سایر توضیحات کابلپشتیبانی از تکنولوژی شارژسریع
 روکش بافته شده از الیاف نایلون بازه طول کابل۱۵۱ تا ۳۰۰ سانتی‌متر مشاهده بیشتر","۱۳۶۴ دیدگاه","بیاند","کابل شارژ و مبدل بیاند","کالای دیجیتال/","لوازم جانبی کالای دیجیتال/","لوازم جانبی گوشی موبایل/","کابل شارژ و مبدل"
"1771409427-195","https://www.digikala.com/search/category-mobile-accessories/?has_selling_stock=1&sort=7","پاوربانک 22.5 وات ریمکس مدل RPP-623 ظرفیت 20000 میلی آمپر ساعت","۱,۹۹۰,۰۰۰","","","۴.۲","ارسال سریع دیجی‌کالا","","","","","","","پاوربانک 22.5 وات ریمکس مدل RPP-623 ظرفیت 20000 میلی آمپر ساعتارسال سریع دیجی‌کالا
۴.۲۱,۹۹۰,۰۰۰","https://www.digikala.com/product/dkp-17160481/%D9%BE%D8%A7%D9%88%D8%B1%D8%A8%D8%A7%D9%86%DA%A9-225-%D9%88%D8%A7%D8%AA-%D8%B1%DB%8C%D9%85%DA%A9%D8%B3-%D9%85%D8%AF%D9%84-rpp-623-%D8%B8%D8%B1%D9%81%DB%8C%D8%AA-20000-%D9%85%DB%8C%D9%84%DB%8C-%D8%A2%D9%85%D9%BE%D8%B1-%D8%B3%D8%A7%D8%B9%D8%AA/","۴.۲","امیر شاپ","۹۰%","پاوربانک 22.5 وات ریمکس مدل RPP-623 ظرفیت 20000 میلی آمپر ساعت","","۱,۸۸۰,۰۰۰","","پاوربانک ریمکس مدل RPP-623 با ظرفیت ۲۰۰۰۰ میلی‌آمپر ساعت، یک ایستگاه شارژ قابل اتکا و قدرتمند است که برای پاسخگویی به نیازهای چندگانه کاربران در دنیای پرسرعت امروز طراحی شده است. این دستگاه با بهره‌گیری از باتری لیتیوم پلیمری مرغوب، ظرفیت اسمی و واقعی بالایی را ارائه می‌دهد که برای شارژ چندین‌باره گوشی‌های هوشمند، تبلت‌ها و سایر گجت‌ها مانند دوربین و اسپیکر بلوتوثی کاملاً مناسب است. طراحی بدنه پلاستیکی آن با ابعاد ۱۴.۳ در ۶.۹ سانتی‌متر و وزن ۴۲۰ گرم، ساختاری محکم و بادوام را  ...","https://dkstatics-public.digikala.com/digikala-products/ae3a0fd28ab23ecfe38e2c926c041b2c5d9a3713_1754237324.jpg?x-oss-process=image/resize,m_lfit,h_800,w_800/quality,q_90
https://dkstatics-public.digikala.com/digikala-products/b066d5f8f55b2ff5ecbbf7086c2d90a68eebe916_1729926443.jpg?x-oss-process=image/resize,m_lfit,h_800,w_800/quality,q_90
https://dkstatics-public.digikala.com/digikala-products/98123e0b3294ecba4399ccfddef93ebe938ff0d4_1729926474.jpg?x-oss-process=image/resize,m_lfit,h_800,w_800/quality,q_90
https://dkstatics-public.digikala.com/digikala-products/ae3a0fd28ab23ecfe38e2c926c041b2c5d9a3713_1754237324.jpg?x-oss-process=image/resize,m_lfit,h_800,w_800/quality,q_90","https://dkstatics-public.digikala.com/digikala-products/ae3a0fd28ab23ecfe38e2c926c041b2c5d9a3713_1754237324.jpg?x-oss-process=image/resize,m_lfit,h_800,w_800/quality,q_90","سفیدمشکی","نوع باتری پاوربانکلیتیوم پلیمریلیتیوم پلیمریتعداد درگاه خروجیسه عددسه عددولتاژ ورودی55","مشخصاتمشخصات کلینوع پاوربانک (شارژر همراه)پاوربانک نوع باتری پاوربانکلیتیوم پلیمری مناسب برای شارژگوشی موبایل تبلت دوربین اسپیکر بلوتوثی ابعاد پاوربانک۱۴.۳x۶.۹x۲.۵ سانتی‌مترمشخصات فنیخروجی تایپ سی ــــــــــــ>      ۵ولت = ۳ آمپر  ,   ۹ ولت = ۲.۲۲ آمپر , ۱۲ ولت = ۱.۶۷ امپر.  ( ۲۰ وات توان خروجی ) 
خروجی USB ۱ ,۲ ــــــــــــ>.    ۱۰ ولت = ۲.۲۵ آمپر  ,   ۵ ولت = ۳ آمپر , ۹ ولت = ۲ امپر.  ( ۲۲.۵ وات توان خروجی )  وزن پاوربانک۴۲۰ گرمجنس بدنهپلاستیک قابلیت‌های مقاومتیبدون قابلیت مقاومتی اقلام همراهبدون اقلام همراه نحوه نمایش میزان شارژ باترینشانگر شارژ به درصد مشاهده بیشتر","۲۰۱ دیدگاه","ریمکس","پاوربانک (شارژر همراه) ریمکس","کالای دیجیتال/","لوازم جانبی کالای دیجیتال/","لوازم جانبی گوشی موبایل/","پاوربانک (شارژر همراه)"
"1771409429-196","https://www.digikala.com/search/category-mobile-accessories/?has_selling_stock=1&sort=7","کاور مدل ZH-002 مناسب برای پاوربانک شیائومی Redmi 20000 mAH","۱۹۵,۰۰۰","","","۴.۱","ارسال سریع دیجی‌کالا","","","","","","","کاور مدل ZH-002 مناسب برای پاوربانک شیائومی Redmi 20000 mAHارسال سریع دیجی‌کالا
۴.۱۱۹۵,۰۰۰","https://www.digikala.com/product/dkp-2494058/%DA%A9%D8%A7%D9%88%D8%B1-%D9%85%D8%AF%D9%84-zh-002-%D9%85%D9%86%D8%A7%D8%B3%D8%A8-%D8%A8%D8%B1%D8%A7%DB%8C-%D9%BE%D8%A7%D9%88%D8%B1%D8%A8%D8%A7%D9%86%DA%A9-%D8%B4%DB%8C%D8%A7%D8%A6%D9%88%D9%85%DB%8C-redmi-20000-mah/","۴.۱","دشارژ","۸۶.۶%","کاور مدل ZH-002 مناسب برای پاوربانک شیائومی Redmi 20000 mAH","","۱۹۵,۰۰۰","","","https://dkstatics-public.digikala.com/digikala-products/119434342.jpg?x-oss-process=image/resize,m_lfit,h_800,w_800/quality,q_90
https://dkstatics-public.digikala.com/digikala-products/119434344.jpg?x-oss-process=image/resize,m_lfit,h_800,w_800/quality,q_90
https://dkstatics-public.digikala.com/digikala-products/119434354.jpg?x-oss-process=image/resize,m_lfit,h_800,w_800/quality,q_90","","مشکی ماتسفیدمشکی","","مشخصاتمشخصاتوزن۳۵ گرممشخصات- مناسب برای پاور بانک شیائومی ۲۰۰۰۰ میلی آمپر ساعت
- محافظت از سطح جانبی پاور بانک
- جنس سیلیکونی نرم و محکم با قابلیت نصب و خارج کردن آسان از روی پاور بانک","۲۵۹۰ دیدگاه","متفرقه","قطعات جانبی موبایل و تبلت و هدفون متفرقه","کالای دیجیتال/","لوازم جانبی کالای دیجیتال/","لوازم جانبی گوشی موبایل/","قطعات جانبی موبایل و تبلت و هدفون"
"1771409431-197","https://www.digikala.com/search/category-mobile-accessories/?has_selling_stock=1&sort=7","مبدل OTG USB-C مدل D-101","۵۵,۰۰۰","","","۳.۸","&nbsp;","","","","","","","مبدل OTG USB-C مدل D-101&nbsp;
۳.۸۵۵,۰۰۰","https://www.digikala.com/product/dkp-2147911/%D9%85%D8%A8%D8%AF%D9%84-otg-usb-c-%D9%85%D8%AF%D9%84-d-101/","۳.۸","جانبی امید","۶۰.۴%","مبدل OTG USB-C مدل D-101","","۵۲,۵۰۰","","","https://dkstatics-public.digikala.com/digikala-products/114010817.jpg?x-oss-process=image/resize,m_lfit,h_800,w_800/quality,q_90
https://dkstatics-public.digikala.com/digikala-products/114010858.jpg?x-oss-process=image/resize,m_lfit,h_800,w_800/quality,q_90","","مشکینقره ایآبی","نوع رابطرابط USB Type-Cرابط USB Type-Cقابلیت‌هاامکان انتقال اطلاعاتامکان انتقال اطلاعات","مشخصاتمشخصاتنوع کابلUSB ۳.۰ نوع رابطرابط USB Type-C قابلیت‌هاامکان انتقال اطلاعات","۲۹۹۳ دیدگاه","متفرقه","کابل شارژ و مبدل متفرقه","کالای دیجیتال/","لوازم جانبی کالای دیجیتال/","لوازم جانبی گوشی موبایل/","کابل شارژ و مبدل"
"1771409433-198","https://www.digikala.com/search/category-mobile-accessories/?has_selling_stock=1&sort=7","محافظ صفحه نمایش شهر گلس مدل SUPSR مناسب برای گوشی موبایل اپل iPhone 13","۱۲۵,۰۰۰","","","۴.۵","ارسال سریع دیجی‌کالا","","","","","","","محافظ صفحه نمایش شهر گلس مدل SUPSR مناسب برای گوشی موبایل اپل iPhone 13ارسال سریع دیجی‌کالا
۴.۵۱۲۵,۰۰۰","https://www.digikala.com/product/dkp-11017381/%D9%85%D8%AD%D8%A7%D9%81%D8%B8-%D8%B5%D9%81%D8%AD%D9%87-%D9%86%D9%85%D8%A7%DB%8C%D8%B4-%D8%B4%D9%87%D8%B1-%DA%AF%D9%84%D8%B3-%D9%85%D8%AF%D9%84-supsr-%D9%85%D9%86%D8%A7%D8%B3%D8%A8-%D8%A8%D8%B1%D8%A7%DB%8C-%DA%AF%D9%88%D8%B4%DB%8C-%D9%85%D9%88%D8%A8%D8%A7%DB%8C%D9%84-%D8%A7%D9%BE%D9%84-iphone-13/","۴.۵","شهر گلس","۹۲.۲%","محافظ صفحه نمایش شهر گلس مدل SUPSR مناسب برای گوشی موبایل اپل iPhone 13","","۱۲۵,۰۰۰","","صفحه نمایش گوشی بسیار حساس است و ممکن است در اثر ضربه یا خط و خش آسیب ببیند. محافظ صفحه نمایش شهر گلس مدل سوپردی (SUPER-D) به عنوان یک محافظ قدرتمند و با کیفیت در بازار موجود است که نظر کاربران زیادی را به خود جلب کرده و استفاده از آن برای گوشی موبایل اپل iPhone 13 یک گزینه ایده آل به شمار می رود. این محافظ صفحه نمایش، تمام قسمت های صفحه نمایش را به صورت کامل پوشش داده و اجازه نمی دهد به صفحه نمایش گوشی شما آسیبی برسد. حاشیه اطراف آن، ابعاد صفحه گوشی شما را کوچک نمی کند و دار ...","https://dkstatics-public.digikala.com/digikala-products/5898b352145741e37b31c5e9b3133a8af457c125_1723468640.jpg?x-oss-process=image/resize,m_lfit,h_800,w_800/quality,q_90
https://dkstatics-public.digikala.com/digikala-products/7c392bbc2dd749efb7b1c67dc1ba4be9bff41b0f_1680949491.jpg?x-oss-process=image/resize,m_lfit,h_800,w_800/quality,q_90
https://dkstatics-public.digikala.com/digikala-products/63cd6bb36dce60adf552e110780c091fee3eb737_1680949492.jpg?x-oss-process=image/resize,m_lfit,h_800,w_800/quality,q_90
https://dkstatics-public.digikala.com/digikala-products/5898b352145741e37b31c5e9b3133a8af457c125_1723468640.jpg?x-oss-process=image/resize,m_lfit,h_800,w_800/quality,q_90","https://dkstatics-public.digikala.com/digikala-products/5898b352145741e37b31c5e9b3133a8af457c125_1723468640.jpg?x-oss-process=image/resize,m_lfit,h_800,w_800/quality,q_90","مشکی","قابلیت‌های مقاومتیمقاوم در برابر ضربهمقاوم در برابر ضربهسازگار با گوشی موبایلسایر گوشی‌های موبایلسایر گوشی‌های موبایل","مشخصاتمشخصاتویژگی‌ها۹H جلوگیری از ایجاد خط و خش قابلیت نصب آسان مقاوم در برابر خط و خش نصب بدون حباب قابلیت‌های مقاومتیمقاوم در برابر ضربه سازگار با گوشی موبایلسایر گوشی‌های موبایل مشخصات دیگر استفاده از شیشه حرارت دیده تحت شرایط خاص
- دارای پوشش تمام چسب صفحه نمایش
- سازگاری با تمامی کیس و کیف های موجود
- دارای سختی ۹H و مقاومت بسیار بالا در برابر خط و خش و ضربه
- مقاوم در برابر اثر انگشت، قطرات آب و چربی
- عدم کاهش حساسیت تاچ صفحه نمایش
- با قابلیت رد کردن ۹۹ درصد نور از صفحه نمایش به چشم بیننده
- مقاوم در برابر ایجاد حباب 
- نصب آسان
- بسته بندی شکیل ضخامت۰.۳ دارای محافظ برای قسمتجلو (صفحه نمایش) مشاهده بیشتر","۴۹ دیدگاه","شهر گلس","محافظ صفحه نمایش گوشی شهر گلس","کالای دیجیتال/","لوازم جانبی کالای دیجیتال/","لوازم جانبی گوشی موبایل/","محافظ صفحه نمایش گوشی"
"1771409436-199","https://www.digikala.com/search/category-mobile-accessories/?has_selling_stock=1&sort=7","کابل تبدیل USB به USB-C نیبیوا مدل Fast Charge 120W طول 1.5 متر","۵۶۸,۰۰۰","۶۲۸,۰۰۰","۱۰٪","۴.۳","ارسال سریع دیجی‌کالا","","","","","","","کابل تبدیل USB به USB-C نیبیوا مدل Fast Charge 120W طول 1.5 مترارسال سریع دیجی‌کالا
۴.۳۱۰٪۵۶۸,۰۰۰۶۲۸,۰۰۰","https://www.digikala.com/product/dkp-19094623/%DA%A9%D8%A7%D8%A8%D9%84-%D8%AA%D8%A8%D8%AF%DB%8C%D9%84-usb-%D8%A8%D9%87-usb-c-%D9%86%DB%8C%D8%A8%DB%8C%D9%88%D8%A7-%D9%85%D8%AF%D9%84-fast-charge-120w-%D8%B7%D9%88%D9%84-15-%D9%85%D8%AA%D8%B1/","۴.۳","نیبیوا ایران","۸۶.۸%","کابل تبدیل USB به USB-C نیبیوا مدل Fast Charge 120W طول 1.5 متر","۱۰٪","۶۲۸,۰۰۰","۵۶۸,۰۰۰","کابل شارژ سریع ۱۲۰ وات USB به USB-C از برند NIBIWA، با بهره‌گیری از فناوری‌های پیشرفته و کیفیت ساخت بالا، تجربه‌ای کم‌نظیر از شارژ سریع و ایمن را فراهم می‌کند. این کابل با پشتیبانی از تکنولوژی‌های HyperCharge و Turbo Charge قادر است دستگاه شما را در کمتر از ۲۰ دقیقه تا ۹۹ درصد شارژ کند؛ عملکردی که سرعت واقعی شارژ را به‌وضوح نمایان می‌سازد.
استفاده از تراشه‌ی سازگار با محصولات شیائومی و استفاده از شش رشته سیم مسی با خلوص و کیفیت بالا امکان فعال‌سازی پروتکل‌های شارژ سریع مخصوص  ...","https://dkstatics-public.digikala.com/digikala-products/89bc9b95a355e99e367fe49132b51018c7eecf55_1771078377.jpg?x-oss-process=image/resize,m_lfit,h_800,w_800/quality,q_90
https://dkstatics-public.digikala.com/digikala-products/59249e22f1cab2e4fed8143b499d2a8b6c268656_1746549258.jpg?x-oss-process=image/resize,m_lfit,h_800,w_800/quality,q_90
https://dkstatics-public.digikala.com/digikala-products/4ac582795af357bcdff4d2debb85fbbbe2ff82cd_1745854123.jpg?x-oss-process=image/resize,m_lfit,h_800,w_800/quality,q_90
https://dkstatics-public.digikala.com/digikala-products/89bc9b95a355e99e367fe49132b51018c7eecf55_1771078377.jpg?x-oss-process=image/resize,m_lfit,h_800,w_800/quality,q_90","https://dkstatics-public.digikala.com/digikala-products/89bc9b95a355e99e367fe49132b51018c7eecf55_1771078377.jpg?x-oss-process=image/resize,m_lfit,h_800,w_800/quality,q_90","سفید","نوع رابطرابط USB Type-C، USBرابط USB Type-C، USB","مشخصاتمشخصاتنوع کابل شارژ و مبدلکابل شارژ سازگار باXiaomi ۱۱T Pro
Redmi K۵۰
Redmi Note ۱۲ Pro+
Redmi Note ۱۲S Pro
Poco X۴ Pro
Xiaomi ۱۱T
Redmi ۱۲X
Poco F۴
Redmi ۱۲S
Mi ۱۱ Ultra
Redmi ۱۲S Ultra
Redmi Note ۱۱
Redmi Note ۱۱S
Poco M۴ Pro
Redmi Note ۱۰ Pro
Poco X۳ Pro
Mi ۱۱ Lite
Redmi ۱۱ Lite NE
Poco F۳
Mi ۱۱ نوع کابلUSB USB Type-C USB ۲.۰ USB ۳.۰ طول کابل۱۵۰ سانتی مترجنس کابلTPE نوع رابطرابط USB Type-C USB سرعت انتقال اطلاعات۴۸۰ مگابیت بر ثانیه بازه طول کابل۱۵۱ تا ۳۰۰ سانتی‌متر مشاهده بیشتر","۸۱ دیدگاه","نیبیوا","کابل شارژ و مبدل نیبیوا","کالای دیجیتال/","لوازم جانبی کالای دیجیتال/","لوازم جانبی گوشی موبایل/","کابل شارژ و مبدل"
"1771409438-200","https://www.digikala.com/search/category-mobile-accessories/?has_selling_stock=1&sort=7","آستین کنترل کننده انگشت مدل SAMURAI BEAR بسته 4 عددی","۷۹,۹۰۰","۸۷,۰۰۰","۸٪","۴.۳","ارسال سریع دیجی‌کالا","","","","","","","آستین کنترل کننده انگشت مدل SAMURAI BEAR بسته 4 عددیارسال سریع دیجی‌کالا
۴.۳۸٪۷۹,۹۰۰۸۷,۰۰۰","https://www.digikala.com/product/dkp-8521818/%D8%A2%D8%B3%D8%AA%DB%8C%D9%86-%DA%A9%D9%86%D8%AA%D8%B1%D9%84-%DA%A9%D9%86%D9%86%D8%AF%D9%87-%D8%A7%D9%86%DA%AF%D8%B4%D8%AA-%D9%85%D8%AF%D9%84-samurai-bear-%D8%A8%D8%B3%D8%AA%D9%87-4-%D8%B9%D8%AF%D8%AF%DB%8C/","۴.۳","اکسسوری شادن","۸۵.۲%","آستین کنترل کننده انگشت مدل SAMURAI BEAR بسته 4 عددی","۸٪","۸۷,۰۰۰","۷۹,۹۰۰","","https://dkstatics-public.digikala.com/digikala-products/d3b1ec5adaf4889bc3298989ab14eab4bbf50961_1652741289.jpg?x-oss-process=image/resize,m_lfit,h_800,w_800/quality,q_90
https://dkstatics-public.digikala.com/digikala-products/7fd1b336a56a4ff72a1efbb3f5d39496bc0ab113_1652741347.jpg?x-oss-process=image/resize,m_lfit,h_800,w_800/quality,q_90
https://dkstatics-public.digikala.com/digikala-products/11c00100de011ff6f3ca12c08b62c7ecfaf27bf2_1652741357.jpg?x-oss-process=image/resize,m_lfit,h_800,w_800/quality,q_90
https://dkstatics-public.digikala.com/digikala-products/d3b1ec5adaf4889bc3298989ab14eab4bbf50961_1652741289.jpg?x-oss-process=image/resize,m_lfit,h_800,w_800/quality,q_90","https://dkstatics-public.digikala.com/digikala-products/d3b1ec5adaf4889bc3298989ab14eab4bbf50961_1652741289.jpg?x-oss-process=image/resize,m_lfit,h_800,w_800/quality,q_90","مشکی","","مشخصاتمشخصاتوزن۴۰ گرممشخصاتچهار عدد در یک پک قابلیت تاچ روی گوشی و تبلت سرعت سریع روی تاچ","۶۵۱ دیدگاه","متفرقه","قطعات جانبی موبایل و تبلت و هدفون متفرقه","کالای دیجیتال/","لوازم جانبی کالای دیجیتال/","لوازم جانبی گوشی موبایل/","قطعات جانبی موبایل و تبلت و هدفون"
"1771409440-201","https://www.digikala.com/search/category-mobile-accessories/?has_selling_stock=1&sort=7","محافظ کابل مدل Spring بسته 2 عددی","۹۰,۲۲۰","","","۴.۱","ارسال سریع دیجی‌کالا","","","","","","","محافظ کابل مدل Spring بسته 2 عددیارسال سریع دیجی‌کالا
۴.۱۹۰,۲۲۰","https://www.digikala.com/product/dkp-1099570/%D9%85%D8%AD%D8%A7%D9%81%D8%B8-%DA%A9%D8%A7%D8%A8%D9%84-%D9%85%D8%AF%D9%84-spring-%D8%A8%D8%B3%D8%AA%D9%87-2-%D8%B9%D8%AF%D8%AF%DB%8C/","","","","","","","","","","","","","","","","","","","",""
"1771409442-202","https://www.digikala.com/search/category-mobile-accessories/?has_selling_stock=1&sort=7","محافظ صفحه نمایش سامورایی مدل ovglass مناسب برای گوشی موبایل شیائومی Poco X7 Pro","۲۱۹,۰۰۰","۲۶۰,۰۰۰","۱۶٪","۴.۱","ارسال سریع دیجی‌کالا","","","","","","","محافظ صفحه نمایش سامورایی مدل ovglass مناسب برای گوشی موبایل شیائومی Poco X7 Proارسال سریع دیجی‌کالا
۴.۱۱۶٪۲۱۹,۰۰۰۲۶۰,۰۰۰","https://www.digikala.com/product/dkp-19142590/%D9%85%D8%AD%D8%A7%D9%81%D8%B8-%D8%B5%D9%81%D8%AD%D9%87-%D9%86%D9%85%D8%A7%DB%8C%D8%B4-%D8%B3%D8%A7%D9%85%D9%88%D8%B1%D8%A7%DB%8C%DB%8C-%D9%85%D8%AF%D9%84-ovglass-%D9%85%D9%86%D8%A7%D8%B3%D8%A8-%D8%A8%D8%B1%D8%A7%DB%8C-%DA%AF%D9%88%D8%B4%DB%8C-%D9%85%D9%88%D8%A8%D8%A7%DB%8C%D9%84-%D8%B4%DB%8C%D8%A7%D8%A6%D9%88%D9%85%DB%8C-poco-x7-pro/","۴.۱","مسیرسبز","۸۱.۲%","محافظ صفحه نمایش سامورایی مدل ovglass مناسب برای گوشی موبایل شیائومی Poco X7 Pro","۱۶٪","۲۶۰,۰۰۰","۲۱۹,۰۰۰","محافظ صفحه نمایش (گلس) ضد خش و ضد ضربه سامورایی مدل ovglass برای شیائومی Poco X7 Pro . ویژگی‌های برجسته:محافظت کامل با شیشه 9H: ساخته‌شده از شیشه مقاوم 9H که به‌طور کامل نمایشگر گوشی شما را در برابر ضربه و خط و خش محافظت می‌کند.طراحی تمام‌ صفحه و خمیده 5D: پوشش کامل نمایشگر با لبه‌های خمیده برای تجربه‌ای بدون حاشیه و ظاهری مدرن.فناوری ESD (تخلیه الکترواستاتیک): جلوگیری از تجمع گردوغبار و نصب آسان و بی‌دردسر.وضوح شفاف و کیفیت بالا: حفظ وضوح تصویر و تجربه بصری ایده‌آل برای استف ...","https://dkstatics-public.digikala.com/digikala-products/74344715cbee3943fddb6ef4c0813e6ed3ffdc35_1746342328.jpg?x-oss-process=image/resize,m_lfit,h_800,w_800/quality,q_90
https://dkstatics-public.digikala.com/digikala-products/36b66f885ccfc7058d0cef3ba1ec553f2f9944f6_1746342367.jpg?x-oss-process=image/resize,m_lfit,h_800,w_800/quality,q_90
https://dkstatics-public.digikala.com/digikala-products/d41c3672ddcd72991e585092cdb3e9cea9cc10bb_1746342367.jpg?x-oss-process=image/resize,m_lfit,h_800,w_800/quality,q_90
https://dkstatics-public.digikala.com/digikala-products/74344715cbee3943fddb6ef4c0813e6ed3ffdc35_1746342328.jpg?x-oss-process=image/resize,m_lfit,h_800,w_800/quality,q_90","https://dkstatics-public.digikala.com/digikala-products/74344715cbee3943fddb6ef4c0813e6ed3ffdc35_1746342328.jpg?x-oss-process=image/resize,m_lfit,h_800,w_800/quality,q_90","مشکی","قابلیت‌های مقاومتیمقاوم در برابر ضربهمقاوم در برابر ضربهسازگار با گوشی موبایلXiaomi Poco X7 ProXiaomi Poco X7 Pro","مشخصاتمشخصاتجنس محافظشیشه نوع محافظ صفحه نمایش گوشیفول براق ویژگی‌ها۹H قابلیت نصب آسان مقاوم در برابر چربی و اثرانگشت مقاوم در برابر خط و خش نصب بدون حباب قابلیت‌های مقاومتیمقاوم در برابر ضربه سازگار با گوشی موبایلXiaomi Poco X۷ Pro مشخصات دیگرشیشه مقاوم ۹H - طراحی تمام‌ صفحه و خمیده ۵D - فناوری ESD (تخلیه الکترواستاتیک) ( گلس آنتی استاتیک ) - وضوح شفاف و کیفیت بالا - ویژگی ضد اثر انگشت - طراحی فول چسب - حساسیت لمس بالا - دارای محافظ برای قسمتجلو (صفحه نمایش) تعداد در بسته‌بندیتکی مشاهده بیشتر","۱۴۴ دیدگاه","سامورایی","محافظ صفحه نمایش گوشی سامورایی","کالای دیجیتال/","لوازم جانبی کالای دیجیتال/","لوازم جانبی گوشی موبایل/","محافظ صفحه نمایش گوشی"
"1771409445-203","https://www.digikala.com/search/category-mobile-accessories/?has_selling_stock=1&sort=7","کابل USB-C اوزاکی مدل Fast-45w طول 1 متر","۱۴۰,۰۰۰","۳۴۴,۰۰۰","۵۹٪","۴.۴","ارسال فروشنده","","","","","","","کابل USB-C اوزاکی مدل Fast-45w طول 1 مترارسال فروشنده
۴.۴۵۹٪۱۴۰,۰۰۰۳۴۴,۰۰۰","https://www.digikala.com/product/dkp-21131452/%DA%A9%D8%A7%D8%A8%D9%84-usb-c-%D8%A7%D9%88%D8%B2%D8%A7%DA%A9%DB%8C-%D9%85%D8%AF%D9%84-fast-45w-%D8%B7%D9%88%D9%84-1-%D9%85%D8%AA%D8%B1/","۴.۴","آر کی تنکو","۸۱.۴%","کابل USB-C اوزاکی مدل Fast-45w طول 1 متر","۶۰٪","۳۴۸,۰۰۰","۱۳۸,۰۰۰","","https://dkstatics-public.digikala.com/digikala-products/ec7c5c8ce1edef8aa0b18822334e0959e87be194_1770140498.jpg?x-oss-process=image/resize,m_lfit,h_800,w_800/quality,q_90
https://dkstatics-public.digikala.com/digikala-products/cbdd997572a13802be505af86a27a369b787d122_1766309467.jpg?x-oss-process=image/resize,m_lfit,h_800,w_800/quality,q_90
https://dkstatics-public.digikala.com/digikala-products/2f3ed0493caa4650876a26492e8cd3a033c58d07_1766309625.jpg?x-oss-process=image/resize,m_lfit,h_800,w_800/quality,q_90
https://dkstatics-public.digikala.com/digikala-products/ec7c5c8ce1edef8aa0b18822334e0959e87be194_1770140498.jpg?x-oss-process=image/resize,m_lfit,h_800,w_800/quality,q_90","https://dkstatics-public.digikala.com/digikala-products/ec7c5c8ce1edef8aa0b18822334e0959e87be194_1770140498.jpg?x-oss-process=image/resize,m_lfit,h_800,w_800/quality,q_90","سفیدمشکینارنجی فلورسنت","نوع رابطرابط USB Type-Cرابط USB Type-C","مشخصاتمشخصاتنوع کابل شارژ و مبدلکابل شارژ نوع کابلUSB Type-C طول کابل۱۰۰ سانتی مترجنس کابلسلیکون ضخیم، کابل مسی چهار رشته، سر سوکت ۱۲ پین دیتا با کیفیت استیل ضد آهنربا نوع رابطرابط USB Type-C","۲۴ دیدگاه","اوزاکی","کابل شارژ و مبدل اوزاکی","کالای دیجیتال/","لوازم جانبی کالای دیجیتال/","لوازم جانبی گوشی موبایل/","کابل شارژ و مبدل"
"1771409447-204","https://www.digikala.com/search/category-mobile-accessories/?has_selling_stock=1&sort=7","آویز موبایل مدل گل فانتزی","۶۲,۹۶۰","","","۴.۳","ارسال فروشنده","","","","","","","آویز موبایل مدل گل فانتزیارسال فروشنده
۴.۳۶۲,۹۶۰","https://www.digikala.com/product/dkp-19046798/%D8%A2%D9%88%DB%8C%D8%B2-%D9%85%D9%88%D8%A8%D8%A7%DB%8C%D9%84-%D9%85%D8%AF%D9%84-%DA%AF%D9%84-%D9%81%D8%A7%D9%86%D8%AA%D8%B2%DB%8C/","۴.۳","آرین گلابتون","۸۲.۸%","آویز موبایل مدل گل فانتزی","","۵۹,۵۰۰","","","https://dkstatics-public.digikala.com/digikala-products/9aecb2a2e64842aa5df621bc599fdc533910968f_1745450892.jpg?x-oss-process=image/resize,m_lfit,h_800,w_800/quality,q_90
https://dkstatics-public.digikala.com/digikala-products/7547598c1660a67f8c347a86bc0706e319310db2_1745450892.jpg?x-oss-process=image/resize,m_lfit,h_800,w_800/quality,q_90
https://dkstatics-public.digikala.com/digikala-products/91b471e9923f6e70483fd766064adc22e3f47d3c_1745450892.jpg?x-oss-process=image/resize,m_lfit,h_800,w_800/quality,q_90
https://dkstatics-public.digikala.com/digikala-products/9aecb2a2e64842aa5df621bc599fdc533910968f_1745450892.jpg?x-oss-process=image/resize,m_lfit,h_800,w_800/quality,q_90","https://dkstatics-public.digikala.com/digikala-products/9aecb2a2e64842aa5df621bc599fdc533910968f_1745450892.jpg?x-oss-process=image/resize,m_lfit,h_800,w_800/quality,q_90","چند رنگصورتیبنفشسبز آبیزرد لیمویینارنجیزردرز گلدصورتی روشنسبزآبیسرخابی","","مشخصاتمشخصاتنوع قطعات جانبی موبایل و تبلتبند و آویز وزن۲۰ گرممشخصاتآویز دست ساز گوشی بسیار شیک و از متریالهای با کیفیت ساخته شده، وبه هر مدل و رنگ کاور گوشی متناسب است،  بسیار سبک و خوشدست است وبراحتی داخل مچ قرار میگیرد و انتهای آن بند کوچکی دارد که به قاب گوشی متصل میشود وزیبایی خاصی به قاب موبایلتان میدهد , هدیه بسیار شیک و ماندگار برای عزیزانتان می تواند باشد.","۳۸ دیدگاه","متفرقه","قطعات جانبی موبایل و تبلت و هدفون متفرقه","کالای دیجیتال/","لوازم جانبی کالای دیجیتال/","لوازم جانبی گوشی موبایل/","قطعات جانبی موبایل و تبلت و هدفون"
"1771409449-205","https://www.digikala.com/search/category-mobile-accessories/?has_selling_stock=1&sort=7","پاوربانک 10 وات شیائومی مدل Redmi ظرفیت 10000 میلی آمپر ساعت به همراه کابل تبدیل microUSB","۱,۲۵۹,۰۰۰","۲,۰۰۰,۰۰۰","۳۷٪","۴","ارسال سریع دیجی‌کالا","۱۲ : ۲۰ : ۳۴","","فروش رفته","%","","","پاوربانک 10 وات شیائومی مدل Redmi ظرفیت 10000 میلی آمپر ساعت به همراه کابل تبدیل microUSBارسال سریع دیجی‌کالا
۴۳۷٪۱,۲۵۹,۰۰۰۲,۰۰۰,۰۰۰%فروش رفته۱۲ : ۲۰ : ۳۴","https://www.digikala.com/product/dkp-3203025/%D9%BE%D8%A7%D9%88%D8%B1%D8%A8%D8%A7%D9%86%DA%A9-10-%D9%88%D8%A7%D8%AA-%D8%B4%DB%8C%D8%A7%D8%A6%D9%88%D9%85%DB%8C-%D9%85%D8%AF%D9%84-redmi-%D8%B8%D8%B1%D9%81%DB%8C%D8%AA-10000-%D9%85%DB%8C%D9%84%DB%8C-%D8%A2%D9%85%D9%BE%D8%B1-%D8%B3%D8%A7%D8%B9%D8%AA-%D8%A8%D9%87-%D9%87%D9%85%D8%B1%D8%A7%D9%87-%DA%A9%D8%A7%D8%A8%D9%84-%D8%AA%D8%A8%D8%AF%DB%8C%D9%84-microusb/","۴","دیجی‌کالا","۷۵.۸%","پاوربانک 10 وات شیائومی مدل Redmi ظرفیت 10000 میلی آمپر ساعت به همراه کابل تبدیل microUSB","۳۷٪","۲,۰۰۰,۰۰۰","۱,۲۵۹,۰۰۰","پاور بانک 10000 Redmi مدل PB100LZM ساخت شرکت شیائومی (xiaomi) به همراه یک عدد کابل شارژ 25 سانتی متری است که با داشتن دوپورت خروجی USB و پشتیبانی از انواع پروتکل‌های شارژ سریع، بهترین همراه شما در خارج از منزل، محل کار و یا هنگام سفر خواهد بود. این محصول با استفاده از سیستم شارژ هوشمند به راحتی می‌تواند دو دستگاه را به‌طور هم‌زمان شارژ کند. ضمن این که این محصول هوشمند ورودی مناسب را برای هر دستگاه را در نظر خواهد گرفت. این محصول با ابعاد 150x73 سانتی‌متر سبک و قابل‌حمل است و  ...","https://dkstatics-public.digikala.com/digikala-products/6d67297377aa2cb50b907747edd06b2c2423c2fc_1762256994.jpg?x-oss-process=image/resize,m_lfit,h_800,w_800/quality,q_90
https://dkstatics-public.digikala.com/digikala-products/6d67297377aa2cb50b907747edd06b2c2423c2fc_1762256994.jpg?x-oss-process=image/resize,m_lfit,h_800,w_800/quality,q_90
https://dkstatics-public.digikala.com/digikala-products/0a8a9a29f067bd91f568ab8145cb6911edc69931_1765742314.jpg?x-oss-process=image/resize,m_lfit,h_800,w_800/quality,q_90
https://dkstatics-public.digikala.com/digikala-products/6d67297377aa2cb50b907747edd06b2c2423c2fc_1762256994.jpg?x-oss-process=image/resize,m_lfit,h_800,w_800/quality,q_90","https://dkstatics-public.digikala.com/digikala-products/6d67297377aa2cb50b907747edd06b2c2423c2fc_1762256994.jpg?x-oss-process=image/resize,m_lfit,h_800,w_800/quality,q_90","مشکی","نوع باتری پاوربانکلیتیوم پلیمریلیتیوم پلیمریتعداد درگاه خروجیدو عدددو عددولتاژ ورودی12، 5، 912، 5، 9قابلیت‌های دستگاهپشتیبانی از فناوری شارژ سریع Power Delivery (PD)پشتیبانی از فناوری شارژ سریع Power Delivery (PD)","مشخصاتمشخصات کلینوع پاوربانک (شارژر همراه)پاوربانک نوع باتری پاوربانکلیتیوم پلیمری مناسب برای شارژگوشی موبایل تبلت اسپیکر بلوتوثی دوربین ابعاد پاوربانک۱۵.۰x۷.۳۶x۱.۵۱ سانتی‌مترمشخصات فنیدارای قابلیت شارژ سریع وزن پاوربانک۲۴۰ گرمجنس بدنهپلاستیک توضیحات جنس بدنهپلاستیک ABS قابلیت‌های مقاومتیمقاوم در برابر ضربه اقلام همراهکابل شارژ نوع کابل همراهMicroUSB به USB-A نحوه نمایش میزان شارژ باترینشانگر LED قابلیت‌های دستگاهپشتیبانی از فناوری شارژ سریع Power Delivery (PD) مشاهده بیشتر","۲۳۴۹ دیدگاه","شیائومی","پاوربانک (شارژر همراه) شیائومی","کالای دیجیتال/","لوازم جانبی کالای دیجیتال/","لوازم جانبی گوشی موبایل/","پاوربانک (شارژر همراه)"
"1771409451-206","https://www.digikala.com/search/category-mobile-accessories/?has_selling_stock=1&sort=7","قاب مدل سیلیکونی مناسب برای گوشی موبایل اپل ۱6 iphone","۲۰۰,۰۰۰","","","۴.۵","تنها ۱ عدد در انبار باقی مانده","","","","","","","قاب مدل سیلیکونی مناسب برای گوشی موبایل اپل ۱6 iphoneتنها ۱ عدد در انبار باقی مانده
۴.۵۲۰۰,۰۰۰","https://www.digikala.com/product/dkp-20559409/%D9%82%D8%A7%D8%A8-%D9%85%D8%AF%D9%84-%D8%B3%DB%8C%D9%84%DB%8C%DA%A9%D9%88%D9%86%DB%8C-%D9%85%D9%86%D8%A7%D8%B3%D8%A8-%D8%A8%D8%B1%D8%A7%DB%8C-%DA%AF%D9%88%D8%B4%DB%8C-%D9%85%D9%88%D8%A8%D8%A7%DB%8C%D9%84-%D8%A7%D9%BE%D9%84-%DB%B16-iphone/","۴.۵","سینا کالا پخش","۷۳.۴%","قاب مدل سیلیکونی مناسب برای گوشی موبایل اپل ۱6 iphone","۵۷٪","۳۵۰,۰۰۰","۱۵۰,۵۰۰","قاب سیلیکونی آیفون 16 با طراحی ساده و شیک، از گوشی در برابر خط و خش، ضربه‌های روزمره و لکه‌ها محافظت می‌کند. استفاده از سیلیکون باکیفیت باعث می‌شود قاب حالت نرم و انعطاف‌پذیر داشته باشد و هنگام در دست گرفتن، حس لطیف و خوشایندی ایجاد کند. لایه داخلی با پوشش میکروفیبر نرم از بدنه گوشی محافظت بیشتری کرده و مانع ایجاد خش روی آن می‌شود.

لبه‌های قاب به‌صورت دقیق طراحی شده‌اند تا از اطراف بدنه و دوربین پوشش کامل داشته باشند، بدون اینکه به دکمه‌ها یا پورت‌ها محدودیتی ایجاد کنند. سطح ...","https://dkstatics-public.digikala.com/digikala-products/8a61e958351bd6a19ba2097da8a3d4254bb751d8_1759167052.jpg?x-oss-process=image/resize,m_lfit,h_800,w_800/quality,q_90
https://dkstatics-public.digikala.com/digikala-products/60c9c16dc44a7897e571bc026d56c2cdcf9f5962_1759240517.jpg?x-oss-process=image/resize,m_lfit,h_800,w_800/quality,q_90","","قرمزآبی کاربنیزردصورتیمشکیآبی یخیارتشی طوسیبنفش روشنطوسی تیرهسرخابیکرمسفیدسبزآبی آسمانیبادمجانیآبی فیروزه ایگل بهیقهوه‌ای شتریقهوه ایقهوه ای روشنسبز تیرهقرمز تیرهسبز کله غازیسبز روشنصورتی خاکستریکالباسیزرشکیصورتی روشنآبی دودیخاکستریآبی نیلیسرمه ای روشنمرجانیآجریبنفش","سازگار با گوشی موبایلApple iPhone 16Apple iPhone 16ساختارماتماتویژگی‌های کیف و کاورانعطاف پذیر، دارای پوشش نرم داخلیانعطاف پذیر، دارای پوشش نرم داخلی","مشخصاتمشخصاتنوع کیف و کاور گوشیمجموعه کاور و محافظ جنسسیلیکون وزن۱۵ گرمسازگار با گوشی موبایلApple iPhone ۱۶ ساختارمات سطح پوششقاب پشتی ویژگی‌های کیف و کاورانعطاف پذیر دارای پوشش نرم داخلی مشاهده بیشتر","۱۳ دیدگاه","متفرقه","کیف و کاور گوشی متفرقه","کالای دیجیتال/","لوازم جانبی کالای دیجیتال/","لوازم جانبی گوشی موبایل/","کیف و کاور گوشی"
"1771409454-207","https://www.digikala.com/search/category-mobile-accessories/?has_selling_stock=1&sort=7","کابل تبدیل USB به لایتنینگ مدل Iphone طول 1 متر","۸۳,۰۰۰","","","۳.۸","ارسال فروشنده","","","","","","","کابل تبدیل USB به لایتنینگ مدل Iphone طول 1 مترارسال فروشنده
۳.۸۸۳,۰۰۰","https://www.digikala.com/product/dkp-18973100/%DA%A9%D8%A7%D8%A8%D9%84-%D8%AA%D8%A8%D8%AF%DB%8C%D9%84-usb-%D8%A8%D9%87-%D9%84%D8%A7%DB%8C%D8%AA%D9%86%DB%8C%D9%86%DA%AF-%D9%85%D8%AF%D9%84-iphone-%D8%B7%D9%88%D9%84-1-%D9%85%D8%AA%D8%B1/","۳.۸","آرنیس تجارت جلفا","","کابل تبدیل USB به لایتنینگ مدل Iphone طول 1 متر","","۷۵,۰۰۰","","","https://dkstatics-public.digikala.com/digikala-products/c2c8f587d16a3c026608b3846f8a6d59906cfb55_1771078071.jpg?x-oss-process=image/resize,m_lfit,h_800,w_800/quality,q_90
https://dkstatics-public.digikala.com/digikala-products/f70e42f32433798bbc093f92cf40daae3af1a12d_1744982919.jpg?x-oss-process=image/resize,m_lfit,h_800,w_800/quality,q_90
https://dkstatics-public.digikala.com/digikala-products/fc8b0cf97055584e53f08ed8239a26188d025507_1744916368.jpg?x-oss-process=image/resize,m_lfit,h_800,w_800/quality,q_90
https://dkstatics-public.digikala.com/digikala-products/c2c8f587d16a3c026608b3846f8a6d59906cfb55_1771078071.jpg?x-oss-process=image/resize,m_lfit,h_800,w_800/quality,q_90","https://dkstatics-public.digikala.com/digikala-products/c2c8f587d16a3c026608b3846f8a6d59906cfb55_1771078071.jpg?x-oss-process=image/resize,m_lfit,h_800,w_800/quality,q_90","چند رنگمشکیقرمزبادمجانیطلایی براقطلاییآبی کدرسفیدصورتی خاکستری","نوع رابطUSB، لایتنینگUSB، لایتنینگ","مشخصاتمشخصاتنوع کابل شارژ و مبدلکابل شارژ نوع کابلUSB لایتنینگ طول کابل۱۰۰ سانتی مترجنس کابلPVC نوع رابطUSB لایتنینگ","۳۰ دیدگاه","متفرقه","کابل شارژ و مبدل متفرقه","کالای دیجیتال/","لوازم جانبی کالای دیجیتال/","لوازم جانبی گوشی موبایل/","کابل شارژ و مبدل"
"1771409456-208","https://www.digikala.com/search/category-mobile-accessories/?has_selling_stock=1&sort=7","کارت حافظه microSDXC سن دیسک مدل Ultra A1 کلاس 10 استاندارد UHS-I سرعت 140MBps ظرفیت 128 گیگابایت","۲,۹۰۰,۰۰۰","","","۴.۶","ارسال سریع دیجی‌کالا","","","","","","","کارت حافظه microSDXC سن دیسک مدل Ultra A1 کلاس 10 استاندارد UHS-I سرعت 140MBps ظرفیت 128 گیگابایتارسال سریع دیجی‌کالا
۴.۶۲,۹۰۰,۰۰۰","https://www.digikala.com/product/dkp-10034966/%DA%A9%D8%A7%D8%B1%D8%AA-%D8%AD%D8%A7%D9%81%D8%B8%D9%87-microsdxc-%D8%B3%D9%86-%D8%AF%DB%8C%D8%B3%DA%A9-%D9%85%D8%AF%D9%84-ultra-a1-%DA%A9%D9%84%D8%A7%D8%B3-10-%D8%A7%D8%B3%D8%AA%D8%A7%D9%86%D8%AF%D8%A7%D8%B1%D8%AF-uhs-i-%D8%B3%D8%B1%D8%B9%D8%AA-140mbps-%D8%B8%D8%B1%D9%81%DB%8C%D8%AA-128-%DA%AF%DB%8C%DA%AF%D8%A7%D8%A8%D8%A7%DB%8C%D8%AA/","۴.۶","فست ماسک تهران","۹۲.۲%","کارت حافظه microSDXC سن دیسک مدل Ultra A1 کلاس 10 استاندارد UHS-I سرعت 140MBps ظرفیت 128 گیگابایت","","۲,۶۸۰,۰۰۰","","","https://dkstatics-public.digikala.com/digikala-products/411da17d05e4e11523b027b7bf5c14a7439c8266_1670005622.jpg?x-oss-process=image/resize,m_lfit,h_800,w_800/quality,q_90
https://dkstatics-public.digikala.com/digikala-products/16c641b1a4a0d6db50c8fbfd7cc86817c45e7823_1744852719.jpg?x-oss-process=image/resize,m_lfit,h_800,w_800/quality,q_90
https://dkstatics-public.digikala.com/digikala-products/2fd5b1e04a1325af7a1e959d880bf507943c79c3_1670005631.jpg?x-oss-process=image/resize,m_lfit,h_800,w_800/quality,q_90","","","قابلیت‌های مقاومتیمقاوم در برابر پرتو Xمقاوم در برابر پرتو Xاستاندارد سرعتUHS-I U1UHS-I U1","مشخصاتمشخصاتظرفیت۱۲۸ گیگابایت قابلیت‌های مقاومتیمقاوم در برابر پرتو X استاندارد سرعتUHS-I U۱ سرعت خواندن۱۴۰","۷۷۲ دیدگاه","سن دیسک","کارت حافظه سن دیسک","کالای دیجیتال/","دوربین/","لوازم جانبی عکاسی و فیلم برداری/","کارت حافظه"
"1771409458-209","https://www.digikala.com/search/category-mobile-accessories/?has_selling_stock=1&sort=7","دسته بازی پابجی مدل GAME به همراه آستین کنترل کننده","۱۰۰,۰۰۰","","","۳.۷","ارسال سریع دیجی‌کالا","","","","","","","دسته بازی پابجی مدل GAME به همراه آستین کنترل کنندهارسال سریع دیجی‌کالا
۳.۷۱۰۰,۰۰۰","https://www.digikala.com/product/dkp-8125136/%D8%AF%D8%B3%D8%AA%D9%87-%D8%A8%D8%A7%D8%B2%DB%8C-%D9%BE%D8%A7%D8%A8%D8%AC%DB%8C-%D9%85%D8%AF%D9%84-game-%D8%A8%D9%87-%D9%87%D9%85%D8%B1%D8%A7%D9%87-%D8%A2%D8%B3%D8%AA%DB%8C%D9%86-%DA%A9%D9%86%D8%AA%D8%B1%D9%84-%DA%A9%D9%86%D9%86%D8%AF%D9%87/","۳.۷","هلال ماه","۷۱.۸%","دسته بازی پابجی مدل GAME به همراه آستین کنترل کننده","","۹۲,۰۰۰","","دسته بازی pubg مدل GAME دسته ای بسیار کوچک با عملکردی فوق العاده است که به راحتی رو موبایل و یا تبلت قرار میگیرد و برخلاف دسته های دیگر مزاحمتی در سایر امکانات گوشی ایجاد نمی کند .دسته بازی گیم با داشتن یک بسته بندی کوچک به راحتی در جیب جای میگیرد و حمل و نقل آن بسیار ساده است. اتصالات آن به گونه ای حساس و دقیق انتخاب شده اند که نه تنها کوچکترین اخلالی در بازی ایجاد نمی کنند ،بلکه سرعت عمل را بسیار بالا میبرند. این دسته دارای یک گیره است که دسته را روی گوشی فیکس میکند برای هم ...","https://dkstatics-public.digikala.com/digikala-products/d00d1d90757f6e6475bf3fcb8134081ab6398662_1647451636.jpg?x-oss-process=image/resize,m_lfit,h_800,w_800/quality,q_90
https://dkstatics-public.digikala.com/digikala-products/f8a0e2d4ee23ebe1ea37209e4dc9936b9b5f49a2_1647451538.jpg?x-oss-process=image/resize,m_lfit,h_800,w_800/quality,q_90
https://dkstatics-public.digikala.com/digikala-products/310491974f82c915dd4208013b1b7120f66db96e_1647451029.jpg?x-oss-process=image/resize,m_lfit,h_800,w_800/quality,q_90
https://dkstatics-public.digikala.com/digikala-products/d00d1d90757f6e6475bf3fcb8134081ab6398662_1647451636.jpg?x-oss-process=image/resize,m_lfit,h_800,w_800/quality,q_90","https://dkstatics-public.digikala.com/digikala-products/d00d1d90757f6e6475bf3fcb8134081ab6398662_1647451636.jpg?x-oss-process=image/resize,m_lfit,h_800,w_800/quality,q_90","سفید براقسفید صدفیسفیدسفید متالیک","","مشخصاتمشخصاتوزن۳۰ گرممشخصاتمناسب گوشی تا سایز صفحه ۶.۵ اینچ
دارای طراحی ارگونومیک
 سازگار با تمام موبایل هایی که بازی pubg را میتوانند اجرا کنند
طراحی شده برای بازی در IOS و گوشی های هوشمند اندروید
 کمک به لمس راحتتر تاچ
 مخصوص بازی های موبایل جهت دکمه شلیک یا آتش فیزیکی ، ماشه R۱ L۱ ، کنترل کننده تیرانداز
سرعت عمل بالا در بازی
اتصال قوی و نصب آسان و ساده","۵۲۸ دیدگاه","متفرقه","قطعات جانبی موبایل و تبلت و هدفون متفرقه","کالای دیجیتال/","لوازم جانبی کالای دیجیتال/","لوازم جانبی گوشی موبایل/","قطعات جانبی موبایل و تبلت و هدفون"
"1771409460-210","https://www.digikala.com/search/category-mobile-accessories/?has_selling_stock=1&sort=7","کابل تبدیل USB به USB-C مدل فست شارژ طول 1متر","۶۰,۰۰۰","","","۳.۷","ارسال فروشنده","","","","","","","کابل تبدیل USB به USB-C مدل فست شارژ طول 1مترارسال فروشنده
۳.۷۶۰,۰۰۰","https://www.digikala.com/product/dkp-10330401/%DA%A9%D8%A7%D8%A8%D9%84-%D8%AA%D8%A8%D8%AF%DB%8C%D9%84-usb-%D8%A8%D9%87-usb-c-%D9%85%D8%AF%D9%84-%D9%81%D8%B3%D8%AA-%D8%B4%D8%A7%D8%B1%DA%98-%D8%B7%D9%88%D9%84-1%D9%85%D8%AA%D8%B1/","۳.۷","یورا شاپ","۷۰.۴%","کابل تبدیل USB به USB-C مدل فست شارژ طول 1متر","","۵۷,۸۹۰","","کابل شارژر تایپ سی سوپر فست شارژ 5A یکی از با کیفیت ترین کابل های موجود در بازار است. این کابل مقاومت فوق العاده بالایی دارد که مناسب گوشی های تازه عرضه شده است. این گوشی ها مانند پوکو شارژر های قدرتمندی دارند که نیازمند کابل های قدرتمند هم هستند. این کابل یک متر طول دارد و دارای کیفیت اورجینال بازار می باشد. این کابل جریان حداکثر 5 آمپری را از خود عبور می دهد و گوشی های شما را به بهترین روش به صورت فست شارژ می کند. برای گوشی های شیائومی و مخصوصا پوکو و سایر برند های دیگر که  ...","https://dkstatics-public.digikala.com/digikala-products/a0581e4595d383268b2fa1f0dbcf0ef3ecb9ecaa_1770140323.jpg?x-oss-process=image/resize,m_lfit,h_800,w_800/quality,q_90
https://dkstatics-public.digikala.com/digikala-products/c510139198888ac94ffb7f96142f3c6f2d523112_1672652335.jpg?x-oss-process=image/resize,m_lfit,h_800,w_800/quality,q_90
https://dkstatics-public.digikala.com/digikala-products/248bdb67d9d6957e412ba352516b58f997a61996_1672652196.jpg?x-oss-process=image/resize,m_lfit,h_800,w_800/quality,q_90
https://dkstatics-public.digikala.com/digikala-products/a0581e4595d383268b2fa1f0dbcf0ef3ecb9ecaa_1770140323.jpg?x-oss-process=image/resize,m_lfit,h_800,w_800/quality,q_90","https://dkstatics-public.digikala.com/digikala-products/a0581e4595d383268b2fa1f0dbcf0ef3ecb9ecaa_1770140323.jpg?x-oss-process=image/resize,m_lfit,h_800,w_800/quality,q_90","سفیدمشکی","نوع رابطرابط USB Type-Cرابط USB Type-C","مشخصاتمشخصاتسازگار باانواع موبایل، تبلت، کامپیوتر،لپ تاب، مک بوک پرو، پاوربانک ، هاردهای اکسترنال و تمامی دستگاه های داری درگاه و پورت USB-C نوع کابلUSB Type-C طول کابل۱۰۰ سانتی مترنوع رابطرابط USB Type-C سرعت انتقال اطلاعات۴۸۰ مگابیت بر ثانیه","۱۰۰۴ دیدگاه","متفرقه","کابل شارژ و مبدل متفرقه","کالای دیجیتال/","لوازم جانبی کالای دیجیتال/","لوازم جانبی گوشی موبایل/","کابل شارژ و مبدل"
"1771409462-211","https://www.digikala.com/search/category-mobile-accessories/?has_selling_stock=1&sort=7","جا کارتی موبایل مدل Leather Wallet MagSafe","۳۰۷,۶۰۰","","","۴.۳","تنها ۲ عدد در انبار باقی مانده","","","","","","","غیراصل

جا کارتی موبایل مدل Leather Wallet MagSafeتنها ۲ عدد در انبار باقی مانده
۴.۳۳۰۷,۶۰۰","https://www.digikala.com/product/dkp-8611791/%D8%AC%D8%A7-%DA%A9%D8%A7%D8%B1%D8%AA%DB%8C-%D9%85%D9%88%D8%A8%D8%A7%DB%8C%D9%84-%D9%85%D8%AF%D9%84-leather-wallet-magsafe/","۴.۳","رموتک","۹۳.۴%","جا کارتی موبایل مدل Leather Wallet MagSafe","","۲۵۰,۰۰۰","","شرکت اپل با معرفی آیفون‌های 12 از قابلیت MagSafe نیز رونمایی کرد. قابلیت MagSafe در گوشی‌‌های آیفون 12 برای وایرلس شارژ کاربرد دارد که سرعت و دقت شارژ را بسیار بالا برده است. کمپانی اپل به غیر از وایرلس شارژ، لوازم جانبی کاربردی برای MagSafe طراحی کرده است مانند پایه‌های ماشین برای داشبورد و کیف پول MagSafe. چشمگیرترین جنبه کیف پول MagSafe طراحی آن است. همان طور که از یک محصول چرمی اپل انتظار دارید، این مورد از نظر ظاهری بسیار عالی است. چرم از کیفیت بسیار بالایی برخوردار است، ...","https://dkstatics-public.digikala.com/digikala-products/71701d8e4370062a0d8ebc94ca736bbe3d04963d_1653654222.jpg?x-oss-process=image/resize,m_lfit,h_800,w_800/quality,q_90
https://dkstatics-public.digikala.com/digikala-products/e8b75a5ba82309a8fdb85cf1a2d3ec60ba8bf85c_1653654237.jpg?x-oss-process=image/resize,m_lfit,h_800,w_800/quality,q_90
https://dkstatics-public.digikala.com/digikala-products/55bc19791b2738062f8881388d13ffa5f2118794_1653654250.jpg?x-oss-process=image/resize,m_lfit,h_800,w_800/quality,q_90
https://dkstatics-public.digikala.com/digikala-products/71701d8e4370062a0d8ebc94ca736bbe3d04963d_1653654222.jpg?x-oss-process=image/resize,m_lfit,h_800,w_800/quality,q_90","https://dkstatics-public.digikala.com/digikala-products/71701d8e4370062a0d8ebc94ca736bbe3d04963d_1653654222.jpg?x-oss-process=image/resize,m_lfit,h_800,w_800/quality,q_90","قرمزسرخابیزردمشکیقهوه ایقهوه‌ای روشن براقسبز تیرهبنفشصورتی خاکستریآبی فیروزه ایسرمه ایبادمجانیسفیدنارنجیتیتانیومییاسی","","مشخصاتمشخصاتوزن۲۰ گرممشخصاتکیف چرمی آهن ربایی آیفون ۱۲/۱۲Pro/۱۲ProMax/۱۳/۱۳Pro/۱۳ProMax","۱۴۲ دیدگاه","متفرقه","قطعات جانبی موبایل و تبلت و هدفون متفرقه","کالای دیجیتال/","لوازم جانبی کالای دیجیتال/","لوازم جانبی گوشی موبایل/","قطعات جانبی موبایل و تبلت و هدفون"
"1771409465-212","https://www.digikala.com/search/category-mobile-accessories/?has_selling_stock=1&sort=7","نگهدارنده گوشی موبایل خودرو مدل دریچه ای کد MC","۲۳۸,۶۳۰","","","۳.۷","ارسال سریع دیجی‌کالا","","","","","","","نگهدارنده گوشی موبایل خودرو مدل دریچه ای کد MCارسال سریع دیجی‌کالا
۳.۷۲۳۸,۶۳۰","https://www.digikala.com/product/dkp-9539601/%D9%86%DA%AF%D9%87%D8%AF%D8%A7%D8%B1%D9%86%D8%AF%D9%87-%DA%AF%D9%88%D8%B4%DB%8C-%D9%85%D9%88%D8%A8%D8%A7%DB%8C%D9%84-%D8%AE%D9%88%D8%AF%D8%B1%D9%88-%D9%85%D8%AF%D9%84-%D8%AF%D8%B1%DB%8C%DA%86%D9%87-%D8%A7%DB%8C-%DA%A9%D8%AF-mc/","۳.۷","بازرگانی استایل لند","۶۸%","نگهدارنده گوشی موبایل خودرو مدل دریچه ای کد MC","۳۰٪","۲۵۰,۰۰۰","۱۷۴,۵۰۰","","https://dkstatics-public.digikala.com/digikala-products/a20fbe5b083aae543d0fa074c9a9341380149078_1664267692.jpg?x-oss-process=image/resize,m_lfit,h_800,w_800/quality,q_90
https://dkstatics-public.digikala.com/digikala-products/148b27df83ef29fd5f269af79715381d22c440ab_1664267697.jpg?x-oss-process=image/resize,m_lfit,h_800,w_800/quality,q_90
https://dkstatics-public.digikala.com/digikala-products/ee80a6f719b2ca8bedec780dfef6fd4268fb2aa3_1664267698.jpg?x-oss-process=image/resize,m_lfit,h_800,w_800/quality,q_90
https://dkstatics-public.digikala.com/digikala-products/a20fbe5b083aae543d0fa074c9a9341380149078_1664267692.jpg?x-oss-process=image/resize,m_lfit,h_800,w_800/quality,q_90","https://dkstatics-public.digikala.com/digikala-products/a20fbe5b083aae543d0fa074c9a9341380149078_1664267692.jpg?x-oss-process=image/resize,m_lfit,h_800,w_800/quality,q_90","آبیطلاییقرمز روشنمشکیطلایی براقنقره ای","","مشخصاتمشخصاتمناسب برایگوشی های موبایل ۳٫۵ تا ۷ اینچ سایر توضیحات۱- طراحی شده به صورت L شکل، ساخته شده از پلاستیک PC ،ABS و آلیاژ آلومینیوم مقاوم در برابر فشار و ضربه/

۲- نحوه اتصال به صورت گیره ای به دریچه ی کولر خودرو، شیوه اتصال گوشی به هولدر مگنتی/

۳- امکان باز شدن گیره پایه تا ۱۵ درجه، مناسب برای گوشی های موبایل ۳٫۵ تا ۷ اینچ/

۴- به همراه یک عدد ورقه ی فلزی جهت قرارگیری پشت قاب تلفن همراه/

۵- دارای ۳ عدد آهنربای قوی جهت نگهداری ایمن تر گوشی موبایل","۶۵۱ دیدگاه","متفرقه","پایه نگهدارنده گوشی و تبلت متفرقه","کالای دیجیتال/","لوازم جانبی کالای دیجیتال/","لوازم جانبی گوشی موبایل/","پایه نگهدارنده گوشی و تبلت"
"1771409467-213","https://www.digikala.com/search/category-mobile-accessories/?has_selling_stock=1&sort=7","شارژر دیواری 30 وات انکر مدل Zolo A2698","۱,۴۹۶,۰۰۰","","","۴.۷","ارسال فروشنده","","","","","","","شارژر دیواری 30 وات انکر مدل Zolo A2698ارسال فروشنده
۴.۷۱,۴۹۶,۰۰۰","https://www.digikala.com/product/dkp-19910508/%D8%B4%D8%A7%D8%B1%DA%98%D8%B1-%D8%AF%DB%8C%D9%88%D8%A7%D8%B1%DB%8C-30-%D9%88%D8%A7%D8%AA-%D8%A7%D9%86%DA%A9%D8%B1-%D9%85%D8%AF%D9%84-zolo-a2698/","۴.۷","دیجی‌کالا","۹۵.۸%","شارژر دیواری 30 وات انکر مدل Zolo A2698","۴۳٪","۲,۱۴۵,۵۰۰","۱,۲۲۱,۸۰۰","","https://dkstatics-public.digikala.com/digikala-products/3559de9053e6ef9aa3935d47bdfcf160f1453abe_1761992222.jpg?x-oss-process=image/resize,m_lfit,h_800,w_800/quality,q_90
https://dkstatics-public.digikala.com/digikala-products/b2cf59c10106ea31a0be5660ee6b9508dcb6ad6e_1753078880.jpg?x-oss-process=image/resize,m_lfit,h_800,w_800/quality,q_90
https://dkstatics-public.digikala.com/digikala-products/74238303ac7d9db91691ab6a5749ce90eb24796d_1753078878.jpg?x-oss-process=image/resize,m_lfit,h_800,w_800/quality,q_90
https://dkstatics-public.digikala.com/digikala-products/3559de9053e6ef9aa3935d47bdfcf160f1453abe_1761992222.jpg?x-oss-process=image/resize,m_lfit,h_800,w_800/quality,q_90","https://dkstatics-public.digikala.com/digikala-products/3559de9053e6ef9aa3935d47bdfcf160f1453abe_1761992222.jpg?x-oss-process=image/resize,m_lfit,h_800,w_800/quality,q_90","مشکیسفید","تعداد درگاه خروجییک عددیک عدددرگاه‌های ارتباطیUSB Type-CUSB Type-C","مشخصاتمشخصات فیزیکیوزن۴۹ گرمجنس بدنهپلاستیک نوع اتصال به منبع برقسه پین اقلام همراهبدون اقلام همراه بازه طول کابلبدون کابل نوع کابل همراهبدون کابل مشاهده بیشتر","۲۳۹ دیدگاه","انکر","شارژر تبلت و موبایل انکر","کالای دیجیتال/","لوازم جانبی کالای دیجیتال/","لوازم جانبی گوشی موبایل/","شارژر تبلت و موبایل"
"1771409469-214","https://www.digikala.com/search/category-mobile-accessories/?has_selling_stock=1&sort=7","قلم لمسی اپل مدل Pencil USB-C","۱۳,۱۷۰,۰۰۰","","","۴.۶","تنها ۲ عدد در انبار باقی مانده","","","","","","","قلم لمسی اپل مدل Pencil USB-Cتنها ۲ عدد در انبار باقی مانده
۴.۶۱۳,۱۷۰,۰۰۰","https://www.digikala.com/product/dkp-13809206/%D9%82%D9%84%D9%85-%D9%84%D9%85%D8%B3%DB%8C-%D8%A7%D9%BE%D9%84-%D9%85%D8%AF%D9%84-pencil-usb-c/","۴.۶","رایاتک","۹۳.۲%","قلم لمسی اپل مدل Pencil USB-C","","۱۳,۱۷۰,۰۰۰","","","https://dkstatics-public.digikala.com/digikala-products/5980ed6181984b8ed8f52469ed7ba3c508197ce4_1703087041.jpg?x-oss-process=image/resize,m_lfit,h_800,w_800/quality,q_90
https://dkstatics-public.digikala.com/digikala-products/5980ed6181984b8ed8f52469ed7ba3c508197ce4_1703087041.jpg?x-oss-process=image/resize,m_lfit,h_800,w_800/quality,q_90
https://dkstatics-public.digikala.com/digikala-products/c4c5d2deb8d077a67b6e322eb42c5b470765d4c0_1703087042.jpg?x-oss-process=image/resize,m_lfit,h_800,w_800/quality,q_90
https://dkstatics-public.digikala.com/digikala-products/5980ed6181984b8ed8f52469ed7ba3c508197ce4_1703087041.jpg?x-oss-process=image/resize,m_lfit,h_800,w_800/quality,q_90","https://dkstatics-public.digikala.com/digikala-products/5980ed6181984b8ed8f52469ed7ba3c508197ce4_1703087041.jpg?x-oss-process=image/resize,m_lfit,h_800,w_800/quality,q_90","سفید","","مشخصاتمشخصاتنوع قلم لمسی (Stylus)قلم لمسی وزن۲۰.۵ گرمقابلیت هاشارژ از طریق درگاه USB-C /
شارژدهی باتری: حداکثر تا ۱۲ ساعت /
پشتیبانی از Apple Pencil Hover در iPad Pro سایر مشخصاتقابلیت ارتقا و نصب جدیدترین Firmware iOS قابل پشتیبانی /
سازگار 
با iPad Pro ۱۲.۹-inch
۳rd, ۴th, ۵th, and ۶th generation
iPad Pro ۱۱-inch
۱st, ۲nd, ۳rd, and ۴th generation
iPad Air
۴th and ۵th generation
iPad mini
۶th generation
iPad
۱۰th generation","۱۱۲ دیدگاه","اپل","قلم لمسی (Stylus) اپل","کالای دیجیتال/","لوازم جانبی کالای دیجیتال/","لوازم جانبی تبلت/","قلم لمسی (Stylus)"
"1771409471-215","https://www.digikala.com/search/category-mobile-accessories/?has_selling_stock=1&sort=7","محافظ صفحه نمایش شهر گلس مدل Anti-Static مناسب برای گوشی موبایل اپل IPHONE 13","۱۳۰,۰۰۰","","","۴.۵","&nbsp;","","","","","","","محافظ صفحه نمایش شهر گلس مدل Anti-Static مناسب برای گوشی موبایل اپل IPHONE 13&nbsp;
۴.۵۱۳۰,۰۰۰","https://www.digikala.com/product/dkp-10623935/%D9%85%D8%AD%D8%A7%D9%81%D8%B8-%D8%B5%D9%81%D8%AD%D9%87-%D9%86%D9%85%D8%A7%DB%8C%D8%B4-%D8%B4%D9%87%D8%B1-%DA%AF%D9%84%D8%B3-%D9%85%D8%AF%D9%84-anti-static-%D9%85%D9%86%D8%A7%D8%B3%D8%A8-%D8%A8%D8%B1%D8%A7%DB%8C-%DA%AF%D9%88%D8%B4%DB%8C-%D9%85%D9%88%D8%A8%D8%A7%DB%8C%D9%84-%D8%A7%D9%BE%D9%84-iphone-13/","۴.۵","شهر گلس","۹۰.۴%","محافظ صفحه نمایش شهر گلس مدل Anti-Static مناسب برای گوشی موبایل اپل IPHONE 13","","۱۳۰,۰۰۰","","","https://dkstatics-public.digikala.com/digikala-products/54831713dcc2d8b4e7697eb39ea88ab28e242ca2_1675668858.jpg?x-oss-process=image/resize,m_lfit,h_800,w_800/quality,q_90
https://dkstatics-public.digikala.com/digikala-products/8f0bb86ebea7d85a30b7bd821cde6eb65c374bc7_1675668859.jpg?x-oss-process=image/resize,m_lfit,h_800,w_800/quality,q_90
https://dkstatics-public.digikala.com/digikala-products/0d19be8830a487eb3391a4777d88346288b85b57_1675668860.jpg?x-oss-process=image/resize,m_lfit,h_800,w_800/quality,q_90","","مشکی","قابلیت‌های مقاومتیمقاوم در برابر ضربهمقاوم در برابر ضربهسازگار با گوشی موبایلApple iphone 13Apple iphone 13","مشخصاتمشخصاتویژگی‌هاجلوگیری از ایجاد خط و خش قابلیت نصب آسان مقاوم در برابر چربی و اثرانگشت قابلیت‌های مقاومتیمقاوم در برابر ضربه سازگار با گوشی موبایلApple iphone ۱۳ ضخامت۱ دارای محافظ برای قسمتجلو (صفحه نمایش)","۹۱۰ دیدگاه","شهر گلس","محافظ صفحه نمایش گوشی شهر گلس","کالای دیجیتال/","لوازم جانبی کالای دیجیتال/","لوازم جانبی گوشی موبایل/","محافظ صفحه نمایش گوشی"
"1771409473-216","https://www.digikala.com/search/category-mobile-accessories/?has_selling_stock=1&sort=7","کاور مدل سیلیکونی پاک کنی مناسب برای گوشی موبایل اپل Iphone 13","۱۸۰,۰۰۰","","","۴.۲","تنها ۱ عدد در انبار باقی مانده","","","","","","","غیراصل

 کاور مدل سیلیکونی پاک کنی مناسب برای گوشی موبایل اپل Iphone 13تنها ۱ عدد در انبار باقی مانده
۴.۲۱۸۰,۰۰۰","https://www.digikala.com/product/dkp-8462006/%DA%A9%D8%A7%D9%88%D8%B1-%D9%85%D8%AF%D9%84-%D8%B3%DB%8C%D9%84%DB%8C%DA%A9%D9%88%D9%86%DB%8C-%D9%BE%D8%A7%DA%A9-%DA%A9%D9%86%DB%8C-%D9%85%D9%86%D8%A7%D8%B3%D8%A8-%D8%A8%D8%B1%D8%A7%DB%8C-%DA%AF%D9%88%D8%B4%DB%8C-%D9%85%D9%88%D8%A8%D8%A7%DB%8C%D9%84-%D8%A7%D9%BE%D9%84-iphone-13/","۴.۲","سینا کالا پخش","","کاور مدل سیلیکونی پاک کنی مناسب برای گوشی موبایل اپل Iphone 13","","۱۴۳,۰۰۰","","قاب و محافظ صفحه نمایش از مهمترین لوازم جانبی هستند که برای محافظت از گوشی مورد استفاده قرار می گیرند. کاور سیلیکونی ویژه گوشی Iphone 13 با پوشش بدنه و لبه های گوشی از آن در برابر ضربه و خط و خش حفاظت می کند. لایه داخلی این قاب در قسمت بدنه گوشی روکش میکرو فیبر دارد که به نرمی بدنه و لبه های گوشی را در بر می گیرد. بنابراین کاربران می توانند از ایمنی بدنه و لبه های گوشی خود اطمینان خاطر داشته باشند. لایه بیرونی قاب محافظ نیز، جنسی نرم و لطیف داشته که در دست گرفتن آن احساس خوبی ...","https://dkstatics-public.digikala.com/digikala-products/173003feb248593d54b07e15418d521c276638e8_1652691459.jpg?x-oss-process=image/resize,m_lfit,h_800,w_800/quality,q_90
https://dkstatics-public.digikala.com/digikala-products/a2b9fcff2a1ff96f4de77f94d6f9f8d4950a7dd3_1652017053.jpg?x-oss-process=image/resize,m_lfit,h_800,w_800/quality,q_90
https://dkstatics-public.digikala.com/digikala-products/a05e21a1dc2850853f0270f2a7a11c81e36fe2bd_1652017536.jpg?x-oss-process=image/resize,m_lfit,h_800,w_800/quality,q_90
https://dkstatics-public.digikala.com/digikala-products/173003feb248593d54b07e15418d521c276638e8_1652691459.jpg?x-oss-process=image/resize,m_lfit,h_800,w_800/quality,q_90","https://dkstatics-public.digikala.com/digikala-products/173003feb248593d54b07e15418d521c276638e8_1652691459.jpg?x-oss-process=image/resize,m_lfit,h_800,w_800/quality,q_90","قرمزآبی یخیآبی کاربنیسرخابیآبی کدرکرمآبی آسمانیبنفش روشنصورتیزردارتشی طوسیسفیدمشکیطوسیآبیبنفش","سازگار با گوشی موبایلApple iphone 13Apple iphone 13ساختارماتمات","مشخصاتمشخصاتجنسسیلیکون وزن۳۰ گرمسازگار با گوشی موبایلApple iphone ۱۳ ساختارمات سطح پوششقاب پشتی لبه بالایی لبه پایینی لبه چپ لبه راست حفاظت از دکمه‌ها","۳۰۲ دیدگاه","متفرقه","کیف و کاور گوشی متفرقه","کالای دیجیتال/","لوازم جانبی کالای دیجیتال/","لوازم جانبی گوشی موبایل/","کیف و کاور گوشی"
"1771409476-217","https://www.digikala.com/search/category-mobile-accessories/?has_selling_stock=1&sort=7","پایه نگهدارنده گوشی موبایل و تبلت دینیال مدل -0007","۲۲۷,۰۰۰","۲۵۰,۰۰۰","۹٪","۴.۴","ارسال سریع دیجی‌کالا","","","","","","","پایه نگهدارنده گوشی موبایل و تبلت دینیال مدل -0007ارسال سریع دیجی‌کالا
۴.۴۹٪۲۲۷,۰۰۰۲۵۰,۰۰۰","https://www.digikala.com/product/dkp-6854194/%D9%BE%D8%A7%DB%8C%D9%87-%D9%86%DA%AF%D9%87%D8%AF%D8%A7%D8%B1%D9%86%D8%AF%D9%87-%DA%AF%D9%88%D8%B4%DB%8C-%D9%85%D9%88%D8%A8%D8%A7%DB%8C%D9%84-%D9%88-%D8%AA%D8%A8%D9%84%D8%AA-%D8%AF%DB%8C%D9%86%DB%8C%D8%A7%D9%84-%D9%85%D8%AF%D9%84-0007/","۴.۴","دینیال","۸۸.۶%","پایه نگهدارنده گوشی موبایل و تبلت دینیال مدل -0007","۹٪","۲۵۰,۰۰۰","۲۲۷,۰۰۰","نگهدارنده موبایل و تبلت دینیال مدل DINIAL-0007 با توجه به طراحی ایتالیایی خود ، یک محصول دکوراتیو ، خلاقانه ، جذاب و بسیار کاربردی می باشد. نگهدارنده موبایل و تبلت دینیال ، کار را برای شما راحت میکند به صورتی که شما میتوانید در خانه ، محل کار و غیره حس خوب و راحت استفاده از این محصول را تجربه کنید. این محصول میتواند هر نوع و مدل موبایل و تبلت را بصورت عمودی و افقی نگه دارد و همچنین با توجه به 4 عدد پایه فومی که در زیر این استند تعبیه شده است ، از لرزش و لغزش موبایل در هنگام ا ...","https://dkstatics-public.digikala.com/digikala-products/37773501b6a281012bf8b6a1b88d236a4e6de9bc_1635248037.jpg?x-oss-process=image/resize,m_lfit,h_800,w_800/quality,q_90
https://dkstatics-public.digikala.com/digikala-products/8f473b7a0f6056dfecf7ce23984f41236f275ab5_1635247984.jpg?x-oss-process=image/resize,m_lfit,h_800,w_800/quality,q_90
https://dkstatics-public.digikala.com/digikala-products/662c6756b7a52676d282e9c32d835b866767597f_1635247703.jpg?x-oss-process=image/resize,m_lfit,h_800,w_800/quality,q_90
https://dkstatics-public.digikala.com/digikala-products/37773501b6a281012bf8b6a1b88d236a4e6de9bc_1635248037.jpg?x-oss-process=image/resize,m_lfit,h_800,w_800/quality,q_90","https://dkstatics-public.digikala.com/digikala-products/37773501b6a281012bf8b6a1b88d236a4e6de9bc_1635248037.jpg?x-oss-process=image/resize,m_lfit,h_800,w_800/quality,q_90","مشکی ماتمشکی","","مشخصاتمشخصاتوزن۱۴۷ گرمسایر توضیحاتطراحی ایتالیایی و منحصر به فرد.
مناسب برای انواع موبایل ها و تبلت ها.
دارای پایه فومی جهت ثبات بهتر محصول روی میز.
هنگام قرار دادن گوشی و یا تبلت خود بر روی آن، میتوانید سیم شارژر و یا هندزفری خود را نیز به دستگاه خود متصل نگهدارید.
جنس فلزی و رنگ الکترواستاتیک مقاوم.
بسته بندی شیک و یونیک.
برای جلسات کاری و همچنین کلاس های آنلاین آموزشی بسیار کاربردی و مناسب میباشد.
طراحی شده در جهت تبادل صوتی مناسب در هنگام استفاده.","۱۴۲۴ دیدگاه","دینیال","پایه نگهدارنده گوشی و تبلت دینیال","کالای دیجیتال/","لوازم جانبی کالای دیجیتال/","لوازم جانبی گوشی موبایل/","پایه نگهدارنده گوشی و تبلت"
"1771409478-218","https://www.digikala.com/search/category-mobile-accessories/?has_selling_stock=1&sort=7","خنک کننده گوشی موبایل مدل AL-1","۲۷۰,۰۰۰","","","۴.۲","ارسال سریع دیجی‌کالا","","","","","","","خنک کننده گوشی موبایل مدل AL-1ارسال سریع دیجی‌کالا
۴.۲۲۷۰,۰۰۰","https://www.digikala.com/product/dkp-8878223/%D8%AE%D9%86%DA%A9-%DA%A9%D9%86%D9%86%D8%AF%D9%87-%DA%AF%D9%88%D8%B4%DB%8C-%D9%85%D9%88%D8%A8%D8%A7%DB%8C%D9%84-%D9%85%D8%AF%D9%84-al-1/","۴.۲","هلال ماه","۸۰%","خنک کننده گوشی موبایل مدل AL-1","","۲۶۹,۰۰۰","","یکی از مشکلات اکثر گوشی های موبایل در هنگام کار کردن و یا بازی کردن داغ کردن بیش از حد می باشد. فن خنک کننده مانع از گرمای بیش از حد گوشی در هنگام بازی کردن کنسول بازی می شود و باعث افزایش عمر گوشی و باتری می شود. یک تولید کننده فن جالبی طراحی و ساخته است که تا حد زیادی به خنک کردن موبایل در حین بازی کمک می کند. این مدل خنک کننده به همراه کابل usb میباشد.
ساختار خنک کننده موبایل مدل AL-1 دارای دهانه 50 سانتی متر باز می شود. در مقایسه با سایر کولرها ، این رادیاتور دارای سرعت  ...","https://dkstatics-public.digikala.com/digikala-products/bd709d1573a664cbbeb478080edf6781f6a41c7d_1656492054.jpg?x-oss-process=image/resize,m_lfit,h_800,w_800/quality,q_90
https://dkstatics-public.digikala.com/digikala-products/149e376f94c8d141886c33221e036fed101c8f06_1656492053.jpg?x-oss-process=image/resize,m_lfit,h_800,w_800/quality,q_90
https://dkstatics-public.digikala.com/digikala-products/888d9640f661a9acb4623b72c58a072ca58a4778_1656492056.jpg?x-oss-process=image/resize,m_lfit,h_800,w_800/quality,q_90
https://dkstatics-public.digikala.com/digikala-products/bd709d1573a664cbbeb478080edf6781f6a41c7d_1656492054.jpg?x-oss-process=image/resize,m_lfit,h_800,w_800/quality,q_90","https://dkstatics-public.digikala.com/digikala-products/bd709d1573a664cbbeb478080edf6781f6a41c7d_1656492054.jpg?x-oss-process=image/resize,m_lfit,h_800,w_800/quality,q_90","مشکی","","مشخصاتمشخصاتوزن۱۳۵ گرممشخصاتنوع طراحی : ارگونومیک
جنس : ABS
اتصال آسان به وسیله گیره 
سینک خنک کننده قدرتمند مانع از گرمای بیش از حد گوشی هنگام بازی کردن می شود و باعث افزایش عمر گوشی و باتری می شود ‌رادیاتور خنک کننده با قدرت بالا در ۱۰ ثانیه ۳۰ الی ۲۰ درجه دما را کاهش میدهد ‌بی صدا در حدود ۷۰ دسیبل ‌استفاده با شارژ مستقیم USB پشت فن تا به راحتی فن را به شارژر وصل و استفاده کنید ‌ قابل وصل بر روی تمامی گوشی های اندرویدی و ios دارای کابل USB ۳ به طول ۱/۵ متر برای شارژ وزن سبک و راحت ، تشک سیلیکونی در لبه خنک کننده برای جلوگیری از خاموش شدن و آسیب به گوشی قابل وصل خنک کننده همزمان با جوی استیک و دسته قابل تنظیم ارتفاع از ۶.۵ تا ۸.۵ سانتی متر مشخصات فنی و فیزیکی محصول وزن : ۱۳۵ گرم جنس : ABS ولتاژ ورودی : ۵ ولت سرعت فن : ۷۵۰۰ دور در دقیقه جریان ورودی : ۰.۱ آمپر","۴۲۳ دیدگاه","متفرقه","قطعات جانبی موبایل و تبلت و هدفون متفرقه","کالای دیجیتال/","لوازم جانبی کالای دیجیتال/","لوازم جانبی گوشی موبایل/","قطعات جانبی موبایل و تبلت و هدفون"
"1771409480-219","https://www.digikala.com/search/category-mobile-accessories/?has_selling_stock=1&sort=7","کابل تبدیل USB-C به USB-C انکر مدل A8757 طول 1.8 متر","۵۷۹,۰۰۰","۶۱۹,۰۰۰","۶٪","۴.۷","&nbsp;","","","","","","","کابل تبدیل USB-C به USB-C انکر مدل A8757 طول 1.8 متر&nbsp;
۴.۷۶٪۵۷۹,۰۰۰۶۱۹,۰۰۰","https://www.digikala.com/product/dkp-16740221/%DA%A9%D8%A7%D8%A8%D9%84-%D8%AA%D8%A8%D8%AF%DB%8C%D9%84-usb-c-%D8%A8%D9%87-usb-c-%D8%A7%D9%86%DA%A9%D8%B1-%D9%85%D8%AF%D9%84-a8757-%D8%B7%D9%88%D9%84-18-%D9%85%D8%AA%D8%B1/","۴.۷","هزاران کوه","۹۵.۸%","کابل تبدیل USB-C به USB-C انکر مدل A8757 طول 1.8 متر","","۵۷۵,۰۰۰","","","https://dkstatics-public.digikala.com/digikala-products/0a875630a051822af4fbf4ee6d9c08da9c49e90b_1770140482.jpg?x-oss-process=image/resize,m_lfit,h_800,w_800/quality,q_90
https://dkstatics-public.digikala.com/digikala-products/bc90db5eb140a0e651cab89b5d796ec2c32dd041_1726646411.jpg?x-oss-process=image/resize,m_lfit,h_800,w_800/quality,q_90
https://dkstatics-public.digikala.com/digikala-products/bd4f9a28ae9be994da59d328e409800699b88aca_1726646411.jpg?x-oss-process=image/resize,m_lfit,h_800,w_800/quality,q_90
https://dkstatics-public.digikala.com/digikala-products/0a875630a051822af4fbf4ee6d9c08da9c49e90b_1770140482.jpg?x-oss-process=image/resize,m_lfit,h_800,w_800/quality,q_90","https://dkstatics-public.digikala.com/digikala-products/0a875630a051822af4fbf4ee6d9c08da9c49e90b_1770140482.jpg?x-oss-process=image/resize,m_lfit,h_800,w_800/quality,q_90","مشکی","نوع رابطرابط USB Type-Cرابط USB Type-Cقابلیت‌هاامکان انتقال اطلاعاتامکان انتقال اطلاعات","مشخصاتمشخصاتنوع کابل شارژ و مبدلمبدل ها کابل شارژ نوع کابلUSB Type-C طول کابل۱۸۰ سانتی مترجنس کابلکنفی نوع رابطرابط USB Type-C قابلیت‌هاامکان انتقال اطلاعات سایر توضیحات کابلقابلیت شارژ سریع تا ۱۰۰ وات/
پشتیبانی از انواع گوشی‌های موبایل و لپ‌تاپ بازه طول کابل۱۵۱ تا ۳۰۰ سانتی‌متر مشاهده بیشتر","۱۱۴ دیدگاه","انکر","کابل شارژ و مبدل انکر","کالای دیجیتال/","لوازم جانبی کالای دیجیتال/","لوازم جانبی گوشی موبایل/","کابل شارژ و مبدل"
"1771409482-220","https://www.digikala.com/search/category-mobile-accessories/?has_selling_stock=1&sort=7","کاور سامورایی مدل Eros مناسب برای گوشی موبایل شیائومی Redmi Note 14 Pro 4G / Note 14 Pro 5G / Note 14 Pro Plus","۵۶۵,۰۰۰","۶۸۰,۰۰۰","۱۷٪","۴.۶","ارسال فروشنده","","","","","","","کاور سامورایی مدل Eros مناسب برای گوشی موبایل شیائومی Redmi Note 14 Pro 4G / Note 14 Pro 5G / Note 14 Pro Plusارسال فروشنده
۴.۶۱۷٪۵۶۵,۰۰۰۶۸۰,۰۰۰","https://www.digikala.com/product/dkp-19914285/%DA%A9%D8%A7%D9%88%D8%B1-%D8%B3%D8%A7%D9%85%D9%88%D8%B1%D8%A7%DB%8C%DB%8C-%D9%85%D8%AF%D9%84-eros-%D9%85%D9%86%D8%A7%D8%B3%D8%A8-%D8%A8%D8%B1%D8%A7%DB%8C-%DA%AF%D9%88%D8%B4%DB%8C-%D9%85%D9%88%D8%A8%D8%A7%DB%8C%D9%84-%D8%B4%DB%8C%D8%A7%D8%A6%D9%88%D9%85%DB%8C-redmi-note-14-pro-4g-note-14-pro-5g-note-14-pro-plus/","۴.۶","مسیرسبز","۹۰.۶%","کاور سامورایی مدل Eros مناسب برای گوشی موبایل شیائومی Redmi Note 14 Pro 4G / Note 14 Pro 5G / Note 14 Pro Plus","۱۷٪","۶۸۰,۰۰۰","۵۶۵,۰۰۰","قاب شیائومی Redmi Note 14 Pro 4G / Note 14 Pro 5G / Note 14 Pro Plus مدل Eros از برند سامورایی ترکیبی از طراحی هوشمند و قابلیت‌های کاربردی برای محافظت کامل گوشی می باشد. هولدر مغناطیسی مجهز به فناوری مگ‌سیف امکان اتصال سریع و ایمن را فراهم می‌کند و با قابلیت چرخش ۳۶۰ درجه و تنظیم در زوایای مختلف، بهترین زاویه دید را برای تماشای فیلم یا کار با گوشی ارائه می‌دهد. محافظ کشویی دوربین، لنز را از خط و خش، گرد و غبار و ضربه محافظت می‌کند و به راحتی قابل باز و بسته شدن است. مقاومت با ...","https://dkstatics-public.digikala.com/digikala-products/b14f0ad7f98f6badfbd147b4aeef0b2f052311bf_1753101332.jpg?x-oss-process=image/resize,m_lfit,h_800,w_800/quality,q_90
https://dkstatics-public.digikala.com/digikala-products/b14f0ad7f98f6badfbd147b4aeef0b2f052311bf_1753101332.jpg?x-oss-process=image/resize,m_lfit,h_800,w_800/quality,q_90
https://dkstatics-public.digikala.com/digikala-products/f71f472b2beae1659cf2a6c3b06c24149a54f5cc_1753101333.jpg?x-oss-process=image/resize,m_lfit,h_800,w_800/quality,q_90
https://dkstatics-public.digikala.com/digikala-products/b14f0ad7f98f6badfbd147b4aeef0b2f052311bf_1753101332.jpg?x-oss-process=image/resize,m_lfit,h_800,w_800/quality,q_90","https://dkstatics-public.digikala.com/digikala-products/b14f0ad7f98f6badfbd147b4aeef0b2f052311bf_1753101332.jpg?x-oss-process=image/resize,m_lfit,h_800,w_800/quality,q_90","مشکیسرمه اینارنجیقرمزبنفش","سازگار با گوشی موبایلXiaomi Redmi Note 14 Pro 4G، Xiaomi Redmi Note 14 Pro 5G، Xiaomi Redmi Note 14 Pro Plus 5GXiaomi Redmi Note 14 Pro 4G، Xiaomi Redmi Note 14 Pro 5G، Xiaomi Redmi Note 14 Pro Plus 5Gساختارماتماتویژگی‌های کیف و کاورلبه های برجسته برای محافظت صفحه نمایش، لبه های برجسته برای محافظت دوربین، مقاوم در برابر خط و خشلبه های برجسته برای محافظت صفحه نمایش، لبه های برجسته برای محافظت دوربین، مقاوم در برابر خط و خش","مشخصاتمشخصاتنوع کیف و کاور گوشیکاور وزن۵۰ گرمسازگار با گوشی موبایلXiaomi Redmi Note ۱۴ Pro ۴G Xiaomi Redmi Note ۱۴ Pro ۵G Xiaomi Redmi Note ۱۴ Pro Plus ۵G ساختارمات سطح پوششقاب پشتی لبه بالایی لبه پایینی لبه راست لبه چپ حفاظت از دکمه‌ها ویژگی‌های کیف و کاورلبه های برجسته برای محافظت صفحه نمایش لبه های برجسته برای محافظت دوربین مقاوم در برابر خط و خش مشاهده بیشتر","۴۰ دیدگاه","سامورایی","کیف و کاور گوشی سامورایی","کالای دیجیتال/","لوازم جانبی کالای دیجیتال/","لوازم جانبی گوشی موبایل/","کیف و کاور گوشی"
"1771409484-221","https://www.digikala.com/search/category-mobile-accessories/?has_selling_stock=1&sort=7","شارژر فندکی 50 وات دو پورت وونک مدل VC--50 به همراه کابل usb-C","۱,۲۰۹,۰۰۰","۳,۵۰۰,۰۰۰","۶۵٪","۴.۴","تنها ۳ عدد در انبار باقی مانده","۲۸ : ۵۰ : ۰۱","","فروش رفته","%","","","شارژر فندکی 50 وات دو پورت وونک مدل VC--50 به همراه کابل usb-Cتنها ۳ عدد در انبار باقی مانده
۴.۴۶۵٪۱,۲۰۹,۰۰۰۳,۵۰۰,۰۰۰%فروش رفته۲۸ : ۵۰ : ۰۱","https://www.digikala.com/product/dkp-18919867/%D8%B4%D8%A7%D8%B1%DA%98%D8%B1-%D9%81%D9%86%D8%AF%DA%A9%DB%8C-50-%D9%88%D8%A7%D8%AA-%D8%AF%D9%88-%D9%BE%D9%88%D8%B1%D8%AA-%D9%88%D9%88%D9%86%DA%A9-%D9%85%D8%AF%D9%84-vc-50-%D8%A8%D9%87-%D9%87%D9%85%D8%B1%D8%A7%D9%87-%DA%A9%D8%A7%D8%A8%D9%84-usb-c/","۴.۴","آوا هدفون ایران","۹۰%","شارژر فندکی 50 وات دو پورت وونک مدل VC--50 به همراه کابل usb-C","۶۵٪","۳,۵۰۰,۰۰۰","۱,۲۰۹,۰۰۰","شارژر فندکی VC-50 از برند VONK این محصول جدید و باکیفیت، محصول در سال 2025 طراحی شده است و تمام بروزرسانی های گوشی های جدید سازگاری دارد ( iOS  و Android )  و قابلیت شارژ معمولی ، شارژ سریع(Fast Charging) و شارژ خیلی سریع (Super Fast Charging ) و به شما امکان می‌دهد تا متناسب با نیازتان استفاده کنید ، این فندکی دارای دو خروجی Type-C و USB هست و یک کابل یک متری LED دار  Type-C هم داخل جعبه وجود دارد.","https://dkstatics-public.digikala.com/digikala-products/c305d5f9dc1d14318ad9ba123b6edc9d4318f86a_1744617616.jpg?x-oss-process=image/resize,m_lfit,h_800,w_800/quality,q_90
https://dkstatics-public.digikala.com/digikala-products/c305d5f9dc1d14318ad9ba123b6edc9d4318f86a_1744617616.jpg?x-oss-process=image/resize,m_lfit,h_800,w_800/quality,q_90
https://dkstatics-public.digikala.com/digikala-products/328e7f71fcd4e042477013268b227e8d3c9981ac_1744617615.jpg?x-oss-process=image/resize,m_lfit,h_800,w_800/quality,q_90
https://dkstatics-public.digikala.com/digikala-products/536902794fa71db8cbcf0f3c6955b7d38e877f92_1744617615.jpg?x-oss-process=image/resize,m_lfit,h_800,w_800/quality,q_90
https://dkstatics-public.digikala.com/digikala-products/c305d5f9dc1d14318ad9ba123b6edc9d4318f86a_1744617616.jpg?x-oss-process=image/resize,m_lfit,h_800,w_800/quality,q_90","https://dkstatics-public.digikala.com/digikala-products/c305d5f9dc1d14318ad9ba123b6edc9d4318f86a_1744617616.jpg?x-oss-process=image/resize,m_lfit,h_800,w_800/quality,q_90","مشکی براقمشکی","تعداد درگاه خروجیدو عدددو عدددرگاه‌های ارتباطیUSB Type-CUSB Type-C","مشخصاتمشخصات فیزیکیوزن۲۸ گرمجنس بدنهپلاستیک نوع اتصال به منبع برقفندکی اقلام همراهکابل شارژ طول کابل۱۰۰ سانتی متربازه طول کابل۱۶ تا ۱۰۰ سانتی‌متر نوع کابل همراهUSB Type-C مشاهده بیشتر","۱۸۱ دیدگاه","وونک","شارژر تبلت و موبایل وونک","کالای دیجیتال/","لوازم جانبی کالای دیجیتال/","لوازم جانبی گوشی موبایل/","شارژر تبلت و موبایل"
"1771409486-222","https://www.digikala.com/search/category-mobile-accessories/?has_selling_stock=1&sort=7","کابل تبدیل USB-C به USB-C انکر مدل Nylon A8753 طول 1.8 متر","۶۷۰,۱۰۰","۱,۲۹۶,۵۰۰","۴۸٪","۴.۶","ارسال سریع دیجی‌کالا","","","","","","","کابل تبدیل USB-C به USB-C انکر مدل Nylon A8753 طول 1.8 مترارسال سریع دیجی‌کالا
۴.۶۴۸٪۶۷۰,۱۰۰۱,۲۹۶,۵۰۰","https://www.digikala.com/product/dkp-19225108/%DA%A9%D8%A7%D8%A8%D9%84-%D8%AA%D8%A8%D8%AF%DB%8C%D9%84-usb-c-%D8%A8%D9%87-usb-c-%D8%A7%D9%86%DA%A9%D8%B1-%D9%85%D8%AF%D9%84-nylon-a8753-%D8%B7%D9%88%D9%84-18-%D9%85%D8%AA%D8%B1/","۴.۶","دیجی‌کالا","۹۲.۸%","کابل تبدیل USB-C به USB-C انکر مدل Nylon A8753 طول 1.8 متر","۴۸٪","۱,۲۹۶,۵۰۰","۶۷۰,۱۰۰","","https://dkstatics-public.digikala.com/digikala-products/67889fbb147155531c8c18007c32f2a22d0370e1_1770140489.jpg?x-oss-process=image/resize,m_lfit,h_800,w_800/quality,q_90
https://dkstatics-public.digikala.com/digikala-products/d91e079ba3ff7e17a4b43247f1573f84067ff700_1757845375.jpg?x-oss-process=image/resize,m_lfit,h_800,w_800/quality,q_90
https://dkstatics-public.digikala.com/digikala-products/31ae53cb2de5a40c784029e83e2ed1acf567885d_1747057446.jpg?x-oss-process=image/resize,m_lfit,h_800,w_800/quality,q_90
https://dkstatics-public.digikala.com/digikala-products/67889fbb147155531c8c18007c32f2a22d0370e1_1770140489.jpg?x-oss-process=image/resize,m_lfit,h_800,w_800/quality,q_90","https://dkstatics-public.digikala.com/digikala-products/67889fbb147155531c8c18007c32f2a22d0370e1_1770140489.jpg?x-oss-process=image/resize,m_lfit,h_800,w_800/quality,q_90","مشکی","نوع رابطرابط USB Type-Cرابط USB Type-Cقابلیت‌هاامکان انتقال اطلاعاتامکان انتقال اطلاعات","مشخصاتمشخصاتنوع کابل شارژ و مبدلکابل شارژ سازگار بالوازم الکترونیکی با پشتیبانی از تکنولوژی شارژ (PD (Power Delivery نوع کابلUSB Type-C طول کابل۱۸۰ سانتی مترجنس کابلکنفی نوع رابطرابط USB Type-C قابلیت‌هاامکان انتقال اطلاعات سایر توضیحات کابلمقاوم در برابر خم شدن تا ۱۲۰۰۰ بار بازه طول کابل۱۵۱ تا ۳۰۰ سانتی‌متر سایر توضیحات مبدلوان خروجی تا ۶۰ وات مشاهده بیشتر","۵۵۰ دیدگاه","انکر","کابل شارژ و مبدل انکر","کالای دیجیتال/","لوازم جانبی کالای دیجیتال/","لوازم جانبی گوشی موبایل/","کابل شارژ و مبدل"
"1771409489-223","https://www.digikala.com/search/category-mobile-accessories/?has_selling_stock=1&sort=7","محافظ صفحه نمایش سامورایی مدل Invisiglass مناسب برای گوشی موبایل سامسونگ Galaxy S25 FE","۲۷۹,۰۰۰","۳۰۵,۰۰۰","۹٪","۴.۴","ارسال فروشنده","","","","","","","محافظ صفحه نمایش سامورایی مدل Invisiglass مناسب برای گوشی موبایل سامسونگ Galaxy S25 FE ارسال فروشنده
۴.۴۹٪۲۷۹,۰۰۰۳۰۵,۰۰۰","https://www.digikala.com/product/dkp-20665788/%D9%85%D8%AD%D8%A7%D9%81%D8%B8-%D8%B5%D9%81%D8%AD%D9%87-%D9%86%D9%85%D8%A7%DB%8C%D8%B4-%D8%B3%D8%A7%D9%85%D9%88%D8%B1%D8%A7%DB%8C%DB%8C-%D9%85%D8%AF%D9%84-invisiglass-%D9%85%D9%86%D8%A7%D8%B3%D8%A8-%D8%A8%D8%B1%D8%A7%DB%8C-%DA%AF%D9%88%D8%B4%DB%8C-%D9%85%D9%88%D8%A8%D8%A7%DB%8C%D9%84-%D8%B3%D8%A7%D9%85%D8%B3%D9%88%D9%86%DA%AF-galaxy-s25-fe/","۴.۴","مسیرسبز","۸۷.۸%","محافظ صفحه نمایش سامورایی مدل Invisiglass مناسب برای گوشی موبایل سامسونگ Galaxy S25 FE","۹٪","۳۰۵,۰۰۰","۲۷۹,۰۰۰","گلس شیشه‌ای سامورایی مدل InvisiGlass مناسب برای گوشی سامسونگ گلکسی S25 FE ، با طراحی تمام ‌صفحه و بدون حاشیه، کاملاً فیت روی نمایشگر قرار می‌گیرد بدون آنکه با قاب یا لبه‌ها تداخل داشته باشد. این گلس با سختی 9H، در برابر خط و خش و ضربه مقاوم است و از صفحه‌نمایش گوشی Samsung Galaxy S25 FE شما به ‌خوبی محافظت می‌کند. پوشش الئوفوبیک پیشرفته آن، لمس روان و مقاوم در برابر اثر انگشت را تضمین می‌نماید. اگر به‌دنبال یک محافظ صفحه شفاف با کیفیت بالا و نامرئی هستید، InvisiGlass انتخابی  ...","https://dkstatics-public.digikala.com/digikala-products/4cd50049ea0300a6544832f08a29fd527bed7e69_1760429930.jpg?x-oss-process=image/resize,m_lfit,h_800,w_800/quality,q_90
https://dkstatics-public.digikala.com/digikala-products/8f06b4db24eaa08a8d1177679986c1b77cbaf839_1760362250.jpg?x-oss-process=image/resize,m_lfit,h_800,w_800/quality,q_90
https://dkstatics-public.digikala.com/digikala-products/4312585a7256ad37baffa76d0f5a9bd51a6fbe9b_1760362251.jpg?x-oss-process=image/resize,m_lfit,h_800,w_800/quality,q_90
https://dkstatics-public.digikala.com/digikala-products/4cd50049ea0300a6544832f08a29fd527bed7e69_1760429930.jpg?x-oss-process=image/resize,m_lfit,h_800,w_800/quality,q_90","https://dkstatics-public.digikala.com/digikala-products/4cd50049ea0300a6544832f08a29fd527bed7e69_1760429930.jpg?x-oss-process=image/resize,m_lfit,h_800,w_800/quality,q_90","بی رنگ شفاف","قابلیت‌های مقاومتیمقاوم در برابر ضربهمقاوم در برابر ضربهسازگار با گوشی موبایلSamsung Galaxy S25 FESamsung Galaxy S25 FE","مشخصاتمشخصاتجنس محافظشیشه نوع محافظ صفحه نمایش گوشیفول ویژگی‌ها۹H قابلیت نصب آسان مقاوم در برابر چربی و اثرانگشت مقاوم در برابر خط و خش نصب بدون حباب صفحه نمایش قابلیت‌های مقاومتیمقاوم در برابر ضربه سازگار با گوشی موبایلSamsung Galaxy S۲۵ FE مشخصات دیگرشیشه مقاوم ۹H - طراحی تمام‌ صفحه و خمیده ۵D - فناوری ESD (تخلیه الکترواستاتیک) ( گلس آنتی استاتیک ) - وضوح شفاف و کیفیت بالا - ویژگی ضد اثر انگشت - طراحی فول چسب - حساسیت لمس بالا -گلس شیشه ای - گلس بدون حاشیه -گلس بدون رنگ دارای محافظ برای قسمتجلو (صفحه نمایش) تعداد در بسته‌بندیتکی اقلام همراهکیت تمیز کننده سامورایی مشاهده بیشتر","۹۸ دیدگاه","سامورایی","محافظ صفحه نمایش گوشی سامورایی","کالای دیجیتال/","لوازم جانبی کالای دیجیتال/","لوازم جانبی گوشی موبایل/","محافظ صفحه نمایش گوشی"
"1771409491-224","https://www.digikala.com/search/category-mobile-accessories/?has_selling_stock=1&sort=7","محافظ صفحه نمایش شهر گلس مدل SUPRDS مناسب برای گوشی موبایل اپل iPhone 16","۱۳۷,۰۰۰","","","۴.۶","&nbsp;","","","","","https://dkstatics-public.digikala.com/digikala-products/bf25724dfe889d7313d8a1d61c58d51853333a70_1747205669.jpg?x-oss-process=image/resize,m_lfit,h_300,w_300/quality,q_80","","محافظ صفحه نمایش شهر گلس مدل SUPRDS مناسب برای گوشی موبایل اپل iPhone 16&nbsp;
۴.۶۱۳۷,۰۰۰","https://www.digikala.com/product/dkp-19237268/%D9%85%D8%AD%D8%A7%D9%81%D8%B8-%D8%B5%D9%81%D8%AD%D9%87-%D9%86%D9%85%D8%A7%DB%8C%D8%B4-%D8%B4%D9%87%D8%B1-%DA%AF%D9%84%D8%B3-%D9%85%D8%AF%D9%84-suprds-%D9%85%D9%86%D8%A7%D8%B3%D8%A8-%D8%A8%D8%B1%D8%A7%DB%8C-%DA%AF%D9%88%D8%B4%DB%8C-%D9%85%D9%88%D8%A8%D8%A7%DB%8C%D9%84-%D8%A7%D9%BE%D9%84-iphone-16/","۴.۶","شهر گلس","۹۲.۸%","محافظ صفحه نمایش شهر گلس مدل SUPRDS مناسب برای گوشی موبایل اپل iPhone 16","","۱۳۷,۰۰۰","","شهر گلس یکی از گلس های با کیفیت بازار هست با قدرت چسبندگی عالی مانع نفوذ هوا به زیر گلس میشود.شفافیت بسیار بالایی دارد این گلس به صورت فول چسب می باشد و تمام نقاط آن به چسب آغشته شده ، به همین خاطر به خوبی روی صفحه نمایش شما قرار می گیرد و آن را می پوشاند ، بنابراین اگر هنگام چسباندن گلس با دقت کافی این کار را انجام دهید ، هیچگونه حبابی زیر محافظ صفحه نمایش شما ایجاد نخواهد شد. شما با داشتن گلس تمام صفحه تا حد زیادی از شکستن صفحه نمایش تلفن همراه خود جلوگیری می کنید و به طور  ...","https://dkstatics-public.digikala.com/digikala-products/bf25724dfe889d7313d8a1d61c58d51853333a70_1747205669.jpg?x-oss-process=image/resize,m_lfit,h_800,w_800/quality,q_90
https://dkstatics-public.digikala.com/digikala-products/60a0ed559b1ba7d940e5cbaf63a179c70090cdcc_1747204249.jpg?x-oss-process=image/resize,m_lfit,h_800,w_800/quality,q_90
https://dkstatics-public.digikala.com/digikala-products/ce84ef7be67d923762b14ae3facef914dae58b77_1747204249.jpg?x-oss-process=image/resize,m_lfit,h_800,w_800/quality,q_90
https://dkstatics-public.digikala.com/digikala-products/bf25724dfe889d7313d8a1d61c58d51853333a70_1747205669.jpg?x-oss-process=image/resize,m_lfit,h_800,w_800/quality,q_90","https://dkstatics-public.digikala.com/digikala-products/bf25724dfe889d7313d8a1d61c58d51853333a70_1747205669.jpg?x-oss-process=image/resize,m_lfit,h_800,w_800/quality,q_90","مشکی","قابلیت‌های مقاومتیمقاوم در برابر ضربهمقاوم در برابر ضربهسازگار با گوشی موبایلApple iPhone 16Apple iPhone 16","مشخصاتمشخصاتجنس محافظشیشه نوع محافظ صفحه نمایش گوشیفول ویژگی‌ها۹H قابلیت نصب آسان مقاوم در برابر خط و خش نصب بدون حباب قابلیت‌های مقاومتیمقاوم در برابر ضربه سازگار با گوشی موبایلApple iPhone ۱۶ مشخصات دیگر- دارای پوشش تمام چسب صفحه نمایش - سازگاری با تمامی کیس و کیف های موجود - دارای سختی ۹H و مقاوم در برابر خط و خش و ضربه - مقاوم در برابر اثر انگشت، قطرات آب، چربی - عدم کاهش حساسیت تاچ صفحه نمایش - مقاوم در برابر ایجاد حباب - نصب آسان - بسته بندی شکیل ضخامت۰.۳ دارای محافظ برای قسمتجلو (صفحه نمایش) تعداد در بسته‌بندیتکی مشاهده بیشتر","۸۲ دیدگاه","شهر گلس","محافظ صفحه نمایش گوشی شهر گلس","کالای دیجیتال/","لوازم جانبی کالای دیجیتال/","لوازم جانبی گوشی موبایل/","محافظ صفحه نمایش گوشی"
"1771409493-225","https://www.digikala.com/search/category-mobile-accessories/?has_selling_stock=1&sort=7","شارژر دیواری 30 وات انکر مدل Zolo A2698 EU","۱,۳۹۹,۰۰۰","","","۴.۷","ارسال سریع دیجی‌کالا","","","","","https://dkstatics-public.digikala.com/digikala-products/d22c1ff1e7a67a55fa0c87ab1eb443b978a83060_1757839999.jpg?x-oss-process=image/resize,m_lfit,h_300,w_300/quality,q_80","","شارژر دیواری 30 وات انکر مدل Zolo A2698 EUارسال سریع دیجی‌کالا
۴.۷۱,۳۹۹,۰۰۰","https://www.digikala.com/product/dkp-20432495/%D8%B4%D8%A7%D8%B1%DA%98%D8%B1-%D8%AF%DB%8C%D9%88%D8%A7%D8%B1%DB%8C-30-%D9%88%D8%A7%D8%AA-%D8%A7%D9%86%DA%A9%D8%B1-%D9%85%D8%AF%D9%84-zolo-a2698-eu/","۴.۷","نوین جهش","۹۷.۴%","شارژر دیواری 30 وات انکر مدل Zolo A2698 EU","","۱,۳۹۹,۰۰۰","","","https://dkstatics-public.digikala.com/digikala-products/d22c1ff1e7a67a55fa0c87ab1eb443b978a83060_1757839999.jpg?x-oss-process=image/resize,m_lfit,h_800,w_800/quality,q_90
https://dkstatics-public.digikala.com/digikala-products/9a5a10b78762324142764b9b951fc900aab596e7_1757839999.jpg?x-oss-process=image/resize,m_lfit,h_800,w_800/quality,q_90
https://dkstatics-public.digikala.com/digikala-products/cd6918019c1e80dd305ff6bb412930b51b70ada3_1757839999.jpg?x-oss-process=image/resize,m_lfit,h_800,w_800/quality,q_90
https://dkstatics-public.digikala.com/digikala-products/d22c1ff1e7a67a55fa0c87ab1eb443b978a83060_1757839999.jpg?x-oss-process=image/resize,m_lfit,h_800,w_800/quality,q_90","https://dkstatics-public.digikala.com/digikala-products/d22c1ff1e7a67a55fa0c87ab1eb443b978a83060_1757839999.jpg?x-oss-process=image/resize,m_lfit,h_800,w_800/quality,q_90","مشکیسفید","تعداد درگاه خروجییک عددیک عدددرگاه‌های ارتباطیUSB Type-CUSB Type-C","مشخصاتمشخصات فیزیکیوزن۴۹ گرمجنس بدنهپلاستیک نوع اتصال به منبع برقدوشاخه (استاندارد ایران) اقلام همراهبدون اقلام همراه نوع کابل همراهبدون کابل مشاهده بیشتر","۹۶ دیدگاه","انکر","شارژر تبلت و موبایل انکر","کالای دیجیتال/","لوازم جانبی کالای دیجیتال/","لوازم جانبی گوشی موبایل/","شارژر تبلت و موبایل"
"1771409496-226","https://www.digikala.com/search/category-mobile-accessories/?has_selling_stock=1&sort=7","شارژر فندکی 75 وات سه پورت ولتیکو مدل CC75VOLT","۷۸۹,۰۰۰","۸۵۰,۰۰۰","۷٪","۴.۱","ارسال سریع دیجی‌کالا","","","","","","","شارژر فندکی 75 وات سه پورت ولتیکو مدل CC75VOLTارسال سریع دیجی‌کالا
۴.۱۷٪۷۸۹,۰۰۰۸۵۰,۰۰۰","https://www.digikala.com/product/dkp-20576575/%D8%B4%D8%A7%D8%B1%DA%98%D8%B1-%D9%81%D9%86%D8%AF%DA%A9%DB%8C-75-%D9%88%D8%A7%D8%AA-%D8%B3%D9%87-%D9%BE%D9%88%D8%B1%D8%AA-%D9%88%D9%84%D8%AA%DB%8C%DA%A9%D9%88-%D9%85%D8%AF%D9%84-cc75volt/","۴.۱","هارمن","۸۳.۲%","شارژر فندکی 75 وات سه پورت ولتیکو مدل CC75VOLT","۷٪","۸۵۰,۰۰۰","۷۸۹,۰۰۰","شارژر فندکی75 وات VOLTICO مدل CC75VOLT دارای نمایشگر ولتاژ ورودی و یک شارژر فندکی قوی با 3 پورت میباشد که 2 پورت USB سوپرفست شارژ و یک پورت PD سوپر فست شارژ دارد بدنه این شارژر از آلیاژ آلومینیوم و مهمترین نکته اینکه شارژر حتی هنگام شارژ 3 دستگاه همزمان نیز داغ نمیکند و هم برای خودروهای سواری و هم برای کامیون و اتوبوس کاربرد دارد.در تکنولوژی Quickcharge ورژن 3.0 استفاده شده در این محصول، سرعت شارژ ۴ برابر حالت عادی است. توسط این شارژر فندکی میتوان 3 دستگاه مختلف را به صورت هم ...","https://dkstatics-public.digikala.com/digikala-products/be24412e30039ce91a98136dd11a8139dab8edeb_1759354223.jpg?x-oss-process=image/resize,m_lfit,h_800,w_800/quality,q_90
https://dkstatics-public.digikala.com/digikala-products/13560656069ffcb4cf801198820a1bd484b9871d_1759354219.jpg?x-oss-process=image/resize,m_lfit,h_800,w_800/quality,q_90
https://dkstatics-public.digikala.com/digikala-products/2f0d12d574c50df71ea84d34d68b471bfd06b505_1759354220.jpg?x-oss-process=image/resize,m_lfit,h_800,w_800/quality,q_90
https://dkstatics-public.digikala.com/digikala-products/be24412e30039ce91a98136dd11a8139dab8edeb_1759354223.jpg?x-oss-process=image/resize,m_lfit,h_800,w_800/quality,q_90","https://dkstatics-public.digikala.com/digikala-products/be24412e30039ce91a98136dd11a8139dab8edeb_1759354223.jpg?x-oss-process=image/resize,m_lfit,h_800,w_800/quality,q_90","مشکی","تعداد درگاه خروجیسه عددسه عدد","مشخصاتمشخصات فیزیکیوزن۸۰ گرمنوع اتصال به منبع برقفندکی اقلام همراهبدون اقلام همراه نوع کابل همراهبدون کابل مشاهده بیشتر","۵۸ دیدگاه","متفرقه","شارژر تبلت و موبایل متفرقه","کالای دیجیتال/","لوازم جانبی کالای دیجیتال/","لوازم جانبی گوشی موبایل/","شارژر تبلت و موبایل"
"1771409498-227","https://www.digikala.com/search/category-mobile-accessories/?has_selling_stock=1&sort=7","تبدیل 3 به 2 مدل چراغ دار","۱۴۸,۰۰۰","","","۴.۳","&nbsp;","","","","","","","تبدیل 3 به 2 مدل چراغ دار&nbsp;
۴.۳۱۴۸,۰۰۰","https://www.digikala.com/product/dkp-17936736/%D8%AA%D8%A8%D8%AF%DB%8C%D9%84-3-%D8%A8%D9%87-2-%D9%85%D8%AF%D9%84-%DA%86%D8%B1%D8%A7%D8%BA-%D8%AF%D8%A7%D8%B1/","۴.۳","مرکز حافظه گلبال","۹۰%","تبدیل 3 به 2 مدل چراغ دار","","۱۳۴,۵۰۰","","","https://dkstatics-public.digikala.com/digikala-products/c6515ec93f387a307675de7d2270edf65add7596_1736178674.jpg?x-oss-process=image/resize,m_lfit,h_800,w_800/quality,q_90
https://dkstatics-public.digikala.com/digikala-products/08c99ac8b1644236a3ea03661f6f7c2b7ab24429_1736178686.jpg?x-oss-process=image/resize,m_lfit,h_800,w_800/quality,q_90
https://dkstatics-public.digikala.com/digikala-products/3187fd770bd13625bc72bfa5c70bff1833d43e8e_1736178698.jpg?x-oss-process=image/resize,m_lfit,h_800,w_800/quality,q_90","","سبززردصورتیسفیدقرمزبنفشآبیمشکیطوسی","","مشخصاتمشخصاتوزن۴۰ گرمتوضیحاتتبدیل ۳ به ۲ چراغ دار ابعاد۶در۶در۴ ولتاژ ورودی۲۲۰ ولتاژ خروجی۲۲۰ نوع مبدل برقمبدل برق مشاهده بیشتر","۳۲۲ دیدگاه","متفرقه","مبدل برق متفرقه","کالای دیجیتال/","لوازم جانبی کالای دیجیتال/","لوازم جانبی گوشی موبایل/","مبدل برق"
"1771409500-228","https://www.digikala.com/search/category-mobile-accessories/?has_selling_stock=1&sort=7","پاوربانک بی‌سیم 22.5 وات اوی مدل P113K-22.5W ظرفیت 10000 میلی آمپر ساعت","۴,۹۸۰,۰۰۰","","","۴.۳","تنها ۱ عدد در انبار باقی مانده","","","","","","","پاوربانک بی‌سیم 22.5 وات اوی مدل P113K-22.5W ظرفیت 10000 میلی آمپر ساعتتنها ۱ عدد در انبار باقی مانده
۴.۳۴,۹۸۰,۰۰۰","https://www.digikala.com/product/dkp-19229249/%D9%BE%D8%A7%D9%88%D8%B1%D8%A8%D8%A7%D9%86%DA%A9-%D8%A8%DB%8C%D8%B3%DB%8C%D9%85-225-%D9%88%D8%A7%D8%AA-%D8%A7%D9%88%DB%8C-%D9%85%D8%AF%D9%84-p113k-225w-%D8%B8%D8%B1%D9%81%DB%8C%D8%AA-10000-%D9%85%DB%8C%D9%84%DB%8C-%D8%A2%D9%85%D9%BE%D8%B1-%D8%B3%D8%A7%D8%B9%D8%AA/","۴.۳","رهارایان","۸۸%","پاوربانک بی‌سیم 22.5 وات اوی مدل P113K-22.5W ظرفیت 10000 میلی آمپر ساعت","","۳,۹۹۵,۰۰۰","","پاوربانک مگ سیف اوی مدل P113K-22.5W ظرفیت 10000 میلی آمپر ، بی شک یکی از سبک ترین و خوش دست ترین پاوربانک مگ سیف دنیا با ظرفیت 10 هزار مدل اوی P113k-22.5W است. این پاوربانک مگ سیف با وزنی معادل 189 گرم و ابعاد 102.8*65.8*14.3 میلی متر به راحتی قابل حمل و استفاده است و می توان داخل جیب ، کیف و … حمل کرد. پاوربانک مگ سیف اوی مدل P113K-22.5W علاوه بر داشتن یک وزن سبک و جمع و جور دارای یک پورت Type-C است که به عنوان ورودی و خروجی استفاده می شود . خروجی تایپ سی با حداکثر توان 20 و ...","https://dkstatics-public.digikala.com/digikala-products/1ca132adb273349240854a984f61d86fcea0e7e1_1747120540.jpg?x-oss-process=image/resize,m_lfit,h_800,w_800/quality,q_90
https://dkstatics-public.digikala.com/digikala-products/ec71125989f852e3cb4c50106561c4cc950ac416_1747120557.jpg?x-oss-process=image/resize,m_lfit,h_800,w_800/quality,q_90
https://dkstatics-public.digikala.com/digikala-products/74fc85b209e3a12a17f27d7187db4c69d2607f46_1747120560.jpg?x-oss-process=image/resize,m_lfit,h_800,w_800/quality,q_90
https://dkstatics-public.digikala.com/digikala-products/1ca132adb273349240854a984f61d86fcea0e7e1_1747120540.jpg?x-oss-process=image/resize,m_lfit,h_800,w_800/quality,q_90","https://dkstatics-public.digikala.com/digikala-products/1ca132adb273349240854a984f61d86fcea0e7e1_1747120540.jpg?x-oss-process=image/resize,m_lfit,h_800,w_800/quality,q_90","خاکستری","نوع باتری پاوربانکلیتیوم پلیمریلیتیوم پلیمریتعداد درگاه خروجیسه عددسه عددولتاژ ورودی99قابلیت‌های دستگاهامکان شارژ بی‌سیمامکان شارژ بی‌سیم","مشخصاتمشخصات کلینوع پاوربانک (شارژر همراه)پاوربانک نوع باتری پاوربانکلیتیوم پلیمری مناسب برای شارژتبلت گوشی موبایل دوربین اسپیکر بلوتوثی ابعاد پاوربانک۱.۴۳x۶.۵۸x۱۰.۲۸ سانتی‌مترمشخصات فنیورودی و خروجی تایپ سی با توان ۲۰ وات- خروجی یو اس بی با توان ۲۲.۵ وات. خروجی بی سیم (وایرلس) با توان ۵W.۷.۵W.۱۰W.۱۵W - وزن پاوربانک۱۸۹ گرمقابلیت‌های مقاومتیبدون قابلیت مقاومتی اقلام همراهبدون اقلام همراه نحوه نمایش میزان شارژ باترینشانگر LED قابلیت‌های دستگاهامکان شارژ بی‌سیم مشاهده بیشتر","۸۹ دیدگاه","اوی","پاوربانک (شارژر همراه) اوی","کالای دیجیتال/","لوازم جانبی کالای دیجیتال/","لوازم جانبی گوشی موبایل/","پاوربانک (شارژر همراه)"
"1771409502-229","https://www.digikala.com/search/category-mobile-accessories/?has_selling_stock=1&sort=7","کابل تبدیل USB-C به USB-C / لایتنینگ / USB / micro USB مدل 60w طول 0.28 متر","۱۷۲,۹۰۰","۲۰۰,۰۰۰","۱۴٪","۴.۱","ارسال سریع دیجی‌کالا","","","","","","","کابل تبدیل USB-C به USB-C / لایتنینگ / USB / micro USB مدل 60w طول 0.28 مترارسال سریع دیجی‌کالا
۴.۱۱۴٪۱۷۲,۹۰۰۲۰۰,۰۰۰","https://www.digikala.com/product/dkp-9975409/%DA%A9%D8%A7%D8%A8%D9%84-%D8%AA%D8%A8%D8%AF%DB%8C%D9%84-usb-c-%D8%A8%D9%87-usb-c-%D9%84%D8%A7%DB%8C%D8%AA%D9%86%DB%8C%D9%86%DA%AF-usb-micro-usb-%D9%85%D8%AF%D9%84-60w-%D8%B7%D9%88%D9%84-028-%D9%85%D8%AA%D8%B1/","۴.۱","دیجیکسل","۸۴%","کابل تبدیل USB-C به USB-C / لایتنینگ / USB / micro USB مدل 60w طول 0.28 متر","۱۴٪","۲۰۰,۰۰۰","۱۷۲,۹۰۰","امروزه بدلیل گسترش ابزارهای ارتباطی و الکترونیکی نیاز افراد به دسترسی به مجموعه ای از کابل های ارتباطی و ابزار کنترل و مدیریت آنها امری ضروری محسوب می شود. کابل تبدیل USB-C به USB-C / لایتنینگ / USB / micro USB مدل 60w طول 0.28 متر مجموعه ای فوق العاده از تمامی رابط ها و کابل های ضروری اغلب ابزار و دیوایس های الکترونیکی است. در این مجموعه یک کابل PD تایپ سی به تایپ سی برای انتقال سریع و حتی شارژ سریع به متراژ 28 سانتی متر تعبیه شده و در کنار آن یک رابط تبدیل تایپ سی به USB ،  ...","https://dkstatics-public.digikala.com/digikala-products/fb54af612afbc86a07c5ed9f4d5eddc85697ccde_1669530947.jpg?x-oss-process=image/resize,m_lfit,h_800,w_800/quality,q_90
https://dkstatics-public.digikala.com/digikala-products/6d4f2c82e01e557617898ad3a4665d9133c04eb8_1669530949.jpg?x-oss-process=image/resize,m_lfit,h_800,w_800/quality,q_90
https://dkstatics-public.digikala.com/digikala-products/673ee400d5ab11d6589e96224e618ada61da3600_1669530951.jpg?x-oss-process=image/resize,m_lfit,h_800,w_800/quality,q_90
https://dkstatics-public.digikala.com/digikala-products/fb54af612afbc86a07c5ed9f4d5eddc85697ccde_1669530947.jpg?x-oss-process=image/resize,m_lfit,h_800,w_800/quality,q_90","https://dkstatics-public.digikala.com/digikala-products/fb54af612afbc86a07c5ed9f4d5eddc85697ccde_1669530947.jpg?x-oss-process=image/resize,m_lfit,h_800,w_800/quality,q_90","سفیدسفید براقمشکی","نوع رابطmicroUSB، USB، رابط USB Type-C، لایتنینگmicroUSB، USB، رابط USB Type-C، لایتنینگقابلیت‌هاامکان انتقال اطلاعاتامکان انتقال اطلاعات","مشخصاتمشخصاتسازگار باتمامی دستگاه های دارای درگاه تایپ سی ، microUSB و لایتنینگ
تمام تلفن همراه های دارای جایگاه سیمکارت نوع کابلmicroUSB USB Type-C لایتنینگ طول کابل۲۸ سانتی مترنوع رابطmicroUSB USB رابط USB Type-C لایتنینگ قابلیت‌هاامکان انتقال اطلاعات سایر توضیحات کابلکابل از نوع Type-C به Type-C با قابلیت انتقال و شارژ سریع است بازه طول کابل۱۶ تا ۱۰۰ سانتی‌متر سایر توضیحات مبدلرابط تبدیل Type-C به USB
رابط تبدیل Type-C به micro USB
رابط تبدیل Type-C به لایتنینگ مشاهده بیشتر","۱۲۰۱ دیدگاه","متفرقه","کابل شارژ و مبدل متفرقه","کالای دیجیتال/","لوازم جانبی کالای دیجیتال/","لوازم جانبی گوشی موبایل/","کابل شارژ و مبدل"
"1771409504-230","https://www.digikala.com/search/category-mobile-accessories/?has_selling_stock=1&sort=7","پاوربانک 45 وات سامسونگ مدل Battery Pack EB-P4520 ظرفیت 20000 میلی‌آمپر ساعت","۶,۵۳۹,۰۰۰","","","۴.۵","ارسال سریع دیجی‌کالا","","","","","","","پاوربانک 45 وات سامسونگ مدل Battery Pack EB-P4520 ظرفیت 20000 میلی‌آمپر ساعتارسال سریع دیجی‌کالا
۴.۵۶,۵۳۹,۰۰۰","https://www.digikala.com/product/dkp-15969670/%D9%BE%D8%A7%D9%88%D8%B1%D8%A8%D8%A7%D9%86%DA%A9-45-%D9%88%D8%A7%D8%AA-%D8%B3%D8%A7%D9%85%D8%B3%D9%88%D9%86%DA%AF-%D9%85%D8%AF%D9%84-battery-pack-eb-p4520-%D8%B8%D8%B1%D9%81%DB%8C%D8%AA-20000-%D9%85%DB%8C%D9%84%DB%8C%D8%A2%D9%85%D9%BE%D8%B1-%D8%B3%D8%A7%D8%B9%D8%AA/","۴.۵","اورجینالت","۸۷.۶%","پاوربانک 45 وات سامسونگ مدل Battery Pack EB-P4520 ظرفیت 20000 میلی‌آمپر ساعت","","۶,۵۳۹,۰۰۰","","پاوربانک سامسونگ مدل Battery Pack EB-P4520 با ظرفیت ۲۰۰۰۰ میلی‌آمپر ساعت یکی از محصولات قدرتمند و باکیفیت برند معتبر سامسونگ است که نیازهای کاربران حرفه‌ای را به‌خوبی برطرف می‌کند. این پاوربانک با طراحی مدرن و ابعاد ۱۵۲×۷۶×۲۵۵ میلی‌متر به‌گونه‌ای ساخته‌شده که علی‌رغم ظرفیت بالا، حمل‌ونقل آن آسان باشد. وزن ۴۰۲ گرم این محصول در دسته پاوربانک‌های سنگین قرار می‌گیرد، اما به دلیل قابلیت‌های پیشرفته، ارزش استفاده روزمره و سفرهای طولانی را دارد.
این پاوربانک مجهز به باتری لیتیوم یون ...","https://dkstatics-public.digikala.com/digikala-products/28da648b0b650678f0388548fccfef1ddb7c8a5f_1754235388.jpg?x-oss-process=image/resize,m_lfit,h_800,w_800/quality,q_90
https://dkstatics-public.digikala.com/digikala-products/28da648b0b650678f0388548fccfef1ddb7c8a5f_1754235388.jpg?x-oss-process=image/resize,m_lfit,h_800,w_800/quality,q_90
https://dkstatics-public.digikala.com/digikala-products/19993d138c3541cb8e283825e9d8bf2e9904cc0a_1719995710.jpg?x-oss-process=image/resize,m_lfit,h_800,w_800/quality,q_90
https://dkstatics-public.digikala.com/digikala-products/28da648b0b650678f0388548fccfef1ddb7c8a5f_1754235388.jpg?x-oss-process=image/resize,m_lfit,h_800,w_800/quality,q_90","https://dkstatics-public.digikala.com/digikala-products/28da648b0b650678f0388548fccfef1ddb7c8a5f_1754235388.jpg?x-oss-process=image/resize,m_lfit,h_800,w_800/quality,q_90","بژ","نوع باتری پاوربانکلیتیوم یونیلیتیوم یونیتعداد درگاه خروجیسه عددسه عددقابلیت‌های دستگاهپشتیبانی از فناوری شارژ سریع Power Delivery (PD)پشتیبانی از فناوری شارژ سریع Power Delivery (PD)","مشخصاتمشخصات کلینوع پاوربانک (شارژر همراه)پاوربانک نوع باتری پاوربانکلیتیوم یونی مشخصات فنیقابلیت شارژ Super Fast ۲.۰ با توان ۴۵ وات /
PD ۳.۰ PDO/PPS /
شارژ هم‌زمان ۳ دستگاه جنس بدنهپلاستیک توضیحات جنس بدنهساخته شده از مواد بازیافتی
 نحوه نمایش میزان شارژ باترینشانگر LED قابلیت‌های دستگاهپشتیبانی از فناوری شارژ سریع Power Delivery (PD) مشاهده بیشتر","۵۲۱ دیدگاه","سامسونگ","پاوربانک (شارژر همراه) سامسونگ","کالای دیجیتال/","لوازم جانبی کالای دیجیتال/","لوازم جانبی گوشی موبایل/","پاوربانک (شارژر همراه)"
"1771409507-231","https://www.digikala.com/search/category-mobile-accessories/?has_selling_stock=1&sort=7","پایه نگهدارنده گوشی موبایل مدل M-360D","۱۴۹,۰۰۰","","","۳.۸","تنها ۱ عدد در انبار باقی مانده","","","","","","","پایه نگهدارنده گوشی موبایل مدل M-360Dتنها ۱ عدد در انبار باقی مانده
۳.۸۱۴۹,۰۰۰","https://www.digikala.com/product/dkp-543587/%D9%BE%D8%A7%DB%8C%D9%87-%D9%86%DA%AF%D9%87%D8%AF%D8%A7%D8%B1%D9%86%D8%AF%D9%87-%DA%AF%D9%88%D8%B4%DB%8C-%D9%85%D9%88%D8%A8%D8%A7%DB%8C%D9%84-%D9%85%D8%AF%D9%84-m-360d/","۳.۸","هلال ماه","۸۱.۶%","پایه نگهدارنده گوشی موبایل مدل M-360D","","۱۴۸,۰۰۰","","نگهدارنده مگنتی با وزن کم و ابعاد کوچک بروی داشبورد،شیشه و فرمان خودرو قرار می گیرد و بدون مداخله در دید راننده به راحتی میتوان گوشی را بر روی هولدر قرار داده و برداشت. این هولدر با مگنت بسیار قوی میتواند وزن اکثر گوشی ها تا سایز 6 اینچ را تحمل کند .برای استفاده باید قطعه فلزی که در بسته محصول وجود دارد را در پشت گوشی نصب نمود( از روی اکثر قابهای نازک نیز مگنت کار میکند).","https://dkstatics-public.digikala.com/digikala-products/1351507.jpg?x-oss-process=image/resize,m_lfit,h_800,w_800/quality,q_90
https://dkstatics-public.digikala.com/digikala-products/1351578.jpg?x-oss-process=image/resize,m_lfit,h_800,w_800/quality,q_90
https://dkstatics-public.digikala.com/digikala-products/1351626.jpg?x-oss-process=image/resize,m_lfit,h_800,w_800/quality,q_90
https://dkstatics-public.digikala.com/digikala-products/1351507.jpg?x-oss-process=image/resize,m_lfit,h_800,w_800/quality,q_90","https://dkstatics-public.digikala.com/digikala-products/1351507.jpg?x-oss-process=image/resize,m_lfit,h_800,w_800/quality,q_90","آبیصورتیقرمزطلاییمشکینقره ای","نوع پایه نگهدارنده گوشی و تبلتمناسب برای استفاده روی میز، مناسب برای استفاده داخل خودرومناسب برای استفاده روی میز، مناسب برای استفاده داخل خودروقابلیت‌های دستگاهبدون قابلیت ویژهبدون قابلیت ویژه","مشخصاتمشخصاتنوع پایه نگهدارنده گوشی و تبلتمناسب برای استفاده روی میز مناسب برای استفاده داخل خودرو ابعاد  میلی‌مترمناسب برایبرای استفاده در خودرو و روی میز منزل و محل کار قابلیت‌های دستگاهبدون قابلیت ویژه","۹۱۱۳ دیدگاه","متفرقه","پایه نگهدارنده گوشی و تبلت متفرقه","کالای دیجیتال/","لوازم جانبی کالای دیجیتال/","لوازم جانبی گوشی موبایل/","پایه نگهدارنده گوشی و تبلت"
"1771409509-232","https://www.digikala.com/search/category-mobile-accessories/?has_selling_stock=1&sort=7","محافظ کابل شارژ مدل SFP-36 مجموعه 4 عددی","۴۳,۰۰۰","","","۴","&nbsp;","","","","","","","محافظ کابل شارژ مدل SFP-36 مجموعه 4 عددی&nbsp;
۴۴۳,۰۰۰","https://www.digikala.com/product/dkp-3677732/%D9%85%D8%AD%D8%A7%D9%81%D8%B8-%DA%A9%D8%A7%D8%A8%D9%84-%D8%B4%D8%A7%D8%B1%DA%98-%D9%85%D8%AF%D9%84-sfp-36-%D9%85%D8%AC%D9%85%D9%88%D8%B9%D9%87-4-%D8%B9%D8%AF%D8%AF%DB%8C/","۴","پیکسل تک","۶۹%","محافظ کابل شارژ مدل SFP-36 مجموعه 4 عددی","","۴۵,۹۰۰","","","https://dkstatics-public.digikala.com/digikala-products/2b1c6c08f3ee58fabb03847ba7a45e54f44d51dc_1604498377.jpg?x-oss-process=image/resize,m_lfit,h_800,w_800/quality,q_90
https://dkstatics-public.digikala.com/digikala-products/45d77d434104674a4ef2749b1566258c49422731_1604498377.jpg?x-oss-process=image/resize,m_lfit,h_800,w_800/quality,q_90
https://dkstatics-public.digikala.com/digikala-products/deff369b823bce561af06218db5f8d09b76cfd24_1604562483.jpg?x-oss-process=image/resize,m_lfit,h_800,w_800/quality,q_90
https://dkstatics-public.digikala.com/digikala-products/2b1c6c08f3ee58fabb03847ba7a45e54f44d51dc_1604498377.jpg?x-oss-process=image/resize,m_lfit,h_800,w_800/quality,q_90","https://dkstatics-public.digikala.com/digikala-products/2b1c6c08f3ee58fabb03847ba7a45e54f44d51dc_1604498377.jpg?x-oss-process=image/resize,m_lfit,h_800,w_800/quality,q_90","چند رنگمشکیسبزآبی روشنصورتیآبیزردصورتی روشنسبز روشنسفید","","مشخصاتمشخصاتمشخصاتمحافظ سیلیکونی کابل SFP-۳۶ بسته ۴ عددی
ابعاد / ۳۵ میلی متر
ساخته شده از / سیلیکون
مناسب / کلیه کابل های شارژ و انتقال دیتا موبایل ، کابل Aux ، هدفون و...
امکانات / کیفیت ساخت مناسب - نصب آسان - رنگ بندی جذاب - افزایش دوام کابل - انعطاف مناسب
نکته! / محصول به صورت ( بسته ۴ عددی ارسال میشود و ممکن است در انتخاب رنگ ، به صورت رندم ارسال شود )","۸۹۵۱ دیدگاه","متفرقه","قطعات جانبی موبایل و تبلت و هدفون متفرقه","کالای دیجیتال/","لوازم جانبی کالای دیجیتال/","لوازم جانبی گوشی موبایل/","قطعات جانبی موبایل و تبلت و هدفون"
"1771409511-233","https://www.digikala.com/search/category-mobile-accessories/?has_selling_stock=1&sort=7","کاور رینیکا مدل T13 ANC2 مناسب برای کیس هدفون کیو سی وای T13 ANC 2","۲۳۹,۵۸۰","","","۴.۴","&nbsp;","","","","","","","کاور رینیکا مدل T13 ANC2 مناسب برای کیس هدفون کیو سی وای T13 ANC 2&nbsp;
۴.۴۲۳۹,۵۸۰","https://www.digikala.com/product/dkp-14275370/%DA%A9%D8%A7%D9%88%D8%B1-%D8%B1%DB%8C%D9%86%DB%8C%DA%A9%D8%A7-%D9%85%D8%AF%D9%84-t13-anc2-%D9%85%D9%86%D8%A7%D8%B3%D8%A8-%D8%A8%D8%B1%D8%A7%DB%8C-%DA%A9%DB%8C%D8%B3-%D9%87%D8%AF%D9%81%D9%88%D9%86-%DA%A9%DB%8C%D9%88-%D8%B3%DB%8C-%D9%88%D8%A7%DB%8C-t13-anc-2/","۴.۴","فردا کالا","۹۰.۶%","کاور رینیکا مدل T13 ANC2 مناسب برای کیس هدفون کیو سی وای T13 ANC 2","","۲۳۹,۵۸۰","","","https://dkstatics-public.digikala.com/digikala-products/cba54781206fc1dea1e0d7a631161a0a463fcc45_1706711953.jpg?x-oss-process=image/resize,m_lfit,h_800,w_800/quality,q_90
https://dkstatics-public.digikala.com/digikala-products/46a27880242b46da5cbda543ce71e3893ca0b04f_1706711955.jpg?x-oss-process=image/resize,m_lfit,h_800,w_800/quality,q_90
https://dkstatics-public.digikala.com/digikala-products/1bd8a20f838effe2d2cf74e177d6d464c8b405f4_1706711955.jpg?x-oss-process=image/resize,m_lfit,h_800,w_800/quality,q_90
https://dkstatics-public.digikala.com/digikala-products/cba54781206fc1dea1e0d7a631161a0a463fcc45_1706711953.jpg?x-oss-process=image/resize,m_lfit,h_800,w_800/quality,q_90","https://dkstatics-public.digikala.com/digikala-products/cba54781206fc1dea1e0d7a631161a0a463fcc45_1706711953.jpg?x-oss-process=image/resize,m_lfit,h_800,w_800/quality,q_90","مشکیسبز کله غازیسفیدسرمه ای","مناسب برایQCY T13QCY T13ساختارماتماتویژگی‌های کیف و کاوردسترسی آسان به درگاه ها، انعطاف پذیردسترسی آسان به درگاه ها، انعطاف پذیر","مشخصاتمشخصاتجنسسیلیکون مناسب برایQCY T۱۳ ساختارمات ویژگی‌های کیف و کاوردسترسی آسان به درگاه ها انعطاف پذیر","۵۴۷ دیدگاه","رینیکا","کیف و کاور هدفون رینیکا","کالای دیجیتال/","لوازم جانبی کالای دیجیتال/","لوازم جانبی گوشی موبایل/","کیف و کاور هدفون"
"1771409513-234","https://www.digikala.com/search/category-mobile-accessories/?has_selling_stock=1&sort=7","مبدل HDMI به VGA مدل Ni2040","۱۷۹,۰۰۰","","","۳.۹","ارسال سریع دیجی‌کالا","","","","","","","مبدل HDMI به VGA مدل Ni2040ارسال سریع دیجی‌کالا
۳.۹۱۷۹,۰۰۰","https://www.digikala.com/product/dkp-5042548/%D9%85%D8%A8%D8%AF%D9%84-hdmi-%D8%A8%D9%87-vga-%D9%85%D8%AF%D9%84-ni2040/","۳.۹","دیجیتال مارکت شاپ","۷۶.۶%","مبدل HDMI به VGA مدل Ni2040","","۱۷۹,۰۰۰","","مبدلهای HDMI به VGA به شما اجازه می دهند که صدا و تصویر را از تجهیزات صوتی و تصویری که دارای پورت HDMI می باشند (مانند لپ تاپ ، اندروید باکس ، ویدئو پروژکتور ، کامپیوتر و کنسولهای بازی و ...)  گرفته و در صفحه نمایشی که دارای پورت VGA به نمایش بگذارید .با استفاده از این مبدل بدون نیاز به آداپتور یا منبع تغذیه می توان تصاویر HDMI را در فرمت VGA جهت پخش در مانیتور یا صفحه نمایش دارای پورت VGA نمایش داد.","https://dkstatics-public.digikala.com/digikala-products/008b88477535068e41bcf7b013124d631a2e3fc8_1619708756.jpg?x-oss-process=image/resize,m_lfit,h_800,w_800/quality,q_90
https://dkstatics-public.digikala.com/digikala-products/806f438b68b72230155f2b6c6107fc256b746f3b_1619700429.jpg?x-oss-process=image/resize,m_lfit,h_800,w_800/quality,q_90
https://dkstatics-public.digikala.com/digikala-products/cd11127ca04187d9be79ebf55c5bbfc3801dbd3e_1619700443.jpg?x-oss-process=image/resize,m_lfit,h_800,w_800/quality,q_90
https://dkstatics-public.digikala.com/digikala-products/008b88477535068e41bcf7b013124d631a2e3fc8_1619708756.jpg?x-oss-process=image/resize,m_lfit,h_800,w_800/quality,q_90","https://dkstatics-public.digikala.com/digikala-products/008b88477535068e41bcf7b013124d631a2e3fc8_1619708756.jpg?x-oss-process=image/resize,m_lfit,h_800,w_800/quality,q_90","مشکی","نوع رابطHDMIHDMIقابلیت‌هاامکان انتقال اطلاعاتامکان انتقال اطلاعات","مشخصاتمشخصاتنوع کابلHDMI طول کابل۱۰ سانتی مترنوع رابطHDMI قابلیت‌هاامکان انتقال اطلاعات بازه طول کابلتا ۱۵ سانتی‌متر پشتیبانی ازرزولوشن HD مشاهده بیشتر","۷۵۹ دیدگاه","متفرقه","کابل شارژ و مبدل متفرقه","کالای دیجیتال/","لوازم جانبی کالای دیجیتال/","لوازم جانبی گوشی موبایل/","کابل شارژ و مبدل"
"1771409515-235","https://www.digikala.com/search/category-mobile-accessories/?has_selling_stock=1&sort=7","محافظ لنز دوربین لنز شیلد مدل رینگی مناسب برای گوشی موبایل اپل iPhone 13","۴۰,۰۰۰","","","۴.۱","&nbsp;","","","","","","","محافظ لنز دوربین لنز شیلد مدل رینگی مناسب برای گوشی موبایل اپل iPhone 13&nbsp;
۴.۱۴۰,۰۰۰","https://www.digikala.com/product/dkp-8281684/%D9%85%D8%AD%D8%A7%D9%81%D8%B8-%D9%84%D9%86%D8%B2-%D8%AF%D9%88%D8%B1%D8%A8%DB%8C%D9%86-%D9%84%D9%86%D8%B2-%D8%B4%DB%8C%D9%84%D8%AF-%D9%85%D8%AF%D9%84-%D8%B1%DB%8C%D9%86%DA%AF%DB%8C-%D9%85%D9%86%D8%A7%D8%B3%D8%A8-%D8%A8%D8%B1%D8%A7%DB%8C-%DA%AF%D9%88%D8%B4%DB%8C-%D9%85%D9%88%D8%A8%D8%A7%DB%8C%D9%84-%D8%A7%D9%BE%D9%84-iphone-13/","۴.۱","موبایل کیس","۸۳.۴%","محافظ لنز دوربین لنز شیلد مدل رینگی مناسب برای گوشی موبایل اپل iPhone 13","۳۰٪","۳۷,۰۰۰","۲۵,۹۰۰","محافظ لنز دوربین برای گوشی موبایل اپل iPhone 13، با برند شیلد مدل رینگی، یکی از بهترین و مناسب‌ترین محافظ‌ها برای دستگاه‌هایی است که دارای دوربین با لنز برجسته‌تر از سطح دستگاه خود هستند. دوربین گوشی موبایل همواره آسیب‌پذیر و حساس بوده و از آن‌جایی که اغلب لنز‌های دوربین برجسته طراحی می‌شوند، لنز دوربین اولین قسمتی از گوشی است که در معرض خطرات برخورد با سطوح قرار می‌گیرد. محافظ لنز فلزی برای دوربین موبایل به دلیل فلزی بودن خود، در برابر ضربه مقاوم خواهد بود و نسبت به محافظ‌ها ...","https://dkstatics-public.digikala.com/digikala-products/966a1e6886b6e7f15eab3044442c3133ca440fe8_1650121085.jpg?x-oss-process=image/resize,m_lfit,h_800,w_800/quality,q_90
https://dkstatics-public.digikala.com/digikala-products/980e471624a2f5555a6aaeb0eb7c31b8618ff7b5_1650033750.jpg?x-oss-process=image/resize,m_lfit,h_800,w_800/quality,q_90
https://dkstatics-public.digikala.com/digikala-products/d7dbca8b8135a2a2d65204e0aaec38cf8e99508e_1650121086.jpg?x-oss-process=image/resize,m_lfit,h_800,w_800/quality,q_90
https://dkstatics-public.digikala.com/digikala-products/966a1e6886b6e7f15eab3044442c3133ca440fe8_1650121085.jpg?x-oss-process=image/resize,m_lfit,h_800,w_800/quality,q_90","https://dkstatics-public.digikala.com/digikala-products/966a1e6886b6e7f15eab3044442c3133ca440fe8_1650121085.jpg?x-oss-process=image/resize,m_lfit,h_800,w_800/quality,q_90","آبیصورتیبنفشبنفش روشنکالباسیچند رنگصورتی روشنبنفش تیرهیاسیقرمزسبز تیرهنقره ایمشکیطلاییسبزنقره‌ای ماتپوست پیازیطلایی ماتیشمیاستیلطلایی براقهفت رنگسفیدخاکستریزیتونینوک مدادیمشکی ماتسبز کله غازیمشکی براقسرمه ای","","مشخصاتمشخصاتویژگی‌ها۹H جلوگیری از انعکاس نور جلوگیری از ایجاد خط و خش قابلیت نصب آسان مقاوم در برابر چربی و اثرانگشت مقاوم در برابر خط و خش نصب بدون حباب مشخصات دیگربرش دقیق سنسور ها سازگاری با تمامی کیس و کیف های موجود سختی ۹H، و مقاومت بسیار بالا در برابر خط و خش مقاوم در برابر اثر انگشت، قطرات آب،چربی مقاوم در برابر ایجاد حباب (zero bubble) ضخامت۱ قابلیت‌های مقاومتیمقاوم در برابر خط و خش مقاوم در برابر ضربه مقاوم در برابر نفوذ آب مقاوم در برابر نفوذ گرد و غبار مناسب برای گوشی موبایلApple iPhone ۱۳ - Apple iPhone ۱۳ Mini","۲۵۴۶ دیدگاه","متفرقه","محافظ لنز گوشی موبایل متفرقه","کالای دیجیتال/","لوازم جانبی کالای دیجیتال/","لوازم جانبی گوشی موبایل/","محافظ لنز گوشی موبایل"
"1771409518-236","https://www.digikala.com/search/category-mobile-accessories/?has_selling_stock=1&sort=7","کابل تبدیل USB به USB-C نیبیوا مدل Fast 120 طول 1 متر","۴۹۸,۰۰۰","۵۷۸,۰۰۰","۱۴٪","۴.۵","ارسال سریع دیجی‌کالا","","","","","","","کابل تبدیل USB به USB-C نیبیوا مدل Fast 120 طول 1 مترارسال سریع دیجی‌کالا
۴.۵۱۴٪۴۹۸,۰۰۰۵۷۸,۰۰۰","https://www.digikala.com/product/dkp-17168852/%DA%A9%D8%A7%D8%A8%D9%84-%D8%AA%D8%A8%D8%AF%DB%8C%D9%84-usb-%D8%A8%D9%87-usb-c-%D9%86%DB%8C%D8%A8%DB%8C%D9%88%D8%A7-%D9%85%D8%AF%D9%84-fast-120-%D8%B7%D9%88%D9%84-1-%D9%85%D8%AA%D8%B1/","۴.۵","نیبیوا ایران","۹۰.۲%","کابل تبدیل USB به USB-C نیبیوا مدل Fast 120 طول 1 متر","۱۴٪","۵۷۸,۰۰۰","۴۹۸,۰۰۰","کابل تبدیل یکی از مهم‌ترین و کاربردترین لوازم جانبی گوشی‌های همراه و تبلت‌ها است. استفاده از کابل‌های باکیفیت موجب بهبود تجربه‌ی کاربری و افزایش طول عمر دستگاه‌های الکترونیکی می‌شود، اما یافتن کابلی با کیفیت بالا و قیمت مناسب از میان گزینه‌های پرشمار و نمونه‌های تقلبی در بازار کاری بسیار پیچیده است. 
کابل شارژ سریع 120 وات USB به USBC برند نیبیوا  (NIBIWA)، از قابلیت‌های HyperCharge و Turbo Charge پشتیبانی می‌کند و با استفاده از شارژر اصلی شیائومی و بسته به مدل گوشی شما می‌ت ...","https://dkstatics-public.digikala.com/digikala-products/f7e564f9d56b61a7035c14018a78d2bb8162a417_1770140484.jpg?x-oss-process=image/resize,m_lfit,h_800,w_800/quality,q_90
https://dkstatics-public.digikala.com/digikala-products/3b91cb67fef8a474507dfa0b0a66d750835687ac_1745818230.jpg?x-oss-process=image/resize,m_lfit,h_800,w_800/quality,q_90
https://dkstatics-public.digikala.com/digikala-products/e9e133e7fa7c62151a51e429d06d80c3b9475a26_1730060307.jpg?x-oss-process=image/resize,m_lfit,h_800,w_800/quality,q_90
https://dkstatics-public.digikala.com/digikala-products/f7e564f9d56b61a7035c14018a78d2bb8162a417_1770140484.jpg?x-oss-process=image/resize,m_lfit,h_800,w_800/quality,q_90","https://dkstatics-public.digikala.com/digikala-products/f7e564f9d56b61a7035c14018a78d2bb8162a417_1770140484.jpg?x-oss-process=image/resize,m_lfit,h_800,w_800/quality,q_90","سفید","نوع رابطرابط USB Type-C، USBرابط USB Type-C، USBقابلیت‌هاامکان انتقال اطلاعاتامکان انتقال اطلاعات","مشخصاتمشخصاتنوع کابل شارژ و مبدلکابل شارژ سازگار باکابل NIBIWA با گوشی‌های زیر تست شده است. اما بسته به مدل گوشی و هم‌چنین شارژر، با تمام گوشی‌های خانواده‌ی شیائومی سازگاری کامل دارد.
پشتیبانی از شارژ ۱۲۰ وات HyperCharge برای شیائومی ۱۳T Pro، ۱۲ Pro، ۱۱T، ۱۱T Pro، POCO F۴ GT، شیائومی Black Shark ۵/۵ Pro، Black Shark ۴/۴ Pro، Black Shark ۳، شارژ ۶۷ وات Turbo برای شیائومی ۱۳T، ۱۲، ۱۲S Ultra، ۱۲ Lite، ۱۲X، Mi ۱۱ Ultra، شیائومی ۱۱T، ردمی Note ۱۱ Pro ۵G، POCO F۴، X۴ Pro ۵G، X۳ GT و شارژ سریع ۳۳ وات برای شیائومی Pad ۵، Mi ۱۱i، ۱۱ Lite ۵G NE، Mi ۱۱ Lite ۵G، ردمی Note ۱۰، Note ۱۰S، Note ۱۰ Pro، POCO M۴ Pro ۵G، X۳ Pro، F۳، F۲ Pro، X۳ NFC، Mi ۱۰T Pro، Mi ۱۰T، Mi ۱۰T Lite نوع کابلUSB ۲.۰ USB ۳.۰ USB Type-C USB طول کابل۱۰۰ سانتی مترجنس کابلTPE نوع رابطرابط USB Type-C USB سرعت انتقال اطلاعات۴۸۰ مگابیت بر ثانیه قابلیت‌هاامکان انتقال اطلاعات بازه طول کابل۱۶ تا ۱۰۰ سانتی‌متر سایر توضیحات مبدلکابل با طراحی ۶ رشته‌ای و تراشه‌ی هوشمند 
طراحی اختصاصی برای گوشی‌های خانواده‌ی شیائومی و سازگاری کامل با تمام برندهای موجود در بازار
انتقال سریع داده 
دوام و قابلیت اطمینان بالا مشاهده بیشتر","۲۲۹ دیدگاه","نیبیوا","کابل شارژ و مبدل نیبیوا","کالای دیجیتال/","لوازم جانبی کالای دیجیتال/","لوازم جانبی گوشی موبایل/","کابل شارژ و مبدل"
"1771409520-237","https://www.digikala.com/search/category-mobile-accessories/?has_selling_stock=1&sort=7","پایه نگهدارنده گوشی موبایل و تبلت یونیورسال مدل 270 درجه","۶۹,۰۰۰","","","۳.۸","ارسال سریع دیجی‌کالا","","","","","","","پایه نگهدارنده گوشی موبایل و تبلت یونیورسال مدل 270 درجهارسال سریع دیجی‌کالا
۳.۸۶۹,۰۰۰","https://www.digikala.com/product/dkp-640309/%D9%BE%D8%A7%DB%8C%D9%87-%D9%86%DA%AF%D9%87%D8%AF%D8%A7%D8%B1%D9%86%D8%AF%D9%87-%DA%AF%D9%88%D8%B4%DB%8C-%D9%85%D9%88%D8%A8%D8%A7%DB%8C%D9%84-%D9%88-%D8%AA%D8%A8%D9%84%D8%AA-%DB%8C%D9%88%D9%86%DB%8C%D9%88%D8%B1%D8%B3%D8%A7%D9%84-%D9%85%D8%AF%D9%84-270-%D8%AF%D8%B1%D8%AC%D9%87/","۳.۸","آی جواهر","۶۸.۶%","پایه نگهدارنده گوشی موبایل و تبلت یونیورسال مدل 270 درجه","۱۸٪","۶۹,۰۰۰","۵۶,۳۰۰","پایه نگهدارنده گوشی موبایل و تبلت یونیورسال مدل 270 درجه، یک استند نگهدارنده تبلت و گوشی های موبایل با کاربردی ساده است. از مهم‌ترین ویژگی‌های این استند می‌توان به قابلیت انعطاف و تغییر زاویه دید اشاره کرد. کمتر پایه نگهدارنده‌ای در بازار موجود است که بتواند برای انواع سایز تلفن همراه و تبلت تا 11 اینچ کاربردی باشد و در عین حال از قیمتی مناسب بهره‌مند باشد. از دیگر مزایای این محصول می‌توان به تغییر زاویه آن تا 270 درجه برای دید متفاوت و لاستیک‌های مخصوص ضد لغزش اشاره کرد. این ...","https://dkstatics-public.digikala.com/digikala-products/aacbf22c8ccbec9572e77501790e73219afdbd5c_1700580611.jpg?x-oss-process=image/resize,m_lfit,h_800,w_800/quality,q_90
https://dkstatics-public.digikala.com/digikala-products/aacbf22c8ccbec9572e77501790e73219afdbd5c_1700580611.jpg?x-oss-process=image/resize,m_lfit,h_800,w_800/quality,q_90
https://dkstatics-public.digikala.com/digikala-products/f579b88156bfbed5e62d12825a65beeaa95b3ac5_1700580375.jpg?x-oss-process=image/resize,m_lfit,h_800,w_800/quality,q_90
https://dkstatics-public.digikala.com/digikala-products/aacbf22c8ccbec9572e77501790e73219afdbd5c_1700580611.jpg?x-oss-process=image/resize,m_lfit,h_800,w_800/quality,q_90","https://dkstatics-public.digikala.com/digikala-products/aacbf22c8ccbec9572e77501790e73219afdbd5c_1700580611.jpg?x-oss-process=image/resize,m_lfit,h_800,w_800/quality,q_90","طوسیمشکیسفیدآبیسبزآجریخاکستریقرمز روشنزرد فلورسنتسبز روشن","نوع پایه نگهدارنده گوشی و تبلتمناسب برای استفاده روی میز، مناسب برای عکاسی سلفیمناسب برای استفاده روی میز، مناسب برای عکاسی سلفیقابلیت‌های دستگاهبدون قابلیت ویژهبدون قابلیت ویژهمناسب برای گوشی و تبلت با ابعادتا 4 اینچ، 4.1 تا 6 اینچ، 8.1 تا 11 اینچتا 4 اینچ، 4.1 تا 6 اینچ، 8.1 تا 11 اینچ","مشخصاتمشخصاتنوع پایه نگهدارنده گوشی و تبلتمناسب برای استفاده روی میز مناسب برای عکاسی سلفی ابعاد     میلی‌مترمناسب برایانواع گوشی و تبلت تا ۱۱ اینچ جنسپلاستیک قابلیت‌های دستگاهبدون قابلیت ویژه سایر توضیحاتقابلیت تغییر زاویه تا ۲۷۰ درجه /
پایه ضد لغزش مناسب برای گوشی و تبلت با ابعادتا ۴ اینچ ۴.۱ تا ۶ اینچ ۸.۱ تا ۱۱ اینچ مشاهده بیشتر","۲۴۵۳۶ دیدگاه","یونیورسال","پایه نگهدارنده گوشی و تبلت یونیورسال","کالای دیجیتال/","لوازم جانبی کالای دیجیتال/","لوازم جانبی گوشی موبایل/","پایه نگهدارنده گوشی و تبلت"
"1771409522-238","https://www.digikala.com/search/category-mobile-accessories/?has_selling_stock=1&sort=7","سه پایه نگهدارنده گوشی موبایل یونیمات مدل D909","۲۳۹,۰۰۰","۳۱۰,۰۰۰","۲۳٪","۳.۹","ارسال سریع دیجی‌کالا","","","","","","","سه پایه نگهدارنده گوشی موبایل یونیمات مدل D909ارسال سریع دیجی‌کالا
۳.۹۲۳٪۲۳۹,۰۰۰۳۱۰,۰۰۰","https://www.digikala.com/product/dkp-3405898/%D8%B3%D9%87-%D9%BE%D8%A7%DB%8C%D9%87-%D9%86%DA%AF%D9%87%D8%AF%D8%A7%D8%B1%D9%86%D8%AF%D9%87-%DA%AF%D9%88%D8%B4%DB%8C-%D9%85%D9%88%D8%A8%D8%A7%DB%8C%D9%84-%DB%8C%D9%88%D9%86%DB%8C%D9%85%D8%A7%D8%AA-%D9%85%D8%AF%D9%84-d909/","۳.۹","بیتکس","۷۶.۲%","سه پایه نگهدارنده گوشی موبایل یونیمات مدل D909","۲۳٪","۳۱۰,۰۰۰","۲۳۷,۵۰۰","در عصر امروزی ما فیلمبرداری و عکاسی با گوشی بسیار باب شده است. برای این کارها ما باید تصاویری بدون تکان و لرزش را ثبت کنیم. برای این کار می‌توانیم از سه‌پایه‌های گوشی که مناسب برای فیلمبرداری و عکاسی هستند بهره برد. به‌این فکر کنید که شما در‌حال برگزاری یک ویدیوکنفرانس هستید، اگر تصویر بلرزد و جای مناسبی برای قراردادن گوشی یافت نکنید، ممکن است که حس‌حال خوبی به طرفین خود القا نکنید و حواستان فقط به ثابت بودن تصویر باشد تا به مطالبی که در کنفرانس کفته می‌شود. سه‌پایه نگهدارنده ...","https://dkstatics-public.digikala.com/digikala-products/4a81897cfda0195be7091f46afd4ab02f82ecc6a_1600250608.jpg?x-oss-process=image/resize,m_lfit,h_800,w_800/quality,q_90
https://dkstatics-public.digikala.com/digikala-products/4a81897cfda0195be7091f46afd4ab02f82ecc6a_1600250608.jpg?x-oss-process=image/resize,m_lfit,h_800,w_800/quality,q_90
https://dkstatics-public.digikala.com/digikala-products/4a81897cfda0195be7091f46afd4ab02f82ecc6a_1600250611.jpg?x-oss-process=image/resize,m_lfit,h_800,w_800/quality,q_90
https://dkstatics-public.digikala.com/digikala-products/4a81897cfda0195be7091f46afd4ab02f82ecc6a_1600250608.jpg?x-oss-process=image/resize,m_lfit,h_800,w_800/quality,q_90","https://dkstatics-public.digikala.com/digikala-products/4a81897cfda0195be7091f46afd4ab02f82ecc6a_1600250608.jpg?x-oss-process=image/resize,m_lfit,h_800,w_800/quality,q_90","دودیمشکی","نوع پایه نگهدارنده گوشی و تبلتمناسب برای استفاده روی میز، مناسب برای عکاسی سلفیمناسب برای استفاده روی میز، مناسب برای عکاسی سلفیقابلیت‌های دستگاهامکان چرخش 360 درجهامکان چرخش 360 درجهمناسب برای گوشی و تبلت با ابعادتا 4 اینچ، 4.1 تا 6 اینچتا 4 اینچ، 4.1 تا 6 اینچ","مشخصاتمشخصاتنوع پایه نگهدارنده گوشی و تبلتمناسب برای استفاده روی میز مناسب برای عکاسی سلفی ابعاد  میلی‌متروزن۲۸۴ گرممناسب برایگوشی های موبایل حداکثر ۶ اینچی
 جنسپلاستیک فشرده قابلیت‌های دستگاهامکان چرخش ۳۶۰ درجه سایر توضیحاتارتفاع در حالت باز: ۳۵ سانتی‌متر /
ارتفاع در حالت بسته: ۲۶ سانتی‌متر /
قابلیت چرخش ۳۶۰ درجه و خمش ۴۵ درجه سر هر ۳ پایه /
دارای ضامنی برای قفل کردن سر سه پایه /
دارای پایه های ضد لغزش /
دارای گیره نگهدارنده گوشی موبایل /
میزان بازشوندگی دهانه گیره: ۵۴ تا ۸۸ میلی‌متر /
قابلیت جدا کردن قسمت نگهدارنده گوشی موبایل مناسب برای گوشی و تبلت با ابعادتا ۴ اینچ ۴.۱ تا ۶ اینچ مشاهده بیشتر","۸۶۴۶ دیدگاه","یونیمات","پایه نگهدارنده گوشی و تبلت یونیمات","کالای دیجیتال/","لوازم جانبی کالای دیجیتال/","لوازم جانبی گوشی موبایل/","پایه نگهدارنده گوشی و تبلت"
"1771409530-239","https://www.digikala.com/search/category-mobile-accessories/?has_selling_stock=1&sort=7","محافظ صفحه نمایش شیشه ای گلس استار مدل SUPRDG مناسب برای گوشی موبایل سامسونگ Galaxy A56 5G","۱۳۷,۶۰۰","","","۴.۴","ارسال سریع دیجی‌کالا","","","","","","","محافظ صفحه نمایش شیشه ای گلس استار مدل SUPRDG مناسب برای گوشی موبایل سامسونگ Galaxy A56 5Gارسال سریع دیجی‌کالا
۴.۴۱۳۷,۶۰۰","https://www.digikala.com/product/dkp-19176968/%D9%85%D8%AD%D8%A7%D9%81%D8%B8-%D8%B5%D9%81%D8%AD%D9%87-%D9%86%D9%85%D8%A7%DB%8C%D8%B4-%D8%B4%DB%8C%D8%B4%D9%87-%D8%A7%DB%8C-%DA%AF%D9%84%D8%B3-%D8%A7%D8%B3%D8%AA%D8%A7%D8%B1-%D9%85%D8%AF%D9%84-suprdg-%D9%85%D9%86%D8%A7%D8%B3%D8%A8-%D8%A8%D8%B1%D8%A7%DB%8C-%DA%AF%D9%88%D8%B4%DB%8C-%D9%85%D9%88%D8%A8%D8%A7%DB%8C%D9%84-%D8%B3%D8%A7%D9%85%D8%B3%D9%88%D9%86%DA%AF-galaxy-a56-5g/","۴.۴","گلس گوشی","۸۷.۶%","محافظ صفحه نمایش شیشه ای گلس استار مدل SUPRDG مناسب برای گوشی موبایل سامسونگ Galaxy A56 5G","","۱۳۷,۶۰۰","","صفحه نمایش گوشی بسیار حساس است و ممکن است در اثر ضربه یا خط و خش آسیب ببیند. محافظ صفحه نمایش گلس استار مدل سوپردی (SUPER-D) به عنوان یک محافظ قدرتمند و با کیفیت است و استفاده از آن برای گوشی موبایل شما یک گزینه ایده آل به شمار می رود. این محافظ صفحه نمایش، تمام قسمت های صفحه نمایش را به صورت کامل پوشش داده و اجازه نمی دهد به صفحه نمایش گوشی شما آسیبی برسد. حاشیه اطراف آن، ابعاد صفحه گوشی شما را کوچک نمی کند و دارای قابلیت هایی همچون نصب آسان، عدم ایجاد حباب ، لمس روان و سریع ...","https://dkstatics-public.digikala.com/digikala-products/5190480639ea866a0fc001c487f5160afebd82e0_1746532075.jpg?x-oss-process=image/resize,m_lfit,h_800,w_800/quality,q_90
https://dkstatics-public.digikala.com/digikala-products/15827a570517db9b52df9daf4e90409ecedca933_1746531986.jpg?x-oss-process=image/resize,m_lfit,h_800,w_800/quality,q_90
https://dkstatics-public.digikala.com/digikala-products/03aedba94c3a5d1085c024dab3bb1b8e5a25ec02_1746531986.jpg?x-oss-process=image/resize,m_lfit,h_800,w_800/quality,q_90
https://dkstatics-public.digikala.com/digikala-products/5190480639ea866a0fc001c487f5160afebd82e0_1746532075.jpg?x-oss-process=image/resize,m_lfit,h_800,w_800/quality,q_90","https://dkstatics-public.digikala.com/digikala-products/5190480639ea866a0fc001c487f5160afebd82e0_1746532075.jpg?x-oss-process=image/resize,m_lfit,h_800,w_800/quality,q_90","مشکی","سازگار با گوشی موبایلSamsung Galaxy A56Samsung Galaxy A56","مشخصاتمشخصاتجنس محافظشیشه نوع محافظ صفحه نمایش گوشیفول ویژگی‌ها۹H قابلیت نصب آسان مقاوم در برابر خط و خش نصب بدون حباب صفحه نمایش مقاوم در برابر چربی و اثرانگشت سازگار با گوشی موبایلSamsung Galaxy A۵۶ مشخصات دیگر- دارای پوشش تمام چسب صفحه نمایش - سازگاری با تمامی کیس و کیف های موجود - دارای سختی ۹H و مقاوم در برابر خط و خش و ضربه - مقاوم در برابر اثر انگشت، قطرات آب، چربی - عدم کاهش حساسیت تاچ صفحه نمایش - مقاوم در برابر ایجاد حباب - نصب آسان - بسته بندی شکیل ضخامت۰.۳ دارای محافظ برای قسمتجلو (صفحه نمایش) تعداد در بسته‌بندیتکی مشاهده بیشتر","۱۲۹ دیدگاه","گلس استار","محافظ صفحه نمایش گوشی گلس استار","کالای دیجیتال/","لوازم جانبی کالای دیجیتال/","لوازم جانبی گوشی موبایل/","محافظ صفحه نمایش گوشی"
"1771409532-240","https://www.digikala.com/search/category-mobile-accessories/?has_selling_stock=1&sort=7","مبدل  لایتنینگ OTG مدل GL-163","۲۷۴,۰۰۰","","","۳.۹","ارسال سریع دیجی‌کالا","","","","","","","مبدل  لایتنینگ OTG مدل GL-163ارسال سریع دیجی‌کالا
۳.۹۲۷۴,۰۰۰","https://www.digikala.com/product/dkp-5833373/%D9%85%D8%A8%D8%AF%D9%84-%D9%84%D8%A7%DB%8C%D8%AA%D9%86%DB%8C%D9%86%DA%AF-otg-%D9%85%D8%AF%D9%84-gl-163/","۳.۹","هلال ماه","۸۲%","مبدل  لایتنینگ OTG مدل GL-163","","۲۴۹,۵۰۰","","OTG لایتنینگ مدل GL-163 یک مبدل بدون نیاز به نصب نرم افزار، مخصوص گوشی و تبلت های اپل با سرعت بسیار بالاست، از آنجایی که این محصول به تازگی به تولید رسیده و با تکنولوژی روز هماهنگ است میبایست ورژن IOS دستگاه از 13 بالاتر باشد. جنس بدنه این OTG  الومینیومی و سخت است، بدون نصب هیچ گونه نرم افزاری با سرعت بسیار بالایی کار میکند و کارکردن با آن بسیار ساده است، حداکثر توان خروجی این مبدل 200 میلی آمپر و سرعت انتقال داده آن به لطف تکنولوژی USB 3.0 به عدد واقعی 625MB/s میرسد و کارکر ...","https://dkstatics-public.digikala.com/digikala-products/2ce63948c9d47aae4c78bb59582f3cb3b19e1884_1626898630.jpg?x-oss-process=image/resize,m_lfit,h_800,w_800/quality,q_90
https://dkstatics-public.digikala.com/digikala-products/ac81a0d085552d30b6e2f3a36c05e1a348499ede_1626898642.jpg?x-oss-process=image/resize,m_lfit,h_800,w_800/quality,q_90
https://dkstatics-public.digikala.com/digikala-products/2da179fb55d3617ea507e763d1d6a221aff3a019_1626898653.jpg?x-oss-process=image/resize,m_lfit,h_800,w_800/quality,q_90
https://dkstatics-public.digikala.com/digikala-products/2ce63948c9d47aae4c78bb59582f3cb3b19e1884_1626898630.jpg?x-oss-process=image/resize,m_lfit,h_800,w_800/quality,q_90","https://dkstatics-public.digikala.com/digikala-products/2ce63948c9d47aae4c78bb59582f3cb3b19e1884_1626898630.jpg?x-oss-process=image/resize,m_lfit,h_800,w_800/quality,q_90","رز گلدنقره ایمشکیکرومبژقرمز","ویژگیUSBUSBنوع رابطلایتنینگلایتنینگقابلیت‌هاامکان انتقال اطلاعاتامکان انتقال اطلاعات","مشخصاتمشخصاتسازگار باiPhone ۱۲ / ۱۲ pro / ۱۲ proMax / ۱۱ /۱۱ Pro / ۱۱ Pro Max / XS / XS Max / X / ۸ / ۸ Plus / ۷ / ۷Plus / ۶S / SE / iPad ۴ / Ipad ۵ / ipad Mini نوع کابللایتنینگ طول کابلبدون کابل سانتی مترنوع رابطلایتنینگ سرعت انتقال اطلاعات۵ گیگابیت بر ثانیه قابلیت‌هاامکان انتقال اطلاعات بازه طول کابلبدون کابل مشاهده بیشتر","۸۴۷ دیدگاه","متفرقه","کابل شارژ و مبدل متفرقه","کالای دیجیتال/","لوازم جانبی کالای دیجیتال/","لوازم جانبی گوشی موبایل/","کابل شارژ و مبدل"
"1771409534-241","https://www.digikala.com/search/category-mobile-accessories/?has_selling_stock=1&sort=7","مبدل OTG USB به USB-C مدل TRH_464","۴۷,۵۰۰","۵۰,۰۰۰","۵٪","۳.۷","ارسال سریع دیجی‌کالا","","","","","","","مبدل OTG USB به USB-C مدل TRH_464ارسال سریع دیجی‌کالا
۳.۷۵٪۴۷,۵۰۰۵۰,۰۰۰","https://www.digikala.com/product/dkp-18453137/%D9%85%D8%A8%D8%AF%D9%84-otg-usb-%D8%A8%D9%87-usb-c-%D9%85%D8%AF%D9%84-trh-464/","۳.۷","جانبی امید","۶۹.۲%","مبدل OTG USB به USB-C مدل TRH_464","۵٪","۵۰,۰۰۰","۴۷,۵۰۰","","https://dkstatics-public.digikala.com/digikala-products/47292e85175541c222027638c17e28415ac58ac8_1740645500.jpg?x-oss-process=image/resize,m_lfit,h_800,w_800/quality,q_90
https://dkstatics-public.digikala.com/digikala-products/dc1fcae6014c3bc95788918ef6193108e55e4d0f_1740580708.jpg?x-oss-process=image/resize,m_lfit,h_800,w_800/quality,q_90
https://dkstatics-public.digikala.com/digikala-products/c485d03fd870b88344c0123a5cc276273382ff24_1740580710.jpg?x-oss-process=image/resize,m_lfit,h_800,w_800/quality,q_90
https://dkstatics-public.digikala.com/digikala-products/47292e85175541c222027638c17e28415ac58ac8_1740645500.jpg?x-oss-process=image/resize,m_lfit,h_800,w_800/quality,q_90","https://dkstatics-public.digikala.com/digikala-products/47292e85175541c222027638c17e28415ac58ac8_1740645500.jpg?x-oss-process=image/resize,m_lfit,h_800,w_800/quality,q_90","طلایینقره اینارنجیآبیسبزرز گلدمشکیسفیدسفید صدفیقرمز شرابی","نوع رابطرابط USB Type-Cرابط USB Type-C","مشخصاتمشخصاتنوع کابل شارژ و مبدلمبدل ها نوع کابلUSB Type-C طول کابل۴ سانتی مترجنس کابلمس نوع رابطرابط USB Type-C","۳۲۳ دیدگاه","متفرقه","کابل شارژ و مبدل متفرقه","کالای دیجیتال/","لوازم جانبی کالای دیجیتال/","لوازم جانبی گوشی موبایل/","کابل شارژ و مبدل"
"1771409536-242","https://www.digikala.com/search/category-mobile-accessories/?has_selling_stock=1&sort=7","محافظ صفحه نمایش گلس استار مدل SUGA-Glass مناسب برای گوشی موبایل اپل iPhone 13","۱۳۰,۰۰۰","","","۴.۶","موجود در انبار دیجی کالا","","","","","","","محافظ صفحه نمایش گلس استار مدل SUGA-Glass مناسب برای گوشی موبایل اپل iPhone 13موجود در انبار دیجی کالا
۴.۶۱۳۰,۰۰۰","https://www.digikala.com/product/dkp-8915144/%D9%85%D8%AD%D8%A7%D9%81%D8%B8-%D8%B5%D9%81%D8%AD%D9%87-%D9%86%D9%85%D8%A7%DB%8C%D8%B4-%DA%AF%D9%84%D8%B3-%D8%A7%D8%B3%D8%AA%D8%A7%D8%B1-%D9%85%D8%AF%D9%84-suga-glass-%D9%85%D9%86%D8%A7%D8%B3%D8%A8-%D8%A8%D8%B1%D8%A7%DB%8C-%DA%AF%D9%88%D8%B4%DB%8C-%D9%85%D9%88%D8%A8%D8%A7%DB%8C%D9%84-%D8%A7%D9%BE%D9%84-iphone-13/","۴.۶","گلس گوشی","۹۱.۶%","محافظ صفحه نمایش گلس استار مدل SUGA-Glass مناسب برای گوشی موبایل اپل iPhone 13","","۱۳۰,۰۰۰","","صفحه نمایش گوشی بسیار حساس است و ممکن است در اثر ضربه یا خط و خش آسیب ببیند.محافظ صفحه نمایش مدل سوپردی (SUPER-D) به عنوان یک محافظ قدرتمند و با کیفیت در بازار موجود است که نظر کاربران زیادی را به خود جلب کرده است.این محافظ صفحه نمایش، تمام قسمت های صفحه نمایش را به صورت کامل پوشش می دهد و اجازه نمی دهد به صفحه نمایش گوشی شما آسیبی برسد.حاشیه اطراف آن، ابعاد صفحه گوشی شما را کوچک نمی کند و دارای قابلیت هایی همچون نصب آسان، عدم ایجاد حباب ، لمس روان و سریع و همچنین عدم کاهش کی ...","https://dkstatics-public.digikala.com/digikala-products/6869651370791516488be1563aa4b5dcac022fdd_1656911256.jpg?x-oss-process=image/resize,m_lfit,h_800,w_800/quality,q_90
https://dkstatics-public.digikala.com/digikala-products/ca3fa082cb79a700040825be2e8e6bd2ab45cfac_1656911258.jpg?x-oss-process=image/resize,m_lfit,h_800,w_800/quality,q_90
https://dkstatics-public.digikala.com/digikala-products/64a425bc243513d7234586591d506878d98a3926_1656911277.jpg?x-oss-process=image/resize,m_lfit,h_800,w_800/quality,q_90
https://dkstatics-public.digikala.com/digikala-products/6869651370791516488be1563aa4b5dcac022fdd_1656911256.jpg?x-oss-process=image/resize,m_lfit,h_800,w_800/quality,q_90","https://dkstatics-public.digikala.com/digikala-products/6869651370791516488be1563aa4b5dcac022fdd_1656911256.jpg?x-oss-process=image/resize,m_lfit,h_800,w_800/quality,q_90","مشکی","قابلیت‌های مقاومتیمقاوم در برابر خط و خشمقاوم در برابر خط و خش","مشخصاتمشخصاتویژگی‌ها۹H جلوگیری از ایجاد خط و خش قابلیت نصب آسان مقاوم در برابر چربی و اثرانگشت مقاوم در برابر خط و خش نصب بدون حباب قابلیت‌های مقاومتیمقاوم در برابر خط و خش مشخصات دیگر
- استفاده از شیشه حرارت دیده تحت شرایط خاص
- دارای پوشش تمام چسب صفحه نمایش
- سازگاری با تمامی کیس و کیف های موجود
- دارای سختی ۹H، و مقاومت بسیار بالا در برابر خط و خش و ضربه
- مقاوم در برابر اثر انگشت، قطرات آب،چربی
- عدم کاهش حساسیت تاچ صفحه نمایش
- با قابلیت رد کردن ۹۹ درصد نور از صفحه نمایش به چشم بیننده
- مقاوم در برابر ایجاد حباب 
- نصب آسان
- بسته بندی شکیل ضخامت۰.۳ دارای محافظ برای قسمتجلو (صفحه نمایش)","۱۰۳ دیدگاه","گلس استار","محافظ صفحه نمایش گوشی گلس استار","کالای دیجیتال/","لوازم جانبی کالای دیجیتال/","لوازم جانبی گوشی موبایل/","محافظ صفحه نمایش گوشی"
"1771409539-243","https://www.digikala.com/search/category-mobile-accessories/?has_selling_stock=1&sort=7","پاوربانک 22.5 وات ریمکس مدل RPP-72 ظرفیت 20000 میلی آمپر ساعت","۱,۹۹۰,۰۰۰","","","۴.۳","&nbsp;","","","","","","","پاوربانک 22.5 وات ریمکس مدل RPP-72 ظرفیت 20000 میلی آمپر ساعت&nbsp;
۴.۳۱,۹۹۰,۰۰۰","https://www.digikala.com/product/dkp-17427731/%D9%BE%D8%A7%D9%88%D8%B1%D8%A8%D8%A7%D9%86%DA%A9-225-%D9%88%D8%A7%D8%AA-%D8%B1%DB%8C%D9%85%DA%A9%D8%B3-%D9%85%D8%AF%D9%84-rpp-72-%D8%B8%D8%B1%D9%81%DB%8C%D8%AA-20000-%D9%85%DB%8C%D9%84%DB%8C-%D8%A2%D9%85%D9%BE%D8%B1-%D8%B3%D8%A7%D8%B9%D8%AA/","۴.۳","ویگوشاپ","۷۰%","پاوربانک 22.5 وات ریمکس مدل RPP-72 ظرفیت 20000 میلی آمپر ساعت","","۱,۸۳۹,۰۰۰","","پاوربانک ریمکس RPP-72  با ظرفیت 20000 میلی آمپر است که دارای خروجی فست شارژ 22.5 وات است این پاوربانک دارای 2 پورت خروجی USB  با توان 22.5 وات است و یک پورت Type-C که هم ورودی است و هم خروجی . سرعت شارژ کردن خروجی 20 وات و ورودی 18 وات است که یعنی از فناوری فست شارژ تایپ سی نیز پشتیبانی میکند. در ضمن Rpp-72 از تکنولوژی فست شارژ شدن خود پاوربانک هم پشتیانی میکند که تقریبا 2 برابر سرعت پاوربانک های معمولی سریع تر شارژ میشود . از دیگر ویژگی های این پاوربانک اندازه به نسبت کوچک ب ...","https://dkstatics-public.digikala.com/digikala-products/08cefde2d69cd427f6da5de349b3f78b3b23bc72_1762159843.jpg?x-oss-process=image/resize,m_lfit,h_800,w_800/quality,q_90
https://dkstatics-public.digikala.com/digikala-products/e7f9de57b3c8383d0fac00d260e2958ea930c6fa_1765742306.jpg?x-oss-process=image/resize,m_lfit,h_800,w_800/quality,q_90
https://dkstatics-public.digikala.com/digikala-products/ee78f43cdeea4e12bff65248bf3e2c9f895f1915_1765741653.jpg?x-oss-process=image/resize,m_lfit,h_800,w_800/quality,q_90
https://dkstatics-public.digikala.com/digikala-products/08cefde2d69cd427f6da5de349b3f78b3b23bc72_1762159843.jpg?x-oss-process=image/resize,m_lfit,h_800,w_800/quality,q_90","https://dkstatics-public.digikala.com/digikala-products/08cefde2d69cd427f6da5de349b3f78b3b23bc72_1762159843.jpg?x-oss-process=image/resize,m_lfit,h_800,w_800/quality,q_90","سفیدمشکی","نوع باتری پاوربانکلیتیوم پلیمریلیتیوم پلیمریتعداد درگاه خروجیسه عددسه عددولتاژ ورودی55قابلیت‌های دستگاهپشتیبانی از فناوری شارژ سریع Power Delivery (PD)پشتیبانی از فناوری شارژ سریع Power Delivery (PD)","مشخصاتمشخصات کلینوع پاوربانک (شارژر همراه)پاوربانک نوع باتری پاوربانکلیتیوم پلیمری مناسب برای شارژگوشی موبایل تبلت دوربین اسپیکر بلوتوثی ابعاد پاوربانک۲.۸۳x۶.۸x۱۴.۱۵ سانتی‌مترمشخصات فنیدو خروجی USB مشخصات =  ۵ ولت x ۳ امپر ـ ۹ ولت x ۲ آمپر ـ ۱۲ ولت x ۱.۵ آمپر ( توان ۲۲.۵ وات ) +
یک خروجی و ورودی Type-C مشخصات = ۵ ولت x ۳ آمپر   ـ.  ۹ ولت x ۲.۲۲ امپر     ـ   ۱۲ ولت x ۱.۶۷ آمپر ( توان ۲۰ وات ) +
دارای نشانگر دیجیتالی شارژ  -
اندازه کوچک تر به نسبت پاوربانک های ۲۰۰۰۰ میلی امپری وزن پاوربانک۴۰۰ گرمجنس بدنهپلاستیک توضیحات جنس بدنهبدنه‌ای از مواد مقاوم همراه با طراحی برای حمل، با کیفیت ساخت مناسب. قابلیت‌های مقاومتیبدون قابلیت مقاومتی اقلام همراهبدون اقلام همراه نحوه نمایش میزان شارژ باترینشانگر شارژ به درصد قابلیت‌های دستگاهپشتیبانی از فناوری شارژ سریع Power Delivery (PD) مشاهده بیشتر","۴۹۱ دیدگاه","ریمکس","پاوربانک (شارژر همراه) ریمکس","کالای دیجیتال/","لوازم جانبی کالای دیجیتال/","لوازم جانبی گوشی موبایل/","پاوربانک (شارژر همراه)"
"1771409541-244","https://www.digikala.com/search/category-mobile-accessories/?has_selling_stock=1&sort=7","هولدر رومیزی گوشی موبایل و تبلت مدل dph3 BRAOKET phone stand","۹۵,۱۹۰","","","۳.۸","&nbsp;","","","","","https://dkstatics-public.digikala.com/digikala-products/36b489702387fb6020bf09f8f9d1f8ba29771f80_1716698445.jpg?x-oss-process=image/resize,m_lfit,h_300,w_300/quality,q_80","","هولدر رومیزی گوشی موبایل و تبلت مدل dph3 BRAOKET phone stand&nbsp;
۳.۸۹۵,۱۹۰","https://www.digikala.com/product/dkp-15566474/%D9%87%D9%88%D9%84%D8%AF%D8%B1-%D8%B1%D9%88%D9%85%DB%8C%D8%B2%DB%8C-%DA%AF%D9%88%D8%B4%DB%8C-%D9%85%D9%88%D8%A8%D8%A7%DB%8C%D9%84-%D9%88-%D8%AA%D8%A8%D9%84%D8%AA-%D9%85%D8%AF%D9%84-dph-3-braoket-phone-stand/","۳.۸","تاجیتک","۶۷.۶%","هولدر رومیزی گوشی موبایل و تبلت مدل dph3 BRAOKET phone stand","","۹۵,۱۹۰","","","https://dkstatics-public.digikala.com/digikala-products/36b489702387fb6020bf09f8f9d1f8ba29771f80_1716698445.jpg?x-oss-process=image/resize,m_lfit,h_800,w_800/quality,q_90
https://dkstatics-public.digikala.com/digikala-products/3b93fb3fb77a64a4a4f2ebae78d237105e375c7a_1716698450.jpg?x-oss-process=image/resize,m_lfit,h_800,w_800/quality,q_90
https://dkstatics-public.digikala.com/digikala-products/12f77c5938013baa01c8d0270b2987e715c74a94_1716698454.jpg?x-oss-process=image/resize,m_lfit,h_800,w_800/quality,q_90
https://dkstatics-public.digikala.com/digikala-products/36b489702387fb6020bf09f8f9d1f8ba29771f80_1716698445.jpg?x-oss-process=image/resize,m_lfit,h_800,w_800/quality,q_90","https://dkstatics-public.digikala.com/digikala-products/36b489702387fb6020bf09f8f9d1f8ba29771f80_1716698445.jpg?x-oss-process=image/resize,m_lfit,h_800,w_800/quality,q_90","طوسیمشکیطوسی روشنسفید","","مشخصاتمشخصاتمناسب برایگوشی موبایل و تلبت","۶۹۵ دیدگاه","متفرقه","پایه نگهدارنده گوشی و تبلت متفرقه","کالای دیجیتال/","لوازم جانبی کالای دیجیتال/","لوازم جانبی گوشی موبایل/","پایه نگهدارنده گوشی و تبلت"
"1771409543-245","https://www.digikala.com/search/category-mobile-accessories/?has_selling_stock=1&sort=7","کاور زیرو مدل Silicon-ZR مناسب برای کیس هدفون بی سیم انکر Soundcore R50i NC","۳۲۳,۰۱۰","۳۳۳,۰۰۰","۳٪","۴.۵","تنها ۲ عدد در انبار باقی مانده","","","","","https://dkstatics-public.digikala.com/digikala-products/aa638c6b3a34d728c7f343d1e9653b3fb62396fe_1730991636.jpg?x-oss-process=image/resize,m_lfit,h_300,w_300/quality,q_80","https://www.digikala.com/statics/img/svg/productCard/topBadge/SpecialSell.svg","کاور زیرو مدل Silicon-ZR مناسب برای کیس هدفون بی سیم انکر Soundcore R50i NCتنها ۲ عدد در انبار باقی مانده
۴.۵۳٪۳۲۳,۰۱۰۳۳۳,۰۰۰","https://www.digikala.com/product/dkp-17304923/%DA%A9%D8%A7%D9%88%D8%B1-%D8%B2%DB%8C%D8%B1%D9%88-%D9%85%D8%AF%D9%84-silicon-zr-%D9%85%D9%86%D8%A7%D8%B3%D8%A8-%D8%A8%D8%B1%D8%A7%DB%8C-%DA%A9%DB%8C%D8%B3-%D9%87%D8%AF%D9%81%D9%88%D9%86-%D8%A8%DB%8C-%D8%B3%DB%8C%D9%85-%D8%A7%D9%86%DA%A9%D8%B1-soundcore-r50i-nc/","۴.۵","اکسسوریسیتی","۸۸.۶%","کاور زیرو مدل Silicon-ZR مناسب برای کیس هدفون بی سیم انکر Soundcore R50i NC","۳٪","۳۳۳,۰۰۰","۳۲۳,۰۱۰","یکی از پر کاربرد ترین لوازم جانبی ایرپاد، کاور محافظ کیس شارژ ایرپاد است که با برند آلتیمیت شیلد به بازار عرضه شده و در رنگ های متنوع به فروش می رسد و شما به سادگی می توانید با قاب گوشی موبایل خود ست نمائید. جنس این کاور بسیار نرم همراه با انعطاف پذیری بالا است که می تواند از محفظه شارژ ایرپاد شما در برابر ضربه و خط و خش محافظت نماید. این کاور کیس شارژ هندزفری به دلیل وزن سبکی که دارد به راحتی قابل حمل بوده و به هیچ وجه باعـث سنگینی کیس ایرپاد شما نمی‌ شود. با استفاده از این  ...","https://dkstatics-public.digikala.com/digikala-products/aa638c6b3a34d728c7f343d1e9653b3fb62396fe_1730991636.jpg?x-oss-process=image/resize,m_lfit,h_800,w_800/quality,q_90
https://dkstatics-public.digikala.com/digikala-products/1e2dbd30f6d1b5642c58a061d47e79b5c51049f2_1730991525.jpg?x-oss-process=image/resize,m_lfit,h_800,w_800/quality,q_90
https://dkstatics-public.digikala.com/digikala-products/8d351bff8769f07a0609f566e96f2df636652b08_1730991527.jpg?x-oss-process=image/resize,m_lfit,h_800,w_800/quality,q_90
https://dkstatics-public.digikala.com/digikala-products/aa638c6b3a34d728c7f343d1e9653b3fb62396fe_1730991636.jpg?x-oss-process=image/resize,m_lfit,h_800,w_800/quality,q_90","https://dkstatics-public.digikala.com/digikala-products/aa638c6b3a34d728c7f343d1e9653b3fb62396fe_1730991636.jpg?x-oss-process=image/resize,m_lfit,h_800,w_800/quality,q_90","قرمزمشکیسرمه ای","ساختارماتماتویژگی‌های کیف و کاورمقاوم در برابر ضربه، دسترسی آسان به درگاه ها، انعطاف پذیر، مقاوم در برابر خط و خشمقاوم در برابر ضربه، دسترسی آسان به درگاه ها، انعطاف پذیر، مقاوم در برابر خط و خش","مشخصاتمشخصاتجنسسیلیکون ساختارمات ویژگی‌های کیف و کاورمقاوم در برابر ضربه دسترسی آسان به درگاه ها انعطاف پذیر مقاوم در برابر خط و خش قابلیت‌های ویژهنازک (ضخامت ۲ سانتی‌متر و کم‌تر) مقاوم در برابر ضربه","۵۸ دیدگاه","زیرو","کیف و کاور هدفون زیرو","کالای دیجیتال/","لوازم جانبی کالای دیجیتال/","لوازم جانبی گوشی موبایل/","کیف و کاور هدفون"
"1771409545-246","https://www.digikala.com/search/category-mobile-accessories/?has_selling_stock=1&sort=7","پاوربانک 10 وات وی دنمن وی مدل dp 09 ظرفیت 10000 میلی آمپر ساعت","۹۴۵,۰۰۰","","","۴","&nbsp;","","","","","","","پاوربانک 10 وات وی دنمن وی مدل dp 09 ظرفیت 10000 میلی آمپر ساعت&nbsp;
۴۹۴۵,۰۰۰","https://www.digikala.com/product/dkp-11738095/%D9%BE%D8%A7%D9%88%D8%B1%D8%A8%D8%A7%D9%86%DA%A9-10-%D9%88%D8%A7%D8%AA-%D9%88%DB%8C-%D8%AF%D9%86%D9%85%D9%86-%D9%88%DB%8C-%D9%85%D8%AF%D9%84-dp-09-%D8%B8%D8%B1%D9%81%DB%8C%D8%AA-10000-%D9%85%DB%8C%D9%84%DB%8C-%D8%A2%D9%85%D9%BE%D8%B1-%D8%B3%D8%A7%D8%B9%D8%AA/","۴","آریا همراه ارد","۶۸%","پاوربانک 10 وات وی دنمن وی مدل dp 09 ظرفیت 10000 میلی آمپر ساعت","","۸۵۹,۲۳۰","","پاور بانک دنمن مدل DP09 یکی از بهترین گزینه ها برای جلوگیری از اتمام شارژ گوشی تلفن همراهتون، این مدل دارای ظرفیت 10000 میلی آمپر ساعت و مدت زمان شارژ طولانی است همچنین دارای 2 پورت USB برای شارژ وسایل شما، دارای نشانگر سطح شارژ LED (فعال سازی دکمه)، می توانید در هر زمان سطح شارژ را بررسی کنید. حفاظت چند سطحی در برابر اتصال کوتاه و گرمای بیش از حد، شارژ ایمن را تضمین می کندف بدنه این پاور بانک از مواد ضد حریق ساخته شده است. باتری پلیمری A+ با دوام و کم مصرف یکی از قابلیت های  ...","https://dkstatics-public.digikala.com/digikala-products/5c96cec36b4398bcef90e1c08fb6c34eec102e2d_1762157564.jpg?x-oss-process=image/resize,m_lfit,h_800,w_800/quality,q_90
https://dkstatics-public.digikala.com/digikala-products/319a1263c5a4e34ac635fcaef7d7a13ccf7e393a_1765742300.jpg?x-oss-process=image/resize,m_lfit,h_800,w_800/quality,q_90
https://dkstatics-public.digikala.com/digikala-products/8a7930465d3f5da844588d88c9065fa35782b25a_1765741642.jpg?x-oss-process=image/resize,m_lfit,h_800,w_800/quality,q_90
https://dkstatics-public.digikala.com/digikala-products/5c96cec36b4398bcef90e1c08fb6c34eec102e2d_1762157564.jpg?x-oss-process=image/resize,m_lfit,h_800,w_800/quality,q_90","https://dkstatics-public.digikala.com/digikala-products/5c96cec36b4398bcef90e1c08fb6c34eec102e2d_1762157564.jpg?x-oss-process=image/resize,m_lfit,h_800,w_800/quality,q_90","مشکیسفید","نوع باتری پاوربانکلیتیوم پلیمریلیتیوم پلیمریتعداد درگاه خروجیسه عددسه عددولتاژ ورودی12، 5، 912، 5، 9قابلیت‌های دستگاهپشتیبانی از فناوری شارژ سریع Power Delivery (PD)پشتیبانی از فناوری شارژ سریع Power Delivery (PD)","مشخصاتمشخصات کلینوع پاوربانک (شارژر همراه)پاوربانک نوع باتری پاوربانکلیتیوم پلیمری مناسب برای شارژگوشی موبایل تبلت اسپیکر بلوتوثی دوربین ابعاد پاوربانک۱۳.۷x۶.۹x۱.۶ سانتی‌مترمشخصات فنی۳. ورودی: ورودی DC۵V/۲.۱A، Type C
 وزن پاوربانک۲۲۰ گرمجنس بدنهپلاستیک ABS توضیحات جنس بدنهجنس ABS + PC با لایه لاستیکی و مقاومت در برابر دما/حریق ذکر شده است. 
 قابلیت‌های مقاومتیبدون قابلیت مقاومتی اقلام همراهبدون اقلام همراه نحوه نمایش میزان شارژ باترینشانگر LED قابلیت‌های دستگاهپشتیبانی از فناوری شارژ سریع Power Delivery (PD) مشاهده بیشتر","۳۸۷ دیدگاه","وی دنمن وی","پاوربانک (شارژر همراه) وی دنمن وی","کالای دیجیتال/","لوازم جانبی کالای دیجیتال/","لوازم جانبی گوشی موبایل/","پاوربانک (شارژر همراه)"
"1771409548-247","https://www.digikala.com/search/category-mobile-accessories/?has_selling_stock=1&sort=7","شارژر فندکی 50 وات دو پورت وونک مدل VC--50 به همراه کابل USB-C","۱,۳۵۰,۰۰۰","۳,۷۰۰,۰۰۰","۶۴٪","۴.۲","ارسال سریع دیجی‌کالا","","","","","","","شارژر فندکی 50 وات دو پورت وونک مدل VC--50 به همراه کابل USB-Cارسال سریع دیجی‌کالا
۴.۲۶۴٪۱,۳۵۰,۰۰۰۳,۷۰۰,۰۰۰","https://www.digikala.com/product/dkp-18920694/%D8%B4%D8%A7%D8%B1%DA%98%D8%B1-%D9%81%D9%86%D8%AF%DA%A9%DB%8C-50-%D9%88%D8%A7%D8%AA-%D8%AF%D9%88-%D9%BE%D9%88%D8%B1%D8%AA-%D9%88%D9%88%D9%86%DA%A9-%D9%85%D8%AF%D9%84-vc-50-%D8%A8%D9%87-%D9%87%D9%85%D8%B1%D8%A7%D9%87-%DA%A9%D8%A7%D8%A8%D9%84-usb-c/","۴.۲","پارس هدفون","۹۱%","شارژر فندکی 50 وات دو پورت وونک مدل VC--50 به همراه کابل USB-C","۶۴٪","۳,۷۰۰,۰۰۰","۱,۳۵۰,۰۰۰","شارژر فندکی VC-50 از برند VONK این محصول جدید و باکیفیت، محصول در سال 2025 طراحی شده است و تمام بروزرسانی های گوشی های جدید سازگاری دارد ( iOS  و Android )  و قابلیت شارژ معمولی ، شارژ سریع(Fast Charging) و شارژ خیلی سریع (Super Fast Charging ) و به شما امکان می‌دهد تا متناسب با نیازتان استفاده کنید ، این فندکی دارای دو خروجی Type-C و USB هست و یک کابل یک متری LED دار  Type-C هم داخل جعبه وجود دارد.","https://dkstatics-public.digikala.com/digikala-products/c2f6513ce2506baf08b410283818e1fd0c6bd039_1757322678.jpg?x-oss-process=image/resize,m_lfit,h_800,w_800/quality,q_90
https://dkstatics-public.digikala.com/digikala-products/c2f6513ce2506baf08b410283818e1fd0c6bd039_1757322678.jpg?x-oss-process=image/resize,m_lfit,h_800,w_800/quality,q_90
https://dkstatics-public.digikala.com/digikala-products/73dfbba3867abaca631d61cfcfe082841b658e93_1756562486.jpg?x-oss-process=image/resize,m_lfit,h_800,w_800/quality,q_90
https://dkstatics-public.digikala.com/digikala-products/c2f6513ce2506baf08b410283818e1fd0c6bd039_1757322678.jpg?x-oss-process=image/resize,m_lfit,h_800,w_800/quality,q_90","https://dkstatics-public.digikala.com/digikala-products/c2f6513ce2506baf08b410283818e1fd0c6bd039_1757322678.jpg?x-oss-process=image/resize,m_lfit,h_800,w_800/quality,q_90","مشکی براقمشکی","تعداد درگاه خروجیدو عدددو عدد","مشخصاتمشخصات فیزیکیوزن۲۸ گرمجنس بدنهپلاستیک نوع اتصال به منبع برقفندکی اقلام همراهبدون اقلام همراه طول کابل۱۰۰ سانتی متربازه طول کابل۱۶ تا ۱۰۰ سانتی‌متر نوع کابل همراهUSB Type-C مشاهده بیشتر","۴۵۸ دیدگاه","وونک","شارژر تبلت و موبایل وونک","کالای دیجیتال/","لوازم جانبی کالای دیجیتال/","لوازم جانبی گوشی موبایل/","شارژر تبلت و موبایل"
"1771409550-248","https://www.digikala.com/search/category-mobile-accessories/?has_selling_stock=1&sort=7","پایه نگهدارنده گوشی موبایل و تبلت الدینیو مدل MG03","۲۵۰,۰۰۰","","","۴.۴","&nbsp;","","","","","","","پایه نگهدارنده گوشی موبایل و تبلت الدینیو مدل MG03&nbsp;
۴.۴۲۵۰,۰۰۰","https://www.digikala.com/product/dkp-12506080/%D9%BE%D8%A7%DB%8C%D9%87-%D9%86%DA%AF%D9%87%D8%AF%D8%A7%D8%B1%D9%86%D8%AF%D9%87-%DA%AF%D9%88%D8%B4%DB%8C-%D9%85%D9%88%D8%A8%D8%A7%DB%8C%D9%84-%D9%88-%D8%AA%D8%A8%D9%84%D8%AA-%D8%A7%D9%84%D8%AF%DB%8C%D9%86%DB%8C%D9%88-%D9%85%D8%AF%D9%84-mg03/","۴.۴","مانا تجهیز","۱۰۰%","پایه نگهدارنده گوشی موبایل و تبلت الدینیو مدل MG03","","۲۴۹,۰۰۰","","","https://dkstatics-public.digikala.com/digikala-products/f094c73377eb6f176ab8e73b40b117d19fc4f4c4_1693083303.jpg?x-oss-process=image/resize,m_lfit,h_800,w_800/quality,q_90
https://dkstatics-public.digikala.com/digikala-products/4f3b5173069f27cab07975fadb3386766affe05f_1693083379.jpg?x-oss-process=image/resize,m_lfit,h_800,w_800/quality,q_90
https://dkstatics-public.digikala.com/digikala-products/8dec424c5c05ee9e600ec6e9a68fed6fd192021c_1693083458.jpg?x-oss-process=image/resize,m_lfit,h_800,w_800/quality,q_90
https://dkstatics-public.digikala.com/digikala-products/f094c73377eb6f176ab8e73b40b117d19fc4f4c4_1693083303.jpg?x-oss-process=image/resize,m_lfit,h_800,w_800/quality,q_90","https://dkstatics-public.digikala.com/digikala-products/f094c73377eb6f176ab8e73b40b117d19fc4f4c4_1693083303.jpg?x-oss-process=image/resize,m_lfit,h_800,w_800/quality,q_90","مشکی","نوع پایه نگهدارنده گوشی و تبلتمناسب برای استفاده روی میز، مناسب برای استفاده داخل خودرومناسب برای استفاده روی میز، مناسب برای استفاده داخل خودروقابلیت‌های دستگاهامکان چرخش 360 درجه، قابلیت تنظیم ارتفاعامکان چرخش 360 درجه، قابلیت تنظیم ارتفاع","مشخصاتمشخصاتنوع پایه نگهدارنده گوشی و تبلتمناسب برای استفاده روی میز مناسب برای استفاده داخل خودرو ابعاد۷۵×۱۱۰ میلی‌مترمناسب برایمناسب برای استفاده در خودرو 
و همچین عکس سلفی 
مناسب برای استفاده روی میز قابلیت‌های دستگاهامکان چرخش ۳۶۰ درجه قابلیت تنظیم ارتفاع سایر توضیحاتهولدر الدینیو MG۰۳ از دو بازو جمع شونده در قسمت بالا و قسمت پایین  تشکیل شده است که به خوبی گوشی را نگه می دارد. در انتهای این بازوهای نگهدارنده یک پین دایره برای نگهداشتن گوشی قرار داده شده است. وقتی شما گوشی را برروی هولدر قرار می دهید این هولدر محکم گوشی را نگهداری می کند و نیاز به نصب و تنظمیات خاصی نیست. برای قرار دادن گوشی برروی این هولدر بر خلاف سایر هولدرها نیازی نیست با یک دست هولدر را نگه دارید تا گوشی را برروی آن قرار دهید. کافی است گوشی را برروی گیره های نگه دارنده هولدر قرار دهید.","۶۸۳ دیدگاه","الدینیو","پایه نگهدارنده گوشی و تبلت الدینیو","کالای دیجیتال/","لوازم جانبی کالای دیجیتال/","لوازم جانبی گوشی موبایل/","پایه نگهدارنده گوشی و تبلت"
"1771409552-249","https://www.digikala.com/search/category-mobile-accessories/?has_selling_stock=1&sort=7","کیف محافظ پاوربانک مدل Powerbag","۳۲۰,۰۰۰","","","۴.۵","&nbsp;","","","","","","","کیف محافظ پاوربانک مدل Powerbag &nbsp;
۴.۵۳۲۰,۰۰۰","https://www.digikala.com/product/dkp-15463403/%DA%A9%DB%8C%D9%81-%D9%85%D8%AD%D8%A7%D9%81%D8%B8-%D9%BE%D8%A7%D9%88%D8%B1%D8%A8%D8%A7%D9%86%DA%A9-%D9%85%D8%AF%D9%84-powerbag/","۴.۵","بگ شاپینگ","۹۳%","کیف محافظ پاوربانک مدل Powerbag","","۳۲۰,۰۰۰","","امروزه با گسترش روزافزون فناوری، جدایی از تلفن‌های هوشمند و گجت های مربوط به آن اجتناب ناپذیر است و یکی از مشکلاتی که کاربران با آن مواجه هستند اتمام انرژی باتری این ابزارهاست که راه حل آن استفاده از پاوربانک هاست اما حمل و جابجایی پاوربانک که وزن قابل توجهی هم دارد کمی مشکل ساز است که کیف محافظ و نگهدارنده پاوربانک و گوشی Powerbag با وزن سبکی که دارد به شما این قابلیت را میدهد که هم زمان پاوربانک و گوشی خود را داخل کیف گذاشته تا با خیالی آسوده و به دور از آسیب دیدگی گوشی خود ...","https://dkstatics-public.digikala.com/digikala-products/b98f68a080fe0797ac48e47eff3bfd2717dd6528_1715793118.jpg?x-oss-process=image/resize,m_lfit,h_800,w_800/quality,q_90
https://dkstatics-public.digikala.com/digikala-products/4190ad55039ace7991a29949dd5d1bd27ff5f634_1715793190.jpg?x-oss-process=image/resize,m_lfit,h_800,w_800/quality,q_90
https://dkstatics-public.digikala.com/digikala-products/f8602e47024ab5ee57912a2c2551e57ae300875b_1715793241.jpg?x-oss-process=image/resize,m_lfit,h_800,w_800/quality,q_90
https://dkstatics-public.digikala.com/digikala-products/b98f68a080fe0797ac48e47eff3bfd2717dd6528_1715793118.jpg?x-oss-process=image/resize,m_lfit,h_800,w_800/quality,q_90","https://dkstatics-public.digikala.com/digikala-products/b98f68a080fe0797ac48e47eff3bfd2717dd6528_1715793118.jpg?x-oss-process=image/resize,m_lfit,h_800,w_800/quality,q_90","مشکیطوسی تیرهآبی تیرهزیتونیآبی فیروزه ایسرمه ای تیره","","مشخصاتمشخصاتوزن۸۰ گرممشخصاتابعاد داخلی کیف: ۱۹*۹*۴","۱۰۳۶ دیدگاه","متفرقه","قطعات جانبی موبایل و تبلت و هدفون متفرقه","کالای دیجیتال/","لوازم جانبی کالای دیجیتال/","لوازم جانبی گوشی موبایل/","قطعات جانبی موبایل و تبلت و هدفون"
"1771409554-250","https://www.digikala.com/search/category-mobile-accessories/?has_selling_stock=1&sort=7","کیت تمیز کننده مدل multifunctional","۲۱۶,۵۲۰","","","۴.۱","ارسال فروشنده","","","","","","","کیت تمیز کننده مدل multifunctionalارسال فروشنده
۴.۱۲۱۶,۵۲۰","https://www.digikala.com/product/dkp-10611087/%DA%A9%DB%8C%D8%AA-%D8%AA%D9%85%DB%8C%D8%B2-%DA%A9%D9%86%D9%86%D8%AF%D9%87-%D9%85%D8%AF%D9%84-multifunctional/","۴.۱","بازرگانی سایمون","۱۰۰%","کیت تمیز کننده مدل multifunctional","","۲۳۱,۹۹۰","","کیت  multifunctional cleaning brush شامل پکیج کاملی از ابزار تمیز کننده مناسب و استاندارد برای ایرپاد - موبایل - کیبورد - لپ تاپ و ... میباشد که تمام این پکیج در یک سایز کاملا مناسب قرار داده شده است . این پکیج شامل تمیز کننده 3 کاره ایرپاد و گیره دراوردن دکمه کیبورد و براش تمیز کننده کیبورد و ... و مخزن اسپری که داخلش میتواند با مواد تمیز کننده یا الکل پر شود . این پکیج با قیمت فوق العادش میتونه یه پیشنهاد عالی برای شما عزیزان باشه که به لطف ساختار پلاستیکیه خودش وزن نسبتا ک ...","https://dkstatics-public.digikala.com/digikala-products/909b7255c1409351459bf6ff7f4e18b131706f94_1675528077.jpg?x-oss-process=image/resize,m_lfit,h_800,w_800/quality,q_90
https://dkstatics-public.digikala.com/digikala-products/6617ec6653993df4e51d811b6af295d691a9fc00_1675528067.jpg?x-oss-process=image/resize,m_lfit,h_800,w_800/quality,q_90
https://dkstatics-public.digikala.com/digikala-products/6448cdfea20eb83d3bb78ad4a942f7f5abcf6724_1675528068.jpg?x-oss-process=image/resize,m_lfit,h_800,w_800/quality,q_90
https://dkstatics-public.digikala.com/digikala-products/909b7255c1409351459bf6ff7f4e18b131706f94_1675528077.jpg?x-oss-process=image/resize,m_lfit,h_800,w_800/quality,q_90","https://dkstatics-public.digikala.com/digikala-products/909b7255c1409351459bf6ff7f4e18b131706f94_1675528077.jpg?x-oss-process=image/resize,m_lfit,h_800,w_800/quality,q_90","صورتیچند رنگآبی","","مشخصاتمشخصاتمشخصاتmultifunctional cleaning brush /این پکیج شامل تمیز کننده ۳ کاره ایرپاد و گیره دراوردن دکمه کیبورد و براش تمیز کننده کیبورد و ... و مخزن اسپری که داخلش میتواند با مواد تمیز کننده یا الکل پر شود","۹۶۰ دیدگاه","متفرقه","کیت تمیز کننده متفرقه","کالای دیجیتال/","لوازم جانبی کالای دیجیتال/","لوازم جانبی گوشی موبایل/","کیت تمیز کننده"
"1771409557-251","https://www.digikala.com/search/category-mobile-accessories/?has_selling_stock=1&sort=7","آستین کنترل کننده انگشت مدل M","۷۹,۰۰۰","","","۴","&nbsp;","","","","","","","آستین کنترل کننده انگشت مدل M&nbsp;
۴۷۹,۰۰۰","https://www.digikala.com/product/dkp-13538457/%D8%A2%D8%B3%D8%AA%DB%8C%D9%86-%DA%A9%D9%86%D8%AA%D8%B1%D9%84-%DA%A9%D9%86%D9%86%D8%AF%D9%87-%D8%A7%D9%86%DA%AF%D8%B4%D8%AA-%D9%85%D8%AF%D9%84-m/","۴","یکتا نوین","۷۵.۲%","آستین کنترل کننده انگشت مدل M","۲۰٪","۷۵,۰۰۰","۵۹,۸۰۰","کاور و آستین انگشتی گیمینگ طرح  M ، تسلط و تمرکز مطلق بر بازی!
این کاور انگشتی برای تمامی انگشتان دست مناسب بوده و به افزایش تسلط بر پارامترهای بازی کمک شایانی میکند.
کاور انگشتی گیمینگ ضد عرق پابجی و آستین کنترل کننده طرح ممو
انگشتی عرق گیر گیمینگ طرح ممو دارای بافت رسانای بسیار با کیفیتی است.
این کاور انگشتی گیمینگ مانع از تعریق پوست شده و با حفظ جریان هوا به پوست اجازه ی تنفس می دهد.
گردش هوای پیوسته موجب جلوگیری از دم کردن و عرق کردن انگشت داخل کاور انگشتی می ‌شود.
 ...","https://dkstatics-public.digikala.com/digikala-products/0c58850e06811c80c9bb142ae21f24ed76b69985_1701283040.jpg?x-oss-process=image/resize,m_lfit,h_800,w_800/quality,q_90
https://dkstatics-public.digikala.com/digikala-products/8d7c112f8327fff35dff4e8868562cdb49d5a7c1_1701283057.jpg?x-oss-process=image/resize,m_lfit,h_800,w_800/quality,q_90
https://dkstatics-public.digikala.com/digikala-products/a8e5bfff8d0648ffecb67936fff3514f20df9624_1701283087.jpg?x-oss-process=image/resize,m_lfit,h_800,w_800/quality,q_90
https://dkstatics-public.digikala.com/digikala-products/02bb6b13d9009bb9a6247f48ab756f92d058e137_1701283097.jpg?x-oss-process=image/resize,m_lfit,h_800,w_800/quality,q_90","","مشکی","","مشخصاتمشخصاتوزن۴ گرممشخصاتمشخصات کاور انگشتی تاچ طرح M

– دارای الیاف فبیبر رسانا
– قدرت تاچ قطعی و صد درصدی
– ضد عرق
– دارای قابلیت تنفس
– با دوام
– سازگار با تمامی انگشت ها
– عدم ایجاد حساسیت","۶۰۷ دیدگاه","متفرقه","قطعات جانبی موبایل و تبلت و هدفون متفرقه","کالای دیجیتال/","لوازم جانبی کالای دیجیتال/","لوازم جانبی گوشی موبایل/","قطعات جانبی موبایل و تبلت و هدفون"
"1771409559-252","https://www.digikala.com/search/category-mobile-accessories/?has_selling_stock=1&sort=7","مبدل OTG  USB به USB-C مدل OTG-306","۱۶۹,۹۰۰","","","۴.۵","&nbsp;","","","","","","","مبدل OTG  USB به USB-C مدل OTG-306&nbsp;
۴.۵۱۶۹,۹۰۰","https://www.digikala.com/product/dkp-11839589/%D9%85%D8%A8%D8%AF%D9%84-otg-usb-%D8%A8%D9%87-usb-c-%D9%85%D8%AF%D9%84-otg-306/","۴.۵","کرج جانبی","۸۰%","مبدل OTG  USB به USB-C مدل OTG-306","","۱۵۵,۰۰۰","","مبدل شارژ و دیتا USB به USB-C مدل OTG-306، مبدلی شیک، کارآمد و پر سرعت میباشد که دارای پورت نری USB-C و مادگی USB میباشد. تعداد پین های مادگی این مبدل، 5 عدد میباشد که سرعت بیشتری را نسبت به مبدلهای او تی جی معمول بازار ارایه میدهد. داخل پورت نری تایپ سی این مبدل، لایه ای نازک از لاستیک قرار داده شده تا از پورت تلفن همراه/ لپتاپ شما محافظت کند و طول عمر آن را افزایش دهد. لطفاً از جاگیری صحیح فلش خود در مبدل و مبدل در تلفن همراهتان مطمئن شوید و در صورت عدم کارکرد صحیح، مبدل را ...","https://dkstatics-public.digikala.com/digikala-products/1026f9b36b01274585dd35947ea6bf356c7c20cd_1688044267.jpg?x-oss-process=image/resize,m_lfit,h_800,w_800/quality,q_90
https://dkstatics-public.digikala.com/digikala-products/b542ced12a15146dc6049f70e9baa6ff95c93300_1688044544.jpg?x-oss-process=image/resize,m_lfit,h_800,w_800/quality,q_90
https://dkstatics-public.digikala.com/digikala-products/d7ad2f7d127040cd41889252e1102679f1719673_1688043703.jpg?x-oss-process=image/resize,m_lfit,h_800,w_800/quality,q_90
https://dkstatics-public.digikala.com/digikala-products/1026f9b36b01274585dd35947ea6bf356c7c20cd_1688044267.jpg?x-oss-process=image/resize,m_lfit,h_800,w_800/quality,q_90","https://dkstatics-public.digikala.com/digikala-products/1026f9b36b01274585dd35947ea6bf356c7c20cd_1688044267.jpg?x-oss-process=image/resize,m_lfit,h_800,w_800/quality,q_90","خاکستریمشکینارنجی","نوع رابطرابط USB Type-C، USBرابط USB Type-C، USB","مشخصاتمشخصاتسازگار بااندروید، ویندوز
قابلیت اتصال به هارد، تلفن همراه، لپتاپ
 نوع کابلUSB ۳.۰ USB Type-C طول کابل۳ سانتی مترنوع رابطرابط USB Type-C USB سرعت انتقال اطلاعات۵ گیگابیت بر ثانیه بازه طول کابلبدون کابل سایر توضیحات مبدلسرعت انتقال اطلاعات، به دستگاههای متصل به مبدل بستگی دارد (نسل یو اس بی فلش و تلفن همراه، مثلا USB ۲.۰) ، بدنه مبدل فلزی و شیک میباشد، مبدل ۵ پین است که باعث افزایش سرعت اطلاعات میشود. 
 مشاهده بیشتر","۲۰۳ دیدگاه","متفرقه","کابل شارژ و مبدل متفرقه","کالای دیجیتال/","لوازم جانبی کالای دیجیتال/","لوازم جانبی گوشی موبایل/","کابل شارژ و مبدل"
"1771409561-253","https://www.digikala.com/search/category-mobile-accessories/?has_selling_stock=1&sort=7","کابل تبدیل USB/USB-C به لایتنینگ/USB-C اچ تی ام مدل 4in1 طول 1.2 متر","۱۶۹,۹۰۰","۲۵۰,۰۰۰","۳۲٪","۴.۱","ارسال سریع دیجی‌کالا","","","","","","","کابل تبدیل USB/USB-C به لایتنینگ/USB-C اچ تی ام مدل 4in1 طول 1.2 مترارسال سریع دیجی‌کالا
۴.۱۳۲٪۱۶۹,۹۰۰۲۵۰,۰۰۰","https://www.digikala.com/product/dkp-16711122/%DA%A9%D8%A7%D8%A8%D9%84-%D8%AA%D8%A8%D8%AF%DB%8C%D9%84-usbusb-c-%D8%A8%D9%87-%D9%84%D8%A7%DB%8C%D8%AA%D9%86%DB%8C%D9%86%DA%AFusb-c-%D8%A7%DA%86-%D8%AA%DB%8C-%D8%A7%D9%85-%D9%85%D8%AF%D9%84-4in1-%D8%B7%D9%88%D9%84-12-%D9%85%D8%AA%D8%B1/","۴.۱","جانبی امید","۸۲.۸%","کابل تبدیل USB/USB-C به لایتنینگ/USB-C اچ تی ام مدل 4in1 طول 1.2 متر","۳۲٪","۲۵۰,۰۰۰","۱۶۹,۹۰۰","","https://dkstatics-public.digikala.com/digikala-products/16310aff852058d3732a7bb721cbf52467e0ca9d_1727342078.jpg?x-oss-process=image/resize,m_lfit,h_800,w_800/quality,q_90
https://dkstatics-public.digikala.com/digikala-products/a49e2498db8fe6a224e3f01807aaf8ea4f40b06e_1726332521.jpg?x-oss-process=image/resize,m_lfit,h_800,w_800/quality,q_90
https://dkstatics-public.digikala.com/digikala-products/6965603277f28432c28d4e526490e751b4d61f6a_1726332537.jpg?x-oss-process=image/resize,m_lfit,h_800,w_800/quality,q_90
https://dkstatics-public.digikala.com/digikala-products/16310aff852058d3732a7bb721cbf52467e0ca9d_1727342078.jpg?x-oss-process=image/resize,m_lfit,h_800,w_800/quality,q_90","https://dkstatics-public.digikala.com/digikala-products/16310aff852058d3732a7bb721cbf52467e0ca9d_1727342078.jpg?x-oss-process=image/resize,m_lfit,h_800,w_800/quality,q_90","مشکی","نوع رابطUSB، رابط USB Type-C، لایتنینگUSB، رابط USB Type-C، لایتنینگ","مشخصاتمشخصاتنوع کابل شارژ و مبدلکابل شارژ نوع کابلUSB Type-C USB لایتنینگ طول کابل۱۲۰ سانتی مترجنس کابلبرزنتی نوع رابطUSB رابط USB Type-C لایتنینگ","۵۴۰ دیدگاه","متفرقه","کابل شارژ و مبدل متفرقه","کالای دیجیتال/","لوازم جانبی کالای دیجیتال/","لوازم جانبی گوشی موبایل/","کابل شارژ و مبدل"
"1771409564-254","https://www.digikala.com/search/category-mobile-accessories/?has_selling_stock=1&sort=7","کابل شارژ USB به USB-C مدل EP-DN930CWE طول 1.2 متر","۶۱,۴۰۰","","","۳.۶","ارسال سریع دیجی‌کالا","","","","","","","کابل شارژ USB به USB-C مدل EP-DN930CWE طول 1.2 مترارسال سریع دیجی‌کالا
۳.۶۶۱,۴۰۰","https://www.digikala.com/product/dkp-1642737/%DA%A9%D8%A7%D8%A8%D9%84-%D8%B4%D8%A7%D8%B1%DA%98-usb-%D8%A8%D9%87-usb-c-%D9%85%D8%AF%D9%84-ep-dn930cwe-%D8%B7%D9%88%D9%84-12-%D9%85%D8%AA%D8%B1/","۳.۶","موبایل پاسارگاد مهران","۷۳%","کابل شارژ USB به USB-C مدل EP-DN930CWE طول 1.2 متر","","۶۱,۴۰۰","","کابل USB بهType - C با قابلیت فست شارژ کابل Type - C بعد از Micro USB یکی از مهمترین پورتها برای انتقال دیتا وانتقال شارژ روی گوشی و تبلتها هستند. اما استفاده از کابل شارژ استاندارد و با کیفیت که بتواند عملیات انتقال شارژ را با سرعت وکاملا ایمن انجام دهد از نکات قابل توجهی است که اغلب کاربران با آن درگیر هستند. بطوریکه استفاده از کابل های بی کیفیت و غیر اصل بتدریج باعث صدمه به سوکت شارژ گوشی و در نهایت کاهش عمر گوشی ها می گردد. این کابل تمامی گوشی های فست شارژ سامسونگ را پشتی ...","https://dkstatics-public.digikala.com/digikala-products/d70028e30949970c18667da0c73c18f7aa8f1768_1770140328.jpg?x-oss-process=image/resize,m_lfit,h_800,w_800/quality,q_90
https://dkstatics-public.digikala.com/digikala-products/1f6e7a0d4e463244031525f4476cff5565dba916_1700389330.jpg?x-oss-process=image/resize,m_lfit,h_800,w_800/quality,q_90
https://dkstatics-public.digikala.com/digikala-products/116430ce8bc38c2692fcfcce6e06cc06cb709e47_1701029516.jpg?x-oss-process=image/resize,m_lfit,h_800,w_800/quality,q_90
https://dkstatics-public.digikala.com/digikala-products/d70028e30949970c18667da0c73c18f7aa8f1768_1770140328.jpg?x-oss-process=image/resize,m_lfit,h_800,w_800/quality,q_90","https://dkstatics-public.digikala.com/digikala-products/d70028e30949970c18667da0c73c18f7aa8f1768_1770140328.jpg?x-oss-process=image/resize,m_lfit,h_800,w_800/quality,q_90","سفید","نوع رابطUSBUSB","مشخصاتمشخصاتنوع کابلUSB Type-C طول کابل۱.۲ متر سانتی مترنوع رابطUSB سایر توضیحات کابلبا قابلیت فست شارژ","۲۸۳۷ دیدگاه","متفرقه","کابل شارژ و مبدل متفرقه","کالای دیجیتال/","لوازم جانبی کالای دیجیتال/","لوازم جانبی گوشی موبایل/","کابل شارژ و مبدل"
"1771409566-255","https://www.digikala.com/search/category-mobile-accessories/?has_selling_stock=1&sort=7","هولدر خودرو مدل car holder","۲۰۵,۰۰۰","","","۳.۹","&nbsp;","","","","","","","هولدر خودرو مدل car holder&nbsp;
۳.۹۲۰۵,۰۰۰","https://www.digikala.com/product/dkp-11571254/%D9%BE%D8%A7%DB%8C%D9%87-%D9%86%DA%AF%D9%87%D8%AF%D8%A7%D8%B1%D9%86%D8%AF%D9%87-%D9%85%D8%AF%D9%84-car-holder/","۳.۹","تکنولوژی پاسارگاد تهران","۷۷.۶%","هولدر خودرو مدل car holder","","۲۰۰,۰۰۰","","هولدر خودرو مدل car holder یکی از محصولات مورد توجه در بازار است که ارزش بررسی دارد. این محصول از جنبه‌های مختلفی از جمله کیفیت ساخت، قابلیت نصب آسان، سازگاری با انواع گوشی‌های هوشمند و قابلیت چرخش 360 درجه برخوردار است. هدف ما از نوشتن بررسی این محصول، ارائه یک نقد صادقانه و بی‌طرفانه است تا خریداران بتوانند تصمیم مناسبی برای خرید هولدر موبایل خودرو داشته باشند. اگر از هولدر گوشی خودرو برای خود استفاده می‌کنید یا قصد خرید آن را دارید، حتماً باید این بررسی را مطالعه کنید.
مزا ...","https://dkstatics-public.digikala.com/digikala-products/b9965d7e124d19605c5f78ad9b4759edfecda60d_1686128724.jpg?x-oss-process=image/resize,m_lfit,h_800,w_800/quality,q_90
https://dkstatics-public.digikala.com/digikala-products/71b8ec1915c87747e093def28d4d18caa847700e_1685983629.jpg?x-oss-process=image/resize,m_lfit,h_800,w_800/quality,q_90
https://dkstatics-public.digikala.com/digikala-products/2f53ccb0d68bd23f82d765dad62a2cca5414d4da_1685983631.jpg?x-oss-process=image/resize,m_lfit,h_800,w_800/quality,q_90
https://dkstatics-public.digikala.com/digikala-products/b9965d7e124d19605c5f78ad9b4759edfecda60d_1686128724.jpg?x-oss-process=image/resize,m_lfit,h_800,w_800/quality,q_90","https://dkstatics-public.digikala.com/digikala-products/b9965d7e124d19605c5f78ad9b4759edfecda60d_1686128724.jpg?x-oss-process=image/resize,m_lfit,h_800,w_800/quality,q_90","مشکی","","مشخصاتمشخصاتمناسب برایاستفاده در داخل خودرو و هر جای مسطح","۲۱۲۳ دیدگاه","متفرقه","پایه نگهدارنده گوشی و تبلت متفرقه","کالای دیجیتال/","لوازم جانبی کالای دیجیتال/","لوازم جانبی گوشی موبایل/","پایه نگهدارنده گوشی و تبلت"
"1771409568-256","https://www.digikala.com/search/category-mobile-accessories/?has_selling_stock=1&sort=7","کابل تبدیل Type-C به Type-C مدل EP DN970 طول 1 متر","۸۵,۵۰۰","۹۰,۰۰۰","۵٪","۳.۸","تنها ۱ عدد در انبار باقی مانده","","","","","","","کابل تبدیل Type-C به Type-C مدل EP DN970 طول 1 مترتنها ۱ عدد در انبار باقی مانده
۳.۸۵٪۸۵,۵۰۰۹۰,۰۰۰","https://www.digikala.com/product/dkp-6891158/%DA%A9%D8%A7%D8%A8%D9%84-%D8%AA%D8%A8%D8%AF%DB%8C%D9%84-type-c-%D8%A8%D9%87-type-c-%D9%85%D8%AF%D9%84-ep-dn970-%D8%B7%D9%88%D9%84-1-%D9%85%D8%AA%D8%B1/","۳.۸","هلال ماه","۷۴%","کابل تبدیل Type-C به Type-C مدل EP DN970 طول 1 متر","","۸۳,۸۰۰","","","https://dkstatics-public.digikala.com/digikala-products/e9e18e45e3b1b30dd92b06d9c37cdd9a2896f9f5_1770140332.jpg?x-oss-process=image/resize,m_lfit,h_800,w_800/quality,q_90
https://dkstatics-public.digikala.com/digikala-products/2a785845bf2195621194c84377e2b59ad6e1d592_1635791776.jpg?x-oss-process=image/resize,m_lfit,h_800,w_800/quality,q_90
https://dkstatics-public.digikala.com/digikala-products/a72e63009ecfdd89f7272d1e4b553c2aecaa0cc5_1635627334.jpg?x-oss-process=image/resize,m_lfit,h_800,w_800/quality,q_90
https://dkstatics-public.digikala.com/digikala-products/e9e18e45e3b1b30dd92b06d9c37cdd9a2896f9f5_1770140332.jpg?x-oss-process=image/resize,m_lfit,h_800,w_800/quality,q_90","https://dkstatics-public.digikala.com/digikala-products/e9e18e45e3b1b30dd92b06d9c37cdd9a2896f9f5_1770140332.jpg?x-oss-process=image/resize,m_lfit,h_800,w_800/quality,q_90","سفیدمشکی","نوع رابطرابط USB Type-Cرابط USB Type-Cقابلیت‌هاامکان انتقال اطلاعاتامکان انتقال اطلاعات","مشخصاتمشخصاتسازگار بامناسب دستگاه های سری S و NOTE سامسونگ نوع کابلUSB Type-C طول کابل۱۰۰ سانتی مترنوع رابطرابط USB Type-C قابلیت‌هاامکان انتقال اطلاعات سایر توضیحات کابلکابل دو سر تایپ سی با قابلیت شارژ ۲۵ وات
مناسب گوشی های جدید سامسونگ بازه طول کابل۱۰۱ تا ۱۵۰ سانتی‌متر مشاهده بیشتر","۱۶۸۳ دیدگاه","متفرقه","کابل شارژ و مبدل متفرقه","کالای دیجیتال/","لوازم جانبی کالای دیجیتال/","لوازم جانبی گوشی موبایل/","کابل شارژ و مبدل"
"1771409571-257","https://www.digikala.com/search/category-mobile-accessories/?has_selling_stock=1&sort=7","پایه نگهدارنده گوشی موبایل الدینیو مدل MG03","۲۶۸,۰۰۰","","","۴.۴","&nbsp;","","","","","","","پایه نگهدارنده گوشی موبایل الدینیو مدل MG03&nbsp;
۴.۴۲۶۸,۰۰۰","https://www.digikala.com/product/dkp-5133178/%D9%BE%D8%A7%DB%8C%D9%87-%D9%86%DA%AF%D9%87%D8%AF%D8%A7%D8%B1%D9%86%D8%AF%D9%87-%DA%AF%D9%88%D8%B4%DB%8C-%D9%85%D9%88%D8%A8%D8%A7%DB%8C%D9%84-%D8%A7%D9%84%D8%AF%DB%8C%D9%86%DB%8C%D9%88-%D9%85%D8%AF%D9%84-mg03/","۴.۴","مانا تجهیز","۹۰%","پایه نگهدارنده گوشی موبایل الدینیو مدل MG03","","۲۴۹,۰۰۰","","پایه نگهدارنده گوشی موبایل الدینیو
یکی از مهم¬ترین مواردی که اخیرا خریداران زیادی آن را انتخاب می¬کنند؛ پایه نگهدارنده گوشی موبایل الدینیو است که امکان بهره¬گیری از کاربردهای فراوانی را برای مشتریان فراهم می¬کند. باید بدانید که استفاده از این کالا، کار کردن با گوشی را تا حد بسیار زیادی ساده می¬کند و همچنین شما می¬توانید سلامت گردن و به طور کلی بدن خود را تضمین کنید. پایه نگهدارنده گوشی موبایل الدینیو مدل mg03 یکی از بهترین محصولات موجود در بازار به شمار می¬رود که افراد بسیار ...","https://dkstatics-public.digikala.com/digikala-products/df22d81b37c3e750ce7c05bcc6a3f17c58a741b5_1620640879.jpg?x-oss-process=image/resize,m_lfit,h_800,w_800/quality,q_90
https://dkstatics-public.digikala.com/digikala-products/df22d81b37c3e750ce7c05bcc6a3f17c58a741b5_1620640879.jpg?x-oss-process=image/resize,m_lfit,h_800,w_800/quality,q_90
https://dkstatics-public.digikala.com/digikala-products/71d563740c2898ea4216a7a0bbc6847f41d31d72_1620640878.jpg?x-oss-process=image/resize,m_lfit,h_800,w_800/quality,q_90
https://dkstatics-public.digikala.com/digikala-products/df22d81b37c3e750ce7c05bcc6a3f17c58a741b5_1620640879.jpg?x-oss-process=image/resize,m_lfit,h_800,w_800/quality,q_90","https://dkstatics-public.digikala.com/digikala-products/df22d81b37c3e750ce7c05bcc6a3f17c58a741b5_1620640879.jpg?x-oss-process=image/resize,m_lfit,h_800,w_800/quality,q_90","مشکی","نوع پایه نگهدارنده گوشی و تبلتمناسب برای استفاده داخل خودرومناسب برای استفاده داخل خودروقابلیت‌های دستگاهبدون قابلیت ویژهبدون قابلیت ویژه","مشخصاتمشخصاتنوع پایه نگهدارنده گوشی و تبلتمناسب برای استفاده داخل خودرو ابعاد  میلی‌مترمناسب برایانواع گوشی موبایل جنسپلاستیک قابلیت‌های دستگاهبدون قابلیت ویژه سایر توضیحاتنصب بر روی دریچه کولر خودرو مشاهده بیشتر","۴۶۹۷ دیدگاه","الدینیو","پایه نگهدارنده گوشی و تبلت الدینیو","کالای دیجیتال/","لوازم جانبی کالای دیجیتال/","لوازم جانبی گوشی موبایل/","پایه نگهدارنده گوشی و تبلت"
"1771409573-258","https://www.digikala.com/search/category-mobile-accessories/?has_selling_stock=1&sort=7","شارژر فندکی 75 وات دو پورت ریمکس مدل RCC 360","۶۱۵,۰۰۰","۶۴۹,۰۰۰","۵٪","۴.۴","ارسال سریع دیجی‌کالا","","","","","","","شارژر فندکی 75 وات دو پورت ریمکس مدل RCC 360ارسال سریع دیجی‌کالا
۴.۴۵٪۶۱۵,۰۰۰۶۴۹,۰۰۰","https://www.digikala.com/product/dkp-12104581/%D8%B4%D8%A7%D8%B1%DA%98%D8%B1-%D9%81%D9%86%D8%AF%DA%A9%DB%8C-75-%D9%88%D8%A7%D8%AA-%D8%AF%D9%88-%D9%BE%D9%88%D8%B1%D8%AA-%D8%B1%DB%8C%D9%85%DA%A9%D8%B3-%D9%85%D8%AF%D9%84-rcc-360/","۴.۴","پردازش سنتر","۹۱.۴%","شارژر فندکی 75 وات دو پورت ریمکس مدل RCC 360","","۶۱۰,۰۰۰","","شارژر فندکی ۷۵ وات ریمکس مدل RCC 360 یک محصول حرفه‌ای و قدرتمند برای شارژ سریع انواع گوشی‌ها و تبلت‌ها در خودرو است. این شارژر با وزن تنها ۲۰ گرم و بدنه‌ای از جنس آلومینیوم مقاوم طراحی شده و علاوه بر سبک بودن، دوام و مقاومت بالایی دارد. اتصال آن به منبع برق خودرو از طریق پورت فندکی انجام می‌شود و بدون نیاز به تجهیزات اضافی، امکان شارژ دستگاه‌ها در مسیرهای طولانی و سفرهای روزمره فراهم است.

RCC 360 دارای دو درگاه خروجی شامل USB Type-C و USB-A است و توان خروجی کلی آن تا ۷۵ وات  ...","https://dkstatics-public.digikala.com/digikala-products/bd947735ea54b728c9017fb6af9e86aafab35c95_1757321983.jpg?x-oss-process=image/resize,m_lfit,h_800,w_800/quality,q_90
https://dkstatics-public.digikala.com/digikala-products/3bd2098eeac6a013c21c4851bc1577ee446f843e_1756561706.jpg?x-oss-process=image/resize,m_lfit,h_800,w_800/quality,q_90
https://dkstatics-public.digikala.com/digikala-products/595702bd445a757ffc6307aacdc2580741f86652_1689869780.jpg?x-oss-process=image/resize,m_lfit,h_800,w_800/quality,q_90
https://dkstatics-public.digikala.com/digikala-products/bd947735ea54b728c9017fb6af9e86aafab35c95_1757321983.jpg?x-oss-process=image/resize,m_lfit,h_800,w_800/quality,q_90","https://dkstatics-public.digikala.com/digikala-products/bd947735ea54b728c9017fb6af9e86aafab35c95_1757321983.jpg?x-oss-process=image/resize,m_lfit,h_800,w_800/quality,q_90","مشکی","تعداد درگاه خروجیدو عدددو عدد","مشخصاتمشخصات فیزیکیوزن۲۰ گرمجنس بدنهآلومینیوم نوع اتصال به منبع برقفندکی اقلام همراهبدون اقلام همراه نوع کابل همراهبدون کابل مشاهده بیشتر","۳۶۰ دیدگاه","ریمکس","شارژر تبلت و موبایل ریمکس","کالای دیجیتال/","لوازم جانبی کالای دیجیتال/","لوازم جانبی گوشی موبایل/","شارژر تبلت و موبایل"
"1771409575-259","https://www.digikala.com/search/category-mobile-accessories/?has_selling_stock=1&sort=7","کابل تبدیل USB به USB-C اچ تی ام مدل Fast charge طول یک متر","۱۲۹,۰۰۰","۱۷۰,۰۰۰","۲۴٪","۳.۸","ارسال سریع دیجی‌کالا","","","","","","","کابل تبدیل USB به USB-C اچ تی ام مدل Fast charge طول یک مترارسال سریع دیجی‌کالا
۳.۸۲۴٪۱۲۹,۰۰۰۱۷۰,۰۰۰","https://www.digikala.com/product/dkp-16929212/%DA%A9%D8%A7%D8%A8%D9%84-%D8%AA%D8%A8%D8%AF%DB%8C%D9%84-usb-%D8%A8%D9%87-usb-c-%D8%A7%DA%86-%D8%AA%DB%8C-%D8%A7%D9%85-%D9%85%D8%AF%D9%84-fast-charge-%D8%B7%D9%88%D9%84-%DB%8C%DA%A9-%D9%85%D8%AA%D8%B1/","۳.۸","جانبی امید","۷۸.۸%","کابل تبدیل USB به USB-C اچ تی ام مدل Fast charge طول یک متر","۲۴٪","۱۷۰,۰۰۰","۱۲۹,۰۰۰","","https://dkstatics-public.digikala.com/digikala-products/786ab1025a8c91ea0ec5167e9b559cf8ed38b4a2_1770140483.jpg?x-oss-process=image/resize,m_lfit,h_800,w_800/quality,q_90
https://dkstatics-public.digikala.com/digikala-products/9bb121b5ea5e5ecd039a2e5a906d9e53c145e9c2_1728302754.jpg?x-oss-process=image/resize,m_lfit,h_800,w_800/quality,q_90
https://dkstatics-public.digikala.com/digikala-products/b953db8ca6f72cf977e383017e478144dd0c73be_1728302789.jpg?x-oss-process=image/resize,m_lfit,h_800,w_800/quality,q_90
https://dkstatics-public.digikala.com/digikala-products/786ab1025a8c91ea0ec5167e9b559cf8ed38b4a2_1770140483.jpg?x-oss-process=image/resize,m_lfit,h_800,w_800/quality,q_90","https://dkstatics-public.digikala.com/digikala-products/786ab1025a8c91ea0ec5167e9b559cf8ed38b4a2_1770140483.jpg?x-oss-process=image/resize,m_lfit,h_800,w_800/quality,q_90","سفیدخردلییاسیسبز آبینارنجی","نوع رابطرابط USB Type-C، USBرابط USB Type-C، USB","مشخصاتمشخصاتنوع کابل شارژ و مبدلکابل شارژ نوع کابلUSB Type-C USB طول کابل۱۰۰ سانتی مترجنس کابلژله ای نوع رابطرابط USB Type-C USB","۶۴۶ دیدگاه","متفرقه","کابل شارژ و مبدل متفرقه","کالای دیجیتال/","لوازم جانبی کالای دیجیتال/","لوازم جانبی گوشی موبایل/","کابل شارژ و مبدل"
"1771409577-260","https://www.digikala.com/search/category-mobile-accessories/?has_selling_stock=1&sort=7","مبدل OTG USB-C مک دودو مدل OT-8730","۳۱۰,۰۰۰","","","۴.۶","ارسال سریع دیجی‌کالا","","","","","","","مبدل OTG USB-C مک دودو مدل OT-8730ارسال سریع دیجی‌کالا
۴.۶۳۱۰,۰۰۰","https://www.digikala.com/product/dkp-4683730/%D9%85%D8%A8%D8%AF%D9%84-otg-usb-c-%D9%85%DA%A9-%D8%AF%D9%88%D8%AF%D9%88-%D9%85%D8%AF%D9%84-ot-8730/","۴.۶","تاجر شرق","۱۰۰%","مبدل OTG USB-C مک دودو مدل OT-8730","","۲۸۷,۰۰۰","","","https://dkstatics-public.digikala.com/digikala-products/076cd12b16d58d09b2c8c628d7924ffeda394ab1_1615450366.jpg?x-oss-process=image/resize,m_lfit,h_800,w_800/quality,q_90
https://dkstatics-public.digikala.com/digikala-products/2e52cd551a6db0e6a8d4e3fd93c9ed0140f16a86_1615450401.jpg?x-oss-process=image/resize,m_lfit,h_800,w_800/quality,q_90
https://dkstatics-public.digikala.com/digikala-products/1d14cbcea5016c29db0ecb77b746996e04b9e7cb_1615450369.jpg?x-oss-process=image/resize,m_lfit,h_800,w_800/quality,q_90
https://dkstatics-public.digikala.com/digikala-products/076cd12b16d58d09b2c8c628d7924ffeda394ab1_1615450366.jpg?x-oss-process=image/resize,m_lfit,h_800,w_800/quality,q_90","https://dkstatics-public.digikala.com/digikala-products/076cd12b16d58d09b2c8c628d7924ffeda394ab1_1615450366.jpg?x-oss-process=image/resize,m_lfit,h_800,w_800/quality,q_90","خاکستری","ویژگیUSB Type-CUSB Type-Cقابلیت‌هاامکان انتقال اطلاعاتامکان انتقال اطلاعات","مشخصاتمشخصاتطول کابلبدون کابل سانتی مترقابلیت‌هاامکان انتقال اطلاعات بازه طول کابلبدون کابل","۱۰۲۵ دیدگاه","مک دودو","کابل شارژ و مبدل مک دودو","کالای دیجیتال/","لوازم جانبی کالای دیجیتال/","لوازم جانبی گوشی موبایل/","کابل شارژ و مبدل"
"1771409580-261","https://www.digikala.com/search/category-mobile-accessories/?has_selling_stock=1&sort=7","پاوربانک 30 وات انکر مدل A1384 ظرفیت 20000 میلی آمپر ساعت به همراه کابل USB-C","۶,۵۰۰,۰۰۰","","","۴.۳","تنها ۲ عدد در انبار باقی مانده","","","","","","","پاوربانک 30 وات انکر مدل A1384 ظرفیت 20000 میلی آمپر ساعت به همراه کابل USB-Cتنها ۲ عدد در انبار باقی مانده
۴.۳۶,۵۰۰,۰۰۰","https://www.digikala.com/product/dkp-17603997/%D9%BE%D8%A7%D9%88%D8%B1%D8%A8%D8%A7%D9%86%DA%A9-30-%D9%88%D8%A7%D8%AA-%D8%A7%D9%86%DA%A9%D8%B1-%D9%85%D8%AF%D9%84-a1384-%D8%B8%D8%B1%D9%81%DB%8C%D8%AA-20000-%D9%85%DB%8C%D9%84%DB%8C-%D8%A2%D9%85%D9%BE%D8%B1-%D8%B3%D8%A7%D8%B9%D8%AA-%D8%A8%D9%87-%D9%87%D9%85%D8%B1%D8%A7%D9%87-%DA%A9%D8%A7%D8%A8%D9%84-usb-c/","۴.۳","نوین جهش","۶۰%","پاوربانک 30 وات انکر مدل A1384 ظرفیت 20000 میلی آمپر ساعت به همراه کابل USB-C","","۵,۷۸۰,۰۰۰","","","https://dkstatics-public.digikala.com/digikala-products/28359e85e6cbe800aa8b0b78a0352027af1a311a_1762159891.jpg?x-oss-process=image/resize,m_lfit,h_800,w_800/quality,q_90
https://dkstatics-public.digikala.com/digikala-products/66345057b17877ee5be5fe88ed8d631e50234f24_1765742307.jpg?x-oss-process=image/resize,m_lfit,h_800,w_800/quality,q_90
https://dkstatics-public.digikala.com/digikala-products/e04f2d97e89e90270c291ef7376f28fcb1c8550a_1765741653.jpg?x-oss-process=image/resize,m_lfit,h_800,w_800/quality,q_90
https://dkstatics-public.digikala.com/digikala-products/28359e85e6cbe800aa8b0b78a0352027af1a311a_1762159891.jpg?x-oss-process=image/resize,m_lfit,h_800,w_800/quality,q_90","https://dkstatics-public.digikala.com/digikala-products/28359e85e6cbe800aa8b0b78a0352027af1a311a_1762159891.jpg?x-oss-process=image/resize,m_lfit,h_800,w_800/quality,q_90","مشکیطوسی تیره","نوع باتری پاوربانکلیتیوم پلیمریلیتیوم پلیمریتعداد درگاه خروجیسه عددسه عددولتاژ ورودی1212قابلیت‌های دستگاهپشتیبانی از فناوری شارژ سریع Power Delivery (PD)پشتیبانی از فناوری شارژ سریع Power Delivery (PD)","مشخصاتمشخصات کلینوع پاوربانک (شارژر همراه)پاوربانک نوع باتری پاوربانکلیتیوم پلیمری مناسب برای شارژتبلت گوشی موبایل دوربین اسپیکر بلوتوثی ابعاد پاوربانک۱۵.۱x۷.۱x۲.۸ سانتی‌مترمشخصات فنینمایش دیجیتالی میزان شارژ/ حالت شارژ قطره‌ای/ سازگار با پروتکل‌های PD و QC و SCP /
ولتاژ ورودی: ۵V⎓۳A / ۹V⎓۳A / ۱۲V⎓۱.۵A / ۱۵V⎓۲A / ۲۰V⎓۱.۵A (حداکثر ~۳۰W) /
ولتاژ خروجی: USB-C: ۵V⎓۳A / ۹V⎓۳A / ۱۰V⎓۲.۲۵A / ۱۲V⎓۱.۵A / ۱۵V⎓۲A / ۲۰V⎓۱.۵A (حداکثر ~۳۰W) وزن پاوربانک۴۸۵ گرمجنس بدنهپلاستیک توضیحات جنس بدنهپلاستیک بازیافتی (۸۰٪ PCR) قابلیت‌های مقاومتیبدون قابلیت مقاومتی اقلام همراهکابل شارژ نوع کابل همراهUSB-C به USB-C نحوه نمایش میزان شارژ باترینشانگر شارژ به درصد قابلیت‌های دستگاهپشتیبانی از فناوری شارژ سریع Power Delivery (PD) مشاهده بیشتر","۱۳۳ دیدگاه","انکر","پاوربانک (شارژر همراه) انکر","کالای دیجیتال/","لوازم جانبی کالای دیجیتال/","لوازم جانبی گوشی موبایل/","پاوربانک (شارژر همراه)"
"1771409582-262","https://www.digikala.com/search/category-mobile-accessories/?has_selling_stock=1&sort=7","خنک کننده گوشی موبایل ممو مدل CX07","۱,۰۸۰,۹۵۰","","","۴.۵","ارسال سریع دیجی‌کالا","","","","","","","خنک کننده گوشی موبایل ممو مدل CX07ارسال سریع دیجی‌کالا
۴.۵۱,۰۸۰,۹۵۰","https://www.digikala.com/product/dkp-18027938/%D8%AE%D9%86%DA%A9-%DA%A9%D9%86%D9%86%D8%AF%D9%87-%DA%AF%D9%88%D8%B4%DB%8C-%D9%85%D9%88%D8%A8%D8%A7%DB%8C%D9%84-%D9%85%D9%85%D9%88-%D9%85%D8%AF%D9%84-cx07/","۴.۵","آرتیموس","۹۳.۴%","خنک کننده گوشی موبایل ممو مدل CX07","","۱,۰۳۵,۰۰۰","","","https://dkstatics-public.digikala.com/digikala-products/cacacd7750ae0c0a83b174fd52af8c713e9e44bd_1736941039.jpg?x-oss-process=image/resize,m_lfit,h_800,w_800/quality,q_90
https://dkstatics-public.digikala.com/digikala-products/d943caddc5e9c2a654c21dff724c6d566c13ae47_1736941039.jpg?x-oss-process=image/resize,m_lfit,h_800,w_800/quality,q_90
https://dkstatics-public.digikala.com/digikala-products/2d240aeca7ffeec4c8fbc32692283d1b380f0679_1736941039.jpg?x-oss-process=image/resize,m_lfit,h_800,w_800/quality,q_90","","مشکی","","مشخصاتمشخصاتنوع قطعات جانبی موبایل و تبلتگیره‌نگهدارنده صفحه‌نمایش وزن۱۰۰ گرممشخصاتخنک کننده همراه با فن آر جی بی فوق العاده","۳۷۷ دیدگاه","ممو","قطعات جانبی موبایل و تبلت و هدفون ممو","کالای دیجیتال/","لوازم جانبی کالای دیجیتال/","لوازم جانبی گوشی موبایل/","قطعات جانبی موبایل و تبلت و هدفون"
"1771409584-263","https://www.digikala.com/search/category-mobile-accessories/?has_selling_stock=1&sort=7","مبدل USB-C به USB OTG مدل ra-otg","۶۷,۰۰۰","","","۳.۸","&nbsp;","","","","","","","مبدل USB-C به USB OTG مدل ra-otg&nbsp;
۳.۸۶۷,۰۰۰","https://www.digikala.com/product/dkp-492501/%D9%85%D8%A8%D8%AF%D9%84-usb-c-%D8%A8%D9%87-usb-otg-%D9%85%D8%AF%D9%84-ra-otg/","۳.۸","فردا سیستم لاهیج","۶۰%","مبدل USB-C به USB OTG مدل ra-otg","","۶۴,۰۰۰","","مبدل او تی جی تایپ سی وسیله ای کوچک و قابل حمل آسان برای انتقال اطلاعات از گوشی و تبلت و نوت بوک به روی حافظه جانبی (فلش مموری) می باشد.همچنین از این وسیله برای یکسان سازی شارژ دو دستگاه (موبایل) با اتصال کابل می توان استفاده نمود.سرعت انتقال اطلاعات به نوع گوشی و نوع حافظه متصل به تبدیل نیز بستگی دارد.","https://dkstatics-public.digikala.com/digikala-products/2157170.jpg?x-oss-process=image/resize,m_lfit,h_800,w_800/quality,q_90","","رز گلدسرخابیآبیمشکی","نوع رابطرابط USB Type-Cرابط USB Type-C","مشخصاتمشخصاتسازگار باandroid,os mac نوع کابلUSB Type-C نوع رابطرابط USB Type-C","۱۰۶۰۹ دیدگاه","متفرقه","کابل شارژ و مبدل متفرقه","کالای دیجیتال/","لوازم جانبی کالای دیجیتال/","لوازم جانبی گوشی موبایل/","کابل شارژ و مبدل"
"1771409586-264","https://www.digikala.com/search/category-mobile-accessories/?has_selling_stock=1&sort=7","کابل تبدیل USB-A به USB-C آی تی لینک مدل BHR5471 طول 1 متر","۳۸۹,۹۰۰","۱,۰۰۰,۰۰۰","۶۱٪","۳.۸","ارسال فروشنده","","","","","","","کابل تبدیل USB-A به USB-C آی تی لینک مدل BHR5471 طول 1 مترارسال فروشنده
۳.۸۶۱٪۳۸۹,۹۰۰۱,۰۰۰,۰۰۰","https://www.digikala.com/product/dkp-21317734/%DA%A9%D8%A7%D8%A8%D9%84-%D8%AA%D8%A8%D8%AF%DB%8C%D9%84-usb-a-%D8%A8%D9%87-usb-c-%D8%A2%DB%8C-%D8%AA%DB%8C-%D9%84%DB%8C%D9%86%DA%A9-%D9%85%D8%AF%D9%84-bhr5471-%D8%B7%D9%88%D9%84-1-%D9%85%D8%AA%D8%B1/","۳.۸","فروشگاه کینگ آی تی","۷۹.۴%","کابل تبدیل USB-A به USB-C آی تی لینک مدل BHR5471 طول 1 متر","۶۱٪","۱,۰۰۰,۰۰۰","۳۸۹,۹۰۰","","https://dkstatics-public.digikala.com/digikala-products/6909141ad436f11020496431ffc49964f703a056_1771155443.jpg?x-oss-process=image/resize,m_lfit,h_800,w_800/quality,q_90
https://dkstatics-public.digikala.com/digikala-products/3d099cbdbda6cc392e98943cd1f66708e4582fa0_1769335825.jpg?x-oss-process=image/resize,m_lfit,h_800,w_800/quality,q_90
https://dkstatics-public.digikala.com/digikala-products/411dc8a3150b7fd0531ca94275509439818d86c7_1769335501.jpg?x-oss-process=image/resize,m_lfit,h_800,w_800/quality,q_90
https://dkstatics-public.digikala.com/digikala-products/6909141ad436f11020496431ffc49964f703a056_1771155443.jpg?x-oss-process=image/resize,m_lfit,h_800,w_800/quality,q_90","https://dkstatics-public.digikala.com/digikala-products/6909141ad436f11020496431ffc49964f703a056_1771155443.jpg?x-oss-process=image/resize,m_lfit,h_800,w_800/quality,q_90","سفید","نوع رابطرابط USB Type-Cرابط USB Type-Cقابلیت‌هاامکان انتقال اطلاعاتامکان انتقال اطلاعات","مشخصاتمشخصاتنوع کابل شارژ و مبدلکابل شارژ نوع کابلUSB Type-C طول کابل۱۰۰ سانتی مترجنس کابلPVC نوع رابطرابط USB Type-C قابلیت‌هاامکان انتقال اطلاعات مشاهده بیشتر","۲۱ دیدگاه","آی تی لینک","کابل شارژ و مبدل آی تی لینک","کالای دیجیتال/","لوازم جانبی کالای دیجیتال/","لوازم جانبی گوشی موبایل/","کابل شارژ و مبدل"
"1771409589-265","https://www.digikala.com/search/category-mobile-accessories/?has_selling_stock=1&sort=7","قلم لمسی مدل 002 بسته 2 عددی","۶۹,۹۰۰","","","۴.۱","ارسال سریع دیجی‌کالا","","","","","","","قلم لمسی مدل 002 بسته 2 عددیارسال سریع دیجی‌کالا
۴.۱۶۹,۹۰۰","https://www.digikala.com/product/dkp-7232910/%D9%82%D9%84%D9%85-%D9%84%D9%85%D8%B3%DB%8C-%D9%85%D8%AF%D9%84-002-%D8%A8%D8%B3%D8%AA%D9%87-2-%D8%B9%D8%AF%D8%AF%DB%8C/","۴.۱","جانبی امید","۸۳.۸%","قلم لمسی مدل 002 بسته 2 عددی","","۶۹,۹۰۰","","قلم های لمسی یا به اصطلاح استایلوس ها، به وسایلی گفته می شود که همانند قلم معمولی بر روی کاغذ عمل می کنند، با این تفاوت که این گجت ها، برای دستگاه های با نمایشگر لمسی طراحی شده اند. این قلم ها بر روی نمایشگرهای لمسی عمل کرده و عموما برای طراحی دیجیتال و کاربری های مختلف دیگر استفاده می گردند. انواع قلم ها با تکنولوژی های متفاوت و دقت های مختلف در بازار وجود دارند که مقاصد مختلفی دارند. کار با قلم آسان تر از کار با انگشتان دست است به همین خاطر این قلم های تاچ مخصوص صفحات لمسی  ...","https://dkstatics-public.digikala.com/digikala-products/9850a45cdf3e5d5b19ad5ffdf5e6bf9f178d6532_1638700537.jpg?x-oss-process=image/resize,m_lfit,h_800,w_800/quality,q_90
https://dkstatics-public.digikala.com/digikala-products/f25d7d6af7e7592227a4b8dd597d04a54c63a257_1638700538.jpg?x-oss-process=image/resize,m_lfit,h_800,w_800/quality,q_90
https://dkstatics-public.digikala.com/digikala-products/85f36dfb8541962874d1a5a376a67abcd0867a13_1638700541.jpg?x-oss-process=image/resize,m_lfit,h_800,w_800/quality,q_90","","چند رنگ","سازگاری با نمایشگر‌هایلمسی خازنیلمسی خازنی","مشخصاتمشخصاتوزن۵۰ گرمسازگاری با نمایشگر‌هایلمسی خازنی سایر مشخصات دارای نوک فومی برای صفحات لمسی
دقیق و مناسب برای نوت برداری
طراحي ارگونوميک
دارای فرمی شبیه به یک خودکار
جنس بدنه استیل و آلومینیوم
جنس سری تاچ پلاستیک فومی نرم
طراحی زیبا ، خوش دست و هوشمندانه
دارای گیره مخصوص قرار گرفتن در جیب
کوچک و جمع و جور با قابلیت حمل آسان
هدیه ای بسیار عالی برای دوستداران تکنولوژی
بدون هیچگونه آسیب رساندن به صفحه موبایل ، تبلت و ...
قلم تاچ موبایل و تبلت ، یک وسیله جمع و جور برای استفاده آسان تر از موبایل و تبلت
سازگار با صفحه نمایش های لمسی خازنی از جمله اکثر گوشی های موبایل و تبلت و سایر محصولات دیجیتالی با صفحه نمایش لمسی","۱۱۳۵ دیدگاه","متفرقه","قلم لمسی (Stylus) متفرقه","کالای دیجیتال/","لوازم جانبی کالای دیجیتال/","لوازم جانبی تبلت/","قلم لمسی (Stylus)"
"1771409591-266","https://www.digikala.com/search/category-mobile-accessories/?has_selling_stock=1&sort=7","شارژر دیواری 45 وات 2 پورت وونک مدل CA-45 به همراه کابل تبدیل USB‑C","۱,۲۹۵,۰۰۰","۳,۵۰۰,۰۰۰","۶۳٪","۴.۱","تنها ۳ عدد در انبار باقی مانده","۲۷ : ۵۲ : ۰۱","","فروش رفته","%","","","شارژر دیواری 45 وات 2 پورت وونک مدل CA-45 به همراه کابل تبدیل USB‑Cتنها ۳ عدد در انبار باقی مانده
۴.۱۶۳٪۱,۲۹۵,۰۰۰۳,۵۰۰,۰۰۰%فروش رفته۲۷ : ۵۲ : ۰۱","https://www.digikala.com/product/dkp-19994372/%D8%B4%D8%A7%D8%B1%DA%98%D8%B1-%D8%AF%DB%8C%D9%88%D8%A7%D8%B1%DB%8C-45-%D9%88%D8%A7%D8%AA-2-%D9%BE%D9%88%D8%B1%D8%AA-%D9%88%D9%88%D9%86%DA%A9-%D9%85%D8%AF%D9%84-ca-45-%D8%A8%D9%87-%D9%87%D9%85%D8%B1%D8%A7%D9%87-%DA%A9%D8%A7%D8%A8%D9%84-%D8%AA%D8%A8%D8%AF%DB%8C%D9%84-usbc/","۴.۱","پارس هدفون","۸۶.۶%","شارژر دیواری 45 وات 2 پورت وونک مدل CA-45 به همراه کابل تبدیل USB‑C","۶۳٪","۳,۵۰۰,۰۰۰","۱,۲۹۵,۰۰۰","شارژر دیواری Vonk مدل CA‑45 همراه با کابل 1 متری TYPE C 
Vonk CA‑45 یک شارژر دیواری قدرتمند و همه‌کاره است که با داشتن دو خروجی USB‑A و USB‑C، نیاز شارژ انواع دستگاه‌ها از موبایل تا تبلت و... را پوشش می‌دهد. این محصول با طراحی جمع‌وجور و کابل Type‑C باکیفیت، انتخابی ایده‌آل برای استفاده روزمره، محل کار و سفر است.
مشخصات فنی: 
خروجی USB-A:
5V⎓3A | 9V⎓2.2A | 12V⎓1.67A
خروجی USB-C (PD):
5V⎓3A | 9V⎓3A | 12V⎓3A | 20V⎓2.25A (حداکثر توان 45 وات)
مناسب برای شارژ گوشی، تبلت، پاوربانک  ...","https://dkstatics-public.digikala.com/digikala-products/9db4e45657bc9e478c7b7dd43470878e737428f0_1753865015.jpg?x-oss-process=image/resize,m_lfit,h_800,w_800/quality,q_90
https://dkstatics-public.digikala.com/digikala-products/2c285fdf2e184557efafe3a50ba56bb9bcb6724c_1753856657.jpg?x-oss-process=image/resize,m_lfit,h_800,w_800/quality,q_90
https://dkstatics-public.digikala.com/digikala-products/0363835e854714403580ca431cf105e1848fb238_1753856657.jpg?x-oss-process=image/resize,m_lfit,h_800,w_800/quality,q_90
https://dkstatics-public.digikala.com/digikala-products/9db4e45657bc9e478c7b7dd43470878e737428f0_1753865015.jpg?x-oss-process=image/resize,m_lfit,h_800,w_800/quality,q_90","https://dkstatics-public.digikala.com/digikala-products/9db4e45657bc9e478c7b7dd43470878e737428f0_1753865015.jpg?x-oss-process=image/resize,m_lfit,h_800,w_800/quality,q_90","مشکیمشکی براق","تعداد درگاه خروجیدو عدددو عدددرگاه‌های ارتباطیUSB Type-CUSB Type-C","مشخصاتمشخصات فیزیکیوزن۷۵ گرمجنس بدنهپلاستیک نوع اتصال به منبع برقدوشاخه (استاندارد ایران) اقلام همراهکابل برق طول کابل۱۰۰ سانتی متربازه طول کابل۱۰۱ تا ۱۵۰ سانتی‌متر نوع کابل همراهUSB Type-C مشاهده بیشتر","۱۳۸ دیدگاه","وونک","شارژر تبلت و موبایل وونک","کالای دیجیتال/","لوازم جانبی کالای دیجیتال/","لوازم جانبی گوشی موبایل/","شارژر تبلت و موبایل"
"1771409594-267","https://www.digikala.com/search/category-mobile-accessories/?has_selling_stock=1&sort=7","پایه نگهدارنده گوشی موبایل و تبلت مدل DPH-3","۱۴۹,۰۰۰","","","۳.۷","&nbsp;","","","","","","","پایه نگهدارنده گوشی موبایل و تبلت مدل DPH-3&nbsp;
۳.۷۱۴۹,۰۰۰","https://www.digikala.com/product/dkp-4645665/%D9%BE%D8%A7%DB%8C%D9%87-%D9%86%DA%AF%D9%87%D8%AF%D8%A7%D8%B1%D9%86%D8%AF%D9%87-%DA%AF%D9%88%D8%B4%DB%8C-%D9%85%D9%88%D8%A8%D8%A7%DB%8C%D9%84-%D9%88-%D8%AA%D8%A8%D9%84%D8%AA-%D9%85%D8%AF%D9%84-dph-3/","۳.۷","گالری الماس پارسیان","۶۶.۶%","پایه نگهدارنده گوشی موبایل و تبلت مدل DPH-3","","۹۰,۰۰۰","","بسیاری از کاربران موبایل و تبلت به جهت سهولت هنگام استفاده از اینترنت ، فیلم دیدن و استفاده از شبکه‌های اجتماعی از پایه‌ی رومیزی نگهدارنده موبایل استفاده می‌کنند. از مزایای این پایه قابلیت اتصال کابل شارژر به گوشی در هنگام قرارگیری روی آن است، به طوری که می‌توانید هنگام کار با گوشی همزمان کابل شارژر را چه از جلو و چه از طریق شیار پشت پایه به گوشی خود متصل کنید. 
طراحی منحصر به فرد این پایه نگهدارنده موبایل به گونه‌ای است تا برای انواع گوشی‌های موبایل و تبلت تا 10 اینچ قابل ا ...","https://dkstatics-public.digikala.com/digikala-products/eab9a88f5441c231761ac6145a6952cafeddd18e_1615104688.jpg?x-oss-process=image/resize,m_lfit,h_800,w_800/quality,q_90
https://dkstatics-public.digikala.com/digikala-products/c7c6823fad25f9455219525472a0012a1016a5e0_1615104689.jpg?x-oss-process=image/resize,m_lfit,h_800,w_800/quality,q_90
https://dkstatics-public.digikala.com/digikala-products/594defc6a88f2b70f74f6995d4cf0bbfea274ea0_1615104690.jpg?x-oss-process=image/resize,m_lfit,h_800,w_800/quality,q_90
https://dkstatics-public.digikala.com/digikala-products/eab9a88f5441c231761ac6145a6952cafeddd18e_1615104688.jpg?x-oss-process=image/resize,m_lfit,h_800,w_800/quality,q_90","https://dkstatics-public.digikala.com/digikala-products/eab9a88f5441c231761ac6145a6952cafeddd18e_1615104688.jpg?x-oss-process=image/resize,m_lfit,h_800,w_800/quality,q_90","مشکیآبی کاربنیخاکستریطوسیطوسی روشنسفید","نوع پایه نگهدارنده گوشی و تبلتمناسب برای استفاده روی میزمناسب برای استفاده روی میزقابلیت‌های دستگاهقابلیت تنظیم ارتفاعقابلیت تنظیم ارتفاع","مشخصاتمشخصاتنوع پایه نگهدارنده گوشی و تبلتمناسب برای استفاده روی میز ابعاد۱۴۱x۷۲.۵x۱۱.۹۴ میلی‌مترمناسب برایانواع گوشی و تبلت جنسپلاستیک قابلیت‌های دستگاهقابلیت تنظیم ارتفاع سایر توضیحاتقابلیت تنظیم ارتفاع /
قابلیت تنظیم زاویه /
مناسب برای تبلت و گوشی /
دارای پایه‌های ضد لغزش مشاهده بیشتر","۸۷۷۰ دیدگاه","متفرقه","پایه نگهدارنده گوشی و تبلت متفرقه","کالای دیجیتال/","لوازم جانبی کالای دیجیتال/","لوازم جانبی گوشی موبایل/","پایه نگهدارنده گوشی و تبلت"
"1771409596-268","https://www.digikala.com/search/category-mobile-accessories/?has_selling_stock=1&sort=7","شارژر دیواری 25 وات سامسونگ مدل EP-TA800","۱,۱۷۹,۰۰۰","","","۴.۲","&nbsp;","","","","","","","شارژر دیواری 25 وات سامسونگ مدل EP-TA800&nbsp;
۴.۲۱,۱۷۹,۰۰۰","https://www.digikala.com/product/dkp-4852639/%D8%B4%D8%A7%D8%B1%DA%98%D8%B1-%D8%AF%DB%8C%D9%88%D8%A7%D8%B1%DB%8C-25-%D9%88%D8%A7%D8%AA-%D8%B3%D8%A7%D9%85%D8%B3%D9%88%D9%86%DA%AF-%D9%85%D8%AF%D9%84-ep-ta800/","۴.۲","نیک همراه ویرا","۸۳.۴%","شارژر دیواری 25 وات سامسونگ مدل EP-TA800","","۸۹۹,۰۰۰","","شارژر دیواری 25 وات سامسونگ مدل EP-TA800 نه تنها سریع‌ترین دستگاه‌های سامسونگ را به سرعت شارژدهی می‌کند، بلکه با مدل‌های دیگر هم سازگاری خوبی دارد. شارژها از مهم ترین عوامل طولانی‌تر شدن عمر گوشی و باتری هستند، به طوری که اگر از شارژر مناسب و مرغوب برای گوشی خود استفاده نکنید می‌تواند آسیب‌های جدی به گوشی شما وارد کند. اگر به دنبال یک شارژر دیواری قدرتمند و سریع برای شارژ کردن دستگاه‌تان می‌گردید، ما به شما خرید شارژر 25 واتی سامسونگ را پیشنهاد می‌دهیم. برای دستگاه‌های سازگار ...","https://dkstatics-public.digikala.com/digikala-products/4c4c9938354c8cf6c922ec3626e1567329ccad02_1753889660.jpg?x-oss-process=image/resize,m_lfit,h_800,w_800/quality,q_90
https://dkstatics-public.digikala.com/digikala-products/4c4c9938354c8cf6c922ec3626e1567329ccad02_1753889660.jpg?x-oss-process=image/resize,m_lfit,h_800,w_800/quality,q_90
https://dkstatics-public.digikala.com/digikala-products/fb6a6dd9e8e2d05ef73037f90e71a18624e0a6ac_1753890193.jpg?x-oss-process=image/resize,m_lfit,h_800,w_800/quality,q_90
https://dkstatics-public.digikala.com/digikala-products/4c4c9938354c8cf6c922ec3626e1567329ccad02_1753889660.jpg?x-oss-process=image/resize,m_lfit,h_800,w_800/quality,q_90","https://dkstatics-public.digikala.com/digikala-products/4c4c9938354c8cf6c922ec3626e1567329ccad02_1753889660.jpg?x-oss-process=image/resize,m_lfit,h_800,w_800/quality,q_90","سفیدمشکی","تعداد درگاه خروجییک عددیک عدد","مشخصاتمشخصات فیزیکیوزن۶۳ گرمجنس بدنهپلاستیک ABS نوع اتصال به منبع برقسه پین اقلام همراهبدون اقلام همراه بازه طول کابلبدون کابل نوع کابل همراهبدون کابل مشاهده بیشتر","۷۳۲۱ دیدگاه","سامسونگ","شارژر تبلت و موبایل سامسونگ","کالای دیجیتال/","لوازم جانبی کالای دیجیتال/","لوازم جانبی گوشی موبایل/","شارژر تبلت و موبایل"
"1771409598-269","https://www.digikala.com/search/category-mobile-accessories/?has_selling_stock=1&sort=7","محافظ کابل مدل صدفی C100","۵۷,۰۰۰","","","۴.۴","ارسال سریع دیجی‌کالا","","","","","","","محافظ کابل مدل صدفی C100ارسال سریع دیجی‌کالا
۴.۴۵۷,۰۰۰","https://www.digikala.com/product/dkp-6831709/%D9%85%D8%AD%D8%A7%D9%81%D8%B8-%DA%A9%D8%A7%D8%A8%D9%84-%D9%85%D8%AF%D9%84-%D8%B5%D8%AF%D9%81%DB%8C-c100/","۴.۴","تیام تکنولوژی","۸۹.۴%","محافظ کابل مدل صدفی C100","","۴۱,۵۰۰","","محافظ کابل مدل صدفی C100 با ویژگی‌های منحصر به فردی به بازار عرضه‌شده‌است که کابل‌های شما را در برابر خرابی و آسیب حفاظت می‌کند. این محافظ با وزنی بسیار سبک و کمتر از 10 گرم، به راحتی قابل حمل‌ونقل است و هیچگونه فشار اضافی به کابل‌های شما وارد نمی‌کند.
یکی از برجسته‌ترین خصوصیات این محافظ کابل، امکان استفاده برای انواع کابل شارژ و Aux است. این به این معنی است که شما می‌توانید از این محافظ برای حفاظت از کابل‌های مختلف خود استفاده کنید و نیازی به خرید محافظ جداگانه برای هر کاب ...","https://dkstatics-public.digikala.com/digikala-products/c845c85fa0b61a37f84502f2d8b16ba8e9cbedd7_1634990525.jpg?x-oss-process=image/resize,m_lfit,h_800,w_800/quality,q_90
https://dkstatics-public.digikala.com/digikala-products/884e7d0c16ac041fb9e7595d604d09980ac024db_1634990472.jpg?x-oss-process=image/resize,m_lfit,h_800,w_800/quality,q_90
https://dkstatics-public.digikala.com/digikala-products/b99b1be78bbd176bacb20b8a3ecdca5521df61b0_1634990469.jpg?x-oss-process=image/resize,m_lfit,h_800,w_800/quality,q_90
https://dkstatics-public.digikala.com/digikala-products/c845c85fa0b61a37f84502f2d8b16ba8e9cbedd7_1634990525.jpg?x-oss-process=image/resize,m_lfit,h_800,w_800/quality,q_90","https://dkstatics-public.digikala.com/digikala-products/c845c85fa0b61a37f84502f2d8b16ba8e9cbedd7_1634990525.jpg?x-oss-process=image/resize,m_lfit,h_800,w_800/quality,q_90","چند رنگزردسرخابیبنفشخاکستریسبز روشننقره ایصورتی تیرهمشکیبادمجانیبنفش تیرهیاقوتیسبزقهوه ایطلاییبنفش روشنطوسی تیرهسفیدصورتیصورتی روشنقرمزآبینقره ای آبیصورتی خاکستریآبی روشنآبی فیروزه ایلیمویی طلایییاسی","","مشخصاتمشخصاتوزن۱۰ گرممشخصاتطول ۱٫۵ متر /
امکان استفاده برای انواع کابل شارژ و Aux","۶۶۲۷ دیدگاه","متفرقه","قطعات جانبی موبایل و تبلت و هدفون متفرقه","کالای دیجیتال/","لوازم جانبی کالای دیجیتال/","لوازم جانبی گوشی موبایل/","قطعات جانبی موبایل و تبلت و هدفون"
"1771409600-270","https://www.digikala.com/search/category-mobile-accessories/?has_selling_stock=1&sort=7","شارژر دیواری 45 وات سامسونگ مدل EP-T4511 Low Standby به همراه کابل USB-C به طول 1.8 متر","۴,۲۰۰,۰۰۰","","","۴.۵","ارسال فروشنده","","","","","","","شارژر دیواری 45 وات سامسونگ مدل EP-T4511 Low Standby به همراه کابل USB-C به طول 1.8 مترارسال فروشنده
۴.۵۴,۲۰۰,۰۰۰","https://www.digikala.com/product/dkp-15991644/%D8%B4%D8%A7%D8%B1%DA%98%D8%B1-%D8%AF%DB%8C%D9%88%D8%A7%D8%B1%DB%8C-45-%D9%88%D8%A7%D8%AA-%D8%B3%D8%A7%D9%85%D8%B3%D9%88%D9%86%DA%AF-%D9%85%D8%AF%D9%84-ep-t4511-low-standby-%D8%A8%D9%87-%D9%87%D9%85%D8%B1%D8%A7%D9%87-%DA%A9%D8%A7%D8%A8%D9%84-usb-c-%D8%A8%D9%87-%D8%B7%D9%88%D9%84-18-%D9%85%D8%AA%D8%B1/","۴.۵","دیجی‌کالا","۹۵.۲%","شارژر دیواری 45 وات سامسونگ مدل EP-T4511 Low Standby به همراه کابل USB-C به طول 1.8 متر","۵۶٪","۸,۰۹۲,۴۰۰","۳,۵۷۳,۴۰۰","","https://dkstatics-public.digikala.com/digikala-products/1a0a0c5500b2c36282e23400a168da2666e5f7e3_1757322183.jpg?x-oss-process=image/resize,m_lfit,h_800,w_800/quality,q_90
https://dkstatics-public.digikala.com/digikala-products/1a0a0c5500b2c36282e23400a168da2666e5f7e3_1757322183.jpg?x-oss-process=image/resize,m_lfit,h_800,w_800/quality,q_90
https://dkstatics-public.digikala.com/digikala-products/acff40367c2b57ad65af4a06498b24e88cec0345_1720271394.jpg?x-oss-process=image/resize,m_lfit,h_800,w_800/quality,q_90
https://dkstatics-public.digikala.com/digikala-products/1a0a0c5500b2c36282e23400a168da2666e5f7e3_1757322183.jpg?x-oss-process=image/resize,m_lfit,h_800,w_800/quality,q_90","https://dkstatics-public.digikala.com/digikala-products/1a0a0c5500b2c36282e23400a168da2666e5f7e3_1757322183.jpg?x-oss-process=image/resize,m_lfit,h_800,w_800/quality,q_90","مشکی","تعداد درگاه خروجییک عددیک عدد","مشخصاتمشخصات فیزیکیوزن۹۲.۵ گرمجنس بدنهپلاستیک نوع اتصال به منبع برقدوشاخه (استاندارد ایران) اقلام همراهبدون اقلام همراه طول کابل۱۸۰ سانتی متربازه طول کابل۱۵۱ تا ۳۰۰ سانتی‌متر نوع کابل همراهUSB Type-C مشاهده بیشتر","۶۸۷ دیدگاه","سامسونگ","شارژر تبلت و موبایل سامسونگ","کالای دیجیتال/","لوازم جانبی کالای دیجیتال/","لوازم جانبی گوشی موبایل/","شارژر تبلت و موبایل"
"1771409602-271","https://www.digikala.com/search/category-mobile-accessories/?has_selling_stock=1&sort=7","شارژر دیواری 45 وات سامسونگ مدل EP-T4511 Low Standby به همراه کابل 1.8 متری - سه پین","۴,۷۷۰,۰۰۰","","","۴.۵","ارسال فروشنده","","","","","","","شارژر دیواری 45 وات سامسونگ مدل EP-T4511 Low Standby به همراه کابل 1.8 متری - سه پینارسال فروشنده
۴.۵۴,۷۷۰,۰۰۰","https://www.digikala.com/product/dkp-17362473/%D8%B4%D8%A7%D8%B1%DA%98%D8%B1-%D8%AF%DB%8C%D9%88%D8%A7%D8%B1%DB%8C-45-%D9%88%D8%A7%D8%AA-%D8%B3%D8%A7%D9%85%D8%B3%D9%88%D9%86%DA%AF-%D9%85%D8%AF%D9%84-ep-t4511-low-standby-%D8%A8%D9%87-%D9%87%D9%85%D8%B1%D8%A7%D9%87-%DA%A9%D8%A7%D8%A8%D9%84-18-%D9%85%D8%AA%D8%B1%DB%8C-%D8%B3%D9%87-%D9%BE%DB%8C%D9%86/","۴.۵","دیجی‌کالا","۹۲.۶%","شارژر دیواری 45 وات سامسونگ مدل EP-T4511 Low Standby به همراه کابل 1.8 متری - سه پین","۲۵٪","۴,۰۰۰,۰۰۰","۲,۹۹۹,۰۰۰","","https://dkstatics-public.digikala.com/digikala-products/9a5571f529abb3b0dfa3fce26f51fdd42c6dab4a_1757322550.jpg?x-oss-process=image/resize,m_lfit,h_800,w_800/quality,q_90
https://dkstatics-public.digikala.com/digikala-products/4e12635c4cdb36d089d112add8e0fddfea2e8cb1_1731413743.jpg?x-oss-process=image/resize,m_lfit,h_800,w_800/quality,q_90
https://dkstatics-public.digikala.com/digikala-products/10fd9cb5bc029e8342403c4e270a9f83dfcf4b5e_1756562277.jpg?x-oss-process=image/resize,m_lfit,h_800,w_800/quality,q_90
https://dkstatics-public.digikala.com/digikala-products/9a5571f529abb3b0dfa3fce26f51fdd42c6dab4a_1757322550.jpg?x-oss-process=image/resize,m_lfit,h_800,w_800/quality,q_90","https://dkstatics-public.digikala.com/digikala-products/9a5571f529abb3b0dfa3fce26f51fdd42c6dab4a_1757322550.jpg?x-oss-process=image/resize,m_lfit,h_800,w_800/quality,q_90","مشکی","تعداد درگاه خروجییک عددیک عدد","مشخصاتمشخصات فیزیکیوزن۱۰۰ گرمجنس بدنهپلاستیک نوع اتصال به منبع برقسه پین اقلام همراهبدون اقلام همراه طول کابل۱۸۰ سانتی متربازه طول کابل۱۵۱ تا ۳۰۰ سانتی‌متر نوع کابل همراهUSB Type-C مشاهده بیشتر","۶۱۳ دیدگاه","سامسونگ","شارژر تبلت و موبایل سامسونگ","کالای دیجیتال/","لوازم جانبی کالای دیجیتال/","لوازم جانبی گوشی موبایل/","شارژر تبلت و موبایل"
"1771409605-272","https://www.digikala.com/search/category-mobile-accessories/?has_selling_stock=1&sort=7","پاوربانک 18 وات مدل 3018 ظرفیت 30000 میلی‌آمپرساعت","۲,۱۲۳,۰۰۰","۴,۵۰۰,۰۰۰","۵۳٪","۳.۸","تنها ۳ عدد در انبار باقی مانده","","","","","","","پاوربانک 18 وات مدل 3018 ظرفیت 30000 میلی‌آمپرساعتتنها ۳ عدد در انبار باقی مانده
۳.۸۵۳٪۲,۱۲۳,۰۰۰۴,۵۰۰,۰۰۰","https://www.digikala.com/product/dkp-21256150/%D9%BE%D8%A7%D9%88%D8%B1%D8%A8%D8%A7%D9%86%DA%A9-18-%D9%88%D8%A7%D8%AA-%D9%85%D8%AF%D9%84-3018-%D8%B8%D8%B1%D9%81%DB%8C%D8%AA-30000-%D9%85%DB%8C%D9%84%DB%8C%D8%A2%D9%85%D9%BE%D8%B1%D8%B3%D8%A7%D8%B9%D8%AA/","۳.۸","فروشگاه کینگ آی تی","۸۰%","پاوربانک 18 وات مدل 3018 ظرفیت 30000 میلی‌آمپرساعت","۵۳٪","۴,۵۰۰,۰۰۰","۲,۱۲۳,۰۰۰","پاوربانک مدل PB3018ZM دارای ظرفیت باتری 30 هزار میلی آمپر ساعت بوده و بدنه آن ساخته شده از پلاستیک فشرده است. این پاوربانک تحت لیسانس شرکت Xiaomi طراحی و تولید شده است. شارژر همراه مدل 3018 دارای 2 پورت خروجی USB و یک پورت ورودی و خروجی USB-C بوده و دارای پورت ورودی Micro-USB برای شارژ خود پاوربانک می باشد همچنین دارای چراغ LED نمایشگر میزان شارژ نیز روی پاوربانک قرار گرفته است .","https://dkstatics-public.digikala.com/digikala-products/d314ac46fcc0c5945b39159bab91e0c60c1cf803_1768293758.jpg?x-oss-process=image/resize,m_lfit,h_800,w_800/quality,q_90
https://dkstatics-public.digikala.com/digikala-products/eab2b29ff0d42d2d83d91213b891f75b7a025dc0_1768293756.jpg?x-oss-process=image/resize,m_lfit,h_800,w_800/quality,q_90
https://dkstatics-public.digikala.com/digikala-products/5e0a744d235c5fb9405262d83eff4e99aafc4f47_1768293757.jpg?x-oss-process=image/resize,m_lfit,h_800,w_800/quality,q_90
https://dkstatics-public.digikala.com/digikala-products/d314ac46fcc0c5945b39159bab91e0c60c1cf803_1768293758.jpg?x-oss-process=image/resize,m_lfit,h_800,w_800/quality,q_90","https://dkstatics-public.digikala.com/digikala-products/d314ac46fcc0c5945b39159bab91e0c60c1cf803_1768293758.jpg?x-oss-process=image/resize,m_lfit,h_800,w_800/quality,q_90","مشکیسفید","نوع باتری پاوربانکلیتیوم یونیلیتیوم یونیتعداد درگاه خروجیسه عددسه عددولتاژ ورودی55قابلیت‌های دستگاهپشتیبانی از فناوری شارژ سریع کوالکام (QC)پشتیبانی از فناوری شارژ سریع کوالکام (QC)","مشخصاتمشخصات کلینوع پاوربانک (شارژر همراه)پاوربانک نوع باتری پاوربانکلیتیوم یونی مناسب برای شارژگوشی موبایل تبلت لوازم کمپینگ و تجهیزات خاص اسپیکر بلوتوثی ابعاد پاوربانک۱۰*۷*۳ سانتی‌مترمشخصات فنیظرفیت باتری ۳۰ هزار میلی آمپر ساعت / دارای ۲ پورت خروجی USB / دارای پورت ورودی و خروجی USB-C / دارای پورت ورودی Micro-USB / دارای چراغ LED نمایشگر میزان شارژ وزن پاوربانک۴۰۰ گرمجنس بدنهپلاستیک ABS قابلیت‌های مقاومتیمقاوم در برابر خط و خش اقلام همراهبدون اقلام همراه نحوه نمایش میزان شارژ باترینشانگر LED قابلیت‌های دستگاهپشتیبانی از فناوری شارژ سریع کوالکام (QC) مشاهده بیشتر","۲۳ دیدگاه","متفرقه","پاوربانک (شارژر همراه) متفرقه","کالای دیجیتال/","لوازم جانبی کالای دیجیتال/","لوازم جانبی گوشی موبایل/","پاوربانک (شارژر همراه)"
"1771409607-273","https://www.digikala.com/search/category-mobile-accessories/?has_selling_stock=1&sort=7","کاور رینیکا مدل R50 i NC مناسب برای کیس هدفون بی سیم انکر Soundcore R50i NC","۲۴۲,۶۴۰","","","۴.۳","&nbsp;","","","","","","","کاور رینیکا مدل R50 i NC مناسب برای کیس هدفون بی سیم انکر Soundcore R50i NC&nbsp;
۴.۳۲۴۲,۶۴۰","https://www.digikala.com/product/dkp-16849583/%DA%A9%D8%A7%D9%88%D8%B1-%D8%B1%DB%8C%D9%86%DB%8C%DA%A9%D8%A7-%D9%85%D8%AF%D9%84-r50-i-nc-%D9%85%D9%86%D8%A7%D8%B3%D8%A8-%D8%A8%D8%B1%D8%A7%DB%8C-%DA%A9%DB%8C%D8%B3-%D9%87%D8%AF%D9%81%D9%88%D9%86-%D8%A8%DB%8C-%D8%B3%DB%8C%D9%85-%D8%A7%D9%86%DA%A9%D8%B1-soundcore-r50i-nc/","۴.۳","فردا کالا","۸۷.۸%","کاور رینیکا مدل R50 i NC مناسب برای کیس هدفون بی سیم انکر Soundcore R50i NC","","۲۴۲,۶۴۰","","","https://dkstatics-public.digikala.com/digikala-products/ccfc530a9f5f004ce062e2cadb8eb3b9bb9db27e_1727705237.jpg?x-oss-process=image/resize,m_lfit,h_800,w_800/quality,q_90
https://dkstatics-public.digikala.com/digikala-products/68e3d010e2e00bb1c947f5101f50d24b37bc0411_1727705238.jpg?x-oss-process=image/resize,m_lfit,h_800,w_800/quality,q_90
https://dkstatics-public.digikala.com/digikala-products/080ace6e065cf81fe0a163e16082513160f84f1d_1727705238.jpg?x-oss-process=image/resize,m_lfit,h_800,w_800/quality,q_90
https://dkstatics-public.digikala.com/digikala-products/ccfc530a9f5f004ce062e2cadb8eb3b9bb9db27e_1727705237.jpg?x-oss-process=image/resize,m_lfit,h_800,w_800/quality,q_90","https://dkstatics-public.digikala.com/digikala-products/ccfc530a9f5f004ce062e2cadb8eb3b9bb9db27e_1727705237.jpg?x-oss-process=image/resize,m_lfit,h_800,w_800/quality,q_90","سرمه ایسبز کله غازی","ساختارماتماتویژگی‌های کیف و کاوردسترسی آسان به درگاه ها، انعطاف پذیردسترسی آسان به درگاه ها، انعطاف پذیر","مشخصاتمشخصاتجنسسیلیکون ساختارمات ویژگی‌های کیف و کاوردسترسی آسان به درگاه ها انعطاف پذیر","۳۳۵ دیدگاه","رینیکا","کیف و کاور هدفون رینیکا","کالای دیجیتال/","لوازم جانبی کالای دیجیتال/","لوازم جانبی گوشی موبایل/","کیف و کاور هدفون"
"1771409609-274","https://www.digikala.com/search/category-mobile-accessories/?has_selling_stock=1&sort=7","پاوربانک 22.5 وات ریمکس مدل RPP-990 ظرفیت 20000 میلی آمپر ساعت به همراه کابل USB-C و لایتنینگ","۴,۳۰۰,۰۰۰","","","۴.۳","ارسال فروشنده","","","","","","","پاوربانک 22.5 وات ریمکس مدل RPP-990 ظرفیت 20000 میلی آمپر ساعت به همراه کابل USB-C و لایتنینگارسال فروشنده
۴.۳۴,۳۰۰,۰۰۰","https://www.digikala.com/product/dkp-21174303/%D9%BE%D8%A7%D9%88%D8%B1%D8%A8%D8%A7%D9%86%DA%A9-225-%D9%88%D8%A7%D8%AA-%D8%B1%DB%8C%D9%85%DA%A9%D8%B3-%D9%85%D8%AF%D9%84-rpp-990-%D8%B8%D8%B1%D9%81%DB%8C%D8%AA-20000-%D9%85%DB%8C%D9%84%DB%8C-%D8%A2%D9%85%D9%BE%D8%B1-%D8%B3%D8%A7%D8%B9%D8%AA-%D8%A8%D9%87-%D9%87%D9%85%D8%B1%D8%A7%D9%87-%DA%A9%D8%A7%D8%A8%D9%84-usb-c-%D9%88-%D9%84%D8%A7%DB%8C%D8%AA%D9%86%DB%8C%D9%86%DA%AF/","۴.۳","پارتاک همراه سبز","۸۶.۴%","پاوربانک 22.5 وات ریمکس مدل RPP-990 ظرفیت 20000 میلی آمپر ساعت به همراه کابل USB-C و لایتنینگ","۳۳٪","۳,۹۰۰,۰۰۰","۲,۵۹۹,۰۰۰","پاوربانک ریمکس مدل RPP-990-22.5W یک محصول جذاب و ساخته شده از آخرین فناوری روز دنیا می باشد و دارای ویژگی های متعدد و قابلیت های ویژه است. یکی از مهم ترین ویژگی های این پاوربانک وجود کابل های متصل به آن است. بر روی این پاور بانک دو عدد کابل سرخود با کیفیت، از نوع لایتنینگ و تایپ سی قرار داده شده است. بنابراین شما میتوانید بدون نیاز به کابل اضافی ، با استفاده از همین کابل ها اقدام به شارژ دستگاه های خود نمایید. ظرفیت اسمی این پاوربانک 20000 میلی آمپر است که توانایی شارژ دستگاه ...","https://dkstatics-public.digikala.com/digikala-products/ebc0ba78bbe11e2eed5cee148cfb186a68ea3c40_1766905078.jpg?x-oss-process=image/resize,m_lfit,h_800,w_800/quality,q_90
https://dkstatics-public.digikala.com/digikala-products/358ac46fcf75c854e6c9dc8e9e964d90dd6a48d3_1766993801.jpg?x-oss-process=image/resize,m_lfit,h_800,w_800/quality,q_90
https://dkstatics-public.digikala.com/digikala-products/66ca77d4bd9fc748a1d8680f2dc4e47460344259_1766905079.jpg?x-oss-process=image/resize,m_lfit,h_800,w_800/quality,q_90
https://dkstatics-public.digikala.com/digikala-products/ebc0ba78bbe11e2eed5cee148cfb186a68ea3c40_1766905078.jpg?x-oss-process=image/resize,m_lfit,h_800,w_800/quality,q_90","https://dkstatics-public.digikala.com/digikala-products/ebc0ba78bbe11e2eed5cee148cfb186a68ea3c40_1766905078.jpg?x-oss-process=image/resize,m_lfit,h_800,w_800/quality,q_90","مشکی","نوع باتری پاوربانکلیتیوم پلیمریلیتیوم پلیمریتعداد درگاه خروجیسه عددسه عددولتاژ ورودی5، 9، 125، 9، 12قابلیت‌های دستگاهپشتیبانی از فناوری شارژ سریع کوالکام (QC)پشتیبانی از فناوری شارژ سریع کوالکام (QC)","مشخصاتمشخصات کلینوع پاوربانک (شارژر همراه)پاوربانک نوع باتری پاوربانکلیتیوم پلیمری مناسب برای شارژگوشی موبایل اسپیکر بلوتوثی تبلت ابعاد پاوربانک۲.۸*۶.۷*۱۴.۳ سانتی‌مترمشخصات فنییک پورت خروجی USB-A دو کابل متصل از نوع Type-C و Lightning با قابلیت فست شارژ ماکزیمم توان خروجی ۲۲.۵ وات صفحه نمایش ال سی دی وزن پاوربانک۴۳۰ گرمقابلیت‌های مقاومتیبدون قابلیت مقاومتی اقلام همراهبدون اقلام همراه نحوه نمایش میزان شارژ باتریصفحه نمایش LCD قابلیت‌های دستگاهپشتیبانی از فناوری شارژ سریع کوالکام (QC) مشاهده بیشتر","۵۸ دیدگاه","ریمکس","پاوربانک (شارژر همراه) ریمکس","کالای دیجیتال/","لوازم جانبی کالای دیجیتال/","لوازم جانبی گوشی موبایل/","پاوربانک (شارژر همراه)"
"1771409611-275","https://www.digikala.com/search/category-mobile-accessories/?has_selling_stock=1&sort=7","قلم لمسی و پایه نگهدارنده موبایل مدل SKJMRJNQ002369","۹۵,۰۰۰","","","۴.۱","ارسال سریع دیجی‌کالا","","","","","","","قلم لمسی و پایه نگهدارنده موبایل مدل SKJMRJNQ002369ارسال سریع دیجی‌کالا
۴.۱۹۵,۰۰۰","https://www.digikala.com/product/dkp-3689236/%D9%82%D9%84%D9%85-%D9%84%D9%85%D8%B3%DB%8C-%D9%88-%D9%BE%D8%A7%DB%8C%D9%87-%D9%86%DA%AF%D9%87%D8%AF%D8%A7%D8%B1%D9%86%D8%AF%D9%87-%D9%85%D9%88%D8%A8%D8%A7%DB%8C%D9%84-%D9%85%D8%AF%D9%84-skjmrjnq002369/","۴.۱","کالکشن کالا","۷۷%","قلم لمسی و پایه نگهدارنده موبایل مدل SKJMRJNQ002369","","۹۳,۰۰۰","","قلم لمسی و پایه نگهدارنده موبایل
قلم لمسی و پایه نگهدارنده موبایل یکی از ابزارهای مفید و کارآمد برای استفاده از دستگاه های هوشمند است. این محصول دارای طراحی منحصر به فرد و قابلیت های متنوعی است که به کاربران امکان می‌دهد به راحتی از دستگاه های خود استفاده کنند. از آنجا که این محصول یکی از محبوب‌ترین ابزارها برای کاربران دستگاه های هوشمند است، ارزش یک مرور جامع و دقیق برای آن وجود دارد. هدف از این مرور، ارائه یک نگاه صادقانه و بی‌طرفانه به قلم لمسی و پایه نگهدارنده موبایل است. ...","https://dkstatics-public.digikala.com/digikala-products/f9ba68b095cb0c9fbf69b2f093551fef8a3d956e_1604705240.jpg?x-oss-process=image/resize,m_lfit,h_800,w_800/quality,q_90
https://dkstatics-public.digikala.com/digikala-products/cfca2b8052ddff6e727c5b6387fd2b7ddad3bc2d_1604704745.jpg?x-oss-process=image/resize,m_lfit,h_800,w_800/quality,q_90
https://dkstatics-public.digikala.com/digikala-products/9efc218e97a1958de501d9aa7d5c800900d1daf6_1604704794.jpg?x-oss-process=image/resize,m_lfit,h_800,w_800/quality,q_90
https://dkstatics-public.digikala.com/digikala-products/f9ba68b095cb0c9fbf69b2f093551fef8a3d956e_1604705240.jpg?x-oss-process=image/resize,m_lfit,h_800,w_800/quality,q_90","https://dkstatics-public.digikala.com/digikala-products/f9ba68b095cb0c9fbf69b2f093551fef8a3d956e_1604705240.jpg?x-oss-process=image/resize,m_lfit,h_800,w_800/quality,q_90","نقره ایمشکیآبیطلایی","سازگاری با نمایشگر‌هایلمسی خازنیلمسی خازنی","مشخصاتمشخصاتوزن۱۰ گرمسازگاری با نمایشگر‌هایلمسی خازنی","۶۳۴۶ دیدگاه","متفرقه","قلم لمسی (Stylus) متفرقه","کالای دیجیتال/","لوازم جانبی کالای دیجیتال/","لوازم جانبی تبلت/","قلم لمسی (Stylus)"
"1771409613-276","https://www.digikala.com/search/category-mobile-accessories/?has_selling_stock=1&sort=7","شارژر دیواری 45 وات 2 پورت وونک مدل CA-45 به همراه کابل شارژ USB-C","۱,۴۵۰,۰۰۰","۲,۹۰۰,۰۰۰","۵۰٪","۴.۱","موجود در انبار دیجی کالا","","","","","","","شارژر دیواری 45 وات 2 پورت وونک مدل CA-45 به همراه کابل شارژ USB-Cموجود در انبار دیجی کالا
۴.۱۵۰٪۱,۴۵۰,۰۰۰۲,۹۰۰,۰۰۰","https://www.digikala.com/product/dkp-20005525/%D8%B4%D8%A7%D8%B1%DA%98%D8%B1-%D8%AF%DB%8C%D9%88%D8%A7%D8%B1%DB%8C-45-%D9%88%D8%A7%D8%AA-2-%D9%BE%D9%88%D8%B1%D8%AA-%D9%88%D9%88%D9%86%DA%A9-%D9%85%D8%AF%D9%84-ca-45-%D8%A8%D9%87-%D9%87%D9%85%D8%B1%D8%A7%D9%87-%DA%A9%D8%A7%D8%A8%D9%84-%D8%B4%D8%A7%D8%B1%DA%98-usb-c/","۴.۱","آوا هدفون ایران","۸۲.۶%","شارژر دیواری 45 وات 2 پورت وونک مدل CA-45 به همراه کابل شارژ USB-C","۵۳٪","۲,۹۰۰,۰۰۰","۱,۳۵۰,۰۰۰","شارژر دیواری Vonk مدل CA‑45 یک محصول کاربردی و قدرتمند است که برای شارژ انواع دستگاه‌های دیجیتال طراحی شده است. این شارژر با بهره‌مندی از دو خروجی مجزا، یکی از نوع USB‑A و دیگری USB‑C، قابلیت شارژ هم‌زمان دو دستگاه را فراهم می‌کند. کابل Type‑C یک‌متری همراه آن، کیفیت بالایی دارد و برای استفاده روزمره، محیط کار یا هنگام سفر بسیار مناسب است.
طراحی جمع‌وجور و وزن سبک شارژر، حمل آن را آسان کرده و به راحتی در کیف یا کوله‌پشتی قرار می‌گیرد. خروجی USB‑C این محصول از فناوری شارژ سریع ...","https://dkstatics-public.digikala.com/digikala-products/9db4e45657bc9e478c7b7dd43470878e737428f0_1753945168.jpg?x-oss-process=image/resize,m_lfit,h_800,w_800/quality,q_90
https://dkstatics-public.digikala.com/digikala-products/37fdfbaca118dbde996059009d440a71fe7d5ba9_1753945168.jpg?x-oss-process=image/resize,m_lfit,h_800,w_800/quality,q_90
https://dkstatics-public.digikala.com/digikala-products/0bca54794c691ea06a16c2f76c4f9d5df3652c8f_1753945168.jpg?x-oss-process=image/resize,m_lfit,h_800,w_800/quality,q_90
https://dkstatics-public.digikala.com/digikala-products/9db4e45657bc9e478c7b7dd43470878e737428f0_1753945168.jpg?x-oss-process=image/resize,m_lfit,h_800,w_800/quality,q_90","https://dkstatics-public.digikala.com/digikala-products/9db4e45657bc9e478c7b7dd43470878e737428f0_1753945168.jpg?x-oss-process=image/resize,m_lfit,h_800,w_800/quality,q_90","مشکی براقمشکی","تعداد درگاه خروجیدو عدددو عدددرگاه‌های ارتباطیUSB Type-CUSB Type-C","مشخصاتمشخصات فیزیکیوزن۷۵ گرمجنس بدنهپلاستیک نوع اتصال به منبع برقدوشاخه (استاندارد ایران) اقلام همراهکابل برق طول کابل۱۰۰ سانتی متربازه طول کابل۱۰۱ تا ۱۵۰ سانتی‌متر نوع کابل همراهUSB Type-C مشاهده بیشتر","۲۵۹ دیدگاه","وونک","شارژر تبلت و موبایل وونک","کالای دیجیتال/","لوازم جانبی کالای دیجیتال/","لوازم جانبی گوشی موبایل/","شارژر تبلت و موبایل"
"1771409615-277","https://www.digikala.com/search/category-mobile-accessories/?has_selling_stock=1&sort=7","کابل USB-C بیاند مدل BCC-401KF CHARGE DATA طول 1 متر","۲۵۸,۰۰۰","۲۹۰,۰۰۰","۱۱٪","۴.۵","ارسال سریع دیجی‌کالا","","","","","","","کابل USB-C بیاند مدل BCC-401KF CHARGE DATA طول 1 متر ارسال سریع دیجی‌کالا
۴.۵۱۱٪۲۵۸,۰۰۰۲۹۰,۰۰۰","https://www.digikala.com/product/dkp-20869642/%DA%A9%D8%A7%D8%A8%D9%84-usb-c-%D8%A8%DB%8C%D8%A7%D9%86%D8%AF-%D9%85%D8%AF%D9%84-bcc-401kf-charge-data-%D8%B7%D9%88%D9%84-1-%D9%85%D8%AA%D8%B1/","۴.۵","رهپویان انفورماتیک برتر","۹۳.۴%","کابل USB-C بیاند مدل BCC-401KF CHARGE DATA طول 1 متر","۱۱٪","۲۹۰,۰۰۰","۲۵۸,۰۰۰","این مدل کالا از نوع USB-C  است . نوع طراحی و جنس بکار رفته در این محصول قابلیت شارژ سریع و انتقال اطلاعات را فراهم می کند. روکش دو لایه لاستیکی و الیاف بافته شده از نایلون ،نوع رشته های سیم بکار رفته در کابل و نوع طراحی سوکت های آن ،استحکام و انعطاف پذیری بالایی نسبت به مدل های مشابه به این محصول می دهد .در ضمن دارای بند نگهدارنده است.","https://dkstatics-public.digikala.com/digikala-products/e41a40c23038cb6733fdbbfdb26c82fd0235f60d_1770140495.jpg?x-oss-process=image/resize,m_lfit,h_800,w_800/quality,q_90
https://dkstatics-public.digikala.com/digikala-products/7fbde974c726414680d1c492da2977f02a10da22_1763191363.jpg?x-oss-process=image/resize,m_lfit,h_800,w_800/quality,q_90
https://dkstatics-public.digikala.com/digikala-products/e7c0e1fc3632c77d741abdbcbacccf6bcc2986f2_1763191363.jpg?x-oss-process=image/resize,m_lfit,h_800,w_800/quality,q_90
https://dkstatics-public.digikala.com/digikala-products/e41a40c23038cb6733fdbbfdb26c82fd0235f60d_1770140495.jpg?x-oss-process=image/resize,m_lfit,h_800,w_800/quality,q_90","https://dkstatics-public.digikala.com/digikala-products/e41a40c23038cb6733fdbbfdb26c82fd0235f60d_1770140495.jpg?x-oss-process=image/resize,m_lfit,h_800,w_800/quality,q_90","طوسیسبز فسفریسبز تیرهسبز فلورسنتسبز کله غازی","نوع رابطرابط USB Type-Aرابط USB Type-Aقابلیت‌هاامکان انتقال اطلاعاتامکان انتقال اطلاعات","مشخصاتمشخصاتنوع کابل شارژ و مبدلکابل شارژ کابل های مخصوص محصولات اپل سازگار بادستگاه هایی با پورت USB-C نوع کابلUSB Type-C طول کابل۱۰۰ سانتی مترجنس کابلکنفی نوع رابطرابط USB Type-A قابلیت‌هاامکان انتقال اطلاعات سایر توضیحات کابلروکش دو لایه از الیاف نایلون و لاستیکی 
استحکام و انعطاف پذیری بالا 
قابلیت شارژ سریع 
دارای بند نگدارنده 

 بازه طول کابل۱۶ تا ۱۰۰ سانتی‌متر مشاهده بیشتر","۹۶ دیدگاه","بیاند","کابل شارژ و مبدل بیاند","کالای دیجیتال/","لوازم جانبی کالای دیجیتال/","لوازم جانبی گوشی موبایل/","کابل شارژ و مبدل"
"1771409617-278","https://www.digikala.com/search/category-mobile-accessories/?has_selling_stock=1&sort=7","شارژر دیواری 25 وات سامسونگ مدل T2510","۱,۹۰۰,۰۰۰","","","۴.۵","ارسال فروشنده","","","","","","","شارژر دیواری 25 وات سامسونگ مدل T2510ارسال فروشنده
۴.۵۱,۹۰۰,۰۰۰","https://www.digikala.com/product/dkp-16376468/%D8%B4%D8%A7%D8%B1%DA%98%D8%B1-%D8%AF%DB%8C%D9%88%D8%A7%D8%B1%DB%8C-25-%D9%88%D8%A7%D8%AA-%D8%B3%D8%A7%D9%85%D8%B3%D9%88%D9%86%DA%AF-%D9%85%D8%AF%D9%84-t2510/","۴.۵","دیجی‌کالا","۸۹.۶%","شارژر دیواری 25 وات سامسونگ مدل T2510","۳۳٪","۱,۶۰۰,۰۰۰","۱,۰۶۹,۰۰۰","","https://dkstatics-public.digikala.com/digikala-products/2da6543d188ca703c750211afc2f4dada0520dbe_1757322312.jpg?x-oss-process=image/resize,m_lfit,h_800,w_800/quality,q_90
https://dkstatics-public.digikala.com/digikala-products/2da6543d188ca703c750211afc2f4dada0520dbe_1757322312.jpg?x-oss-process=image/resize,m_lfit,h_800,w_800/quality,q_90
https://dkstatics-public.digikala.com/digikala-products/09dc568587fc1f53e3b53ebf657069e664e98e25_1756562034.jpg?x-oss-process=image/resize,m_lfit,h_800,w_800/quality,q_90
https://dkstatics-public.digikala.com/digikala-products/2da6543d188ca703c750211afc2f4dada0520dbe_1757322312.jpg?x-oss-process=image/resize,m_lfit,h_800,w_800/quality,q_90","https://dkstatics-public.digikala.com/digikala-products/2da6543d188ca703c750211afc2f4dada0520dbe_1757322312.jpg?x-oss-process=image/resize,m_lfit,h_800,w_800/quality,q_90","مشکیسفید","تعداد درگاه خروجییک عددیک عدد","مشخصاتمشخصات فیزیکیوزن۵۱.۶ گرمجنس بدنهپلاستیک نوع اتصال به منبع برقسه پین اقلام همراهبدون اقلام همراه نوع کابل همراهبدون کابل مشاهده بیشتر","۲۰۵۶ دیدگاه","سامسونگ","شارژر تبلت و موبایل سامسونگ","کالای دیجیتال/","لوازم جانبی کالای دیجیتال/","لوازم جانبی گوشی موبایل/","شارژر تبلت و موبایل"
"1771409620-279","https://www.digikala.com/search/category-mobile-accessories/?has_selling_stock=1&sort=7","کابل تبدیل USB به USB-C بیاند مدل BUC-301 FAST CHARGE طول 1 متر","۱۸۵,۰۰۰","","","۴.۴","ارسال سریع دیجی‌کالا","","","","","","","کابل تبدیل USB به USB-C بیاند مدل BUC-301 FAST CHARGE طول 1 مترارسال سریع دیجی‌کالا
۴.۴۱۸۵,۰۰۰","https://www.digikala.com/product/dkp-13516085/%DA%A9%D8%A7%D8%A8%D9%84-%D8%AA%D8%A8%D8%AF%DB%8C%D9%84-usb-%D8%A8%D9%87-usb-c-%D8%A8%DB%8C%D8%A7%D9%86%D8%AF-%D9%85%D8%AF%D9%84-buc-301-fast-charge-%D8%B7%D9%88%D9%84-1-%D9%85%D8%AA%D8%B1/","۴.۴","فروشگاه توپا","۹۱%","کابل تبدیل USB به USB-C بیاند مدل BUC-301 FAST CHARGE طول 1 متر","","۱۵۵,۰۰۰","","کابل شارژ بیاند مدل BUC-301 USB-C از جنس رشته‌های مسی ساخته شده‌ و دارای روکش بافته شده از الیاف نایلون است. این کابل کاملاً استاندارد بوده و به دلیل جلوگیری از جریانات مرتعش، در استفاده طولانی مدت به باتری دستگاه شما صدمه‌ای وارد نمی کند. جنس هسته این کابل از مس است و وجود 4 مجموعه سیم مسی در این کابل باعث می‌شود که علاوه بر شارژ سریع، امکان انتقال اطلاعات را نیز داشته باشید. به سبب داشتن روکش بافته شده از الیاف نایلون و استفاده از کابل‌های مسی با کیفیت، قابلیت انعطاف‌پذیری  ...","https://dkstatics-public.digikala.com/digikala-products/da5da542a05c07b5c20ab1a8f77114e5d1bd5352_1770140478.jpg?x-oss-process=image/resize,m_lfit,h_800,w_800/quality,q_90
https://dkstatics-public.digikala.com/digikala-products/bfac285c78153fa9f3e0b4c21f6cff784408510d_1702992209.jpg?x-oss-process=image/resize,m_lfit,h_800,w_800/quality,q_90
https://dkstatics-public.digikala.com/digikala-products/6da910e2e66e7e7ec4595a25473867e4fcf9fc5d_1701074535.jpg?x-oss-process=image/resize,m_lfit,h_800,w_800/quality,q_90
https://dkstatics-public.digikala.com/digikala-products/da5da542a05c07b5c20ab1a8f77114e5d1bd5352_1770140478.jpg?x-oss-process=image/resize,m_lfit,h_800,w_800/quality,q_90","https://dkstatics-public.digikala.com/digikala-products/da5da542a05c07b5c20ab1a8f77114e5d1bd5352_1770140478.jpg?x-oss-process=image/resize,m_lfit,h_800,w_800/quality,q_90","مشکیصورتینارنجیسرمه ایسبز کله غازییاسیآبی متالیکطوسی تیرهگوجه ایقرمز","نوع رابطرابط USB Type-C، USBرابط USB Type-C، USBقابلیت‌هاامکان انتقال اطلاعاتامکان انتقال اطلاعات","مشخصاتمشخصاتسازگار باتمام دستگاه‌هایی که دارای ورودی USB-C هستند نوع کابلUSB Type-C USB طول کابل۱۰۰ سانتی مترنوع رابطرابط USB Type-C USB قابلیت‌هاامکان انتقال اطلاعات سایر توضیحات کابلپشتیبانی از تکنولوژی شارژسریع
 روکش بافته شده از الیاف نایلون بازه طول کابل۱۶ تا ۱۰۰ سانتی‌متر مشاهده بیشتر","۳۰۵۶ دیدگاه","بیاند","کابل شارژ و مبدل بیاند","کالای دیجیتال/","لوازم جانبی کالای دیجیتال/","لوازم جانبی گوشی موبایل/","کابل شارژ و مبدل"
"1771409622-280","https://www.digikala.com/search/category-mobile-accessories/?has_selling_stock=1&sort=7","شارژر دیواری 25 وات سامسونگ مدل EP-T2510","۱,۹۰۰,۰۰۰","","","۴.۵","تنها ۲ عدد در انبار باقی مانده","","","","","","","شارژر دیواری 25 وات سامسونگ مدل EP-T2510تنها ۲ عدد در انبار باقی مانده
۴.۵۱,۹۰۰,۰۰۰","https://www.digikala.com/product/dkp-15606932/%D8%B4%D8%A7%D8%B1%DA%98%D8%B1-%D8%AF%DB%8C%D9%88%D8%A7%D8%B1%DB%8C-25-%D9%88%D8%A7%D8%AA-%D8%B3%D8%A7%D9%85%D8%B3%D9%88%D9%86%DA%AF-%D9%85%D8%AF%D9%84-ep-t2510/","۴.۵","دیجی‌کالا","۹۱.۶%","شارژر دیواری 25 وات سامسونگ مدل EP-T2510","۵۵٪","۲,۹۰۸,۹۰۰","۱,۳۰۰,۰۰۰","","https://dkstatics-public.digikala.com/digikala-products/eb6646fbaf02f3d54edf9f2e08f0772d27cb785e_1768314235.jpg?x-oss-process=image/resize,m_lfit,h_800,w_800/quality,q_90
https://dkstatics-public.digikala.com/digikala-products/eb6646fbaf02f3d54edf9f2e08f0772d27cb785e_1768314235.jpg?x-oss-process=image/resize,m_lfit,h_800,w_800/quality,q_90
https://dkstatics-public.digikala.com/digikala-products/a25d563edf03af795b0d45007618ce0f3364d3f3_1768314252.jpg?x-oss-process=image/resize,m_lfit,h_800,w_800/quality,q_90
https://dkstatics-public.digikala.com/digikala-products/eb6646fbaf02f3d54edf9f2e08f0772d27cb785e_1768314235.jpg?x-oss-process=image/resize,m_lfit,h_800,w_800/quality,q_90","https://dkstatics-public.digikala.com/digikala-products/eb6646fbaf02f3d54edf9f2e08f0772d27cb785e_1768314235.jpg?x-oss-process=image/resize,m_lfit,h_800,w_800/quality,q_90","مشکیسفید","تعداد درگاه خروجییک عددیک عدد","مشخصاتمشخصات فیزیکیوزن۵۱.۶ گرمجنس بدنهپلاستیک ABS نوع اتصال به منبع برقدوشاخه (استاندارد ایران) اقلام همراهبدون اقلام همراه بازه طول کابلبدون کابل نوع کابل همراهبدون کابل مشاهده بیشتر","۳۷۵۰ دیدگاه","سامسونگ","شارژر تبلت و موبایل سامسونگ","کالای دیجیتال/","لوازم جانبی کالای دیجیتال/","لوازم جانبی گوشی موبایل/","شارژر تبلت و موبایل"
"1771409624-281","https://www.digikala.com/search/category-mobile-accessories/?has_selling_stock=1&sort=7","پاوربانک 18 وات شیائومی مدل Redmi PB200LZM ظرفیت 20000 میلی آمپر ساعت","۲,۳۹۰,۰۰۰","","","۴.۲","ارسال سریع دیجی‌کالا","","","","","","","پاوربانک 18 وات شیائومی مدل Redmi PB200LZM ظرفیت 20000 میلی آمپر ساعتارسال سریع دیجی‌کالا
۴.۲۲,۳۹۰,۰۰۰","https://www.digikala.com/product/dkp-2057111/%D9%BE%D8%A7%D9%88%D8%B1%D8%A8%D8%A7%D9%86%DA%A9-18-%D9%88%D8%A7%D8%AA-%D8%B4%DB%8C%D8%A7%D8%A6%D9%88%D9%85%DB%8C-%D9%85%D8%AF%D9%84-redmi-pb200lzm-%D8%B8%D8%B1%D9%81%DB%8C%D8%AA-20000-%D9%85%DB%8C%D9%84%DB%8C-%D8%A2%D9%85%D9%BE%D8%B1-%D8%B3%D8%A7%D8%B9%D8%AA/","۴.۲","اورجینالت","۸۶%","پاوربانک 18 وات شیائومی مدل Redmi PB200LZM ظرفیت 20000 میلی آمپر ساعت","","۲,۳۹۰,۰۰۰","","پاور بانک 20000 Redmi مدل PB200LZM ساخت شرکت شیائومی (xiaomi) است. این پاور بانک یک وسیله جانبی پرکاربرد است که نگرانی تمام شدن باتری گوشی‌های هوشمند را از بین برده است. این دستگاه توانایی 4.8 مرتبه شارژ Iphone XS را دارد. Redmi 20000 با داشتن دوپورت خروجی USB و پشتیبانی از انواع پروتکل‌های شارژ سریع، بهترین همراه شما در خارج از منزل، محل کار و یا هنگام سفر خواهد بود. این محصول با استفاده از سیستم شارژ هوشمند به راحتی می‌تواند به طور همزمان دو دیوایس شما را شارژ کند، شارژ هوش ...","https://dkstatics-public.digikala.com/digikala-products/012b2c1a158b17748273c774d9ec293125253587_1762156550.jpg?x-oss-process=image/resize,m_lfit,h_800,w_800/quality,q_90
https://dkstatics-public.digikala.com/digikala-products/012b2c1a158b17748273c774d9ec293125253587_1762156550.jpg?x-oss-process=image/resize,m_lfit,h_800,w_800/quality,q_90
https://dkstatics-public.digikala.com/digikala-products/f965c8a686b6dde05e3379840160179dff3c8f72_1754241973.jpg?x-oss-process=image/resize,m_lfit,h_800,w_800/quality,q_90
https://dkstatics-public.digikala.com/digikala-products/012b2c1a158b17748273c774d9ec293125253587_1762156550.jpg?x-oss-process=image/resize,m_lfit,h_800,w_800/quality,q_90","https://dkstatics-public.digikala.com/digikala-products/012b2c1a158b17748273c774d9ec293125253587_1762156550.jpg?x-oss-process=image/resize,m_lfit,h_800,w_800/quality,q_90","مشکی","نوع باتری پاوربانکلیتیوم پلیمریلیتیوم پلیمریتعداد درگاه خروجیدو عدددو عددولتاژ ورودی5، 9، 125، 9، 12قابلیت‌های دستگاهضد آب و ضد ضربهضد آب و ضد ضربه","مشخصاتمشخصات کلینوع پاوربانک (شارژر همراه)پاوربانک نوع باتری پاوربانکلیتیوم پلیمری مناسب برای شارژگوشی موبایل تبلت دوربین اسپیکر بلوتوثی ابعاد پاوربانک۱۵.۴x۷.۳۶x۲.۷۳ سانتی‌مترمشخصات فنیتوان کلی ۱۸ وات / ولتاژ خروجی ۵.۱، ۹ و ۱۲ ولت وزن پاوربانک۴۷۰ گرمجنس بدنهپلاستیک توضیحات جنس بدنهپلاستیک ABS قابلیت‌های مقاومتیمقاوم در برابر ضربه اقلام همراهکابل شارژ نوع کابل همراهMicroUSB به USB-A نحوه نمایش میزان شارژ باترینشانگر LED قابلیت‌های دستگاهضد آب و ضد ضربه مشاهده بیشتر","۵۸۳۲ دیدگاه","شیائومی","پاوربانک (شارژر همراه) شیائومی","کالای دیجیتال/","لوازم جانبی کالای دیجیتال/","لوازم جانبی گوشی موبایل/","پاوربانک (شارژر همراه)"
"1771409626-282","https://www.digikala.com/search/category-mobile-accessories/?has_selling_stock=1&sort=7","هولدر نگهدارنده گوشی موبایل مدل CAR HOLDER","۲۰۸,۰۰۰","","","۳.۸","&nbsp;","","","","","","","هولدر نگهدارنده گوشی موبایل مدل CAR HOLDER&nbsp;
۳.۸۲۰۸,۰۰۰","https://www.digikala.com/product/dkp-11923706/%D9%87%D9%88%D9%84%D8%AF%D8%B1-%D9%86%DA%AF%D9%87%D8%AF%D8%A7%D8%B1%D9%86%D8%AF%D9%87-%DA%AF%D9%88%D8%B4%DB%8C-%D9%85%D9%88%D8%A8%D8%A7%DB%8C%D9%84-%D9%85%D8%AF%D9%84-car-holder/","۳.۸","لوازم خلیلی","۶۷.۶%","هولدر نگهدارنده گوشی موبایل مدل CAR HOLDER","","۲۰۸,۰۰۰","","پایه نگهدارنده گوشی Car Holder، هولدری زیبا با بدنه ای بسیار محکم و مقاوم است. بدنه ی این هولدر از پلاستیک با کیفیت ساخته شده است. این پایه دارای دو بازویی است که گوشی موبایل را نگه میدارد.هنگام قراردادن گوشی روی پایه این بازوها به خوبی فیکس شده و کاملا گوشی را نگه میدارد. در قسمت پایین آن نیزبخش سومی وجود دارد که به ثبات بیشتر گوشی روی هولدر کمک می کند. دستگاه تنها با فشار یک انگشت باز می شود. همچنین این هولدر می تواند در زوایای مختلف بچرخد تا بهترین زاویه دید را برای راننده ...","https://dkstatics-public.digikala.com/digikala-products/a1f67ed5aa04de5b5aad81d896db66a7d4c34849_1688535806.jpg?x-oss-process=image/resize,m_lfit,h_800,w_800/quality,q_90
https://dkstatics-public.digikala.com/digikala-products/750c0974476649e423ae3053e75f8c3f902abb47_1688535804.jpg?x-oss-process=image/resize,m_lfit,h_800,w_800/quality,q_90
https://dkstatics-public.digikala.com/digikala-products/b1fdc9a93e1eb79b920f7c249597c3d2f1013da7_1688535805.jpg?x-oss-process=image/resize,m_lfit,h_800,w_800/quality,q_90
https://dkstatics-public.digikala.com/digikala-products/a1f67ed5aa04de5b5aad81d896db66a7d4c34849_1688535806.jpg?x-oss-process=image/resize,m_lfit,h_800,w_800/quality,q_90","https://dkstatics-public.digikala.com/digikala-products/a1f67ed5aa04de5b5aad81d896db66a7d4c34849_1688535806.jpg?x-oss-process=image/resize,m_lfit,h_800,w_800/quality,q_90","مشکی","نوع پایه نگهدارنده گوشی و تبلتمناسب برای استفاده روی میز، مناسب برای استفاده داخل خودرومناسب برای استفاده روی میز، مناسب برای استفاده داخل خودروقابلیت‌های دستگاهبدون قابلیت ویژهبدون قابلیت ویژه","مشخصاتمشخصاتنوع پایه نگهدارنده گوشی و تبلتمناسب برای استفاده روی میز مناسب برای استفاده داخل خودرو ابعاد  میلی‌متروزن۲۳۰ گرممناسب برایداخل خودرو / روی میز  جنسپلاستیک با کیفیت قابلیت‌های دستگاهبدون قابلیت ویژه مشاهده بیشتر","۳۴۶۹ دیدگاه","متفرقه","پایه نگهدارنده گوشی و تبلت متفرقه","کالای دیجیتال/","لوازم جانبی کالای دیجیتال/","لوازم جانبی گوشی موبایل/","پایه نگهدارنده گوشی و تبلت"
"1771409628-283","https://www.digikala.com/search/category-mobile-accessories/?has_selling_stock=1&sort=7","شارژر دیواری 20 وات اپل مدل B/A","۲,۹۹۹,۰۰۰","۴,۰۰۰,۰۰۰","۲۵٪","۴.۴","ارسال سریع دیجی‌کالا","۲۸ : ۲۲ : ۱۰","","فروش رفته","%","","","شارژر دیواری 20 وات اپل مدل B/Aارسال سریع دیجی‌کالا
۴.۴۲۵٪۲,۹۹۹,۰۰۰۴,۰۰۰,۰۰۰%فروش رفته۲۸ : ۲۲ : ۱۰","https://www.digikala.com/product/dkp-3847115/%D8%B4%D8%A7%D8%B1%DA%98%D8%B1-%D8%AF%DB%8C%D9%88%D8%A7%D8%B1%DB%8C-20-%D9%88%D8%A7%D8%AA-%D8%A7%D9%BE%D9%84-%D9%85%D8%AF%D9%84-ba/","۴.۴","دیجی‌کالا","۸۰.۲%","شارژر دیواری 20 وات اپل مدل B/A","۲۵٪","۴,۰۰۰,۰۰۰","۲,۹۹۹,۰۰۰","شارژر دیواری 20 وات اپل مدل B/A یکی از اداپتورهای پرقدرت و کارآمد برای شارژ دستگاه‌های اپل است. این محصول با توانایی شارژ سریع و بهره‌وری بالا، به‌عنوان یکی از بهترین انتخاب‌ها برای کاربران ایفون و دیگر دستگاه‌های اپل محسوب می‌شود.  
شارژر دیواری 20 وات اپل مدل B/A یکی از جدیدترین محصولات شرکت اپل است که با طراحی زیبا و کارآمد، توانسته توجه بسیاری از کاربران را به خود جلب کند. این شارژر دارای وزن سبک و ابعاد کوچکی است که امکان حمل آسان آن را به همراه دستگاه‌های مختلف اپل فراه ...","https://dkstatics-public.digikala.com/digikala-products/b1466d39ad67b088ccb59bdaa742035afcb49ff5_1753889586.jpg?x-oss-process=image/resize,m_lfit,h_800,w_800/quality,q_90
https://dkstatics-public.digikala.com/digikala-products/b1466d39ad67b088ccb59bdaa742035afcb49ff5_1753889586.jpg?x-oss-process=image/resize,m_lfit,h_800,w_800/quality,q_90
https://dkstatics-public.digikala.com/digikala-products/dad79f0f136fe503519263104a2756103ff1a9e5_1753890074.jpg?x-oss-process=image/resize,m_lfit,h_800,w_800/quality,q_90
https://dkstatics-public.digikala.com/digikala-products/b1466d39ad67b088ccb59bdaa742035afcb49ff5_1753889586.jpg?x-oss-process=image/resize,m_lfit,h_800,w_800/quality,q_90","https://dkstatics-public.digikala.com/digikala-products/b1466d39ad67b088ccb59bdaa742035afcb49ff5_1753889586.jpg?x-oss-process=image/resize,m_lfit,h_800,w_800/quality,q_90","سفید","تعداد درگاه خروجییک عددیک عدد","مشخصاتمشخصات فیزیکیوزن۸۰ (+۱۰-) گرمنوع اتصال به منبع برقسه پین اقلام همراهبدون اقلام همراه بازه طول کابلبدون کابل نوع کابل همراهبدون کابل مشاهده بیشتر","۸۱۲۱ دیدگاه","اپل","شارژر تبلت و موبایل اپل","کالای دیجیتال/","لوازم جانبی کالای دیجیتال/","لوازم جانبی گوشی موبایل/","شارژر تبلت و موبایل"
"1771409631-284","https://www.digikala.com/search/category-mobile-accessories/?has_selling_stock=1&sort=7","شارژر دیواری 45 وات 2 پورت آیرنج مدل LC 136 به همراه کابل USB‑C","۹۹۹,۹۰۰","۳,۰۰۰,۰۰۰","۶۷٪","","ارسال سریع دیجی‌کالا","","سفارشی","","","","","سفارشی

شارژر دیواری 45 وات 2 پورت آیرنج مدل LC 136 به همراه کابل USB‑Cارسال سریع دیجی‌کالا
۶۷٪۹۹۹,۹۰۰۳,۰۰۰,۰۰۰","https://www.digikala.com/product/dkp-20903426/%D8%B4%D8%A7%D8%B1%DA%98%D8%B1-%D8%AF%DB%8C%D9%88%D8%A7%D8%B1%DB%8C-45-%D9%88%D8%A7%D8%AA-2-%D9%BE%D9%88%D8%B1%D8%AA-%D8%A2%DB%8C%D8%B1%D9%86%D8%AC-%D9%85%D8%AF%D9%84-lc-136-%D8%A8%D9%87-%D9%87%D9%85%D8%B1%D8%A7%D9%87-%DA%A9%D8%A7%D8%A8%D9%84-usbc/?ad_variant_id=75984772","۳.۷","بازرگانی موبایل کوثر","۶۸%","شارژر دیواری 45 وات 2 پورت آیرنج مدل LC 136 به همراه کابل USB‑C","۶۷٪","۳,۰۰۰,۰۰۰","۹۹۹,۹۰۰","شارژر دیواری 45 وات آیرنج مدل LC136 مجهز به فناوری شارژ سریع بوده و به شما این امکان را می دهد تا بتوانید گوشی خود را با توان 45 وات شارژ کنید. این محصول دارای دو پورت خروجی می باشد که یکی از آن ها USB و دیگری Type-C است. شما میتوانید از این شارژر برای شارژ همزمان دو دستگاه خود استفاده کنید. جنس بدنه این شارژر نیز از پلی کربنات مقاوم در مقابل حرارت ساخته شده است و ابعاد بسیار کوچک و جمع و جوری دارد . در بسته بندی این محصول یکی کابل USB به  MICRO USB نیز قرار داده شده است. در  ...","https://dkstatics-public.digikala.com/digikala-products/fb38963100f311f19a71115c8758117f7d166784_1767441688.jpg?x-oss-process=image/resize,m_lfit,h_800,w_800/quality,q_90
https://dkstatics-public.digikala.com/digikala-products/27d7d4560ac8802662993e0de50b134e75f69caf_1763291189.jpg?x-oss-process=image/resize,m_lfit,h_800,w_800/quality,q_90
https://dkstatics-public.digikala.com/digikala-products/4dbfb1cad5d51534f9d33378269c08cc6cee6ceb_1763458629.jpg?x-oss-process=image/resize,m_lfit,h_800,w_800/quality,q_90
https://dkstatics-public.digikala.com/digikala-products/fb38963100f311f19a71115c8758117f7d166784_1767441688.jpg?x-oss-process=image/resize,m_lfit,h_800,w_800/quality,q_90","https://dkstatics-public.digikala.com/digikala-products/fb38963100f311f19a71115c8758117f7d166784_1767441688.jpg?x-oss-process=image/resize,m_lfit,h_800,w_800/quality,q_90","مشکی","تعداد درگاه خروجیدو عدددو عدد","مشخصاتمشخصات فیزیکیوزن۶۰ گرمجنس بدنهپلاستیک ABS نوع اتصال به منبع برقسه پین اقلام همراهکابل شارژ بازه طول کابل۱۶ تا ۱۰۰ سانتی‌متر نوع کابل همراهMicroUSB به USB-A مشاهده بیشتر","۵ دیدگاه","آیرنج","شارژر تبلت و موبایل آیرنج","کالای دیجیتال/","لوازم جانبی کالای دیجیتال/","لوازم جانبی گوشی موبایل/","شارژر تبلت و موبایل"
"1771409633-285","https://www.digikala.com/search/category-mobile-accessories/?has_selling_stock=1&sort=7","شارژر دیواری 45 وات 2 پورت وونک مدل CA-45 به همراه کابل تبدیل USB‑C","۱,۲۹۵,۰۰۰","۳,۵۰۰,۰۰۰","۶۳٪","","تنها ۳ عدد در انبار باقی مانده","۲۵ : ۵۲ : ۰۱","سفارشی","فروش رفته","%","","","سفارشی

شارژر دیواری 45 وات 2 پورت وونک مدل CA-45 به همراه کابل تبدیل USB‑Cتنها ۳ عدد در انبار باقی مانده
۶۳٪۱,۲۹۵,۰۰۰۳,۵۰۰,۰۰۰%فروش رفته۲۵ : ۵۲ : ۰۱","https://www.digikala.com/product/dkp-19994372/%D8%B4%D8%A7%D8%B1%DA%98%D8%B1-%D8%AF%DB%8C%D9%88%D8%A7%D8%B1%DB%8C-45-%D9%88%D8%A7%D8%AA-2-%D9%BE%D9%88%D8%B1%D8%AA-%D9%88%D9%88%D9%86%DA%A9-%D9%85%D8%AF%D9%84-ca-45-%D8%A8%D9%87-%D9%87%D9%85%D8%B1%D8%A7%D9%87-%DA%A9%D8%A7%D8%A8%D9%84-%D8%AA%D8%A8%D8%AF%DB%8C%D9%84-usbc/?ad_variant_id=74187039","۴.۱","پارس هدفون","۸۶.۶%","شارژر دیواری 45 وات 2 پورت وونک مدل CA-45 به همراه کابل تبدیل USB‑C","۶۳٪","۳,۵۰۰,۰۰۰","۱,۲۹۵,۰۰۰","شارژر دیواری Vonk مدل CA‑45 همراه با کابل 1 متری TYPE C 
Vonk CA‑45 یک شارژر دیواری قدرتمند و همه‌کاره است که با داشتن دو خروجی USB‑A و USB‑C، نیاز شارژ انواع دستگاه‌ها از موبایل تا تبلت و... را پوشش می‌دهد. این محصول با طراحی جمع‌وجور و کابل Type‑C باکیفیت، انتخابی ایده‌آل برای استفاده روزمره، محل کار و سفر است.
مشخصات فنی: 
خروجی USB-A:
5V⎓3A | 9V⎓2.2A | 12V⎓1.67A
خروجی USB-C (PD):
5V⎓3A | 9V⎓3A | 12V⎓3A | 20V⎓2.25A (حداکثر توان 45 وات)
مناسب برای شارژ گوشی، تبلت، پاوربانک  ...","https://dkstatics-public.digikala.com/digikala-products/9db4e45657bc9e478c7b7dd43470878e737428f0_1753865015.jpg?x-oss-process=image/resize,m_lfit,h_800,w_800/quality,q_90
https://dkstatics-public.digikala.com/digikala-products/2c285fdf2e184557efafe3a50ba56bb9bcb6724c_1753856657.jpg?x-oss-process=image/resize,m_lfit,h_800,w_800/quality,q_90
https://dkstatics-public.digikala.com/digikala-products/0363835e854714403580ca431cf105e1848fb238_1753856657.jpg?x-oss-process=image/resize,m_lfit,h_800,w_800/quality,q_90
https://dkstatics-public.digikala.com/digikala-products/9db4e45657bc9e478c7b7dd43470878e737428f0_1753865015.jpg?x-oss-process=image/resize,m_lfit,h_800,w_800/quality,q_90","https://dkstatics-public.digikala.com/digikala-products/9db4e45657bc9e478c7b7dd43470878e737428f0_1753865015.jpg?x-oss-process=image/resize,m_lfit,h_800,w_800/quality,q_90","مشکیمشکی براق","تعداد درگاه خروجیدو عدددو عدددرگاه‌های ارتباطیUSB Type-CUSB Type-C","مشخصاتمشخصات فیزیکیوزن۷۵ گرمجنس بدنهپلاستیک نوع اتصال به منبع برقدوشاخه (استاندارد ایران) اقلام همراهکابل برق طول کابل۱۰۰ سانتی متربازه طول کابل۱۰۱ تا ۱۵۰ سانتی‌متر نوع کابل همراهUSB Type-C مشاهده بیشتر","۱۳۸ دیدگاه","وونک","شارژر تبلت و موبایل وونک","کالای دیجیتال/","لوازم جانبی کالای دیجیتال/","لوازم جانبی گوشی موبایل/","شارژر تبلت و موبایل"
"1771409635-286","https://www.digikala.com/search/category-mobile-accessories/?has_selling_stock=1&sort=7","پاوربانک 33 وات شیائومی مدل PB2030MI ظرفیت 20000 میلی آمپر ساعت","۴,۲۸۰,۰۰۰","۴,۷۹۰,۰۰۰","۱۱٪","۴.۶","ارسال سریع دیجی‌کالا","","","","","","","پاوربانک 33 وات شیائومی مدل PB2030MI ظرفیت 20000 میلی آمپر ساعتارسال سریع دیجی‌کالا
۴.۶۱۱٪۴,۲۸۰,۰۰۰۴,۷۹۰,۰۰۰","https://www.digikala.com/product/dkp-18524083/%D9%BE%D8%A7%D9%88%D8%B1%D8%A8%D8%A7%D9%86%DA%A9-33-%D9%88%D8%A7%D8%AA-%D8%B4%DB%8C%D8%A7%D8%A6%D9%88%D9%85%DB%8C-%D9%85%D8%AF%D9%84-pb2030mi-%D8%B8%D8%B1%D9%81%DB%8C%D8%AA-20000-%D9%85%DB%8C%D9%84%DB%8C-%D8%A2%D9%85%D9%BE%D8%B1-%D8%B3%D8%A7%D8%B9%D8%AA/","۴.۶","دیجی‌کالا","۹۰%","پاوربانک 33 وات شیائومی مدل PB2030MI ظرفیت 20000 میلی آمپر ساعت","۲۳٪","۴,۸۳۰,۴۰۰","۳,۷۰۰,۰۰۰","","https://dkstatics-public.digikala.com/digikala-products/128e0d558fb11a15c965b48948da945ad208e9bd_1762257287.jpg?x-oss-process=image/resize,m_lfit,h_800,w_800/quality,q_90
https://dkstatics-public.digikala.com/digikala-products/48dc44287ceac32f4d020780a0bd3c2822813ac8_1765742309.jpg?x-oss-process=image/resize,m_lfit,h_800,w_800/quality,q_90
https://dkstatics-public.digikala.com/digikala-products/7b9fd7c852a6ebab4d34442a40e5d70c1a1cb414_1765741657.jpg?x-oss-process=image/resize,m_lfit,h_800,w_800/quality,q_90
https://dkstatics-public.digikala.com/digikala-products/128e0d558fb11a15c965b48948da945ad208e9bd_1762257287.jpg?x-oss-process=image/resize,m_lfit,h_800,w_800/quality,q_90","https://dkstatics-public.digikala.com/digikala-products/128e0d558fb11a15c965b48948da945ad208e9bd_1762257287.jpg?x-oss-process=image/resize,m_lfit,h_800,w_800/quality,q_90","کرمسرمه ای","نوع باتری پاوربانکلیتیوم یونیلیتیوم یونیتعداد درگاه خروجیدو عدددو عددولتاژ ورودی5، 125، 12قابلیت‌های دستگاهپشتیبانی از فناوری شارژ سریع Power Delivery (PD)پشتیبانی از فناوری شارژ سریع Power Delivery (PD)","مشخصاتمشخصات کلینوع پاوربانک (شارژر همراه)پاوربانک نوع باتری پاوربانکلیتیوم یونی مناسب برای شارژگوشی موبایل تبلت اسپیکر بلوتوثی ابعاد پاوربانک۱۲.۷x۷.۰۵x۳.۰۵ سانتی‌مترمشخصات فنیتوان خروجی تا ۳۳ وات /
مجهز به یک درگاه USB-A و USB-C /
دارای یک کابل متصل USB-C /
قابلیت شارژ همزمان سه دستگاه وزن پاوربانک۳۴۲ گرمجنس بدنهپلاستیک توضیحات جنس بدنهترکیبی از PC + ABS  قابلیت‌های مقاومتیبدون قابلیت مقاومتی اقلام همراهبدون اقلام همراه نحوه نمایش میزان شارژ باترینشانگر LED قابلیت‌های دستگاهپشتیبانی از فناوری شارژ سریع Power Delivery (PD) مشاهده بیشتر","۱۱۰۳ دیدگاه","شیائومی","پاوربانک (شارژر همراه) شیائومی","کالای دیجیتال/","لوازم جانبی کالای دیجیتال/","لوازم جانبی گوشی موبایل/","پاوربانک (شارژر همراه)"
"1771409638-287","https://www.digikala.com/search/category-mobile-accessories/?has_selling_stock=1&sort=7","پاوربانک 18 وات شیائومی مدل Redmi ظرفیت 20000 میلی آمپرساعت به همراه کابل تبدیل microUSB","۲,۲۹۹,۰۰۰","۳,۷۴۱,۹۰۰","۳۹٪","۴.۲","ارسال سریع دیجی‌کالا","","","","","","","پاوربانک 18 وات شیائومی مدل Redmi ظرفیت 20000 میلی آمپرساعت به همراه کابل تبدیل microUSBارسال سریع دیجی‌کالا
۴.۲۳۹٪۲,۲۹۹,۰۰۰۳,۷۴۱,۹۰۰","https://www.digikala.com/product/dkp-2271206/%D9%BE%D8%A7%D9%88%D8%B1%D8%A8%D8%A7%D9%86%DA%A9-18-%D9%88%D8%A7%D8%AA-%D8%B4%DB%8C%D8%A7%D8%A6%D9%88%D9%85%DB%8C-%D9%85%D8%AF%D9%84-redmi-%D8%B8%D8%B1%D9%81%DB%8C%D8%AA-20000-%D9%85%DB%8C%D9%84%DB%8C-%D8%A2%D9%85%D9%BE%D8%B1%D8%B3%D8%A7%D8%B9%D8%AA-%D8%A8%D9%87-%D9%87%D9%85%D8%B1%D8%A7%D9%87-%DA%A9%D8%A7%D8%A8%D9%84-%D8%AA%D8%A8%D8%AF%DB%8C%D9%84-microusb/","۴.۲","دیجی‌کالا","۸۶.۲%","پاوربانک 18 وات شیائومی مدل Redmi ظرفیت 20000 میلی آمپرساعت به همراه کابل تبدیل microUSB","۳۹٪","۳,۷۴۱,۹۰۰","۲,۲۹۹,۰۰۰","پاور بانک 20000 Redmi شیائومی مدل PB200LZM به همراه یک عدد کابل شارژ 25 سانتی‌متری ارائه می‌شود. این محصول با داشتن دو پورت خروجی USB و پشتیبانی از انواع پروتکل‌های شارژ سریع، بهترین همراه شما در خارج از منزل، محل کار و یا هنگام سفر خواهد بود. پاور بانک Redmi با برخورداری از شارژ هوشمند به راحتی می‌تواند به طور هم‌زمان دو دستگاه را شارژ کند. این محصول با ابعاد 27.3 × 73.6 × 150.5 میلی‌متر به راحتی قابل حمل و جابه‌جایی است. با استفاده از پاور بانک Redmi می‌توانید تمامی انواع گ ...","https://dkstatics-public.digikala.com/digikala-products/a8f1631dd6f6f7c0d615b88cf9afa7002f402427_1762156862.jpg?x-oss-process=image/resize,m_lfit,h_800,w_800/quality,q_90
https://dkstatics-public.digikala.com/digikala-products/a8f1631dd6f6f7c0d615b88cf9afa7002f402427_1762156862.jpg?x-oss-process=image/resize,m_lfit,h_800,w_800/quality,q_90
https://dkstatics-public.digikala.com/digikala-products/18a703d0cfa715521e30cccbaba09e3487a88d70_1754242325.jpg?x-oss-process=image/resize,m_lfit,h_800,w_800/quality,q_90
https://dkstatics-public.digikala.com/digikala-products/a8f1631dd6f6f7c0d615b88cf9afa7002f402427_1762156862.jpg?x-oss-process=image/resize,m_lfit,h_800,w_800/quality,q_90","https://dkstatics-public.digikala.com/digikala-products/a8f1631dd6f6f7c0d615b88cf9afa7002f402427_1762156862.jpg?x-oss-process=image/resize,m_lfit,h_800,w_800/quality,q_90","مشکی","نوع باتری پاوربانکلیتیوم یونیلیتیوم یونیتعداد درگاه خروجیدو عدددو عددولتاژ ورودی12، 5، 912، 5، 9قابلیت‌های دستگاهبدون قابلیت ویژهبدون قابلیت ویژه","مشخصاتمشخصات کلینوع پاوربانک (شارژر همراه)پاوربانک نوع باتری پاوربانکلیتیوم یونی مناسب برای شارژگوشی موبایل تبلت دوربین اسپیکر بلوتوثی ابعاد پاوربانک۱۵.۴x۷.۳۶x۲.۷۳ سانتی‌مترمشخصات فنیقابلیت شارژ سریع /
دارای قابلیت شارژ تبلت وزن پاوربانک۴۷۰ گرمجنس بدنهپلاستیک توضیحات جنس بدنهپلاستیک ABS  قابلیت‌های مقاومتیمقاوم در برابر ضربه اقلام همراهکابل شارژ نوع کابل همراهMicroUSB به USB-A نحوه نمایش میزان شارژ باترینشانگر LED قابلیت‌های دستگاهبدون قابلیت ویژه مشاهده بیشتر","۱۲۳۲۴ دیدگاه","شیائومی","پاوربانک (شارژر همراه) شیائومی","کالای دیجیتال/","لوازم جانبی کالای دیجیتال/","لوازم جانبی گوشی موبایل/","پاوربانک (شارژر همراه)"
