web_scraper_order,web_scraper_start_url,title,data,data2,data3,data4,data5,data6,image,image2,item_page_title,item_page_link,rate,Number_of_Comments,Seller_Performance_1,title_1,final price,Seller_Rating,image_3,image_7,variants,specs1,descriptiom,specs 2,bramd
"1771408498-1","https://www.digikala.com/search/category-wearable-gadget/","","","","","","","","","","","","","","","","","","","","","","","",""
"1771408498-2","https://www.digikala.com/search/category-wearable-gadget/","","","","","","","","","","","","","","","","","","","","","","","",""
"1771408498-3","https://www.digikala.com/search/category-wearable-gadget/","","","","","","","","","","","","","","","","","","","","","","","",""
"1771408498-4","https://www.digikala.com/search/category-wearable-gadget/","","","","","","","","","","","","","","","","","","","","","","","",""
"1771408498-5","https://www.digikala.com/search/category-wearable-gadget/","","","","","","","","","","","","","","","","","","","","","","","",""
"1771408498-6","https://www.digikala.com/search/category-wearable-gadget/","","","","","","","","","","","","","","","","","","","","","","","",""
"1771408498-7","https://www.digikala.com/search/category-wearable-gadget/","","","","","","","","","","","","","","","","","","","","","","","",""
"1771408498-8","https://www.digikala.com/search/category-wearable-gadget/","","","","","","","","","","","","","","","","","","","","","","","",""
"1771408498-9","https://www.digikala.com/search/category-wearable-gadget/","","","","","","","","","","","","","","","","","","","","","","","",""
"1771408498-10","https://www.digikala.com/search/category-wearable-gadget/","","","","","","","","","","","","","","","","","","","","","","","",""
"1771408498-11","https://www.digikala.com/search/category-wearable-gadget/","","","","","","","","","","","","","","","","","","","","","","","",""
"1771408498-12","https://www.digikala.com/search/category-wearable-gadget/","","","","","","","","","","","","","","","","","","","","","","","",""
"1771408498-13","https://www.digikala.com/search/category-wearable-gadget/","","","","","","","","","","","","","","","","","","","","","","","",""
"1771408498-14","https://www.digikala.com/search/category-wearable-gadget/","","","","","","","","","","","","","","","","","","","","","","","",""
"1771408498-15","https://www.digikala.com/search/category-wearable-gadget/","","","","","","","","","","","","","","","","","","","","","","","",""
"1771408498-16","https://www.digikala.com/search/category-wearable-gadget/","","","","","","","","","","","","","","","","","","","","","","","",""
"1771408498-17","https://www.digikala.com/search/category-wearable-gadget/","","","","","","","","","","","","","","","","","","","","","","","",""
"1771408498-18","https://www.digikala.com/search/category-wearable-gadget/","","","","","","","","","","","","","","","","","","","","","","","",""
"1771408498-19","https://www.digikala.com/search/category-wearable-gadget/","","","","","","","","","","","","","","","","","","","","","","","",""
"1771408498-20","https://www.digikala.com/search/category-wearable-gadget/","","","","","","","","","","","","","","","","","","","","","","","",""
"1771408498-21","https://www.digikala.com/search/category-wearable-gadget/","","","","","","","","","","","","","","","","","","","","","","","",""
"1771408498-22","https://www.digikala.com/search/category-wearable-gadget/","","","","","","","","","","","","","","","","","","","","","","","",""
"1771408498-23","https://www.digikala.com/search/category-wearable-gadget/","","","","","","","","","","","","","","","","","","","","","","","",""
"1771408498-24","https://www.digikala.com/search/category-wearable-gadget/","","","","","","","","","","","","","","","","","","","","","","","",""
"1771408498-25","https://www.digikala.com/search/category-wearable-gadget/","","","","","","","","","","","","","","","","","","","","","","","",""
"1771408498-26","https://www.digikala.com/search/category-wearable-gadget/","","","","","","","","","","","","","","","","","","","","","","","",""
"1771408498-27","https://www.digikala.com/search/category-wearable-gadget/","","","","","","","","","","","","","","","","","","","","","","","",""
"1771408498-28","https://www.digikala.com/search/category-wearable-gadget/","","","","","","","","","","","","","","","","","","","","","","","",""
"1771408498-29","https://www.digikala.com/search/category-wearable-gadget/","","","","","","","","","","","","","","","","","","","","","","","",""
"1771408498-30","https://www.digikala.com/search/category-wearable-gadget/","","","","","","","","","","","","","","","","","","","","","","","",""
"1771408498-31","https://www.digikala.com/search/category-wearable-gadget/","","","","","","","","","","","","","","","","","","","","","","","",""
"1771408498-32","https://www.digikala.com/search/category-wearable-gadget/","","","","","","","","","","","","","","","","","","","","","","","",""
"1771408498-33","https://www.digikala.com/search/category-wearable-gadget/","","","","","","","","","","","","","","","","","","","","","","","",""
"1771408498-34","https://www.digikala.com/search/category-wearable-gadget/","","","","","","","","","","","","","","","","","","","","","","","",""
"1771408498-35","https://www.digikala.com/search/category-wearable-gadget/","","","","","","","","","","","","","","","","","","","","","","","",""
"1771408498-36","https://www.digikala.com/search/category-wearable-gadget/","","","","","","","","","","","","","","","","","","","","","","","",""
"1771408498-37","https://www.digikala.com/search/category-wearable-gadget/","","","","","","","","","","","","","","","","","","","","","","","",""
"1771408498-38","https://www.digikala.com/search/category-wearable-gadget/","","","","","","","","","","","","","","","","","","","","","","","",""
"1771408498-39","https://www.digikala.com/search/category-wearable-gadget/","","","","","","","","","","","","","","","","","","","","","","","",""
"1771408498-40","https://www.digikala.com/search/category-wearable-gadget/","","","","","","","","","","","","","","","","","","","","","","","",""
"1771408498-41","https://www.digikala.com/search/category-wearable-gadget/","","","","","","","","","","","","","","","","","","","","","","","",""
"1771408498-42","https://www.digikala.com/search/category-wearable-gadget/","","","","","","","","","","","","","","","","","","","","","","","",""
"1771408498-43","https://www.digikala.com/search/category-wearable-gadget/","","","","","","","","","","","","","","","","","","","","","","","",""
"1771408498-44","https://www.digikala.com/search/category-wearable-gadget/","","","","","","","","","","","","","","","","","","","","","","","",""
"1771408498-45","https://www.digikala.com/search/category-wearable-gadget/","","","","","","","","","","","","","","","","","","","","","","","",""
"1771408498-46","https://www.digikala.com/search/category-wearable-gadget/","","","","","","","","","","","","","","","","","","","","","","","",""
"1771408498-47","https://www.digikala.com/search/category-wearable-gadget/","","","","","","","","","","","","","","","","","","","","","","","",""
"1771408498-48","https://www.digikala.com/search/category-wearable-gadget/","","","","","","","","","","","","","","","","","","","","","","","",""
"1771408498-49","https://www.digikala.com/search/category-wearable-gadget/","","","","","","","","","","","","","","","","","","","","","","","",""
"1771408498-50","https://www.digikala.com/search/category-wearable-gadget/","","","","","","","","","","","","","","","","","","","","","","","",""
"1771408498-51","https://www.digikala.com/search/category-wearable-gadget/","","","","","","","","","","","","","","","","","","","","","","","",""
"1771408498-52","https://www.digikala.com/search/category-wearable-gadget/","","","","","","","","","","","","","","","","","","","","","","","",""
"1771408498-53","https://www.digikala.com/search/category-wearable-gadget/","","","","","","","","","","","","","","","","","","","","","","","",""
"1771408498-54","https://www.digikala.com/search/category-wearable-gadget/","","","","","","","","","","","","","","","","","","","","","","","",""
"1771408498-55","https://www.digikala.com/search/category-wearable-gadget/","","","","","","","","","","","","","","","","","","","","","","","",""
"1771408498-56","https://www.digikala.com/search/category-wearable-gadget/","","","","","","","","","","","","","","","","","","","","","","","",""
"1771408498-57","https://www.digikala.com/search/category-wearable-gadget/","","","","","","","","","","","","","","","","","","","","","","","",""
"1771408498-58","https://www.digikala.com/search/category-wearable-gadget/","","","","","","","","","","","","","","","","","","","","","","","",""
"1771408498-59","https://www.digikala.com/search/category-wearable-gadget/","","","","","","","","","","","","","","","","","","","","","","","",""
"1771408498-60","https://www.digikala.com/search/category-wearable-gadget/","","","","","","","","","","","","","","","","","","","","","","","",""
"1771408498-61","https://www.digikala.com/search/category-wearable-gadget/","","","","","","","","","","","","","","","","","","","","","","","",""
"1771408498-62","https://www.digikala.com/search/category-wearable-gadget/","","","","","","","","","","","","","","","","","","","","","","","",""
"1771408498-63","https://www.digikala.com/search/category-wearable-gadget/","","","","","","","","","","","","","","","","","","","","","","","",""
"1771408498-64","https://www.digikala.com/search/category-wearable-gadget/","","","","","","","","","","","","","","","","","","","","","","","",""
"1771408498-65","https://www.digikala.com/search/category-wearable-gadget/","","","","","","","","","","","","","","","","","","","","","","","",""
"1771408498-66","https://www.digikala.com/search/category-wearable-gadget/","","","","","","","","","","","","","","","","","","","","","","","",""
"1771408498-67","https://www.digikala.com/search/category-wearable-gadget/","","","","","","","","","","","","","","","","","","","","","","","",""
"1771408498-68","https://www.digikala.com/search/category-wearable-gadget/","","","","","","","","","","","","","","","","","","","","","","","",""
"1771408498-69","https://www.digikala.com/search/category-wearable-gadget/","","","","","","","","","","","","","","","","","","","","","","","",""
"1771408498-70","https://www.digikala.com/search/category-wearable-gadget/","","","","","","","","","","","","","","","","","","","","","","","",""
"1771408498-71","https://www.digikala.com/search/category-wearable-gadget/","","","","","","","","","","","","","","","","","","","","","","","",""
"1771408498-72","https://www.digikala.com/search/category-wearable-gadget/","","","","","","","","","","","","","","","","","","","","","","","",""
"1771408498-73","https://www.digikala.com/search/category-wearable-gadget/","","","","","","","","","","","","","","","","","","","","","","","",""
"1771408498-74","https://www.digikala.com/search/category-wearable-gadget/","","","","","","","","","","","","","","","","","","","","","","","",""
"1771408498-75","https://www.digikala.com/search/category-wearable-gadget/","","","","","","","","","","","","","","","","","","","","","","","",""
"1771408498-76","https://www.digikala.com/search/category-wearable-gadget/","","","","","","","","","","","","","","","","","","","","","","","",""
"1771408498-77","https://www.digikala.com/search/category-wearable-gadget/","","","","","","","","","","","","","","","","","","","","","","","",""
"1771408498-78","https://www.digikala.com/search/category-wearable-gadget/","","","","","","","","","","","","","","","","","","","","","","","",""
"1771408498-79","https://www.digikala.com/search/category-wearable-gadget/","","","","","","","","","","","","","","","","","","","","","","","",""
"1771408498-80","https://www.digikala.com/search/category-wearable-gadget/","","","","","","","","","","","","","","","","","","","","","","","",""
"1771408498-81","https://www.digikala.com/search/category-wearable-gadget/","","","","","","","","","","","","","","","","","","","","","","","",""
"1771408498-82","https://www.digikala.com/search/category-wearable-gadget/","","","","","","","","","","","","","","","","","","","","","","","",""
"1771408498-83","https://www.digikala.com/search/category-wearable-gadget/","","","","","","","","","","","","","","","","","","","","","","","",""
"1771408498-84","https://www.digikala.com/search/category-wearable-gadget/","","","","","","","","","","","","","","","","","","","","","","","",""
"1771408498-85","https://www.digikala.com/search/category-wearable-gadget/","","","","","","","","","","","","","","","","","","","","","","","",""
"1771408498-86","https://www.digikala.com/search/category-wearable-gadget/","","","","","","","","","","","","","","","","","","","","","","","",""
"1771408498-87","https://www.digikala.com/search/category-wearable-gadget/","","","","","","","","","","","","","","","","","","","","","","","",""
"1771408498-88","https://www.digikala.com/search/category-wearable-gadget/","","","","","","","","","","","","","","","","","","","","","","","",""
"1771408498-89","https://www.digikala.com/search/category-wearable-gadget/","","","","","","","","","","","","","","","","","","","","","","","",""
"1771408498-90","https://www.digikala.com/search/category-wearable-gadget/","","","","","","","","","","","","","","","","","","","","","","","",""
"1771408498-91","https://www.digikala.com/search/category-wearable-gadget/","","","","","","","","","","","","","","","","","","","","","","","",""
"1771408498-92","https://www.digikala.com/search/category-wearable-gadget/","","","","","","","","","","","","","","","","","","","","","","","",""
"1771408498-93","https://www.digikala.com/search/category-wearable-gadget/","","","","","","","","","","","","","","","","","","","","","","","",""
"1771408498-94","https://www.digikala.com/search/category-wearable-gadget/","","","","","","","","","","","","","","","","","","","","","","","",""
"1771408498-95","https://www.digikala.com/search/category-wearable-gadget/","","","","","","","","","","","","","","","","","","","","","","","",""
"1771408498-96","https://www.digikala.com/search/category-wearable-gadget/","","","","","","","","","","","","","","","","","","","","","","","",""
"1771408498-97","https://www.digikala.com/search/category-wearable-gadget/","","","","","","","","","","","","","","","","","","","","","","","",""
"1771408498-98","https://www.digikala.com/search/category-wearable-gadget/","","","","","","","","","","","","","","","","","","","","","","","",""
"1771408498-99","https://www.digikala.com/search/category-wearable-gadget/","","","","","","","","","","","","","","","","","","","","","","","",""
"1771408498-100","https://www.digikala.com/search/category-wearable-gadget/","","","","","","","","","","","","","","","","","","","","","","","",""
"1771408498-101","https://www.digikala.com/search/category-wearable-gadget/","","","","","","","","","","","","","","","","","","","","","","","",""
"1771408498-102","https://www.digikala.com/search/category-wearable-gadget/","","","","","","","","","","","","","","","","","","","","","","","",""
"1771408498-103","https://www.digikala.com/search/category-wearable-gadget/","","","","","","","","","","","","","","","","","","","","","","","",""
"1771408498-104","https://www.digikala.com/search/category-wearable-gadget/","","","","","","","","","","","","","","","","","","","","","","","",""
"1771408498-105","https://www.digikala.com/search/category-wearable-gadget/","","","","","","","","","","","","","","","","","","","","","","","",""
"1771408498-106","https://www.digikala.com/search/category-wearable-gadget/","","","","","","","","","","","","","","","","","","","","","","","",""
"1771408498-107","https://www.digikala.com/search/category-wearable-gadget/","","","","","","","","","","","","","","","","","","","","","","","",""
"1771408498-108","https://www.digikala.com/search/category-wearable-gadget/","","","","","","","","","","","","","","","","","","","","","","","",""
"1771408498-109","https://www.digikala.com/search/category-wearable-gadget/","","","","","","","","","","","","","","","","","","","","","","","",""
"1771408498-110","https://www.digikala.com/search/category-wearable-gadget/","","","","","","","","","","","","","","","","","","","","","","","",""
"1771408498-111","https://www.digikala.com/search/category-wearable-gadget/","","","","","","","","","","","","","","","","","","","","","","","",""
"1771408498-112","https://www.digikala.com/search/category-wearable-gadget/","","","","","","","","","","","","","","","","","","","","","","","",""
"1771408498-113","https://www.digikala.com/search/category-wearable-gadget/","","","","","","","","","","","","","","","","","","","","","","","",""
"1771408498-114","https://www.digikala.com/search/category-wearable-gadget/","","","","","","","","","","","","","","","","","","","","","","","",""
"1771408498-115","https://www.digikala.com/search/category-wearable-gadget/","","","","","","","","","","","","","","","","","","","","","","","",""
"1771408498-116","https://www.digikala.com/search/category-wearable-gadget/","","","","","","","","","","","","","","","","","","","","","","","",""
"1771408498-117","https://www.digikala.com/search/category-wearable-gadget/","","","","","","","","","","","","","","","","","","","","","","","",""
"1771408498-118","https://www.digikala.com/search/category-wearable-gadget/","","","","","","","","","","","","","","","","","","","","","","","",""
"1771408498-119","https://www.digikala.com/search/category-wearable-gadget/","","","","","","","","","","","","","","","","","","","","","","","",""
"1771408498-120","https://www.digikala.com/search/category-wearable-gadget/","","","","","","","","","","","","","","","","","","","","","","","",""
"1771408498-121","https://www.digikala.com/search/category-wearable-gadget/","","","","","","","","","","","","","","","","","","","","","","","",""
"1771408498-122","https://www.digikala.com/search/category-wearable-gadget/","","","","","","","","","","","","","","","","","","","","","","","",""
"1771408498-123","https://www.digikala.com/search/category-wearable-gadget/","","","","","","","","","","","","","","","","","","","","","","","",""
"1771408498-124","https://www.digikala.com/search/category-wearable-gadget/","","","","","","","","","","","","","","","","","","","","","","","",""
"1771408498-125","https://www.digikala.com/search/category-wearable-gadget/","","","","","","","","","","","","","","","","","","","","","","","",""
"1771408498-126","https://www.digikala.com/search/category-wearable-gadget/","","","","","","","","","","","","","","","","","","","","","","","",""
"1771408498-127","https://www.digikala.com/search/category-wearable-gadget/","","","","","","","","","","","","","","","","","","","","","","","",""
"1771408498-128","https://www.digikala.com/search/category-wearable-gadget/","","","","","","","","","","","","","","","","","","","","","","","",""
"1771408498-129","https://www.digikala.com/search/category-wearable-gadget/","","","","","","","","","","","","","","","","","","","","","","","",""
"1771408498-130","https://www.digikala.com/search/category-wearable-gadget/","","","","","","","","","","","","","","","","","","","","","","","",""
"1771408498-131","https://www.digikala.com/search/category-wearable-gadget/","","","","","","","","","","","","","","","","","","","","","","","",""
"1771408498-132","https://www.digikala.com/search/category-wearable-gadget/","","","","","","","","","","","","","","","","","","","","","","","",""
"1771408498-133","https://www.digikala.com/search/category-wearable-gadget/","","","","","","","","","","","","","","","","","","","","","","","",""
"1771408498-134","https://www.digikala.com/search/category-wearable-gadget/","","","","","","","","","","","","","","","","","","","","","","","",""
"1771408498-135","https://www.digikala.com/search/category-wearable-gadget/","","","","","","","","","","","","","","","","","","","","","","","",""
"1771408498-136","https://www.digikala.com/search/category-wearable-gadget/","","","","","","","","","","","","","","","","","","","","","","","",""
"1771408498-137","https://www.digikala.com/search/category-wearable-gadget/","","","","","","","","","","","","","","","","","","","","","","","",""
"1771408498-138","https://www.digikala.com/search/category-wearable-gadget/","","","","","","","","","","","","","","","","","","","","","","","",""
"1771408498-139","https://www.digikala.com/search/category-wearable-gadget/","","","","","","","","","","","","","","","","","","","","","","","",""
"1771408498-140","https://www.digikala.com/search/category-wearable-gadget/","","","","","","","","","","","","","","","","","","","","","","","",""
"1771408498-141","https://www.digikala.com/search/category-wearable-gadget/","","","","","","","","","","","","","","","","","","","","","","","",""
"1771408498-142","https://www.digikala.com/search/category-wearable-gadget/","","","","","","","","","","","","","","","","","","","","","","","",""
"1771408498-143","https://www.digikala.com/search/category-wearable-gadget/","","","","","","","","","","","","","","","","","","","","","","","",""
"1771408498-144","https://www.digikala.com/search/category-wearable-gadget/","","","","","","","","","","","","","","","","","","","","","","","",""
"1771408498-145","https://www.digikala.com/search/category-wearable-gadget/","","","","","","","","","","","","","","","","","","","","","","","",""
"1771408498-146","https://www.digikala.com/search/category-wearable-gadget/","","","","","","","","","","","","","","","","","","","","","","","",""
"1771408498-147","https://www.digikala.com/search/category-wearable-gadget/","","","","","","","","","","","","","","","","","","","","","","","",""
"1771408498-148","https://www.digikala.com/search/category-wearable-gadget/","","","","","","","","","","","","","","","","","","","","","","","",""
"1771408498-149","https://www.digikala.com/search/category-wearable-gadget/","","","","","","","","","","","","","","","","","","","","","","","",""
"1771408498-150","https://www.digikala.com/search/category-wearable-gadget/","","","","","","","","","","","","","","","","","","","","","","","",""
"1771408498-151","https://www.digikala.com/search/category-wearable-gadget/","","","","","","","","","","","","","","","","","","","","","","","",""
"1771408498-152","https://www.digikala.com/search/category-wearable-gadget/","","","","","","","","","","","","","","","","","","","","","","","",""
"1771408498-153","https://www.digikala.com/search/category-wearable-gadget/","","","","","","","","","","","","","","","","","","","","","","","",""
"1771408498-154","https://www.digikala.com/search/category-wearable-gadget/","","","","","","","","","","","","","","","","","","","","","","","",""
"1771408498-155","https://www.digikala.com/search/category-wearable-gadget/","","","","","","","","","","","","","","","","","","","","","","","",""
"1771408498-156","https://www.digikala.com/search/category-wearable-gadget/","","","","","","","","","","","","","","","","","","","","","","","",""
"1771408498-157","https://www.digikala.com/search/category-wearable-gadget/","","","","","","","","","","","","","","","","","","","","","","","",""
"1771408498-158","https://www.digikala.com/search/category-wearable-gadget/","","","","","","","","","","","","","","","","","","","","","","","",""
"1771408498-159","https://www.digikala.com/search/category-wearable-gadget/","","","","","","","","","","","","","","","","","","","","","","","",""
"1771408498-160","https://www.digikala.com/search/category-wearable-gadget/","","","","","","","","","","","","","","","","","","","","","","","",""
"1771408498-161","https://www.digikala.com/search/category-wearable-gadget/","","","","","","","","","","","","","","","","","","","","","","","",""
"1771408498-162","https://www.digikala.com/search/category-wearable-gadget/","","","","","","","","","","","","","","","","","","","","","","","",""
"1771408498-163","https://www.digikala.com/search/category-wearable-gadget/","","","","","","","","","","","","","","","","","","","","","","","",""
"1771408498-164","https://www.digikala.com/search/category-wearable-gadget/","","","","","","","","","","","","","","","","","","","","","","","",""
"1771408498-165","https://www.digikala.com/search/category-wearable-gadget/","","","","","","","","","","","","","","","","","","","","","","","",""
"1771408498-166","https://www.digikala.com/search/category-wearable-gadget/","","","","","","","","","","","","","","","","","","","","","","","",""
"1771408498-167","https://www.digikala.com/search/category-wearable-gadget/","","","","","","","","","","","","","","","","","","","","","","","",""
"1771408498-168","https://www.digikala.com/search/category-wearable-gadget/","","","","","","","","","","","","","","","","","","","","","","","",""
"1771408498-169","https://www.digikala.com/search/category-wearable-gadget/","","","","","","","","","","","","","","","","","","","","","","","",""
"1771408498-170","https://www.digikala.com/search/category-wearable-gadget/","","","","","","","","","","","","","","","","","","","","","","","",""
"1771408498-171","https://www.digikala.com/search/category-wearable-gadget/","","","","","","","","","","","","","","","","","","","","","","","",""
"1771408498-172","https://www.digikala.com/search/category-wearable-gadget/","","","","","","","","","","","","","","","","","","","","","","","",""
"1771408498-173","https://www.digikala.com/search/category-wearable-gadget/","","","","","","","","","","","","","","","","","","","","","","","",""
"1771408498-174","https://www.digikala.com/search/category-wearable-gadget/","","","","","","","","","","","","","","","","","","","","","","","",""
"1771408498-175","https://www.digikala.com/search/category-wearable-gadget/","","","","","","","","","","","","","","","","","","","","","","","",""
"1771408498-176","https://www.digikala.com/search/category-wearable-gadget/","","","","","","","","","","","","","","","","","","","","","","","",""
"1771408498-177","https://www.digikala.com/search/category-wearable-gadget/","","","","","","","","","","","","","","","","","","","","","","","",""
"1771408498-178","https://www.digikala.com/search/category-wearable-gadget/","","","","","","","","","","","","","","","","","","","","","","","",""
"1771408498-179","https://www.digikala.com/search/category-wearable-gadget/","","","","","","","","","","","","","","","","","","","","","","","",""
"1771408498-180","https://www.digikala.com/search/category-wearable-gadget/","","","","","","","","","","","","","","","","","","","","","","","",""
"1771408498-181","https://www.digikala.com/search/category-wearable-gadget/","","","","","","","","","","","","","","","","","","","","","","","",""
"1771408498-182","https://www.digikala.com/search/category-wearable-gadget/","","","","","","","","","","","","","","","","","","","","","","","",""
"1771408498-183","https://www.digikala.com/search/category-wearable-gadget/","","","","","","","","","","","","","","","","","","","","","","","",""
"1771408498-184","https://www.digikala.com/search/category-wearable-gadget/","","","","","","","","","","","","","","","","","","","","","","","",""
"1771408498-185","https://www.digikala.com/search/category-wearable-gadget/","","","","","","","","","","","","","","","","","","","","","","","",""
"1771408498-186","https://www.digikala.com/search/category-wearable-gadget/","","","","","","","","","","","","","","","","","","","","","","","",""
"1771408498-187","https://www.digikala.com/search/category-wearable-gadget/","","","","","","","","","","","","","","","","","","","","","","","",""
"1771408498-188","https://www.digikala.com/search/category-wearable-gadget/","","","","","","","","","","","","","","","","","","","","","","","",""
"1771408498-189","https://www.digikala.com/search/category-wearable-gadget/","","","","","","","","","","","","","","","","","","","","","","","",""
"1771408498-190","https://www.digikala.com/search/category-wearable-gadget/","","","","","","","","","","","","","","","","","","","","","","","",""
"1771408498-191","https://www.digikala.com/search/category-wearable-gadget/","","","","","","","","","","","","","","","","","","","","","","","",""
"1771408498-192","https://www.digikala.com/search/category-wearable-gadget/","","","","","","","","","","","","","","","","","","","","","","","",""
"1771408498-193","https://www.digikala.com/search/category-wearable-gadget/","","","","","","","","","","","","","","","","","","","","","","","",""
"1771408498-194","https://www.digikala.com/search/category-wearable-gadget/","","","","","","","","","","","","","","","","","","","","","","","",""
"1771408498-195","https://www.digikala.com/search/category-wearable-gadget/","","","","","","","","","","","","","","","","","","","","","","","",""
"1771408498-196","https://www.digikala.com/search/category-wearable-gadget/","","","","","","","","","","","","","","","","","","","","","","","",""
"1771408498-197","https://www.digikala.com/search/category-wearable-gadget/","","","","","","","","","","","","","","","","","","","","","","","",""
"1771408498-198","https://www.digikala.com/search/category-wearable-gadget/","","","","","","","","","","","","","","","","","","","","","","","",""
"1771408498-199","https://www.digikala.com/search/category-wearable-gadget/","","","","","","","","","","","","","","","","","","","","","","","",""
"1771408498-200","https://www.digikala.com/search/category-wearable-gadget/","","","","","","","","","","","","","","","","","","","","","","","",""
"1771408498-201","https://www.digikala.com/search/category-wearable-gadget/","","","","","","","","","","","","","","","","","","","","","","","",""
"1771408498-202","https://www.digikala.com/search/category-wearable-gadget/","","","","","","","","","","","","","","","","","","","","","","","",""
"1771408498-203","https://www.digikala.com/search/category-wearable-gadget/","","","","","","","","","","","","","","","","","","","","","","","",""
"1771408498-204","https://www.digikala.com/search/category-wearable-gadget/","","","","","","","","","","","","","","","","","","","","","","","",""
"1771408498-205","https://www.digikala.com/search/category-wearable-gadget/","","","","","","","","","","","","","","","","","","","","","","","",""
"1771408498-206","https://www.digikala.com/search/category-wearable-gadget/","","","","","","","","","","","","","","","","","","","","","","","",""
"1771408498-207","https://www.digikala.com/search/category-wearable-gadget/","","","","","","","","","","","","","","","","","","","","","","","",""
"1771408498-208","https://www.digikala.com/search/category-wearable-gadget/","","","","","","","","","","","","","","","","","","","","","","","",""
"1771408498-209","https://www.digikala.com/search/category-wearable-gadget/","","","","","","","","","","","","","","","","","","","","","","","",""
"1771408498-210","https://www.digikala.com/search/category-wearable-gadget/","","","","","","","","","","","","","","","","","","","","","","","",""
"1771408498-211","https://www.digikala.com/search/category-wearable-gadget/","","","","","","","","","","","","","","","","","","","","","","","",""
"1771408498-212","https://www.digikala.com/search/category-wearable-gadget/","","","","","","","","","","","","","","","","","","","","","","","",""
"1771408498-213","https://www.digikala.com/search/category-wearable-gadget/","","","","","","","","","","","","","","","","","","","","","","","",""
"1771408498-214","https://www.digikala.com/search/category-wearable-gadget/","","","","","","","","","","","","","","","","","","","","","","","",""
"1771408498-215","https://www.digikala.com/search/category-wearable-gadget/","","","","","","","","","","","","","","","","","","","","","","","",""
"1771408498-216","https://www.digikala.com/search/category-wearable-gadget/","","","","","","","","","","","","","","","","","","","","","","","",""
"1771408498-217","https://www.digikala.com/search/category-wearable-gadget/","","","","","","","","","","","","","","","","","","","","","","","",""
"1771408498-218","https://www.digikala.com/search/category-wearable-gadget/","","","","","","","","","","","","","","","","","","","","","","","",""
"1771408498-219","https://www.digikala.com/search/category-wearable-gadget/","","","","","","","","","","","","","","","","","","","","","","","",""
"1771408498-220","https://www.digikala.com/search/category-wearable-gadget/","","","","","","","","","","","","","","","","","","","","","","","",""
"1771408498-221","https://www.digikala.com/search/category-wearable-gadget/","","","","","","","","","","","","","","","","","","","","","","","",""
"1771408498-222","https://www.digikala.com/search/category-wearable-gadget/","","","","","","","","","","","","","","","","","","","","","","","",""
"1771408498-223","https://www.digikala.com/search/category-wearable-gadget/","","","","","","","","","","","","","","","","","","","","","","","",""
"1771408498-224","https://www.digikala.com/search/category-wearable-gadget/","","","","","","","","","","","","","","","","","","","","","","","",""
"1771408498-225","https://www.digikala.com/search/category-wearable-gadget/","","","","","","","","","","","","","","","","","","","","","","","",""
"1771408498-226","https://www.digikala.com/search/category-wearable-gadget/","","","","","","","","","","","","","","","","","","","","","","","",""
"1771408498-227","https://www.digikala.com/search/category-wearable-gadget/","","","","","","","","","","","","","","","","","","","","","","","",""
"1771408498-228","https://www.digikala.com/search/category-wearable-gadget/","","","","","","","","","","","","","","","","","","","","","","","",""
"1771408498-229","https://www.digikala.com/search/category-wearable-gadget/","","","","","","","","","","","","","","","","","","","","","","","",""
"1771408501-230","https://www.digikala.com/search/category-wearable-gadget/","ساعت هوشمند ویسمی مدل WISME-1","۱,۸۶۹,۰۰۰","","","۳.۷","تنها ۳ عدد در انبار باقی مانده","","","","ساعت هوشمند ویسمی مدل WISME-1تنها ۳ عدد در انبار باقی مانده
۳.۷۱,۸۶۹,۰۰۰","https://www.digikala.com/product/dkp-17994176/%D8%B3%D8%A7%D8%B9%D8%AA-%D9%87%D9%88%D8%B4%D9%85%D9%86%D8%AF-%D9%88%DB%8C%D8%B3%D9%85%DB%8C-%D9%85%D8%AF%D9%84-wisme-1/","۳.۷","۲ دیدگاه","عالی","ساعت هوشمند ویسمی مدل WISME-1","۱,۸۵۹,۰۰۰","","https://dkstatics-public.digikala.com/digikala-products/632645e57b8d0d8e84f18a29b3ea2720baa8c8d7_1736673239.jpg?x-oss-process=image/resize,m_lfit,h_800,w_800/quality,q_90
https://dkstatics-public.digikala.com/digikala-products/8a8094d38f8e89d7927f2778ea55fbb6cf5de8e8_1736673100.jpg?x-oss-process=image/resize,m_lfit,h_800,w_800/quality,q_90
https://dkstatics-public.digikala.com/digikala-products/a972c85334388511d6fd7e270717b6038d5dde2f_1736673098.jpg?x-oss-process=image/resize,m_lfit,h_800,w_800/quality,q_90
https://dkstatics-public.digikala.com/digikala-products/632645e57b8d0d8e84f18a29b3ea2720baa8c8d7_1736673239.jpg?x-oss-process=image/resize,m_lfit,h_800,w_800/quality,q_90","https://dkstatics-public.digikala.com/digikala-products/632645e57b8d0d8e84f18a29b3ea2720baa8c8d7_1736673239.jpg?x-oss-process=image/resize,m_lfit,h_800,w_800/quality,q_90","نقره ایمشکی","ویژگی‌هانوع کاربریروزمرهروزمرهفرم صفحهدایرهدایرهجنس بندسیلیکونسیلیکونمشاهده همه ویژگی‌ها","ساعت هوشمند WISME-1 با طراحی جذاب و امکانات متنوع، یک ابزار کامل برای کاربران پرمشغله و علاقه‌مندان به فناوری پوشیدنی محسوب می‌شود. این ساعت با صفحه‌نمایش بزرگ 1.62 اینچی و شیشه منحنی، ترکیبی از زیبایی و کارایی را ارائه می‌دهد. با قابلیت‌های متنوع مانند نمایش وضعیت آب‌وهوا، کنترل تماس‌ها، ارسال پیام، پایش خواب، حالت‌های ورزشی ، WISME-1 گزینه‌ای ایده‌آل برای زندگی روزمره است. این ساعت شامل ویژگی‌های کلیدی نظیر صفحه‌نمایش فول‌اسکرین با وضوح بالا و طراحی منحنی است که تجربه بصری  ...","مشخصاتنوع کاربریروزمره قابلیت‌های ساعت هوشمندصفحه نمایش رنگی صفحه نمایش لمسی فرم صفحهدایره جنس بدنهفلز قابلیت تعویض بنددارد جنس بندسیلیکون نوع قفل بندسگکی ساده اندازه صفحه نمایش۴۹ اینچ","ویسمی"
"1771408503-231","https://www.digikala.com/search/category-wearable-gadget/","ساعت هوشمند آریو مدل WA49 Ultra به همراه هفت بند","۳,۲۰۰,۰۰۰","","","۴","تنها ۱ عدد در انبار باقی مانده","","","","ساعت هوشمند آریو مدل WA49 Ultra به همراه هفت بندتنها ۱ عدد در انبار باقی مانده
۴۳,۲۰۰,۰۰۰","https://www.digikala.com/product/dkp-19104872/%D8%B3%D8%A7%D8%B9%D8%AA-%D9%87%D9%88%D8%B4%D9%85%D9%86%D8%AF-%D8%A2%D8%B1%DB%8C%D9%88-%D9%85%D8%AF%D9%84-wa49-ultra-%D8%A8%D9%87-%D9%87%D9%85%D8%B1%D8%A7%D9%87-%D9%87%D9%81%D8%AA-%D8%A8%D9%86%D8%AF/","۴","۲۳۷ دیدگاه","عالی","ساعت هوشمند آریو مدل WA49 Ultra به همراه هفت بند","۳,۱۰۰,۰۰۰","","https://dkstatics-public.digikala.com/digikala-products/b9b30075189d610ca002ff8f4c9bd37aeeacad52_1765377837.jpg?x-oss-process=image/resize,m_lfit,h_800,w_800/quality,q_90
https://dkstatics-public.digikala.com/digikala-products/f50aa2c0678eb493ca8f7640134db07daab1e43d_1745998453.jpg?x-oss-process=image/resize,m_lfit,h_800,w_800/quality,q_90
https://dkstatics-public.digikala.com/digikala-products/9b1a212455f333adb4980a3a56a0dbbcb6572e00_1745998436.jpg?x-oss-process=image/resize,m_lfit,h_800,w_800/quality,q_90
https://dkstatics-public.digikala.com/digikala-products/b9b30075189d610ca002ff8f4c9bd37aeeacad52_1765377837.jpg?x-oss-process=image/resize,m_lfit,h_800,w_800/quality,q_90","https://dkstatics-public.digikala.com/digikala-products/b9b30075189d610ca002ff8f4c9bd37aeeacad52_1765377837.jpg?x-oss-process=image/resize,m_lfit,h_800,w_800/quality,q_90","مشکیتیتانیومی","ویژگی‌هانوع کاربریورزشی، رسمی، روزمرهورزشی، رسمی، روزمرهفرم صفحهمستطیلمستطیلجنس بندفلزفلزمشاهده همه ویژگی‌ها","ساعت هوشمند AW49 برند آریو
ساعت‌های هوشمند امروزه به یکی از جذاب‌ترین گجت‌های دنیای فناوری تبدیل شده‌اند. برند آریو با سال‌ها تجربه در حوزه‌ی کالاهای دیجیتال، محصولی خاص و کاربردی به نام AW49 را به بازار عرضه کرده است. این ساعت هوشمند با طراحی چشم‌نواز، امکانات متنوع و قیمت اقتصادی، انتخابی هوشمندانه برای کاربران سخت‌پسند به شمار می‌رود.

از جمله قابلیت‌های AW49 می‌توان به موارد زیر اشاره کرد:

قابلیت مکالمه و پخش موسیقی: این ساعت به اسپیکر و میکروفون داخلی مجهز شده و امکان م ...","مشخصاتمناسب برایکاربری عمومی سازگار با سیستم عاملAndroid iOS توضیحات سازگاریسازگار با اندروید و IOS زبان‌های قابل پشتیبانی در اعلان و پیامفارسی انگلیسی هشدار هااز قرار دادن ساعت در محیط‌هایی با رطوبت بالا، دمای بسیار بالا یا بسیار پایین خودداری کنید.
 از خراشیدن سنسور خودداری کرده و از آن در برابر آسیب محافظت کنید.
۲. برای تمیز کردن سطح ساعت، می‌توانید از یک پارچه مرطوب استفاده کنید. در صورت نیاز به تمیز کردن روغن یا گرد و غبار، از آب ملایم کمک بگیرید.
 ساعت را در معرض مواد شیمیایی قوی مانند بنزین، حلال‌های پاک‌کننده، پروپانول، الکل یا مواد دافع حشرات قرار ندهید، زیرا این مواد می‌توانند به آب‌بندی ساعت و سطح بدنه آسیب برسانند.
 از ضربه‌های شدید و قرار گرفتن در معرض حرارت بالا خودداری کنید.
مقاومت در برابر آب
این ساعت از استاندارد ضدآب IP۶۸ پشتیبانی نمی‌کند. بنابراین مناسب برای باران، شنا، دوش آب گرم یا سونا نیست.
قرار گرفتن در معرض بخار آب ممکن است به دستگاه آسیب برساند.
این محصول فاقد آداپتور برق است. برای حفظ ایمنی، می‌توانید از یک پورت USB کامپیوتر یا آداپتور برق با خروجی بیش از ۵V-۱A استفاده کنید.
حتماً آداپتورهای برق را از مراکز معتبر تهیه کنید و از استفاده از آداپتورهای بی‌کیفیت که ممکن است باعث آتش‌سوزی یا خرابی دستگاه شوند، خودداری کنید.
نکته : نتایج اندازه‌گیری این محصول صرفاً برای اطلاع شماست و کاربرد پزشکی ندارد. لطفاً برای تصمیم‌گیری‌های درمانی به پزشک مراجعه کنید و بر اساس داده‌های ساعت، اقدام به تشخیص یا درمان نکنید. نوع کاربریورزشی رسمی روزمره قابلیت‌های ساعت هوشمندکنترل موسیقی (Music Player) قابلیت مکالمه از طریق بلوتوث پشتیبانی از زبان فارسی در منو و سیستم‌عامل قابلیت تغییر طرح ساعت یا تم سایز قاب ساعت هوشمند۴۹ میلی‌متر ابعاد قاب۴۹x۴۴x۱۱ میلی‌متروزن۴۰ گرمفرم صفحهمستطیل قابلیت‌های مقاومتیبدون قابلیت مقاومتی جنس بدنهفلز قابلیت تعویض بنددارد جنس بندفلز نوع قفل بندسگکی ساده توضیحات رنگ بند و بدنهدر داخل بسته‌بندی این ساعت، ۷ عدد بند مختلف قرار دارد که یکی از آن‌ها بند فلزی (استیل) می‌باشد.
سایر بندها ممکن است از نظر طرح، رنگ یا جنس، با تصاویر تبلیغاتی متفاوت باشند. این تفاوت‌ها در چارچوب تنوع تولید و به‌روزرسانی موجودی کارخانه بوده و به‌منزله نقص یا کمبود کالا محسوب نمی‌شود. اندازه صفحه نمایش۲ اینچحسگرهای حرکتی و محیطیگام‌شمار (Pedometer) پشتیبانی از فرمان‌های حرکتی سنسورهای ورزشی و سلامتیشمارنده ضربان قلب تشخیص حرکات دست اتصالاتBluetooth ظرفیت باتری۲۵۰ میلی آمپر میلی آمپر ساعتنحوه شارژ ساعت هوشمندشارژ بی‌سیم مدت زمان شارژ شدن۲ ساعت اقلام همراهکابل شارژ وایرلس, ۷ عدد بند, دفترچه راهنمای فارسی","متفرقه"
"1771408505-232","https://www.digikala.com/search/category-wearable-gadget/","ساعت هوشمند گرین لاین مدل Active 10 46mm","۴,۲۴۰,۰۰۰","","","۴","تنها ۱ عدد در انبار باقی مانده","","","","ساعت هوشمند گرین لاین مدل Active 10 46mmتنها ۱ عدد در انبار باقی مانده
۴۴,۲۴۰,۰۰۰","https://www.digikala.com/product/dkp-17888587/%D8%B3%D8%A7%D8%B9%D8%AA-%D9%87%D9%88%D8%B4%D9%85%D9%86%D8%AF-%DA%AF%D8%B1%DB%8C%D9%86-%D9%84%D8%A7%DB%8C%D9%86-%D9%85%D8%AF%D9%84-active-10-46mm/","۴","۴ دیدگاه","عالی","ساعت هوشمند گرین لاین مدل Active 10 46mm","۳,۹۵۶,۰۰۰","۶۰%","https://dkstatics-public.digikala.com/digikala-products/aaa83011cd1ba11810ca8e638c37abf57d99c918_1737346912.jpg?x-oss-process=image/resize,m_lfit,h_800,w_800/quality,q_90
https://dkstatics-public.digikala.com/digikala-products/2a8b707c72e0b7c5c9496512604cb0dd21419b38_1741547981.jpg?x-oss-process=image/resize,m_lfit,h_800,w_800/quality,q_90
https://dkstatics-public.digikala.com/digikala-products/fe360edcff4b735130ebf6879c55e4d012b95200_1735800354.jpg?x-oss-process=image/resize,m_lfit,h_800,w_800/quality,q_90
https://dkstatics-public.digikala.com/digikala-products/aaa83011cd1ba11810ca8e638c37abf57d99c918_1737346912.jpg?x-oss-process=image/resize,m_lfit,h_800,w_800/quality,q_90","https://dkstatics-public.digikala.com/digikala-products/aaa83011cd1ba11810ca8e638c37abf57d99c918_1737346912.jpg?x-oss-process=image/resize,m_lfit,h_800,w_800/quality,q_90","مشکیسفیدصورتی","ویژگی‌هانوع کاربریورزشی، رسمی، روزمرهورزشی، رسمی، روزمرهفرم صفحهمستطیلمستطیلجنس بندسیلیکونسیلیکونمشاهده همه ویژگی‌ها","ساعت هوشمند Green Lion Active 10 با قطر 46 میلی‌متر،با رتبه IP68 ضد آب،با ویژگی‌های جدید مانند Dynamic Island و عملکرد دو بار ضربه زدن، زندگی روزمره شما را بهبود می‌بخشد. بهترین همراه برای کسانی است که می‌خواهند فعال، متصل و در کنترل باشند.","مشخصاتمناسب برایآقایان و بانوان نوع کاربریورزشی رسمی روزمره قابلیت‌های ساعت هوشمندصفحه نمایش رنگی صفحه نمایش لمسی ضد آب قابلیت تغییر طرح ساعت یا تم پشتیبانی از زبان فارسی در منو و سیستم‌عامل کنترل موسیقی (Music Player) کنترل سطح اکسیژن خون فرم صفحهمستطیل جنس بدنهآلومینیوم قابلیت تعویض بنددارد جنس بندسیلیکون نوع قفل بندپین‌بند اندازه صفحه نمایش۲.۰۷ اینچی AMOLED اینچتراکم پیکسلی صفحه نمایش۴۱۰ × ۴۸۰ پیکسل پیکسل بر اینچتوضیحات کارت حافظه۱ گیگابایت فلش اتصالاتBluetooth ظرفیت باتری۳۷۵ میلی آمپر ساعتمدت زمان شارژ شدن۲ الی ۳ روز قابلیت های ویژهساعت هوشمند گرین Green Lion Active ۱۰ ۴۶mm امکاناتی همچون قطب‌نما، مانیتور ضربان قلب، اندازه‌گیری دما، و ردیابی فعالیت‌های ورزشی با حالت‌های متعدد دارد. همچنین، قابلیت‌های منحصر به فردی از جمله دریافت اطلاعات آنی از ChatGPT، خواندن کتاب‌های الکترونیکی و حتی بازی باعث شده تا این ساعت به یک همراه چندکاره تبدیل شود.","گرین لاین"
"1771408508-233","https://www.digikala.com/search/category-wearable-gadget/","ساعت هوشمند مدل TK60 Mini دارای قابلیت های صفحه نمایش رنگی، صفحه نمایش لمسی، کنترل موسیقی،کنترل اکسیژن خون، قابلیت مکالمه از طریق بلوتوث، پشتیبانی از زبان فارسی در منو،تغییر طرح ساعت یا تم،بند سیلیکون","۴,۳۶۰,۰۰۰","","","۱","تنها ۱ عدد در انبار باقی مانده","","","","ساعت هوشمند مدل TK60 Mini دارای قابلیت های صفحه نمایش رنگی، صفحه نمایش لمسی، کنترل موسیقی،کنترل اکسیژن خون، قابلیت مکالمه از طریق بلوتوث، پشتیبانی از زبان فارسی در منو،تغییر طرح ساعت یا تم،بند سیلیکونتنها ۱ عدد در انبار باقی مانده
۱۴,۳۶۰,۰۰۰","https://www.digikala.com/product/dkp-17348241/%D8%B3%D8%A7%D8%B9%D8%AA-%D9%87%D9%88%D8%B4%D9%85%D9%86%D8%AF-%D9%85%D8%AF%D9%84-tk60-mini-%D8%AF%D8%A7%D8%B1%D8%A7%DB%8C-%D9%82%D8%A7%D8%A8%D9%84%DB%8C%D8%AA-%D9%87%D8%A7%DB%8C-%D8%B5%D9%81%D8%AD%D9%87-%D9%86%D9%85%D8%A7%DB%8C%D8%B4-%D8%B1%D9%86%DA%AF%DB%8C-%D8%B5%D9%81%D8%AD%D9%87-%D9%86%D9%85%D8%A7%DB%8C%D8%B4-%D9%84%D9%85%D8%B3%DB%8C-%DA%A9%D9%86%D8%AA%D8%B1%D9%84-%D9%85%D9%88%D8%B3%DB%8C%D9%82%DB%8C%DA%A9%D9%86%D8%AA%D8%B1%D9%84-%D8%A7%DA%A9%D8%B3%DB%8C%DA%98%D9%86-%D8%AE%D9%88%D9%86-%D9%82%D8%A7%D8%A8%D9%84%DB%8C%D8%AA-%D9%85%DA%A9%D8%A7%D9%84%D9%85%D9%87-%D8%A7%D8%B2-%D8%B7%D8%B1%DB%8C%D9%82-%D8%A8%D9%84%D9%88%D8%AA%D9%88%D8%AB-%D9%BE%D8%B4%D8%AA%DB%8C%D8%A8%D8%A7%D9%86%DB%8C-%D8%A7%D8%B2-%D8%B2%D8%A8%D8%A7%D9%86-%D9%81%D8%A7%D8%B1%D8%B3%DB%8C-%D8%AF%D8%B1-%D9%85%D9%86%D9%88%D8%AA%D8%BA%DB%8C%DB%8C%D8%B1-%D8%B7%D8%B1%D8%AD-%D8%B3%D8%A7%D8%B9%D8%AA-%DB%8C%D8%A7-%D8%AA%D9%85%D8%A8%D9%86%D8%AF-%D8%B3%DB%8C%D9%84%DB%8C%DA%A9%D9%88%D9%86/","۱","۲ دیدگاه","عالی","ساعت هوشمند مدل TK60 Mini دارای قابلیت های صفحه نمایش رنگی، صفحه نمایش لمسی، کنترل موسیقی،کنترل اکسیژن خون، قابلیت مکالمه از طریق بلوتوث، پشتیبانی از زبان فارسی در منو،تغییر طرح ساعت یا تم،بند سیلیکون","۴,۳۶۰,۰۰۰","۲۰%","https://dkstatics-public.digikala.com/digikala-products/da45423dde59d58f75c5a874eb980a89e8eb41bc_1731323709.jpg?x-oss-process=image/resize,m_lfit,h_800,w_800/quality,q_90
https://dkstatics-public.digikala.com/digikala-products/9b369694979f74b1ed1d438ae3a8d75fb9428f58_1731323688.jpg?x-oss-process=image/resize,m_lfit,h_800,w_800/quality,q_90
https://dkstatics-public.digikala.com/digikala-products/f040ed6f0f7d24ff49862ede0ddbb5fe73dc63a2_1731323688.jpg?x-oss-process=image/resize,m_lfit,h_800,w_800/quality,q_90
https://dkstatics-public.digikala.com/digikala-products/da45423dde59d58f75c5a874eb980a89e8eb41bc_1731323709.jpg?x-oss-process=image/resize,m_lfit,h_800,w_800/quality,q_90","https://dkstatics-public.digikala.com/digikala-products/da45423dde59d58f75c5a874eb980a89e8eb41bc_1731323709.jpg?x-oss-process=image/resize,m_lfit,h_800,w_800/quality,q_90","مشکی","ویژگی‌هانوع کاربریورزشی، رسمی، روزمرهورزشی، رسمی، روزمرهفرم صفحهمستطیلمستطیلجنس بندسیلیکونسیلیکونمشاهده همه ویژگی‌ها","ما تو مناسبت‌های مختلف مثل سالگرد ازدواج، تولد، روز زن و… زمان زیادی را صرف انتخاب و خرید هدیه مناسب برای عزیزانمون می‌کنیم. این روزا ساعت‌های هوشمند به یکی از پر طرفدارترین اقلام تبدیل شده، البته هنوز هستند افرادی که ساعت‌های عقربه‌ای رو به ساعت‌های هوشمند ترجیح میدن و اگه شما قصد خرید یه ساعت به عنوان هدیه رو دارید ممکنه از سلیقه طرف مقابلتون خبر نداشته باشید. در مدل TK60 Mini با کنار هم قرار گرفتن این دو نوع ساعت (عقربه‌ای و هوشمند) مشکل خرید هدیه حل شده است.
در واقع ساعت  ...","مشخصاتتوضیحات سازگاریIOS ۹.۰ به بالا, اندروید ۵.۲ به بالا

 زبان‌های قابل پشتیبانی در اعلان و پیامفارسی انگلیسی چینی هشدار هاآلارم, اعلان تماس و پیامک و نوتیفیکشن شبکه های اجتماعی

 نوع کاربریورزشی رسمی روزمره قابلیت‌های ساعت هوشمندصفحه نمایش رنگی صفحه نمایش لمسی کنترل موسیقی (Music Player) کنترل سطح اکسیژن خون قابلیت مکالمه از طریق بلوتوث پشتیبانی از زبان فارسی در منو و سیستم‌عامل قابلیت تغییر طرح ساعت یا تم ضد آب فرم صفحهمستطیل جنس بدنهفلز قابلیت تعویض بنددارد جنس بندسیلیکون نوع قفل بندسگکی ساده اندازه صفحه نمایش۱.۷ اینچاتصالاتNFC Bluetooth قابلیت های ویژهاعلان های شبکه های اجتماعی, امکان تنظیم یادآور, پایش فعالیت‌های ورزشی مختلف, پشتیبانی از زبان فارسی در منو و سیستم‌عامل, تنظیم نور صفحه, دارای تم های متنوع و زیبا برای ساعت, سنسور اکسیژن خون, سنسور لیزری با دقت جهت پایش ضربان قلب و فشار خون, سنسور نوار قلب ECG, صفحه فول تاچ (تمام تاچ), قابلیت تعویض بند با بند اصلی اپل واچ, قابلیت مکالمه بلوتوثی, کنترل دوربین گوشی هوشمند و عکاسی با حرکت دست, کنترل موسیقی گوشی هوشمند, گام شمار سه بعدی, محاسبه‌ی کالری مصرف شده, مشاهده کلیه پیامک‌های دریافتی, هشدار عدم تحرک

 اقلام همراهدفترچه-شارژر-سه عدد بند-ساعت هوشمند- ست انگشتر، گوشواره، گردنبند، دستبند و ساعت عقربه‌ای","متفرقه"
"1771408510-234","https://www.digikala.com/search/category-wearable-gadget/","ساعت هوشمند ورنا مدل W49 Ultra with airpod pro دارای قابلیت های کنترل موسیقی (Music Player)، قابلیت مکالمه از طریق بلوتوث، پشتیبانی از زبان فارسی در منو و سیستم‌عامل بند سیلیکون","۱,۳۹۹,۰۰۰","۱,۹۵۰,۰۰۰","۲۸٪","۳.۹","ارسال سریع دیجی‌کالا","فروش رفته","","","ساعت هوشمند ورنا مدل W49 Ultra with airpod pro دارای قابلیت های کنترل موسیقی (Music Player)، قابلیت مکالمه از طریق بلوتوث، پشتیبانی از زبان فارسی در منو و سیستم‌عامل بند سیلیکونارسال سریع دیجی‌کالا
۳.۹۲۸٪۱,۳۹۹,۰۰۰۱,۹۵۰,۰۰۰%فروش رفته۲۷ : ۳۵ : ۱۰","https://www.digikala.com/product/dkp-14501252/%D8%B3%D8%A7%D8%B9%D8%AA-%D9%87%D9%88%D8%B4%D9%85%D9%86%D8%AF-%D9%88%D8%B1%D9%86%D8%A7-%D9%85%D8%AF%D9%84-w49-ultra-with-airpod-pro-%D8%AF%D8%A7%D8%B1%D8%A7%DB%8C-%D9%82%D8%A7%D8%A8%D9%84%DB%8C%D8%AA-%D9%87%D8%A7%DB%8C-%DA%A9%D9%86%D8%AA%D8%B1%D9%84-%D9%85%D9%88%D8%B3%DB%8C%D9%82%DB%8C-music-player-%D9%82%D8%A7%D8%A8%D9%84%DB%8C%D8%AA-%D9%85%DA%A9%D8%A7%D9%84%D9%85%D9%87-%D8%A7%D8%B2-%D8%B7%D8%B1%DB%8C%D9%82-%D8%A8%D9%84%D9%88%D8%AA%D9%88%D8%AB-%D9%BE%D8%B4%D8%AA%DB%8C%D8%A8%D8%A7%D9%86%DB%8C-%D8%A7%D8%B2-%D8%B2%D8%A8%D8%A7%D9%86-%D9%81%D8%A7%D8%B1%D8%B3%DB%8C-%D8%AF%D8%B1-%D9%85%D9%86%D9%88-%D9%88-%D8%B3%DB%8C%D8%B3%D8%AA%D9%85%D8%B9%D8%A7%D9%85%D9%84-%D8%A8%D9%86%D8%AF-%D8%B3%DB%8C%D9%84%DB%8C%DA%A9%D9%88%D9%86/","۳.۹","۱۴۱ دیدگاه","عالی","ساعت هوشمند ورنا مدل W49 Ultra with airpod pro دارای قابلیت های کنترل موسیقی (Music Player)، قابلیت مکالمه از طریق بلوتوث، پشتیبانی از زبان فارسی در منو و سیستم‌عامل بند سیلیکون","۱,۹۵۰,۰۰۰","۸۱.۸%","https://dkstatics-public.digikala.com/digikala-products/53b3ac667d04ab33291ae6eef3ff1bb715d7f6f6_1754253165.jpg?x-oss-process=image/resize,m_lfit,h_800,w_800/quality,q_90
https://dkstatics-public.digikala.com/digikala-products/773956db5ff122c26b4be42a17f269ace4353f3f_1718801886.jpg?x-oss-process=image/resize,m_lfit,h_800,w_800/quality,q_90
https://dkstatics-public.digikala.com/digikala-products/5746356ec658b30226b3c3bb6c89d5c2401a72d2_1708347467.jpg?x-oss-process=image/resize,m_lfit,h_800,w_800/quality,q_90
https://dkstatics-public.digikala.com/digikala-products/53b3ac667d04ab33291ae6eef3ff1bb715d7f6f6_1754253165.jpg?x-oss-process=image/resize,m_lfit,h_800,w_800/quality,q_90","https://dkstatics-public.digikala.com/digikala-products/53b3ac667d04ab33291ae6eef3ff1bb715d7f6f6_1754253165.jpg?x-oss-process=image/resize,m_lfit,h_800,w_800/quality,q_90","مشکی","ویژگی‌هانوع کاربریورزشی، رسمی، روزمرهورزشی، رسمی، روزمرهفرم صفحهمستطیلمستطیلجنس بندسیلیکونسیلیکونمشاهده همه ویژگی‌ها","ساعت هوشمند ورنا مدل W49 Ultra، ترکیبی از طراحی مدرن، عملکرد قوی، و قابلیت‌های متعدد است که به دنبال آسان‌سازی زندگی روزمره کاربران است. این ساعت، با فرم مستطیلی و بدنه آلومینیومی، مقاومت بالایی در مقابل شرایط مختلف ارائه می‌دهد. بند سیلیکون قابل تعویض آن، به کاربران اجازه می‌دهد تا ظاهر ساعت را برای مناسب‌تر شدن با مناسبت‌های مختلف تغییر دهند.
صفحه نمایش لمسی و رنگی این ساعت، تجربه کاربری را بهبود می‌بخشد و امکان دسترسی سریع به تنظیمات مختلف را فراهم می‌کند. این صفحه نمایش،  ...","مشخصاتمناسب برایآقایان و بانوان سازگار با سیستم عاملAndroid iOS توضیحات سازگاریسازگار با اندروید و IOS زبان‌های قابل پشتیبانی در اعلان و پیامفارسی انگلیسی نوع کاربریورزشی رسمی روزمره قابلیت‌های ساعت هوشمندکنترل موسیقی (Music Player) قابلیت مکالمه از طریق بلوتوث پشتیبانی از زبان فارسی در منو و سیستم‌عامل سایز قاب ساعت هوشمند۴۹ میلی‌متر وزن۵۰ گرمفرم صفحهمستطیل قابلیت‌های مقاومتیمقاوم در برابر ضربه جنس بدنهآلومینیوم قابلیت تعویض بنددارد جنس بندسیلیکون نوع قفل بندسگکی ساده اندازه صفحه نمایشنامشخص اینچحسگرهای حرکتی و محیطیگام‌شمار (Pedometer) سنسورهای ورزشی و سلامتیتشخیص حرکات دست اتصالاتBluetooth نحوه شارژ ساعت هوشمندشارژ بی‌سیم اقلام همراه کابل شارژر بی‌سیم (مگنتی) /
کابل شارژ لایتنینگ برای هدفون /
دفترچه راهنما","ورنا"
"1771408512-235","https://www.digikala.com/search/category-wearable-gadget/","ساعت هوشمند میبرو مدل C3 XPAW014","۴,۷۴۴,۰۰۰","۵,۹۳۰,۰۰۰","۲۰٪","۴.۴","تنها ۱ عدد در انبار باقی مانده","","","","ساعت هوشمند میبرو مدل C3 XPAW014تنها ۱ عدد در انبار باقی مانده
۴.۴۲۰٪۴,۷۴۴,۰۰۰۵,۹۳۰,۰۰۰","https://www.digikala.com/product/dkp-12116648/%D8%B3%D8%A7%D8%B9%D8%AA-%D9%87%D9%88%D8%B4%D9%85%D9%86%D8%AF-%D9%85%DB%8C%D8%A8%D8%B1%D9%88-%D9%85%D8%AF%D9%84-c3-xpaw014/","۴.۴","۳۰۷ دیدگاه","خوب","ساعت هوشمند میبرو مدل C3 XPAW014","۵,۹۳۰,۰۰۰","","https://dkstatics-public.digikala.com/digikala-products/2e5bf0b8306e10f1d58c07abd15d7506edf108ee_1754250447.jpg?x-oss-process=image/resize,m_lfit,h_800,w_800/quality,q_90
https://dkstatics-public.digikala.com/digikala-products/2665cd9f358cfde9a4eb65ba08a3a61394086314_1690029642.jpg?x-oss-process=image/resize,m_lfit,h_800,w_800/quality,q_90
https://dkstatics-public.digikala.com/digikala-products/9b8352d5e2f4bd500090cb0b7cbc57f7bc0dfb9b_1741377430.jpg?x-oss-process=image/resize,m_lfit,h_800,w_800/quality,q_90
https://dkstatics-public.digikala.com/digikala-products/2e5bf0b8306e10f1d58c07abd15d7506edf108ee_1754250447.jpg?x-oss-process=image/resize,m_lfit,h_800,w_800/quality,q_90","","سرمه ایمشکی","ویژگی‌هانوع کاربریورزشی، روزمرهورزشی، روزمرهفرم صفحهگردگردجنس بندسیلیکونسیلیکونمشاهده همه ویژگی‌ها","برند «میبرو» با تولید محصولات الکترونیکی هوشمند، همیشه سعی داشته است تا با بهره‌گیری از تکنولوژی‌های روز دنیا، تجربه‌ای متفاوت و کاربردی را برای کاربران خود فراهم کند. ساعت هوشمند مدل C3 XPAW014 از این برند، محصولی با کیفیت و پرطرفدار است که با توجه به ویژگی‌های برجسته‌اش، در بین کاربران بسیار محبوب است. یکی از نکات برجسته در این ساعت هوشمند، رزولوشن بالای صفحه نمایش آن است. با رزولوشن 240x284، این ساعت هوشمند تصاویری واضح و شفاف را برای شما به نمایش می‌گذارد. وجود قابلیت‌های ...","مشخصاتتوضیحات سازگاریسازگار با انواع گوشی‌های موبایل هوشمند نوع کاربریورزشی روزمره قابلیت‌های ساعت هوشمندصفحه نمایش لمسی ابعاد قاب۴۷x۳۹.۵x۱۱.۸ میلی‌متروزن۴۳.۵ گرمفرم صفحهگرد جنس بدنهفلز قابلیت تعویض بنددارد جنس بندسیلیکون نوع قفل بندسگکی ساده توضیحات رنگ بند و بدنه- عرض بند: ۲۲ میلی‌متر
- طول بند: ۲۵۴ میلی‌متر اندازه صفحه نمایش۱.۸۵ اینچ اینچرزولوشن صفحه نمایش۲۴۰x۲۸۴ سایر مشخصات صفحه نمایشHD touch screen اتصالاتBluetooth ظرفیت باتری۳۵۰ میلی آمپر ساعتقابلیت های ویژه- قابلیت ضدآب ۲ATM
- دارای ۷۰ حالت ورزشی
 اقلام همراه- دارای دو بند","میبرو"
"1771408514-236","https://www.digikala.com/search/category-wearable-gadget/","ساعت هوشمند 45 میلی متری هوآوی مدل Band 9 KIM-B19 بند سیلیکون","۴,۱۹۰,۰۰۰","","","۴.۳","&nbsp;","","","","ساعت هوشمند 45 میلی متری هوآوی مدل Band 9 KIM-B19 بند سیلیکون&nbsp;
۴.۳۴,۱۹۰,۰۰۰","https://www.digikala.com/product/dkp-18921329/%D8%B3%D8%A7%D8%B9%D8%AA-%D9%87%D9%88%D8%B4%D9%85%D9%86%D8%AF-45-%D9%85%DB%8C%D9%84%DB%8C-%D9%85%D8%AA%D8%B1%DB%8C-%D9%87%D9%88%D8%A2%D9%88%DB%8C-%D9%85%D8%AF%D9%84-band-9-kim-b19-%D8%A8%D9%86%D8%AF-%D8%B3%DB%8C%D9%84%DB%8C%DA%A9%D9%88%D9%86/","۴.۳","۶ دیدگاه","عالی","ساعت هوشمند 45 میلی متری هوآوی مدل Band 9 KIM-B19 بند سیلیکون","۴,۱۹۰,۰۰۰","۱۰۰%","https://dkstatics-public.digikala.com/digikala-products/f9c9d6e8d575e3c7a6706865d558300ec58a7a92_1745126533.jpg?x-oss-process=image/resize,m_lfit,h_800,w_800/quality,q_90
https://dkstatics-public.digikala.com/digikala-products/758ba7424b8f3eaab8b34ae9912e8e2c8e604529_1745126533.jpg?x-oss-process=image/resize,m_lfit,h_800,w_800/quality,q_90
https://dkstatics-public.digikala.com/digikala-products/59ea6283bf74d152ca8ba005fec9df6ea4e7f584_1745126533.jpg?x-oss-process=image/resize,m_lfit,h_800,w_800/quality,q_90
https://dkstatics-public.digikala.com/digikala-products/f9c9d6e8d575e3c7a6706865d558300ec58a7a92_1745126533.jpg?x-oss-process=image/resize,m_lfit,h_800,w_800/quality,q_90","","سفیدصورتی","ویژگی‌هانوع کاربریروزمره، ورزشی، رسمیروزمره، ورزشی، رسمیفرم صفحهمستطیلمستطیلجنس بندسیلیکونسیلیکونمشاهده همه ویژگی‌ها","","مشخصاتمناسب برایآقایان و بانوان سازگار با سیستم عاملAndroid iOS توضیحات سازگاریسازگاری با HarmonyOS / اندروید / iOS از طریق اپلیکیشن Huawei Health زبان‌های قابل پشتیبانی در اعلان و پیامانگلیسی نوع کاربریروزمره ورزشی رسمی قابلیت‌های ساعت هوشمندقابلیت تغییر طرح ساعت یا تم کنترل موسیقی (Music Player) سایز قاب ساعت هوشمند۴۵ میلی‌متر ابعاد قاب۴۳x۲۵x۹ میلی‌مترضخامت قاب۹ میلی‌مترعرض قاب۲۵ میلی‌متروزن۳۰ گرمفرم صفحهمستطیل جنس بدنهآلومینیوم قابلیت تعویض بنددارد جنس بندسیلیکون نوع قفل بندسگکی ساده نوع صفحه نمایش اصلیAMOLED اندازه صفحه نمایش۲۵x۳۷ اینچرزولوشن صفحه نمایش۱۹۴ × ۳۶۸ تراکم پیکسلی صفحه نمایش۲۸۲ پیکسل بر اینچسایر مشخصات صفحه نمایشتنظیم نور خودکار با حسگر نور محیط اتصالاتBluetooth نحوه شارژ ساعت هوشمندکابل مغناطیسی قابلیت های ویژهپایش مداوم ضربان قلب با HUAWEI TruSeen ۵.۵ / پایش سطح اکسیژن خون (SpO۲) / پایش نرخ تنفس / پایش کیفیت خواب با HUAWEI TruSleep ۴.۰ / تحلیل اختلالات تنفسی در خواب / پایش استرس / تحلیل آریتمی و امواج قلبی / اعلان وضعیت‌های غیرعادی سلامتی / پشتیبانی از ۱۰۰ حالت ورزشی / تشخیص خودکار چهار فعالیت رایج (پیاده‌روی / دویدن / دوچرخه‌سواری / دستگاه الیپتیکال) / حالت حرفه‌ای شنا با سنسور ۹ محوره / بررسی حرکات بازوها در حین شنا / آنالیز داده‌های ورزشی / حلقه‌های فعالیت جدید برای پیگیری اهداف روزانه / شارژ سریع در ۵ دقیقه برای استفاده تا ۲ روز / شارژ کامل در ۴۵ دقیقه / شارژدهی تا ۱۴ روز (استفاده سبک) / شارژدهی ۹ روز (استفاده معمولی) / نمایش نوتیفیکیشن تماس‌ها و پیام‌ها / کنترل موسیقی / پشتیبانی از زبان فارسی در اعلان‌ها (بسته به زبان گوشی) /  تنظیمات نور هوشمند / واچ‌فیس‌های متنوع و قابل تغییر اقلام همراهکابل شارژ / دفترچه راهنما","هوآوی"
"1771408520-237","https://www.digikala.com/search/category-wearable-gadget/","ساعت هوشمند کیسلکت مدل Smart Calling Watch Kr","۴,۹۹۰,۰۰۰","","","۴.۳","ارسال سریع دیجی‌کالا","","","","ساعت هوشمند کیسلکت مدل Smart Calling Watch Krارسال سریع دیجی‌کالا
۴.۳۴,۹۹۰,۰۰۰","https://www.digikala.com/product/dkp-9029276/%D8%B3%D8%A7%D8%B9%D8%AA-%D9%87%D9%88%D8%B4%D9%85%D9%86%D8%AF-%DA%A9%DB%8C%D8%B3%D9%84%DA%A9%D8%AA-%D9%85%D8%AF%D9%84-smart-calling-watch-kr/","۴.۳","۶۲۰ دیدگاه","عالی","ساعت هوشمند کیسلکت مدل Smart Calling Watch Kr","۴,۹۹۰,۰۰۰","۱۰۰%","https://dkstatics-public.digikala.com/digikala-products/9b591b1b869e1ba5f211f180f2ddf52726172c06_1754248725.jpg?x-oss-process=image/resize,m_lfit,h_800,w_800/quality,q_90
https://dkstatics-public.digikala.com/digikala-products/9b591b1b869e1ba5f211f180f2ddf52726172c06_1754248725.jpg?x-oss-process=image/resize,m_lfit,h_800,w_800/quality,q_90
https://dkstatics-public.digikala.com/digikala-products/4e66dbc1c0a43c590608999ddb52b3df7d692af3_1658310339.jpg?x-oss-process=image/resize,m_lfit,h_800,w_800/quality,q_90
https://dkstatics-public.digikala.com/digikala-products/34f8b49da206235cc302a6955b5d99568c70d6f9_1741377430.jpg?x-oss-process=image/resize,m_lfit,h_800,w_800/quality,q_90
https://dkstatics-public.digikala.com/digikala-products/9b591b1b869e1ba5f211f180f2ddf52726172c06_1754248725.jpg?x-oss-process=image/resize,m_lfit,h_800,w_800/quality,q_90","","مشکی","ویژگی‌هانوع کاربریورزشی، روزمرهورزشی، روزمرهفرم صفحهدایرهدایرهجنس بندسیلیکونسیلیکونمشاهده همه ویژگی‌ها","ساعت هوشمند کیسلکت مدل Smart Calling Watch Krیک محصول فوق‌العاده در بازار ساعت‌های هوشمند است. این ساعت با ترکیبی از طراحی جذاب، کیفیت ساخت بالا و مجموعه‌ای از قابلیت‌های پیشرفته، می‌تواند نیازهای متنوع کاربران را به‌خوبی برآورده سازد.
یکی از برجسته‌ترین ویژگی‌های این ساعت هوشمند، قابلیت برقراری تماس تلفنی مستقیم است. کاربران می‌توانند بدون نیاز به تلفن همراه خود و از طریق بلوتوث، به راحتی تماس برقرار کنند و با دوستان و خانواده صحبت کنند. این امکان به‌ویژه در مواقع اضطراری و ...","مشخصاتتوضیحات سازگاریاین کالا با اندروید و ios سازگاری دارد هشدار هانمایش پیام های متنی ، اعلان تماس ، کنترل موزیک ، آلارم و ... نوع کاربریورزشی روزمره قابلیت‌های ساعت هوشمندکنترل موسیقی (Music Player) کنترل سطح اکسیژن خون قابلیت مکالمه از طریق بلوتوث ابعاد قاب۱۲.۱×۴۵.۷ میلی‌مترفرم صفحهدایره جنس بدنهفلز جنس بندسیلیکون نوع قفل بندسگکی ساده توضیحات رنگ بند و بدنهبند سیلیکونی اندازه صفحه نمایش۱.۳۲ اینچ اینچرزولوشن صفحه نمایش۳۶۰×۳۶۰ پیکسل اتصالاتBluetooth نوع باتریداخلی ظرفیت باتری۲۸۰ میلی آمپر ساعت","کیسلکت"
"1771408522-238","https://www.digikala.com/search/category-wearable-gadget/","ساعت هوشمند ویسمی ۴۶ میلی متری مدل X56 Max با بند سیلیکونی","۱,۷۳۰,۰۰۰","","","۳.۴","&nbsp;","","","","ساعت هوشمند ویسمی ۴۶ میلی متری مدل X56 Max با بند سیلیکونی&nbsp;
۳.۴۱,۷۳۰,۰۰۰","https://www.digikala.com/product/dkp-21234795/%D8%B3%D8%A7%D8%B9%D8%AA-%D9%87%D9%88%D8%B4%D9%85%D9%86%D8%AF-%D9%88%DB%8C%D8%B3%D9%85%DB%8C-%DB%B4%DB%B6-%D9%85%DB%8C%D9%84%DB%8C-%D9%85%D8%AA%D8%B1%DB%8C-%D9%85%D8%AF%D9%84-x56-max-%D8%A8%D8%A7-%D8%A8%D9%86%D8%AF-%D8%B3%DB%8C%D9%84%DB%8C%DA%A9%D9%88%D9%86%DB%8C/","۳.۴","۵ دیدگاه","عالی","ساعت هوشمند ویسمی ۴۶ میلی متری مدل X56 Max با بند سیلیکونی","۱,۷۳۰,۰۰۰","","https://dkstatics-public.digikala.com/digikala-products/6ada0581bf2d8af999cbf99849339bfb8dec4131_1767726837.jpg?x-oss-process=image/resize,m_lfit,h_800,w_800/quality,q_90
https://dkstatics-public.digikala.com/digikala-products/17811f212e9f96c2b49e37c148f700d28afa5c29_1767726844.jpg?x-oss-process=image/resize,m_lfit,h_800,w_800/quality,q_90
https://dkstatics-public.digikala.com/digikala-products/d2beff8fe6c4a7396509cb5d3f2a34cc3f67e880_1767726898.jpg?x-oss-process=image/resize,m_lfit,h_800,w_800/quality,q_90
https://dkstatics-public.digikala.com/digikala-products/6ada0581bf2d8af999cbf99849339bfb8dec4131_1767726837.jpg?x-oss-process=image/resize,m_lfit,h_800,w_800/quality,q_90","","مشکیتیتانیومی","ویژگی‌هانوع کاربریورزشی، رسمی، روزمرهورزشی، رسمی، روزمرهفرم صفحهدایرهدایرهجنس بندسیلیکونسیلیکونمشاهده همه ویژگی‌ها","ساعت هوشمند WISME-X56 Max با بدنه آلومینیومی مقاوم و صفحه‌ نمایش گرد AMOLED با کیفیت، ترکیبی از طراحی مدرن و عملکرد حرفه‌ ای را ارائه می‌ دهد. این ساعت با سنسورهای دقیق سلامتی مانند فشارخون، قندخون، نوار قلب و پایش خواب، وضعیت جسمی شما را لحظه‌ به‌ لحظه بررسی می‌کند. امکاناتی مثل مکالمه مستقیم، اعلان‌ های فارسی، کنترل موسیقی و واچ‌ فیس‌های متنوع تجربه‌ ای کامل از یک ساعت هوشمند واقعی را به شما می‌ دهد.","مشخصاتمناسب برایآقایان و بانوان سازگار با سیستم عاملAndroid iOS توضیحات سازگاریiOS، اندروید نوع کاربریورزشی رسمی روزمره قابلیت‌های ساعت هوشمندکنترل موسیقی (Music Player) قابلیت مکالمه از طریق بلوتوث پشتیبانی از زبان فارسی در منو و سیستم‌عامل قابلیت تغییر طرح ساعت یا تم سایز قاب ساعت هوشمند۴۶ میلی‌متر وزن۳۵ گرمفرم صفحهدایره قابلیت‌های مقاومتیمقاوم در برابر نفوذ گرد و غبار مقاوم در برابر سرما مقاوم در برابر شوک مقاوم در برابر گرما جنس بدنهآلومینیوم قابلیت تعویض بنددارد جنس بندسیلیکون نوع قفل بندسگکی ساده اندازه صفحه نمایش۱.۸ اینچحسگرهای حرکتی و محیطیشتاب سنج (Accelerometer) ژیروسکوپ (Gyroscope) تشخیص نور محیط فشار سنج (Barometer) ارتفاع سنج (Altimeter) طیف رنگ (Color Spectrum) پشتیبانی از فرمان‌های حرکتی امکانات ورزشیپشتیبانی از تمرینات مختلف ورزشی محاسبه میزان کالری مصرفی امکان ارائه برنامه تمرینی محاسبه مسافت طی شده سنسورهای ورزشی و سلامتیشمارنده ضربان قلب تشخیص حرکات دست اتصالاتBluetooth NFC نحوه شارژ ساعت هوشمندشارژ بی‌سیم قابلیت های ویژهصفحه نمایش رنگی
صفحه نمایش لمسی
اتصالات بلوتوث و NFC
نمایشگر همیشه روشن
قابلیت مکالمه مستقیم
مکالمه از طریق بلوتوث
مقاومت در برابر آب
قابلیت تعویض بند
روشن شدن با بالا آوردن دست
قابلیت دستور حرکتی
یادآورهای سلامتی
حالت های مختلف ورزشی
پشتیبانی از منو فارسی
پشتیبانی از اعلانات فارسی
قابلیت پخش و کنترل موسیقی
کنترل دوربین گوشی
دارای دستیار صوتی
کورنومتر و تایمر
دارای میکروفون و اسپیکر
ماشین حساب
قابلیت رمزگذاری
گذاشتن پس زمینه دلخواه
واچ‌ فیس‌ های متنوع اقلام همراهدفترچه راهنما، ۳ عدد بند، شارژر وایرلسی","ویسمی"
"1771408526-239","https://www.digikala.com/search/category-wearable-gadget/","ساعت هوشمند 43 میلی متری هوآوی مدل Band 10 بند سیلیکونی","۵,۵۵۰,۰۰۰","","","۴.۴","تنها ۳ عدد در انبار باقی مانده","","","","ساعت هوشمند 43 میلی متری هوآوی مدل Band 10 بند سیلیکونیتنها ۳ عدد در انبار باقی مانده
۴.۴۵,۵۵۰,۰۰۰","https://www.digikala.com/product/dkp-19215103/%D8%B3%D8%A7%D8%B9%D8%AA-%D9%87%D9%88%D8%B4%D9%85%D9%86%D8%AF-43-%D9%85%DB%8C%D9%84%DB%8C-%D9%85%D8%AA%D8%B1%DB%8C-%D9%87%D9%88%D8%A2%D9%88%DB%8C-%D9%85%D8%AF%D9%84-band-10-%D8%A8%D9%86%D8%AF-%D8%B3%DB%8C%D9%84%DB%8C%DA%A9%D9%88%D9%86%DB%8C/","۴.۴","۱۲ دیدگاه","خوب","ساعت هوشمند 43 میلی متری هوآوی مدل Band 10 بند سیلیکونی","۵,۵۵۰,۰۰۰","","https://dkstatics-public.digikala.com/digikala-products/691560184dc12464dda7992688583d10b3ae151e_1746964623.jpg?x-oss-process=image/resize,m_lfit,h_800,w_800/quality,q_90
https://dkstatics-public.digikala.com/digikala-products/e92c329ecd83fa3102146f6195953020b5b42a7d_1746964576.jpg?x-oss-process=image/resize,m_lfit,h_800,w_800/quality,q_90
https://dkstatics-public.digikala.com/digikala-products/4198d283a474ecbcf7672ad44686887d7c77bae7_1746964576.jpg?x-oss-process=image/resize,m_lfit,h_800,w_800/quality,q_90
https://dkstatics-public.digikala.com/digikala-products/691560184dc12464dda7992688583d10b3ae151e_1746964623.jpg?x-oss-process=image/resize,m_lfit,h_800,w_800/quality,q_90","","مشکیصورتی","ویژگی‌هانوع کاربریورزشی، روزمرهورزشی، روزمرهفرم صفحهمستطیلمستطیلجنس بندسیلیکونسیلیکونمشاهده همه ویژگی‌ها","","مشخصاتمناسب برایآقایان و بانوان سازگار با سیستم عاملiOS Android توضیحات سازگاریسازگار با اندروید ۹ و بالاتر /
سیستم عامل ios ۱۳.۰ و بالاتر نوع کاربریورزشی روزمره قابلیت‌های ساعت هوشمندقابلیت مکالمه از طریق بلوتوث صفحه همیشه روشن (Always-on Display) سایز قاب ساعت هوشمند۴۳ میلی‌متر ابعاد قاب۴۳.۵x۲۴.۸۶x۸.۹۹ میلی‌متروزن۱۵ (بدون بند) گرمفرم صفحهمستطیل جنس بدنهآلومینیوم قابلیت تعویض بنددارد جنس بندسیلیکون نوع قفل بندسگکی ساده نوع صفحه نمایش اصلیAMOLED اندازه صفحه نمایش۱.۴۷ اینچرزولوشن صفحه نمایش۱۹۴x۳۶۸ تراکم پیکسلی صفحه نمایش۲۸۲ پیکسل بر اینچحسگرهای حرکتی و محیطیشتاب سنج (Accelerometer) ژیروسکوپ (Gyroscope) سنسورهای ورزشی و سلامتیشمارنده ضربان قلب سایر مشخصات سخت افزاریمقاوم در برابر نفوذ آب تا عمق ۵۰ متری /
شارژدهی باتری تا ۱۴ روز /
شارژدهی باتری در حالت صفحه نمایش همیشه روشن تا ۳ روز /
مدت زمان شارژ شدن تا ۴۵ دقیقه اتصالاتBluetooth نحوه شارژ ساعت هوشمندکابل مغناطیسی قابلیت های ویژهمجهز به ۱۰۰ حالت ورزشی","هوآوی"
"1771408528-240","https://www.digikala.com/search/category-wearable-gadget/","ساعت هوشمند 49 میلی‌ متری تی سی اچ مدل Z10 Pro Swift با بند سیلیکونی","۲,۹۰۰,۰۰۰","","","۴.۵","ارسال سریع دیجی‌کالا","","","","ساعت هوشمند 49 میلی‌ متری تی سی اچ مدل Z10 Pro Swift با بند سیلیکونیارسال سریع دیجی‌کالا
۴.۵۲,۹۰۰,۰۰۰","https://www.digikala.com/product/dkp-17664580/%D8%B3%D8%A7%D8%B9%D8%AA-%D9%87%D9%88%D8%B4%D9%85%D9%86%D8%AF-49-%D9%85%DB%8C%D9%84%DB%8C-%D9%85%D8%AA%D8%B1%DB%8C-%D8%AA%DB%8C-%D8%B3%DB%8C-%D8%A7%DA%86-%D9%85%D8%AF%D9%84-z10-pro-swift-%D8%A8%D8%A7-%D8%A8%D9%86%D8%AF-%D8%B3%DB%8C%D9%84%DB%8C%DA%A9%D9%88%D9%86%DB%8C/","۴.۵","۵۴ دیدگاه","عالی","ساعت هوشمند 49 میلی‌ متری تی سی اچ مدل Z10 Pro Swift با بند سیلیکونی","۲,۹۰۰,۰۰۰","۱۰۰%","https://dkstatics-public.digikala.com/digikala-products/d236bb7a9b0a441d6c5b682747c0c8ea342088a0_1754238383.jpg?x-oss-process=image/resize,m_lfit,h_800,w_800/quality,q_90
https://dkstatics-public.digikala.com/digikala-products/d236bb7a9b0a441d6c5b682747c0c8ea342088a0_1754238383.jpg?x-oss-process=image/resize,m_lfit,h_800,w_800/quality,q_90
https://dkstatics-public.digikala.com/digikala-products/128de09358a24844a43c1b6f5b3036aac8f025d6_1733749211.jpg?x-oss-process=image/resize,m_lfit,h_800,w_800/quality,q_90
https://dkstatics-public.digikala.com/digikala-products/a7464953adfd99c4150d1839bbe0a941249d84ae_1733749209.jpg?x-oss-process=image/resize,m_lfit,h_800,w_800/quality,q_90
https://dkstatics-public.digikala.com/digikala-products/d236bb7a9b0a441d6c5b682747c0c8ea342088a0_1754238383.jpg?x-oss-process=image/resize,m_lfit,h_800,w_800/quality,q_90","","مشکی","ویژگی‌هانوع کاربریورزشی، روزمرهورزشی، روزمرهفرم صفحهمستطیلمستطیلجنس بندسیلیکونسیلیکونمشاهده همه ویژگی‌ها","ساعت هوشمند Z10 Pro یکی از مدل‌های جذاب و جدید برند TCH است که با طراحی مدرن و قابلیت‌های متنوعی عرضه شده است. بدنه این ساعت از آلیاژ روی ساخته شده و با صفحه‌نمایش رنگی ۱.۹ اینچی خود، تجربه بصری فوق‌العاده‌ای ارائه می‌دهد. این ساعت از امکاناتی مانند سنجش ضربان قلب، پایش فعالیت‌های ورزشی، نظارت بر کیفیت خواب، پایش سلامت بانوان و هشدارهای سلامت پشتیبانی می‌کند. همچنین، باتری این ساعت هوشمند با ظرفیت ۳۰۰ میلی‌آمپرساعت، امکان استفاده بین ۳ تا ۵ روز با تنها یک شارژ را فراهم می‌کند ...","مشخصاتمناسب برایآقایان و بانوان سازگار با سیستم عاملAndroid iOS توضیحات سازگاریسازگار با اندروید و iOS زبان‌های قابل پشتیبانی در اعلان و پیامفارسی انگلیسی نوع کاربریورزشی روزمره قابلیت‌های ساعت هوشمندکنترل موسیقی (Music Player) قابلیت مکالمه از طریق بلوتوث پشتیبانی از زبان فارسی در منو و سیستم‌عامل قابلیت تغییر طرح ساعت یا تم سایز قاب ساعت هوشمند۴۹ میلی‌متر وزن۴۷ گرمفرم صفحهمستطیل قابلیت‌های مقاومتیبدون قابلیت مقاومتی جنس بدنهفلز قابلیت تعویض بنددارد توضیحات جنس بدنهمقاومت در برار آب ۱ATM جنس بندسیلیکون نوع قفل بندسگکی ساده نوع صفحه نمایش اصلیAmoled اندازه صفحه نمایش۱.۹۶ اینچ اینچحسگرهای حرکتی و محیطیگام‌شمار (Pedometer) امکانات ورزشیپشتیبانی از تمرینات مختلف ورزشی سنسورهای ورزشی و سلامتینظارت بر سیکل ماهیانه بانوان سنجش کیفیت خواب سنجش سطح استرس اندازه‌گیری فشار خون نسخه بلوتوث۵.۳ ظرفیت باتری۳۰۰ میلی آمپر ساعتنحوه شارژ ساعت هوشمندکابل مغناطیسی قابلیت های ویژهقابلیت دریافت اعلانات و پیام‌ها - پشتیبانی بیش از ۱۰۰ حالت ورزشی - پشتیبانی از ۱۵ زبان - 
برنامه اختصاصی DaFit - قابلیت تغییر واچ فیس‌های متنوع اقلام همراهبند سیلیکونی اضافه، محافظ صفحه نمایش و کابل شارژ توضیحات شارژدهیمدت زمان شارژدهی (عمر باتری): با توجه به استفاده کاربر ۵ تا ۷ روز","تی سی اچ"
"1771408530-241","https://www.digikala.com/search/category-wearable-gadget/","ساعت هوشمند رموجت مدل i80 Suit Extremc بسته 2 عددی به همراه هدفون بلوتوثی","۲,۹۳۲,۵۰۰","۳,۴۵۰,۰۰۰","۱۵٪","۳.۵","&nbsp;","","","","ساعت هوشمند رموجت مدل i80 Suit Extremc بسته 2 عددی به همراه هدفون بلوتوثی&nbsp;
۳.۵۱۵٪۲,۹۳۲,۵۰۰۳,۴۵۰,۰۰۰","https://www.digikala.com/product/dkp-16131026/%D8%B3%D8%A7%D8%B9%D8%AA-%D9%87%D9%88%D8%B4%D9%85%D9%86%D8%AF-%D8%B1%D9%85%D9%88%D8%AC%D8%AA-%D9%85%D8%AF%D9%84-i80-suit-extremc-%D8%A8%D8%B3%D8%AA%D9%87-2-%D8%B9%D8%AF%D8%AF%DB%8C-%D8%A8%D9%87-%D9%87%D9%85%D8%B1%D8%A7%D9%87-%D9%87%D8%AF%D9%81%D9%88%D9%86-%D8%A8%D9%84%D9%88%D8%AA%D9%88%D8%AB%DB%8C/","۳.۵","۱۹ دیدگاه","عالی","ساعت هوشمند رموجت مدل i80 Suit Extremc بسته 2 عددی به همراه هدفون بلوتوثی","۳,۴۵۰,۰۰۰","۲۰%","https://dkstatics-public.digikala.com/digikala-products/aaaee512ffb6628c2450bafb72b7b0967ec05570_1738581356.jpg?x-oss-process=image/resize,m_lfit,h_800,w_800/quality,q_90
https://dkstatics-public.digikala.com/digikala-products/636ba94eb8fce6e33e088ef1d606320def006c7b_1721653567.jpg?x-oss-process=image/resize,m_lfit,h_800,w_800/quality,q_90
https://dkstatics-public.digikala.com/digikala-products/a2b4870a84481644afe0ee9a5046b0b6d04fe130_1721557545.jpg?x-oss-process=image/resize,m_lfit,h_800,w_800/quality,q_90
https://dkstatics-public.digikala.com/digikala-products/aaaee512ffb6628c2450bafb72b7b0967ec05570_1738581356.jpg?x-oss-process=image/resize,m_lfit,h_800,w_800/quality,q_90","","طلاییمشکیاستیل","ویژگی‌هانوع کاربریورزشی، رسمی، روزمرهورزشی، رسمی، روزمرهفرم صفحهمستطیلمستطیلجنس بندفلزفلزمشاهده همه ویژگی‌ها","ساعت هوشمند رموجت مدل i80 Suit Extremc یکی از گجت‌های پوشیدنی پیشرفته برای افرادی است که به دنبال ترکیب طراحی شیک و عملکرد کاربردی هستند. این محصول به‌ صورت بسته دو عددی عرضه می‌شود و همراه با یک هدفون بلوتوثی ارائه شده است که آن را به گزینه‌ای کامل برای استفاده روزمره، رسمی و ورزشی تبدیل می‌کند. ساعت با صفحه ‌نمایش مستطیل ‌شکل و بدنه‌ای از جنس استیل ضدزنگ، مقاومت بالا و زیبایی خاصی دارد. بند فلزی با قابلیت تعویض، امکان شخصی‌سازی ظاهر ساعت را فراهم می‌کند و مناسب هر سلیقه‌ای  ...","مشخصاتنوع کاربریورزشی رسمی روزمره قابلیت‌های ساعت هوشمندصفحه نمایش رنگی صفحه نمایش لمسی کنترل موسیقی (Music Player) کنترل سطح اکسیژن خون قابلیت مکالمه از طریق بلوتوث فرم صفحهمستطیل جنس بدنهفولاد ضدزنگ قابلیت تعویض بنددارد جنس بندفلز نوع قفل بندضامن دار (کلیپسی) توضیحات رنگ بند و بدنهاین پک شامل دو ساعت هوشمند یکی طرح الترا و یکی گرد به همراه یک ایرپاد پرو و ۷ بند مختلف است که شامل ۲ بند فلزی و ۲ بند چرمی و ۲ بند سلیکونی و ۱ بند کنفی میباشد که رنگبندی داخل تصاویر مشخص است اندازه صفحه نمایش۲ اینچ اینچ","متفرقه"
"1771408532-242","https://www.digikala.com/search/category-wearable-gadget/","ساعت هوشمند 49 میلیمتری مدل MK32 ULTRA با 10 بند متنوع به همراه هدفون","۱,۵۲۰,۰۰۰","۱,۹۰۰,۰۰۰","۲۰٪","۳.۶","ارسال فروشنده","","","","ساعت هوشمند 49 میلیمتری مدل MK32 ULTRA با 10 بند متنوع به همراه هدفونارسال فروشنده
۳.۶۲۰٪۱,۵۲۰,۰۰۰۱,۹۰۰,۰۰۰","https://www.digikala.com/product/dkp-20236071/%D8%B3%D8%A7%D8%B9%D8%AA-%D9%87%D9%88%D8%B4%D9%85%D9%86%D8%AF-49-%D9%85%DB%8C%D9%84%DB%8C%D9%85%D8%AA%D8%B1%DB%8C-%D9%85%D8%AF%D9%84-mk32-ultra-%D8%A8%D8%A7-10-%D8%A8%D9%86%D8%AF-%D9%85%D8%AA%D9%86%D9%88%D8%B9-%D8%A8%D9%87-%D9%87%D9%85%D8%B1%D8%A7%D9%87-%D9%87%D8%AF%D9%81%D9%88%D9%86/","۳.۶","۶ دیدگاه","خیلی خوب","ساعت هوشمند 49 میلیمتری مدل MK32 ULTRA با 10 بند متنوع به همراه هدفون","۱,۹۰۰,۰۰۰","","https://dkstatics-public.digikala.com/digikala-products/c3c0dea5f6562f84ed8c04ba92d495cb7c84702a_1755893018.jpg?x-oss-process=image/resize,m_lfit,h_800,w_800/quality,q_90
https://dkstatics-public.digikala.com/digikala-products/5620abd0699af4bb124751cca78a8c0866e34701_1755892894.jpg?x-oss-process=image/resize,m_lfit,h_800,w_800/quality,q_90
https://dkstatics-public.digikala.com/digikala-products/dcfad4c69e1b4152e8a767339305b2247b45c27c_1755892895.jpg?x-oss-process=image/resize,m_lfit,h_800,w_800/quality,q_90
https://dkstatics-public.digikala.com/digikala-products/c3c0dea5f6562f84ed8c04ba92d495cb7c84702a_1755893018.jpg?x-oss-process=image/resize,m_lfit,h_800,w_800/quality,q_90","","نقره ایاستیلچند رنگ","ویژگی‌هانوع کاربریورزشی، رسمی، روزمرهورزشی، رسمی، روزمرهفرم صفحهمستطیلمستطیلجنس بندسیلیکونسیلیکونمشاهده همه ویژگی‌ها","ساعت هوشمند(اسمارت واچ) مدل MK32 ultra سایز ۴۹ الترا فول صفحه دارای شارژر وایرلس همچنین 10 عدد انواع بند سیلیکونی و کنفی است و قابلیت اتصال توسط برنامه fit pro با گوشی های هوشمند را داراست سنسور های ساعت پایش زمان خواب, حالت های مختلف ورزشی, ژیروسکوپ, سنجش اکسیژن خون, شمارشگر ضربان قلب, فشار خون, کنترل دوربین و موسیقی, گام شمارش را کنترل و تنظیم مینمایند. 
این ست استثنایی برای افراد فعال، کارمندان، ورزشکاران و هر کسی که به فناوری‌های نوین علاقه‌مند است، گزینه‌ای عالی است. با  ...","مشخصاتمناسب برایکاربری عمومی سازگار با سیستم عاملAndroid iOS توضیحات سازگاریسازگاری با اندروید و IOS نوع کاربریورزشی رسمی روزمره قابلیت‌های ساعت هوشمندکنترل موسیقی (Music Player) پشتیبانی از زبان فارسی در منو و سیستم‌عامل قابلیت مکالمه از طریق بلوتوث قابلیت تغییر طرح ساعت یا تم قابلیت نصب اپلیکیشن سایز قاب ساعت هوشمند۴۹ میلی‌متر فرم صفحهمستطیل قابلیت‌های مقاومتیبدون قابلیت مقاومتی جنس بدنهفولاد ضدزنگ قابلیت تعویض بنددارد جنس بندسیلیکون نوع قفل بندسگکی ساده اندازه صفحه نمایش۱.۹۲ اینچحسگرهای حرکتی و محیطیژیروسکوپ (Gyroscope) تشخیص نور محیط گام‌شمار (Pedometer) سنسورهای ورزشی و سلامتیشمارنده ضربان قلب سنجش اکسیژن خون سنجش کیفیت خواب اندازه‌گیری فشار خون تشخیص حرکات دست نحوه شارژ ساعت هوشمندشارژ بی‌سیم","متفرقه"
"1771408534-243","https://www.digikala.com/search/category-wearable-gadget/","ساعت هوشمند 49 میلی متری مفیت پلاس مدل Ultra 3 به همراه دو بند سیلیکونی","۳,۵۱۰,۰۰۰","۳,۹۰۰,۰۰۰","۱۰٪","۳.۵","تنها ۳ عدد در انبار باقی مانده","","","","ساعت هوشمند 49 میلی متری مفیت پلاس مدل Ultra 3 به همراه دو بند سیلیکونیتنها ۳ عدد در انبار باقی مانده
۳.۵۱۰٪۳,۵۱۰,۰۰۰۳,۹۰۰,۰۰۰","https://www.digikala.com/product/dkp-20851428/%D8%B3%D8%A7%D8%B9%D8%AA-%D9%87%D9%88%D8%B4%D9%85%D9%86%D8%AF-49-%D9%85%DB%8C%D9%84%DB%8C-%D9%85%D8%AA%D8%B1%DB%8C-%D9%85%D9%81%DB%8C%D8%AA-%D9%BE%D9%84%D8%A7%D8%B3-%D9%85%D8%AF%D9%84-ultra-3-%D8%A8%D9%87-%D9%87%D9%85%D8%B1%D8%A7%D9%87-%D8%AF%D9%88-%D8%A8%D9%86%D8%AF-%D8%B3%DB%8C%D9%84%DB%8C%DA%A9%D9%88%D9%86%DB%8C/","۳.۵","۱۹ دیدگاه","عالی","ساعت هوشمند 49 میلی متری مفیت پلاس مدل Ultra 3 به همراه دو بند سیلیکونی","۳,۸۵۰,۰۰۰","۶۰%","https://dkstatics-public.digikala.com/digikala-products/757cc57edca33b97344ed663a834e5970e79b257_1762617369.jpg?x-oss-process=image/resize,m_lfit,h_800,w_800/quality,q_90
https://dkstatics-public.digikala.com/digikala-products/7a4c2d220132206083bc76ece8a591f8fcdf669d_1762617406.jpg?x-oss-process=image/resize,m_lfit,h_800,w_800/quality,q_90
https://dkstatics-public.digikala.com/digikala-products/674798df1ac21df5793736dc18594c65fc350a4c_1762617369.jpg?x-oss-process=image/resize,m_lfit,h_800,w_800/quality,q_90
https://dkstatics-public.digikala.com/digikala-products/757cc57edca33b97344ed663a834e5970e79b257_1762617369.jpg?x-oss-process=image/resize,m_lfit,h_800,w_800/quality,q_90","","مشکینقره ای","ویژگی‌هانوع کاربریورزشی، رسمی، روزمرهورزشی، رسمی، روزمرهفرم صفحهمربعمربعجنس بندسیلیکونسیلیکونمشاهده همه ویژگی‌ها","این ساعت هوشمند با بند سیلیکونی مشکی و سرمه‌ای طراحی مدرن و اسپرت، گزینه‌ای عالی برای استفاده روزمره است. صفحه‌نمایش ۲.۲۱ اینچی AMOLED با کیفیت HD و فناوری IPS، تصویری شفاف و زنده ارائه می‌دهد. قابلیت شارژ بی‌سیم، استفاده از آن را آسان‌تر کرده است. این ساعت با داشتن سنسورهای ضربان قلب، خواب، قدم‌ها و کالری را اندازه‌گیری کرده و به شما در مدیریت سلامتی کمک می‌کند. همچنین با نمایش اعلان تماس‌ها، پیام‌ها و شبکه‌های اجتماعی، همیشه شما را به‌روز نگه می‌دارد. بدنه مقاوم، قابلیت شخص ...","مشخصاتمناسب برایکاربری عمومی سازگار با سیستم عاملAndroid iOS توضیحات سازگاریسازگار با سیستم عامل اندروید و IOS زبان‌های قابل پشتیبانی در اعلان و پیامفارسی انگلیسی چینی عربی هشدار هابا آداپتور ۱ آمپر شارژ شود تا باتری آسیب نماند. نوع کاربریورزشی رسمی روزمره قابلیت‌های ساعت هوشمندکنترل موسیقی (Music Player) پشتیبانی از زبان فارسی در منو و سیستم‌عامل قابلیت تغییر طرح ساعت یا تم صفحه همیشه روشن (Always-on Display) قابلیت مکالمه از طریق بلوتوث سایز قاب ساعت هوشمند۴۹ میلی‌متر فرم صفحهمربع قابلیت‌های مقاومتیمقاوم در برابر نفوذ گرد و غبار جنس بدنهفلز قابلیت تعویض بنددارد جنس بندسیلیکون نوع قفل بندسگکی ساده اندازه صفحه نمایش۲.۲۱ اینچحسگرهای حرکتی و محیطیفشار سنج (Barometer) گام‌شمار (Pedometer) سنسورهای ورزشی و سلامتیشمارنده ضربان قلب اندازه‌گیری فشار خون سنجش کیفیت خواب نحوه شارژ ساعت هوشمندشارژ بی‌سیم اقلام همراهدو عدد بند سیلیکونی
 دفترچه راهنما
شارژر وایرلس توضیحات شارژدهیقبل از استفاده شارژ شود.
با شارژر یک آمپر شارژ شود.","متفرقه"
"1771408537-244","https://www.digikala.com/search/category-wearable-gadget/","ساعت هوشمند ویزمی مدل WS10-6 MAX دارای قابلیت های صفحه نمایش رنگی، صفحه نمایش لمسی و شمارنده ضربان قلب بند سیلیکونی","۱,۹۵۰,۰۰۰","۲,۲۰۰,۰۰۰","۱۱٪","۳.۹","تنها ۲ عدد در انبار باقی مانده","","","","ساعت هوشمند ویزمی مدل WS10-6 MAX دارای قابلیت های صفحه نمایش رنگی، صفحه نمایش لمسی و شمارنده ضربان قلب بند سیلیکونی تنها ۲ عدد در انبار باقی مانده
۳.۹۱۱٪۱,۹۵۰,۰۰۰۲,۲۰۰,۰۰۰","https://www.digikala.com/product/dkp-17265230/%D8%B3%D8%A7%D8%B9%D8%AA-%D9%87%D9%88%D8%B4%D9%85%D9%86%D8%AF-%D9%88%DB%8C%D8%B2%D9%85%DB%8C-%D9%85%D8%AF%D9%84-ws10-6-max-%D8%AF%D8%A7%D8%B1%D8%A7%DB%8C-%D9%82%D8%A7%D8%A8%D9%84%DB%8C%D8%AA-%D9%87%D8%A7%DB%8C-%D8%B5%D9%81%D8%AD%D9%87-%D9%86%D9%85%D8%A7%DB%8C%D8%B4-%D8%B1%D9%86%DA%AF%DB%8C-%D8%B5%D9%81%D8%AD%D9%87-%D9%86%D9%85%D8%A7%DB%8C%D8%B4-%D9%84%D9%85%D8%B3%DB%8C-%D9%88-%D8%B4%D9%85%D8%A7%D8%B1%D9%86%D8%AF%D9%87-%D8%B6%D8%B1%D8%A8%D8%A7%D9%86-%D9%82%D9%84%D8%A8-%D8%A8%D9%86%D8%AF-%D8%B3%DB%8C%D9%84%DB%8C%DA%A9%D9%88%D9%86%DB%8C/","۳.۹","۴۷ دیدگاه","عالی","ساعت هوشمند ویزمی مدل WS10-6 MAX دارای قابلیت های صفحه نمایش رنگی، صفحه نمایش لمسی و شمارنده ضربان قلب بند سیلیکونی","۲,۲۰۰,۰۰۰","","https://dkstatics-public.digikala.com/digikala-products/0ac69458c5d06b82715fd2a05226b4bc7e7afd40_1754237596.jpg?x-oss-process=image/resize,m_lfit,h_800,w_800/quality,q_90
https://dkstatics-public.digikala.com/digikala-products/0ac69458c5d06b82715fd2a05226b4bc7e7afd40_1754237596.jpg?x-oss-process=image/resize,m_lfit,h_800,w_800/quality,q_90
https://dkstatics-public.digikala.com/digikala-products/d46d646825a9ff2e704903634f7d4447fec0a871_1731155376.jpg?x-oss-process=image/resize,m_lfit,h_800,w_800/quality,q_90
https://dkstatics-public.digikala.com/digikala-products/55dcf208f43179775421983879ca65c42defabeb_1731155376.jpg?x-oss-process=image/resize,m_lfit,h_800,w_800/quality,q_90
https://dkstatics-public.digikala.com/digikala-products/0ac69458c5d06b82715fd2a05226b4bc7e7afd40_1754237596.jpg?x-oss-process=image/resize,m_lfit,h_800,w_800/quality,q_90","","مشکیمشکی براق","ویژگی‌هانوع کاربریورزشی، رسمی، روزمرهورزشی، رسمی، روزمرهفرم صفحهمستطیلمستطیلجنس بندسیلیکونسیلیکونمشاهده همه ویژگی‌ها","","مشخصاتمناسب برایآقایان و بانوان نوع کاربریورزشی رسمی روزمره قابلیت‌های ساعت هوشمندصفحه نمایش رنگی صفحه نمایش لمسی ابعاد قاب۴۵x۴۰x۱۲ میلی‌مترضخامت قاب۱۲ میلی‌متروزن۳۵ گرمفرم صفحهمستطیل جنس بدنهآلومینیوم قابلیت تعویض بنددارد جنس بندسیلیکون نوع قفل بندپین‌بند اندازه صفحه نمایش۲.۲ اینچ اینچسایر مشخصات صفحه نمایشطراحی تمام صفحه
 قابلیت های ویژهقابلیت برقراری تماس از طریق بلوتوث /
مجهز به دستیار صوتی /
مجهز به سیستم پایش خواب /
پشتیبانی از حالت‌های ورزشی /
قابلیت تنظیم هشدار و یادآور اقلام همراهشارژر مگنتی /
مجهز به سه نوع بند /
دارای یک بند فلزی با قفل‌بند کلیپسی /
مجهز به یک بند برزنتی با قفل‌بند چسبی","متفرقه"
"1771408539-245","https://www.digikala.com/search/category-wearable-gadget/","ساعت هوشمند 49 میلی متری اف 12 الترا مدل seven plus one 7+1 با 7 بند سیلیکونی","۱,۷۵۹,۰۰۰","","","۵","&nbsp;","","","","ساعت هوشمند 49 میلی متری اف 12 الترا مدل seven plus one 7+1 با 7 بند سیلیکونی &nbsp;
۵۱,۷۵۹,۰۰۰","https://www.digikala.com/product/dkp-21324996/%D8%B3%D8%A7%D8%B9%D8%AA-%D9%87%D9%88%D8%B4%D9%85%D9%86%D8%AF-49-%D9%85%DB%8C%D9%84%DB%8C-%D9%85%D8%AA%D8%B1%DB%8C-%D8%A7%D9%81-12-%D8%A7%D9%84%D8%AA%D8%B1%D8%A7-%D9%85%D8%AF%D9%84-seven-plus-one-71-%D8%A8%D8%A7-7-%D8%A8%D9%86%D8%AF-%D8%B3%DB%8C%D9%84%DB%8C%DA%A9%D9%88%D9%86%DB%8C/","۵","۱ دیدگاه","خیلی ضعیف","ساعت هوشمند 49 میلی متری اف 12 الترا مدل seven plus one 7+1 با 7 بند سیلیکونی","۱,۷۵۹,۰۰۰","","https://dkstatics-public.digikala.com/digikala-products/68e72d7f97ce9da796e0417ed822f8c78d2a98da_1769444388.jpg?x-oss-process=image/resize,m_lfit,h_800,w_800/quality,q_90
https://dkstatics-public.digikala.com/digikala-products/765eeb714a6f8f5ab59d07d1fee30b3412ad01fe_1769424711.jpg?x-oss-process=image/resize,m_lfit,h_800,w_800/quality,q_90
https://dkstatics-public.digikala.com/digikala-products/7eefcdd6c689dbb8487b0e2640ce6b5274b6e6bd_1769424711.jpg?x-oss-process=image/resize,m_lfit,h_800,w_800/quality,q_90
https://dkstatics-public.digikala.com/digikala-products/68e72d7f97ce9da796e0417ed822f8c78d2a98da_1769444388.jpg?x-oss-process=image/resize,m_lfit,h_800,w_800/quality,q_90","","نقره ای","ویژگی‌هانوع کاربریروزمره، رسمی، ورزشیروزمره، رسمی، ورزشیفرم صفحهمستطیلمستطیلجنس بندفلزفلزمشاهده همه ویژگی‌ها","","مشخصاتمناسب برایکاربری عمومی سازگار با سیستم عاملiOS Android توضیحات سازگاریiOS و اندروید زبان‌های قابل پشتیبانی در اعلان و پیامانگلیسی فارسی چینی عربی هشدار هابرای شارژ کردن ساعت هوشمند جتما از آداپتور ۱ میلی آمپر استفاده کنید. به هیچ عنوان از فست شارژر و شترژ سریع برای شارژ کردن استفاده نکنید تا باتری آسیب نبیند. نوع کاربریروزمره رسمی ورزشی قابلیت‌های ساعت هوشمندکنترل موسیقی (Music Player) قابلیت مکالمه از طریق بلوتوث پشتیبانی از زبان فارسی در منو و سیستم‌عامل سایز قاب ساعت هوشمند۴۹ میلی‌متر وزن۵۰ گرمفرم صفحهمستطیل قابلیت‌های مقاومتیمقاوم در برابر نفوذ گرد و غبار جنس بدنهفلز قابلیت تعویض بنددارد جنس بندفلز نوع قفل بندسگکی ساده اندازه صفحه نمایش۲/۲ اینچحسگرهای حرکتی و محیطیپشتیبانی از فرمان‌های حرکتی سنسورهای ورزشی و سلامتیتشخیص حرکات دست اتصالاتBluetooth نحوه شارژ ساعت هوشمندکابل مغناطیسی اقلام همراه۷ بند سیلیکونی، شارژ وایرلس، دفترچه راهنما","متفرقه"
"1771408541-246","https://www.digikala.com/search/category-wearable-gadget/","ساعت هوشمند 1.31 اینچی مودیو مدل MR60 با بند سیلیکونی","۲,۰۴۶,۰۰۰","۲,۲۰۰,۰۰۰","۷٪","","تنها ۱ عدد در انبار باقی مانده","","https://dkstatics-public.digikala.com/digikala-products/c2622f77fa406326ae76f5532b1313a8cfcaec8f_1768738753.jpg?x-oss-process=image/resize,m_lfit,h_300,w_300/quality,q_80","https://www.digikala.com/statics/img/svg/productCard/topBadge/SpecialSell.svg","ساعت هوشمند 1.31 اینچی مودیو مدل MR60 با بند سیلیکونیتنها ۱ عدد در انبار باقی مانده
۷٪۲,۰۴۶,۰۰۰۲,۲۰۰,۰۰۰","https://www.digikala.com/product/dkp-21200135/%D8%B3%D8%A7%D8%B9%D8%AA-%D9%87%D9%88%D8%B4%D9%85%D9%86%D8%AF-131-%D8%A7%DB%8C%D9%86%DA%86%DB%8C-%D9%85%D9%88%D8%AF%DB%8C%D9%88-%D9%85%D8%AF%D9%84-mr60-%D8%A8%D8%A7-%D8%A8%D9%86%D8%AF-%D8%B3%DB%8C%D9%84%DB%8C%DA%A9%D9%88%D9%86%DB%8C/","","","عالی","ساعت هوشمند 1.31 اینچی مودیو مدل MR60 با بند سیلیکونی","۲,۲۰۰,۰۰۰","","https://dkstatics-public.digikala.com/digikala-products/c2622f77fa406326ae76f5532b1313a8cfcaec8f_1768738753.jpg?x-oss-process=image/resize,m_lfit,h_800,w_800/quality,q_90
https://dkstatics-public.digikala.com/digikala-products/ef4f25a29b3f78d37df32ce0451f48c5f18ddb9a_1767196617.jpg?x-oss-process=image/resize,m_lfit,h_800,w_800/quality,q_90
https://dkstatics-public.digikala.com/digikala-products/39fc86ca23fddc1ff513b627497496d03d8cd65a_1767196618.jpg?x-oss-process=image/resize,m_lfit,h_800,w_800/quality,q_90
https://dkstatics-public.digikala.com/digikala-products/c2622f77fa406326ae76f5532b1313a8cfcaec8f_1768738753.jpg?x-oss-process=image/resize,m_lfit,h_800,w_800/quality,q_90","","مشکی","ویژگی‌هانوع کاربریورزشی، رسمی، روزمرهورزشی، رسمی، روزمرهفرم صفحهدایرهدایرهجنس بندسیلیکونسیلیکونمشاهده همه ویژگی‌ها","","مشخصاتمناسب برایآقایان و بانوان سازگار با سیستم عاملAndroid iOS توضیحات سازگاریسازگار با اندروید و IOS نوع کاربریورزشی رسمی روزمره قابلیت‌های ساعت هوشمندکنترل موسیقی (Music Player) قابلیت مکالمه از طریق بلوتوث پشتیبانی از زبان فارسی در منو و سیستم‌عامل قابلیت تغییر طرح ساعت یا تم سایز قاب ساعت هوشمند۴۸ میلی‌متر وزن۲۰۰ گرمفرم صفحهدایره قابلیت‌های مقاومتیمقاوم در برابر خط و خش جنس بدنهاستیل قابلیت تعویض بنددارد جنس بندسیلیکون نوع قفل بندسگکی ساده اندازه صفحه نمایش۱.۳۱ اینچحسگرهای حرکتی و محیطیشتاب سنج (Accelerometer) سنسورهای ورزشی و سلامتیشمارنده ضربان قلب سنجش دمای بدن سنجش اکسیژن خون تشخیص حرکات دست سنجش سطح استرس سنجش کیفیت خواب نحوه شارژ ساعت هوشمندشارژ بی‌سیم","مودیو"
"1771408543-247","https://www.digikala.com/search/category-wearable-gadget/","ساعت هوشمند کیسلکت مدل Pura، مناسب برای ورزش، دارای قابلیت‌های صفحه نمایش رنگی و لمسی، قابلیت نمایش سطح اکسیژن خون، بند سیلیکون","۴,۱۹۰,۰۰۰","","","۴.۱","ارسال سریع دیجی‌کالا","","https://dkstatics-public.digikala.com/digikala-products/9e171c68e08624cedfd09fdc2e643529b1894468_1754238456.jpg?x-oss-process=image/resize,m_lfit,h_300,w_300/quality,q_80","","ساعت هوشمند کیسلکت مدل Pura، مناسب برای ورزش، دارای قابلیت‌های صفحه نمایش رنگی و لمسی، قابلیت نمایش سطح اکسیژن خون، بند سیلیکونارسال سریع دیجی‌کالا
۴.۱۴,۱۹۰,۰۰۰","https://www.digikala.com/product/dkp-17684415/%D8%B3%D8%A7%D8%B9%D8%AA-%D9%87%D9%88%D8%B4%D9%85%D9%86%D8%AF-%DA%A9%DB%8C%D8%B3%D9%84%DA%A9%D8%AA-%D9%85%D8%AF%D9%84-pura-%D9%85%D9%86%D8%A7%D8%B3%D8%A8-%D8%A8%D8%B1%D8%A7%DB%8C-%D9%88%D8%B1%D8%B2%D8%B4-%D8%AF%D8%A7%D8%B1%D8%A7%DB%8C-%D9%82%D8%A7%D8%A8%D9%84%DB%8C%D8%AA%D9%87%D8%A7%DB%8C-%D8%B5%D9%81%D8%AD%D9%87-%D9%86%D9%85%D8%A7%DB%8C%D8%B4-%D8%B1%D9%86%DA%AF%DB%8C-%D9%88-%D9%84%D9%85%D8%B3%DB%8C-%D9%82%D8%A7%D8%A8%D9%84%DB%8C%D8%AA-%D9%86%D9%85%D8%A7%DB%8C%D8%B4-%D8%B3%D8%B7%D8%AD-%D8%A7%DA%A9%D8%B3%DB%8C%DA%98%D9%86-%D8%AE%D9%88%D9%86-%D8%A8%D9%86%D8%AF-%D8%B3%DB%8C%D9%84%DB%8C%DA%A9%D9%88%D9%86/","۴.۱","۱۹ دیدگاه","عالی","ساعت هوشمند کیسلکت مدل Pura، مناسب برای ورزش، دارای قابلیت‌های صفحه نمایش رنگی و لمسی، قابلیت نمایش سطح اکسیژن خون، بند سیلیکون","۴,۱۹۰,۰۰۰","۷۴.۶%","https://dkstatics-public.digikala.com/digikala-products/9e171c68e08624cedfd09fdc2e643529b1894468_1754238456.jpg?x-oss-process=image/resize,m_lfit,h_800,w_800/quality,q_90
https://dkstatics-public.digikala.com/digikala-products/9e171c68e08624cedfd09fdc2e643529b1894468_1754238456.jpg?x-oss-process=image/resize,m_lfit,h_800,w_800/quality,q_90
https://dkstatics-public.digikala.com/digikala-products/7f597d549ef9cc01c486deab1dcb08c62368ef7e_1733919543.jpg?x-oss-process=image/resize,m_lfit,h_800,w_800/quality,q_90
https://dkstatics-public.digikala.com/digikala-products/270acf4bac8ffcc01acb573f8381b39a58ea8f80_1733919543.jpg?x-oss-process=image/resize,m_lfit,h_800,w_800/quality,q_90
https://dkstatics-public.digikala.com/digikala-products/9e171c68e08624cedfd09fdc2e643529b1894468_1754238456.jpg?x-oss-process=image/resize,m_lfit,h_800,w_800/quality,q_90","","طلایی","ویژگی‌هانوع کاربریورزشی، رسمی، روزمرهورزشی، رسمی، روزمرهفرم صفحهدایرهدایرهجنس بندسیلیکونسیلیکونمشاهده همه ویژگی‌ها","","مشخصاتمناسب برایآقایان و بانوان توضیحات سازگاریبلوتوث نسخه ۵.۲ /
سازگاری با اندروید ۶ و بالاتر - ios ۹.۰ و بالاتر نوع کاربریورزشی رسمی روزمره قابلیت‌های ساعت هوشمندصفحه نمایش رنگی صفحه نمایش لمسی کنترل موسیقی (Music Player) کنترل سطح اکسیژن خون ابعاد قاب۱۰x۴۰.۵x۴۰.۵ میلی‌مترضخامت قاب۱۰ میلی‌متروزن۲۵ گرمفرم صفحهدایره جنس بدنهفلز قابلیت تعویض بنددارد جنس بندسیلیکون نوع قفل بندسگکی ساده نوع صفحه نمایش اصلیAMOLED اندازه صفحه نمایش۱.۱۹ اینچرزولوشن صفحه نمایش۳۹۰x۳۹۰ سایر مشخصات صفحه نمایش۱۰۰۰ نیت روشنایی /
نرخ تازه سازی ۶۰ هرتزی سایر مشخصات سخت افزاریدارای گواهی IP۶۸ (مقاوم در برابر نفوذ آب) /
شارژدهی باتری در استفاده معمولی تا ۷ روز /
شارژدهی باتری در حالت صرفه‌جویی تا ۲۰ روز اتصالاتBluetooth ظرفیت باتری۲۵۰ میلی آمپر ساعتمدت زمان شارژ شدن۲.۵ ساعت قابلیت های ویژهدارای ۱۰۰ حالت ورزشی /
پایش وضیعت خواب /
بررسی وضیعت استرس /
امکان پخش موسیقی اقلام همراهدفترچه راهنما","کیسلکت"
"1771408545-248","https://www.digikala.com/search/category-wearable-gadget/","ساعت هوشمند مدل K56 Pro 2024","۵,۳۲۶,۲۳۰","","","۴","تنها ۳ عدد در انبار باقی مانده","","https://dkstatics-public.digikala.com/digikala-products/2f17ac1684bac3dc50a7e96a3288c6e8a4c64ff6_1711715699.jpg?x-oss-process=image/resize,m_lfit,h_300,w_300/quality,q_80","","ساعت هوشمند مدل K56 Pro 2024تنها ۳ عدد در انبار باقی مانده
۴۵,۳۲۶,۲۳۰","https://www.digikala.com/product/dkp-14942197/%D8%B3%D8%A7%D8%B9%D8%AA-%D9%87%D9%88%D8%B4%D9%85%D9%86%D8%AF-%D9%85%D8%AF%D9%84-k56-pro-2024/","۴","۱۲ دیدگاه","عالی","ساعت هوشمند مدل K56 Pro 2024","۵,۳۲۶,۲۳۰","۶۰%","https://dkstatics-public.digikala.com/digikala-products/2f17ac1684bac3dc50a7e96a3288c6e8a4c64ff6_1711715699.jpg?x-oss-process=image/resize,m_lfit,h_800,w_800/quality,q_90
https://dkstatics-public.digikala.com/digikala-products/54251be56b9ad6b201844b6062834595a3d4843a_1711715692.jpg?x-oss-process=image/resize,m_lfit,h_800,w_800/quality,q_90
https://dkstatics-public.digikala.com/digikala-products/4fa07c18718eb9587bb377453c0de907e839d4fb_1711715694.jpg?x-oss-process=image/resize,m_lfit,h_800,w_800/quality,q_90
https://dkstatics-public.digikala.com/digikala-products/2f17ac1684bac3dc50a7e96a3288c6e8a4c64ff6_1711715699.jpg?x-oss-process=image/resize,m_lfit,h_800,w_800/quality,q_90","","مشکی","ویژگی‌هانوع کاربریورزشی، رسمی، روزمرهورزشی، رسمی، روزمرهفرم صفحهگردگردجنس بندسیلیکونسیلیکونمشاهده همه ویژگی‌ها","قابلیت های ویژه:

گام شمار، سنسورهای دقیق و واقعی، هشدار عدم تحرک، پایش 24 ساعته سلامت، دارای بیش از 20 حالت ورزشی، سنجش ضربان قلب، کنترل موزیک و دوربین گوشی، مانیتور و کنترل خواب، دارای ده‌ها مدل واچ فیس قابل تغییر به همراه قابلیت انتخاب تصویر پس زمینه دلخواه، تغییر نحوه نمایش منوی ساعت( 3 حالته)، بند قابل تعویض، نمایش آب و هوا، صفحه نمایش با کیفیت HD وضوح بالا، تماس اضطراری SOS، تایمر، وزن سبک، بندهای سیلیکونی سبک و نرم، تماس و مکالمه مستقیم، باتری قوی 400 میلی آمپری، رنگ ...","مشخصاتمناسب برایآقایان و بانوان نوع کاربریورزشی رسمی روزمره قابلیت‌های ساعت هوشمندصفحه نمایش رنگی کنترل موسیقی (Music Player) کنترل سطح اکسیژن خون قابلیت مکالمه مستقیم فرم صفحهگرد جنس بندسیلیکون نوع قفل بندسگکی قلاب‌دار توضیحات رنگ بند و بدنهمناسب برای: آقایان و بانوان

نوع کاربری:ورزشی، رسمی، روزمره

فرم صفحه: دایره

جنس بدنه: پلاستیک

دارای قاب فلزی ظریف و ضد رسوب گرد و غبار

جنس بند: سیلیکون

نوع قفل بند: سگکی ساده

قابلیت‌های ساعت هوشمند:

صفحه نمایش رنگی

صفحه نمایش لمسی

کنترل موسیقی (Music Player)

کنترل سطح اکسیژن خون

قابلیت مکالمه مستقیم

اندازه صفحه نمایش: ۱.۳۹ اینچ

رزولوشن صفحه نمایش: ۳۶۰x۳۶۰ پیکسل

سایر مشخصات صفحه نمایش: نمایشگر IPS با وضوح و روشنایی بالا حتی در زیر نور مستقیم آفتاب

توضیحات سازگاری:

اتصال به ساعت از طریق نرم افزار محبوب Da Fit – سیستم عامل اندروید ۴.۴ به بالا و IOS ۸ به بالا – پشتیبانی از بلوتوث نسخه ۵.۰

پردازنده: Realtek۸۷۶۲DK

سایر مشخصات سخت افزاری: دارای موتور لرزشی داخلی

حافظه داخلی: ۱۲۸ مگابایت

اتصالات: Bluetooth

حس‌گرها:

شمارشگر ضربان قلب

سنجش اکسیژن خون

فشارسنج (Barometer)

گام شمار

نوار قلب (Electrocardiogram)

ظرفیت باتری: ۴۰۰ میلی آمپر ساعت

منبع شارژ: مگنتی

اقلام همراه:

دفترچه راهنما، کابل شارژ مگنتی","متفرقه"
"1771408547-249","https://www.digikala.com/search/category-wearable-gadget/","ساعت هوشمند تی سی اچ مدل TCH HD2 3D Hero2 دارای قابلیت های کنترل موسیقی (Music Player)، پشتیبانی از زبان فارسی در منو و سیستم‌عامل، قابلیت مکالمه از طریق بلوتوث بند فلز","۳,۷۰۰,۰۰۰","","","۴.۴","ارسال سریع دیجی‌کالا","","https://dkstatics-public.digikala.com/digikala-products/6b118a2528d22b67e3e8489c937005bd8144aea2_1754236725.jpg?x-oss-process=image/resize,m_lfit,h_300,w_300/quality,q_80","","ساعت هوشمند تی سی اچ مدل TCH HD2 3D Hero2 دارای قابلیت های کنترل موسیقی (Music Player)، پشتیبانی از زبان فارسی در منو و سیستم‌عامل، قابلیت مکالمه از طریق بلوتوث بند فلزارسال سریع دیجی‌کالا
۴.۴۳,۷۰۰,۰۰۰","https://www.digikala.com/product/dkp-16797962/%D8%B3%D8%A7%D8%B9%D8%AA-%D9%87%D9%88%D8%B4%D9%85%D9%86%D8%AF-%D8%AA%DB%8C-%D8%B3%DB%8C-%D8%A7%DA%86-%D9%85%D8%AF%D9%84-tch-hd2-3d-hero2-%D8%AF%D8%A7%D8%B1%D8%A7%DB%8C-%D9%82%D8%A7%D8%A8%D9%84%DB%8C%D8%AA-%D9%87%D8%A7%DB%8C-%DA%A9%D9%86%D8%AA%D8%B1%D9%84-%D9%85%D9%88%D8%B3%DB%8C%D9%82%DB%8C-music-player-%D9%BE%D8%B4%D8%AA%DB%8C%D8%A8%D8%A7%D9%86%DB%8C-%D8%A7%D8%B2-%D8%B2%D8%A8%D8%A7%D9%86-%D9%81%D8%A7%D8%B1%D8%B3%DB%8C-%D8%AF%D8%B1-%D9%85%D9%86%D9%88-%D9%88-%D8%B3%DB%8C%D8%B3%D8%AA%D9%85%D8%B9%D8%A7%D9%85%D9%84-%D9%82%D8%A7%D8%A8%D9%84%DB%8C%D8%AA-%D9%85%DA%A9%D8%A7%D9%84%D9%85%D9%87-%D8%A7%D8%B2-%D8%B7%D8%B1%DB%8C%D9%82-%D8%A8%D9%84%D9%88%D8%AA%D9%88%D8%AB-%D8%A8%D9%86%D8%AF-%D9%81%D9%84%D8%B2/","۴.۴","۲۴۹ دیدگاه","عالی","ساعت هوشمند تی سی اچ مدل TCH HD2 3D Hero2 دارای قابلیت های کنترل موسیقی (Music Player)، پشتیبانی از زبان فارسی در منو و سیستم‌عامل، قابلیت مکالمه از طریق بلوتوث بند فلز","۳,۷۰۰,۰۰۰","۸۷.۶%","https://dkstatics-public.digikala.com/digikala-products/6b118a2528d22b67e3e8489c937005bd8144aea2_1754236725.jpg?x-oss-process=image/resize,m_lfit,h_800,w_800/quality,q_90
https://dkstatics-public.digikala.com/digikala-products/6b118a2528d22b67e3e8489c937005bd8144aea2_1754236725.jpg?x-oss-process=image/resize,m_lfit,h_800,w_800/quality,q_90
https://dkstatics-public.digikala.com/digikala-products/eb62d059a23f89fd5faee7f4d2800eb53a5a4894_1729934128.jpg?x-oss-process=image/resize,m_lfit,h_800,w_800/quality,q_90
https://dkstatics-public.digikala.com/digikala-products/94d0ecefc27974d4532d1d6837a7d34a494041cf_1727261097.jpg?x-oss-process=image/resize,m_lfit,h_800,w_800/quality,q_90
https://dkstatics-public.digikala.com/digikala-products/6b118a2528d22b67e3e8489c937005bd8144aea2_1754236725.jpg?x-oss-process=image/resize,m_lfit,h_800,w_800/quality,q_90","","خاکسترینقره ای","ویژگی‌هانوع کاربریرسمی، روزمرهرسمی، روزمرهفرم صفحهدایرهدایرهجنس بندفلزفلزمشاهده همه ویژگی‌ها","برخی از افراد به ساعت‌های کلاسیک علاقه دارند و ظاهر اسپرت ساعت‌های هوشمند باعث می‌شود تا سراغ این محصولات نروند. TCH به فکر این افراد هم بوده و با تولید ساعت هوشمند HD2 3D Hero2 که طراحی کلاسیک دارد، تلاش می‌کند تا طرفداران این ساعت‌ها را به خود جذب کند.
ساعت هوشمند TCH HD2 از صفحه نمایش ۱.۴۳ اینچی امولد با رزولوشن ۴۶۶×۴۶۶ استفاده می‌کند. این صفحه نمایش، محتوا را با کیفیت بالایی نمایش می‌دهد و می‌توانید آن را در زیر نور خورشید به خوبی ببینید. جنس بدنه این ساعت از جنس آلیاژ رو ...","مشخصاتمناسب برایآقایان سازگار با سیستم عاملAndroid iOS توضیحات سازگاریسازگار با سیستم عامل Android و iOS زبان‌های قابل پشتیبانی در اعلان و پیامانگلیسی فارسی نوع کاربریرسمی روزمره قابلیت‌های ساعت هوشمندکنترل موسیقی (Music Player) پشتیبانی از زبان فارسی در منو و سیستم‌عامل قابلیت مکالمه از طریق بلوتوث سایز قاب ساعت هوشمند۵۰ میلی‌متر وزن۴۰ گرمفرم صفحهدایره قابلیت‌های مقاومتیبدون قابلیت مقاومتی جنس بدنهفلز قابلیت تعویض بنددارد توضیحات جنس بدنهمقاومت در برار آب: IP۶۸ جنس بندفلز نوع قفل بندضامن دار (کلیپسی) نوع صفحه نمایش اصلیAmoled اندازه صفحه نمایش۱.۴۳ اینچرزولوشن صفحه نمایش۴۶۶*۴۶۶ پیکسل حسگرهای حرکتی و محیطیفشار سنج (Barometer) گام‌شمار (Pedometer) سنسورهای ورزشی و سلامتیشمارنده ضربان قلب سنجش اکسیژن خون نظارت بر سیکل ماهیانه بانوان سنجش کیفیت خواب سنجش سطح استرس نسخه بلوتوث۵.۲ اتصالاتBluetooth ظرفیت باتری۳۰۰ میلی آمپر ساعتنحوه شارژ ساعت هوشمندکابل مغناطیسی مدت زمان شارژ شدن۲.۵ قابلیت های ویژهقابلیت دریافت اعلانات و پیام‌ها /
پشتیبانی بیش از ۱۵۰ حالت ورزشی /
پشتیبانی از ۱۶ زبان /
برنامه اختصاصی GloryFit Pro /
دارای ماشین حساب
 اقلام همراهبند چرمی اضافه، کابل شارژ و دفترچه راهنما توضیحات شارژدهیمدت زمان شارژدهی (عمر باتری): با توجه به استفاده کاربر ۵ تا ۷ روز","تی سی اچ"
"1771408550-250","https://www.digikala.com/search/category-wearable-gadget/","ساعت هوشمند ویرفیت مدل HK10 PRO MAX","۳,۹۹۰,۰۰۰","","","۴.۲","ارسال فروشنده","","","","ساعت هوشمند ویرفیت مدل HK10 PRO MAXارسال فروشنده
۴.۲۳,۹۹۰,۰۰۰","https://www.digikala.com/product/dkp-17700228/%D8%B3%D8%A7%D8%B9%D8%AA-%D9%87%D9%88%D8%B4%D9%85%D9%86%D8%AF-%D9%88%DB%8C%D8%B1%D9%81%DB%8C%D8%AA-%D9%85%D8%AF%D9%84-hk10-pro-max/","۴.۲","۲۳ دیدگاه","عالی","ساعت هوشمند ویرفیت مدل HK10 PRO MAX","۳,۹۹۰,۰۰۰","۹۳.۴%","https://dkstatics-public.digikala.com/digikala-products/ec800bdcc99866a91f42beb36877bda177c2713b_1754238524.jpg?x-oss-process=image/resize,m_lfit,h_800,w_800/quality,q_90
https://dkstatics-public.digikala.com/digikala-products/ec800bdcc99866a91f42beb36877bda177c2713b_1754238524.jpg?x-oss-process=image/resize,m_lfit,h_800,w_800/quality,q_90
https://dkstatics-public.digikala.com/digikala-products/001abe53bee6a5d8898784aeb6ccfe61daf17380_1734088885.jpg?x-oss-process=image/resize,m_lfit,h_800,w_800/quality,q_90
https://dkstatics-public.digikala.com/digikala-products/eb53939d4aecfd3590321838be4860079f68bf70_1734089269.jpg?x-oss-process=image/resize,m_lfit,h_800,w_800/quality,q_90
https://dkstatics-public.digikala.com/digikala-products/ec800bdcc99866a91f42beb36877bda177c2713b_1754238524.jpg?x-oss-process=image/resize,m_lfit,h_800,w_800/quality,q_90","","مشکیمشکی براق","ویژگی‌هانوع کاربریورزشی، رسمی، روزمرهورزشی، رسمی، روزمرهفرم صفحهمستطیلمستطیلجنس بندسیلیکونسیلیکونمشاهده همه ویژگی‌ها","ساعت هوشمند HK10PRO MAX با طراحی مدرن و امکانات پیشرفته، گزینه‌ای عالی برای استفاده روزمره و ورزشی است. این ساعت مجهز به صفحه نمایش AMOLED باکیفیت، سنسورهای پایش سلامت مانند ضربان قلب و اکسیژن خون، و حالت‌های ورزشی متنوع است. با باتری بادوام، امکان استفاده چندروزه را فراهم کرده و از طریق بلوتوث به گوشی متصل می‌شود تا اعلان‌ها، تماس‌ها و پیام‌ها را نمایش دهد. طراحی مقاوم در برابر آب و ضربه، این ساعت را به انتخابی ایده‌آل برای تمامی شرایط تبدیل کرده است.","مشخصاتمناسب برایکاربری عمومی نوع کاربریورزشی رسمی روزمره قابلیت‌های ساعت هوشمندصفحه نمایش رنگی صفحه نمایش لمسی کنترل سطح اکسیژن خون قابلیت مکالمه از طریق بلوتوث پشتیبانی از زبان فارسی در منو و سیستم‌عامل قابلیت تغییر طرح ساعت یا تم ضد آب کنترل موسیقی (Music Player) ابعاد قاب۴۵.۶x۳۸.۶x۹ میلی‌مترضخامت قاب۴۶ میلی‌متروزن۳۵.۹ گرمفرم صفحهمستطیل جنس بدنهآلومینیوم قابلیت تعویض بنددارد جنس بندسیلیکون نوع قفل بندسگکی ساده اندازه صفحه نمایش۲.۰۲ اینچمدت زمان شارژ شدن۱ساعت","ویرفیت"
"1771408552-251","https://www.digikala.com/search/category-wearable-gadget/","ساعت هوشمند 45 میلی متری هایلو مدل Solar Plus با بند سیلیکونی","۶,۲۹۰,۰۰۰","","","۴.۵","&nbsp;","","","","ساعت هوشمند 45 میلی متری هایلو مدل Solar Plus با بند سیلیکونی&nbsp;
۴.۵۶,۲۹۰,۰۰۰","https://www.digikala.com/product/dkp-11971306/%D8%B3%D8%A7%D8%B9%D8%AA-%D9%87%D9%88%D8%B4%D9%85%D9%86%D8%AF-45-%D9%85%DB%8C%D9%84%DB%8C-%D9%85%D8%AA%D8%B1%DB%8C-%D9%87%D8%A7%DB%8C%D9%84%D9%88-%D9%85%D8%AF%D9%84-solar-plus-%D8%A8%D8%A7-%D8%A8%D9%86%D8%AF-%D8%B3%DB%8C%D9%84%DB%8C%DA%A9%D9%88%D9%86%DB%8C/","۴.۵","۲۶۱ دیدگاه","عالی","ساعت هوشمند 45 میلی متری هایلو مدل Solar Plus با بند سیلیکونی","۶,۲۹۰,۰۰۰","۸۹.۴%","https://dkstatics-public.digikala.com/digikala-products/25af5f82f578da1c0f23d2c33d1a7714298b97ad_1752498493.jpg?x-oss-process=image/resize,m_lfit,h_800,w_800/quality,q_90
https://dkstatics-public.digikala.com/digikala-products/25af5f82f578da1c0f23d2c33d1a7714298b97ad_1752498493.jpg?x-oss-process=image/resize,m_lfit,h_800,w_800/quality,q_90
https://dkstatics-public.digikala.com/digikala-products/d89bf759eaf21577e796bba75dfcacc288db2e45_1688899906.jpg?x-oss-process=image/resize,m_lfit,h_800,w_800/quality,q_90
https://dkstatics-public.digikala.com/digikala-products/3151e9cc0843d23695e9e8db2590ded694282bf5_1741547980.jpg?x-oss-process=image/resize,m_lfit,h_800,w_800/quality,q_90
https://dkstatics-public.digikala.com/digikala-products/25af5f82f578da1c0f23d2c33d1a7714298b97ad_1752498493.jpg?x-oss-process=image/resize,m_lfit,h_800,w_800/quality,q_90","","نقره ایمشکی","ویژگی‌هانوع کاربریورزشی، روزمرهورزشی، روزمرهفرم صفحهدایرهدایرهجنس بندسیلیکونسیلیکونمشاهده همه ویژگی‌ها","ساعت هوشمند هایلو مدل Solar Plus یک محصول فوق‌العاده باکیفیت و کارآمد است. ساعت مچی Solar Plus از قابلیت‌های منحصر به فردی برخوردار است که می‌تواند علاوه بر یک ساعت مچی، یک ابزار همه کاره حتی برای پایش میزان سلامتی شما باشد. هایلو برای این مدل بیش از 100 حالت ورزشی در نظر گرفته تا شما با استفاده از این ابزار، تمرینات خود را به صورت تخصصی‌تری تحت نظر بگیرید. سنجش سطح اکسیژن خون و میزان ضربات قلب هم می‌تواند در هر مقطعی از روز برای شما کارگشا باشد. این ساعت هوشمند از طریق بلوتو ...","مشخصاتمناسب برایآقایان و بانوان سازگار با سیستم عاملAndroid iOS توضیحات سازگاریاندروید ۶.۰ به بالا
IOS ۱۱.۰ به بالا نوع کاربریورزشی روزمره قابلیت‌های ساعت هوشمندقابلیت مکالمه از طریق بلوتوث سایز قاب ساعت هوشمند۴۵ میلی‌متر ابعاد قاب۴۵x۴۵x۱۰.۱  میلی‌مترضخامت قاب۴۵ میلی‌متروزن۴۹.۵ گرمفرم صفحهدایره قابلیت‌های مقاومتیمقاوم در برابر نفوذ آب مقاوم در برابر نفوذ گرد و غبار جنس بدنهآلومینیوم قابلیت تعویض بنددارد جنس بندسیلیکون نوع قفل بندسگکی ساده توضیحات رنگ بند و بدنهبدنه با حاشیه‌های فلزی و بند سیلیکونی نوع صفحه نمایش اصلیAMOLED اندازه صفحه نمایش۱.۴۳ اینچرزولوشن صفحه نمایش۴۶۶x۴۶۶ سایر مشخصات صفحه نمایشصفحه‌نمایش always-on حسگرهای حرکتی و محیطیشتاب سنج (Accelerometer) سنسورهای ورزشی و سلامتیشمارنده ضربان قلب اتصالاتBluetooth ظرفیت باتری۲۸۰ میلی آمپر ساعتنحوه شارژ ساعت هوشمندکابل مغناطیسی قابلیت های ویژه-دارای ۱۰۵ حالت ورزشی
-حالت Mood / Stress
-دارای بیش از ۱۰۰ صفحه‌زمینه متفاوت
-استاندارد IP۶۸ و مقاوم در برابر رطوبت و گردو خاک
-عمر باتری تا ۷ روز
- نسخه بلوتوث ۵.۲","هایلو"
"1771408554-252","https://www.digikala.com/search/category-wearable-gadget/","ساعت هوشمند ویرفیت مدل hk10 mini plus","۳,۹۸۰,۰۰۰","","","۴.۲","&nbsp;","","","","ساعت هوشمند ویرفیت مدل hk10 mini plus&nbsp;
۴.۲۳,۹۸۰,۰۰۰","https://www.digikala.com/product/dkp-17843168/%D8%B3%D8%A7%D8%B9%D8%AA-%D9%87%D9%88%D8%B4%D9%85%D9%86%D8%AF-%D9%88%DB%8C%D8%B1%D9%81%DB%8C%D8%AA-%D9%85%D8%AF%D9%84-hk10-mini-plus/","۴.۲","۴۱ دیدگاه","عالی","ساعت هوشمند ویرفیت مدل hk10 mini plus","۳,۹۸۰,۰۰۰","۱۰۰%","https://dkstatics-public.digikala.com/digikala-products/41d62ac8377a511c68b4172c4c22dd51e22303f6_1754238823.jpg?x-oss-process=image/resize,m_lfit,h_800,w_800/quality,q_90
https://dkstatics-public.digikala.com/digikala-products/41d62ac8377a511c68b4172c4c22dd51e22303f6_1754238823.jpg?x-oss-process=image/resize,m_lfit,h_800,w_800/quality,q_90
https://dkstatics-public.digikala.com/digikala-products/5159a34d91fb12f446877e294c95eea1dfe8c3a7_1735402068.jpg?x-oss-process=image/resize,m_lfit,h_800,w_800/quality,q_90
https://dkstatics-public.digikala.com/digikala-products/abca3886b8f45ab27c33370ae26f5da6f1e71299_1741377039.jpg?x-oss-process=image/resize,m_lfit,h_800,w_800/quality,q_90
https://dkstatics-public.digikala.com/digikala-products/41d62ac8377a511c68b4172c4c22dd51e22303f6_1754238823.jpg?x-oss-process=image/resize,m_lfit,h_800,w_800/quality,q_90","","مشکی","ویژگی‌هانوع کاربریورزشی، رسمی، روزمرهورزشی، رسمی، روزمرهفرم صفحهمربعمربعجنس بندسیلیکونسیلیکونمشاهده همه ویژگی‌ها","","مشخصاتنوع کاربریورزشی رسمی روزمره قابلیت‌های ساعت هوشمندکنترل موسیقی (Music Player) قابلیت مکالمه مستقیم فرم صفحهمربع جنس بدنهتیتانیوم قابلیت تعویض بنددارد جنس بندسیلیکون نوع قفل بندسگکی ساده اندازه صفحه نمایش۴۱ اینچ","ویرفیت"
"1771408557-253","https://www.digikala.com/search/category-wearable-gadget/","ساعت هوشمند ناتینگ مدل  Nothing CMF Watch Pro دارای قابلیت های صفحه نمایش رنگی، صفحه نمایش لمسی، کنترل سطح اکسیژن خون بند سیلیکون","۸,۴۵۰,۰۰۰","","","۴.۴","تنها ۱ عدد در انبار باقی مانده","","","","ساعت هوشمند ناتینگ مدل  Nothing CMF Watch Pro دارای قابلیت های صفحه نمایش رنگی، صفحه نمایش لمسی، کنترل سطح اکسیژن خون بند سیلیکونتنها ۱ عدد در انبار باقی مانده
۴.۴۸,۴۵۰,۰۰۰","https://www.digikala.com/product/dkp-15234397/%D8%B3%D8%A7%D8%B9%D8%AA-%D9%87%D9%88%D8%B4%D9%85%D9%86%D8%AF-%D9%86%D8%A7%D8%AA%DB%8C%D9%86%DA%AF-%D9%85%D8%AF%D9%84-nothing-cmf-watch-pro-%D8%AF%D8%A7%D8%B1%D8%A7%DB%8C-%D9%82%D8%A7%D8%A8%D9%84%DB%8C%D8%AA-%D9%87%D8%A7%DB%8C-%D8%B5%D9%81%D8%AD%D9%87-%D9%86%D9%85%D8%A7%DB%8C%D8%B4-%D8%B1%D9%86%DA%AF%DB%8C-%D8%B5%D9%81%D8%AD%D9%87-%D9%86%D9%85%D8%A7%DB%8C%D8%B4-%D9%84%D9%85%D8%B3%DB%8C-%DA%A9%D9%86%D8%AA%D8%B1%D9%84-%D8%B3%D8%B7%D8%AD-%D8%A7%DA%A9%D8%B3%DB%8C%DA%98%D9%86-%D8%AE%D9%88%D9%86-%D8%A8%D9%86%D8%AF-%D8%B3%DB%8C%D9%84%DB%8C%DA%A9%D9%88%D9%86/","۴.۴","۸۸ دیدگاه","عالی","ساعت هوشمند ناتینگ مدل  Nothing CMF Watch Pro دارای قابلیت های صفحه نمایش رنگی، صفحه نمایش لمسی، کنترل سطح اکسیژن خون بند سیلیکون","۸,۴۴۰,۰۰۰","۱۰۰%","https://dkstatics-public.digikala.com/digikala-products/2f3af8ec6ea5922ce3b095a82bdc823a8109b29d_1754253968.jpg?x-oss-process=image/resize,m_lfit,h_800,w_800/quality,q_90
https://dkstatics-public.digikala.com/digikala-products/b3b3d991749264d4d83f0733030bef63c6536217_1713948638.jpg?x-oss-process=image/resize,m_lfit,h_800,w_800/quality,q_90
https://dkstatics-public.digikala.com/digikala-products/d6a41ee9aafd842aa3afe15f66ff5e6f05a76981_1713888985.jpg?x-oss-process=image/resize,m_lfit,h_800,w_800/quality,q_90
https://dkstatics-public.digikala.com/digikala-products/2f3af8ec6ea5922ce3b095a82bdc823a8109b29d_1754253968.jpg?x-oss-process=image/resize,m_lfit,h_800,w_800/quality,q_90","","مشکی","ویژگی‌هانوع کاربریروزمره، رسمی، ورزشیروزمره، رسمی، ورزشیفرم صفحهمستطیلمستطیلجنس بندسیلیکونسیلیکونمشاهده همه ویژگی‌ها","ساعت هوشمند CMF Watch Pro از برند ناتینگ، طراحی مدرن و عملکرد پیشرفته‌ای دارد. این ساعت برای آقایان و بانوانی که به دنبال یک ابزار کارآمد برای استفاده روزمره، رسمی و ورزشی هستند، انتخابی ایده‌آل محسوب می‌شود. بدنه آلومینیومی باکیفیت و فریم‌های متنوع رنگی از جمله نقره‌ای، خاکستری و نارنجی، زیبایی خاصی به این محصول بخشیده است. بند سیلیکونی آن با قفل سگکی ساده، راحتی و ایمنی را تضمین می‌کند. طراحی ارگونومیک با وزن سبک ۴۷ گرمی، استفاده طولانی ‌مدت از ساعت را بدون ایجاد خستگی ممکن ...","مشخصاتمناسب برایآقایان و بانوان توضیحات سازگاریiOS ۱۳ و Android ۸.۰ و بالاتر نوع کاربریروزمره رسمی ورزشی قابلیت‌های ساعت هوشمندصفحه نمایش رنگی صفحه نمایش لمسی کنترل سطح اکسیژن خون ابعاد قاب۲۶۱.۲x۳۹.۹x۱۲.۹ میلی‌متروزن۴۷ گرمفرم صفحهمستطیل جنس بدنهآلومینیوم قابلیت تعویض بنددارد توضیحات جنس بدنهآلیاژ آلومینیوم جنس بندسیلیکون نوع قفل بندسگکی ساده توضیحات رنگ بند و بدنهدارای ۴ رنگ خاکستری, سفید, مشکی, نارنجی نوع صفحه نمایش اصلیAMOLED اندازه صفحه نمایش۱.۹۶ اینچ اینچرزولوشن صفحه نمایش۴۱۰x۵۰۲ تراکم پیکسلی صفحه نمایش۳۳۲ پیکسل بر اینچسایر مشخصات صفحه نمایشروشنایی ۶۰۰ نیت سایر مشخصات سخت افزاریسایز بند ۲۲ میلی‌متر /
بلوتوث نسخه ۵.۳ /
دارای اسپیکر داخلی اتصالاتBluetooth ظرفیت باتری۳۴۰ میلی آمپر ساعتقابلیت های ویژه آب و هوا /
 تایمر /
 تقویم /
 زنگ هشدار /
 قابلیت Do Not Disturb /
 قابلیت Find My Phone /
 قابلیت کنترل موسیقی و دوربین در گوشی هوشمند /
 کرونومتر /
 نمایش نوتیفیکیشن‌های تماس /
 نوتیفیکیشن‌های SMS /
 نوتیفیکیشن‌های برنامه‌ها /
 یادآور رویداد /
 یادآور سلامت قلب /
گواهی IP۶۸ مقاوم در برابر نفوذ آب و ذرات گرد و غبار /
دارای بیش از ۱۰۰ حالت ورزشی /
شارژدهی تا ۱۳ روز  اقلام همراهکابل شارژر /
دفترچه راهنما","ناتینگ"
"1771408560-254","https://www.digikala.com/search/category-wearable-gadget/","ساعت هوشمند کیو سی وای مدل GT","۳,۹۰۰,۰۰۰","","","۴.۵","ارسال فروشنده","","","","ساعت هوشمند کیو سی وای مدل GTارسال فروشنده
۴.۵۳,۹۰۰,۰۰۰","https://www.digikala.com/product/dkp-15030810/%D8%B3%D8%A7%D8%B9%D8%AA-%D9%87%D9%88%D8%B4%D9%85%D9%86%D8%AF-%DA%A9%DB%8C%D9%88-%D8%B3%DB%8C-%D9%88%D8%A7%DB%8C-%D9%85%D8%AF%D9%84-gt/","۴.۵","۷۵ دیدگاه","خیلی خوب","ساعت هوشمند کیو سی وای مدل GT","۳,۹۰۰,۰۰۰","۱۰۰%","https://dkstatics-public.digikala.com/digikala-products/87d824e19ea129d1d7e4df93da7a9c725bf0ab5c_1738579335.jpg?x-oss-process=image/resize,m_lfit,h_800,w_800/quality,q_90
https://dkstatics-public.digikala.com/digikala-products/fad7e51b46b1cb336244ba80a16e7280d4796967_1712411380.jpg?x-oss-process=image/resize,m_lfit,h_800,w_800/quality,q_90
https://dkstatics-public.digikala.com/digikala-products/1977c8db226c95c55dea80ef638e8704f75b99e1_1712409639.jpg?x-oss-process=image/resize,m_lfit,h_800,w_800/quality,q_90
https://dkstatics-public.digikala.com/digikala-products/87d824e19ea129d1d7e4df93da7a9c725bf0ab5c_1738579335.jpg?x-oss-process=image/resize,m_lfit,h_800,w_800/quality,q_90","","مشکی","ویژگی‌هانوع کاربریورزشی، رسمی، روزمرهورزشی، رسمی، روزمرهفرم صفحهگردگردجنس بندسیلیکونسیلیکونمشاهده همه ویژگی‌ها","ساعت هوشمند کیو سی وای مدل GT با گردآوری تمام ویژگی‌هایی که یک ساعت ایده‌آل نیاز دارد، همچون طراحی شیک و امکانات پیشرفته، توانسته جایگاه ویژه‌ای در بین سایر محصولات به دست آورد. این ساعت با صفحه گرد و جنس بدنه فلزی از آلیاژ روی، در کنار طراحی زیبا توانسته دوام را هم روی مچ‌های کاربران بیاورد. بند این ساعت از جنس سیلیکونی با قفل سگکی است و آن را برای استفاده روزمره، ورزشی و حتی رسمی مناسب می‌سازد. صفحه‌نمایش AMOLED با اندازه ۱.۴۳ اینچ، رزولوشن ۴۶۶×۴۶۶ و تراکم ۳۲۶ پیکسل بر اینچ ...","مشخصاتمناسب برایکاربری عمومی نوع کاربریورزشی رسمی روزمره قابلیت‌های ساعت هوشمندصفحه نمایش رنگی صفحه نمایش لمسی کنترل موسیقی (Music Player) کنترل سطح اکسیژن خون قابلیت مکالمه از طریق بلوتوث وزن۶۰.۶ گرمفرم صفحهگرد جنس بدنهفلز قابلیت تعویض بنددارد توضیحات جنس بدنهجنس بدنه ساخته شده از جنس آلیاژ روی جنس بندسیلیکون نوع قفل بندسگکی ساده نوع صفحه نمایش اصلیAmoled اندازه صفحه نمایش۱.۴۳ اینچ اینچرزولوشن صفحه نمایش۴۶۶x۴۶۶ تراکم پیکسلی صفحه نمایش۳۲۶ پیکسل بر اینچسایر مشخصات صفحه نمایشصفحه نمایش همیشه روشن (AOD) اتصالاتBluetooth نوع باتریلیتیوم پلیمری ظرفیت باتری۲۲۰ میلی آمپر ساعتاقلام همراهساعت /
بند /
شارژر /
دفترچه راهنما","کیو سی وای"
"1771408562-255","https://www.digikala.com/search/category-wearable-gadget/","ساعت هوشمند 50.5 میلی متری هایلو مدل RS5 با بند سیلیکونی","۶,۵۹۰,۰۰۰","","","۴.۵","&nbsp;","","","","ساعت هوشمند 50.5 میلی متری هایلو مدل RS5 با بند سیلیکونی&nbsp;
۴.۵۶,۵۹۰,۰۰۰","https://www.digikala.com/product/dkp-16154908/%D8%B3%D8%A7%D8%B9%D8%AA-%D9%87%D9%88%D8%B4%D9%85%D9%86%D8%AF-505-%D9%85%DB%8C%D9%84%DB%8C-%D9%85%D8%AA%D8%B1%DB%8C-%D9%87%D8%A7%DB%8C%D9%84%D9%88-%D9%85%D8%AF%D9%84-rs5-%D8%A8%D8%A7-%D8%A8%D9%86%D8%AF-%D8%B3%DB%8C%D9%84%DB%8C%DA%A9%D9%88%D9%86%DB%8C/","۴.۵","۳۸ دیدگاه","عالی","ساعت هوشمند 50.5 میلی متری هایلو مدل RS5 با بند سیلیکونی","۶,۴۸۹,۱۵۰","۸۰%","https://dkstatics-public.digikala.com/digikala-products/c0f06476c3111a300ca9deafc6cd6295893d79af_1752497669.jpg?x-oss-process=image/resize,m_lfit,h_800,w_800/quality,q_90
https://dkstatics-public.digikala.com/digikala-products/9b05d316de631ee71cfe698e8884b0a23d585628_1721748995.jpg?x-oss-process=image/resize,m_lfit,h_800,w_800/quality,q_90
https://dkstatics-public.digikala.com/digikala-products/c74d5b0e2475ccb2030ba0ec2f9c408912e0728c_1721748995.jpg?x-oss-process=image/resize,m_lfit,h_800,w_800/quality,q_90
https://dkstatics-public.digikala.com/digikala-products/c0f06476c3111a300ca9deafc6cd6295893d79af_1752497669.jpg?x-oss-process=image/resize,m_lfit,h_800,w_800/quality,q_90","","نقره ایمشکی","ویژگی‌هانوع کاربریروزمره، رسمی، ورزشیروزمره، رسمی، ورزشیفرم صفحهمستطیلمستطیلجنس بندسیلیکونسیلیکونمشاهده همه ویژگی‌ها","","مشخصاتمناسب برایآقایان و بانوان سازگار با سیستم عاملAndroid iOS توضیحات سازگاریسیستم عامل اندروید نسخه ۶.۰ و بالاتر و سیستم عامل iOS نسخه ۱۱.۰ و بالاتر نوع کاربریروزمره رسمی ورزشی قابلیت‌های ساعت هوشمندقابلیت مکالمه از طریق بلوتوث سایز قاب ساعت هوشمند۵۰ میلی‌متر ابعاد قاب۵۰.۵x۳۸.۵ میلی‌مترضخامت قاب۱۰.۵ میلی‌مترعرض قاب۳۸.۵ میلی‌متروزن۵۱ (همراه با بند) گرمفرم صفحهمستطیل قابلیت‌های مقاومتیمقاوم در برابر نفوذ آب جنس بدنهفلز قابلیت تعویض بنددارد توضیحات جنس بدنهفریم فلزی جنس بندسیلیکون نوع قفل بندسگکی ساده نوع صفحه نمایش اصلیAMOLED اندازه صفحه نمایش۲.۰۱ اینچ اینچرزولوشن صفحه نمایش۴۱۰x۵۰۲ (Ultra HD) سایر مشخصات صفحه نمایشنرخ تازه سازی ۶۰ هرتز / 
نسبت صفحه نمایش به بدنه ۷۵%/
پشتیبانی از حالت همیشه روشن (Always-On-Display) حسگرهای حرکتی و محیطیشتاب سنج (Accelerometer) سنسورهای ورزشی و سلامتیشمارنده ضربان قلب سنجش اکسیژن خون تشخیص حرکات دست اتصالاتBluetooth ظرفیت باتری۳۰۰ میلی آمپر ساعتنحوه شارژ ساعت هوشمندکابل مغناطیسی قابلیت های ویژهپشتیبانی از ۱۵۰+ حالت ورزشی / 
امکان مکالمه از راه اسپیکر و میکروفون داخلی / 
مجهز به ردیابی سلامتی به صورت ۲۴ ساعته /
امکان بررسی کیفیت خواب /
توانایی بررسی سطح استرس /
امکان ردیابی سیکل قاعدگی خانم‌ها /
پشتیبانی از ۱۰۰ها تصویر پس زمینه (Watch Face)","هایلو"
"1771408564-256","https://www.digikala.com/search/category-wearable-gadget/","ساعت هوشمند 46 میلی متری گلوریمی مدل GC Plus با بند سلیکیونی و مغناطیسی","۴,۳۹۰,۰۰۰","","","۴.۶","تنها ۱ عدد در انبار باقی مانده","","","","ساعت هوشمند 46 میلی متری گلوریمی مدل GC Plus با بند سلیکیونی و مغناطیسی تنها ۱ عدد در انبار باقی مانده
۴.۶۴,۳۹۰,۰۰۰","https://www.digikala.com/product/dkp-20520088/%D8%B3%D8%A7%D8%B9%D8%AA-%D9%87%D9%88%D8%B4%D9%85%D9%86%D8%AF-46-%D9%85%DB%8C%D9%84%DB%8C-%D9%85%D8%AA%D8%B1%DB%8C-%DA%AF%D9%84%D9%88%D8%B1%DB%8C%D9%85%DB%8C-%D9%85%D8%AF%D9%84-gc-plus-%D8%A8%D8%A7-%D8%A8%D9%86%D8%AF-%D8%B3%D9%84%DB%8C%DA%A9%DB%8C%D9%88%D9%86%DB%8C-%D9%88-%D9%85%D8%BA%D9%86%D8%A7%D8%B7%DB%8C%D8%B3%DB%8C/","۴.۶","۱۰ دیدگاه","عالی","ساعت هوشمند 46 میلی متری گلوریمی مدل GC Plus با بند سلیکیونی و مغناطیسی","۳,۹۹۰,۰۰۰","","https://dkstatics-public.digikala.com/digikala-products/56fa20c5e51fa19b6fcca856da2ba66945ac7456_1758703815.jpg?x-oss-process=image/resize,m_lfit,h_800,w_800/quality,q_90
https://dkstatics-public.digikala.com/digikala-products/0f53d4ca1339f71c76fbf4a5b39108beb93977b7_1758703815.jpg?x-oss-process=image/resize,m_lfit,h_800,w_800/quality,q_90
https://dkstatics-public.digikala.com/digikala-products/9203db6189f30cc75b4fbc49e6e58779e775db39_1758703816.jpg?x-oss-process=image/resize,m_lfit,h_800,w_800/quality,q_90
https://dkstatics-public.digikala.com/digikala-products/56fa20c5e51fa19b6fcca856da2ba66945ac7456_1758703815.jpg?x-oss-process=image/resize,m_lfit,h_800,w_800/quality,q_90","","آبیرز گلدنقره ای","ویژگی‌هانوع کاربریورزشی، روزمرهورزشی، روزمرهفرم صفحهمستطیلمستطیلجنس بنداستیل ضدزنگاستیل ضدزنگمشاهده همه ویژگی‌ها","ساعت هوشمند گلوریمی مدل GC Plus یک انتخاب مناسب برای کاربری عمومی، ورزشی و روزمره است که با سایز قاب ۴۶ میلی‌متری و فرم مستطیلی طراحی شده و ابعاد قاب آن ۴۵.۸x۳۷x۱۱.۶ میلی‌متر است و با هر دو سیستم‌عامل Android و iOS سازگار است و امکان نمایش اعلان‌ها و پیام‌ها را به زبان‌های فارسی و انگلیسی دارد و همچنین از زبان فارسی در منو و سیستم‌عامل پشتیبانی می‌کند؛ این ساعت با بدنه‌ای از جنس پلی‌کربنات مقاوم و شیشه ۲.۵D و دکمه چرخان (Rotating Crown Button) و دکمه‌های استیل ضدزنگ ۳۰۴L ساخت ...","مشخصاتمناسب برایکاربری عمومی سازگار با سیستم عاملAndroid iOS توضیحات سازگاریسازگار با اندروید و iOS زبان‌های قابل پشتیبانی در اعلان و پیامانگلیسی فارسی نوع کاربریورزشی روزمره قابلیت‌های ساعت هوشمندقابلیت مکالمه از طریق بلوتوث کنترل موسیقی (Music Player) پشتیبانی از زبان فارسی در منو و سیستم‌عامل قابلیت تغییر طرح ساعت یا تم صفحه همیشه روشن (Always-on Display) سایز قاب ساعت هوشمند۴۶ میلی‌متر ابعاد قاب۴۵.۸x۳۷x۱۱.۶ میلی‌مترضخامت قاب۱۱.۶ میلی‌مترعرض قاب۴۵.۸ میلی‌مترفرم صفحهمستطیل قابلیت‌های مقاومتیمقاوم در برابر نفوذ گرد و غبار مقاوم در برابر نفوذ آب جنس بدنهپلی کربنات قابلیت تعویض بنددارد توضیحات جنس بدنهشیشه مقاوم ۲.۵D با سختی بالا / فریم مقاوم از جنس پلی‌کربنات (PC Frame) / دکمه ساخته‌شده از استیل ضدزنگ ۳۰۴L برای دوام بیشتر / دکمه چرخان (Rotating Crown Button) برای کنترل آسان‌تر عملکردها جنس بنداستیل ضدزنگ نوع قفل بندسگکی ساده توضیحات رنگ بند و بدنههمراه با دو نوع بند: بند مغناطیسی (یا استیل مغناطیسی) و بند سیلیکونی مایع برای راحتی در استفاده روزمره نوع صفحه نمایش اصلیAMOLED اندازه صفحه نمایش۲.۰۱ اینچرزولوشن صفحه نمایش۴۱۰x۵۰۲ روشنایی صفحه نمایش۱۲۰۰ نیتحسگرهای حرکتی و محیطیگام‌شمار (Pedometer) شتاب سنج (Accelerometer) امکانات ورزشیپشتیبانی از تمرینات مختلف ورزشی محاسبه مسافت طی شده سنسورهای ورزشی و سلامتیشمارنده ضربان قلب سنجش اکسیژن خون نظارت بر سیکل ماهیانه بانوان سنجش کیفیت خواب نسخه بلوتوث۵.۳ اتصالاتBluetooth ظرفیت باتری۳۰۰ میلی آمپر ساعتنحوه شارژ ساعت هوشمندکابل مغناطیسی مدت زمان شارژ شدن۲ قابلیت های ویژهپشتیبانی از قابلیت نمایشگر همیشه روشن (Always-on Display) / اقلام همراهبند مغناطیسی (یا استیل مغناطیسی) - بند سیلیکونی مایع - محافظ صفحه نمایش -کابل شارژ مغناطیسی - دفترچه راهنما","گلوریمی"
"1771408566-257","https://www.digikala.com/search/category-wearable-gadget/","ساعت هوشمند 2.02 اینچی ویرفیت مدل HK 11 ULTRA3 با بند سیلیکونی","۳,۴۸۰,۳۶۰","۳,۵۸۸,۰۰۰","۳٪","۴.۶","تنها ۳ عدد در انبار باقی مانده","","","","ساعت هوشمند 2.02 اینچی ویرفیت مدل HK 11 ULTRA3 با بند سیلیکونیتنها ۳ عدد در انبار باقی مانده
۴.۶۳٪۳,۴۸۰,۳۶۰۳,۵۸۸,۰۰۰","https://www.digikala.com/product/dkp-20376975/%D8%B3%D8%A7%D8%B9%D8%AA-%D9%87%D9%88%D8%B4%D9%85%D9%86%D8%AF-202-%D8%A7%DB%8C%D9%86%DA%86%DB%8C-%D9%88%DB%8C%D8%B1%D9%81%DB%8C%D8%AA-%D9%85%D8%AF%D9%84-hk-11-ultra3-%D8%A8%D8%A7-%D8%A8%D9%86%D8%AF-%D8%B3%DB%8C%D9%84%DB%8C%DA%A9%D9%88%D9%86%DB%8C/","۴.۶","۶ دیدگاه","عالی","ساعت هوشمند 2.02 اینچی ویرفیت مدل HK 11 ULTRA3 با بند سیلیکونی","۳,۶۸۰,۰۰۰","۱۰۰%","https://dkstatics-public.digikala.com/digikala-products/688858a5c20d9a12704ac8af6337b7ca189298a6_1757261594.jpg?x-oss-process=image/resize,m_lfit,h_800,w_800/quality,q_90
https://dkstatics-public.digikala.com/digikala-products/d12d2b91ade8908842bf7a60fd0837dbd043973b_1757261597.jpg?x-oss-process=image/resize,m_lfit,h_800,w_800/quality,q_90
https://dkstatics-public.digikala.com/digikala-products/a840f8bdb7fa15ab5fac165ad075e346eba4b96f_1757261599.jpg?x-oss-process=image/resize,m_lfit,h_800,w_800/quality,q_90
https://dkstatics-public.digikala.com/digikala-products/688858a5c20d9a12704ac8af6337b7ca189298a6_1757261594.jpg?x-oss-process=image/resize,m_lfit,h_800,w_800/quality,q_90","","مشکی","ویژگی‌هانوع کاربریورزشی، رسمی، روزمرهورزشی، رسمی، روزمرهفرم صفحهمستطیلمستطیلجنس بندسیلیکونسیلیکونمشاهده همه ویژگی‌ها","ساعت هوشمند HK11 Ultra 3 با بدنه فلزی از جنس آلیاژ Kirsite و پوشش IML در رنگ‌های تیتانیوم و مشکی، ابعاد قاب 49×44×12 میلی‌متر، وزن 55 گرم و بند سیلیکونی اوشن، دارای صفحه‌نمایش 2.02 اینچی AMOLED با رزولوشن 410×494 پیکسل و نرخ نوسازی 60 هرتز بوده و با سیستم‌عامل‌های اندروید 4.4 و iOS 8.0 به بالا از طریق اپلیکیشن Wearfit Pro سازگار است؛ این ساعت از پردازنده SF32LB525، حافظه داخلی 1 گیگابایتی برای ذخیره موسیقی و داده‌ها، بلوتوث نسخه 5.3، میکروفون و اسپیکر داخلی، شارژ بی‌سیم با با ...","مشخصاتمناسب برایکاربری عمومی سازگار با سیستم عاملAndroid iOS توضیحات سازگاریاندرویید و آیفون نوع کاربریورزشی رسمی روزمره قابلیت‌های ساعت هوشمندکنترل موسیقی (Music Player) قابلیت مکالمه از طریق بلوتوث پشتیبانی از زبان فارسی در منو و سیستم‌عامل قابلیت تغییر طرح ساعت یا تم صفحه همیشه روشن (Always-on Display) قابلیت نصب اپلیکیشن پشتیبانی از دستیار صوتی سایز قاب ساعت هوشمند۴۹ میلی‌متر فرم صفحهمستطیل قابلیت‌های مقاومتیمقاوم در برابر نفوذ آب مقاوم در برابر نفوذ گرد و غبار مقاوم در برابر خط و خش جنس بدنهآلومینیوم قابلیت تعویض بنددارد جنس بندسیلیکون نوع قفل بندسگکی ساده اندازه صفحه نمایش۲.۰۲ اینچحسگرهای حرکتی و محیطیگام‌شمار (Pedometer) پشتیبانی از فرمان‌های حرکتی ارتفاع سنج (Altimeter) فشار سنج (Barometer) سنسورهای ورزشی و سلامتیشمارنده ضربان قلب سنجش اکسیژن خون تشخیص حرکات دست نوار قلب (الکتروکاردیوگرام) سنجش سطح استرس سنجش کیفیت خواب اندازه‌گیری فشار خون نحوه شارژ ساعت هوشمندشارژ بی‌سیم","ویرفیت"
"1771408568-258","https://www.digikala.com/search/category-wearable-gadget/","ساعت هوشمند گارمین مدل venu sq","۳۲,۵۰۰,۰۰۰","","","۴.۸","تنها ۲ عدد در انبار باقی مانده","","","","ساعت هوشمند گارمین مدل venu sqتنها ۲ عدد در انبار باقی مانده
۴.۸۳۲,۵۰۰,۰۰۰","https://www.digikala.com/product/dkp-4365847/%D8%B3%D8%A7%D8%B9%D8%AA-%D9%87%D9%88%D8%B4%D9%85%D9%86%D8%AF-%DA%AF%D8%A7%D8%B1%D9%85%DB%8C%D9%86-%D9%85%D8%AF%D9%84-venu-sq/","۴.۸","۶ دیدگاه","عالی","ساعت هوشمند گارمین مدل venu sq","۳۲,۵۰۰,۰۰۰","","https://dkstatics-public.digikala.com/digikala-products/c01539b32ced01048ad93558f4be5926b6055e7c_1754244309.jpg?x-oss-process=image/resize,m_lfit,h_800,w_800/quality,q_90
https://dkstatics-public.digikala.com/digikala-products/c01539b32ced01048ad93558f4be5926b6055e7c_1754244309.jpg?x-oss-process=image/resize,m_lfit,h_800,w_800/quality,q_90
https://dkstatics-public.digikala.com/digikala-products/9f583748ecd8949f8bbe31564d3d37f4f5e33920_1612166500.jpg?x-oss-process=image/resize,m_lfit,h_800,w_800/quality,q_90
https://dkstatics-public.digikala.com/digikala-products/68009509403178ebd8e16d3155400005e5945e29_1741758616.jpg?x-oss-process=image/resize,m_lfit,h_800,w_800/quality,q_90
https://dkstatics-public.digikala.com/digikala-products/c01539b32ced01048ad93558f4be5926b6055e7c_1754244309.jpg?x-oss-process=image/resize,m_lfit,h_800,w_800/quality,q_90","","یاسی","ویژگی‌هانوع کاربریورزشی، رسمی، روزمرهورزشی، رسمی، روزمرهفرم صفحهمستطیلمستطیلجنس بندسیلیکونسیلیکونمشاهده همه ویژگی‌ها","","مشخصاتمناسب برایآقایان و بانوان توضیحات سازگاریسازگار با اندروید و IOS زبان‌های قابل پشتیبانی در اعلان و پیامفارسی انگلیسی نوع کاربریورزشی رسمی روزمره قابلیت‌های ساعت هوشمندصفحه نمایش رنگی وزن۳۷ گرمفرم صفحهمستطیل جنس شیشهGorilla Glass ۳ جنس بدنهپلی کربنات قابلیت تعویض بندندارد جنس بندسیلیکون نوع قفل بندسگکی ساده اندازه صفحه نمایش۱.۳ اینچ اینچاتصالاتBluetooth WiFi قابلیت های ویژهدارای سنسور اکسیژن خون
پشتیبانی از تعداد زیادی رشته ورزشی
عمر باتری تا ۶ روز اقلام همراهکابل شارژ","گارمین"
"1771408571-259","https://www.digikala.com/search/category-wearable-gadget/","ساعت هوشمند مدل 1.93 T900 Pro Max L","۱,۰۵۰,۰۰۰","۱,۱۰۰,۰۰۰","۵٪","۳.۶","ارسال سریع دیجی‌کالا","","","","ساعت هوشمند مدل 1.93 T900 Pro Max Lارسال سریع دیجی‌کالا
۳.۶۵٪۱,۰۵۰,۰۰۰۱,۱۰۰,۰۰۰","https://www.digikala.com/product/dkp-12510113/%D8%B3%D8%A7%D8%B9%D8%AA-%D9%87%D9%88%D8%B4%D9%85%D9%86%D8%AF-%D9%85%D8%AF%D9%84-193-t900-pro-max-l/","۳.۶","۱۸۷ دیدگاه","عالی","ساعت هوشمند مدل 1.93 T900 Pro Max L","۱,۱۰۰,۰۰۰","۷۹.۶%","https://dkstatics-public.digikala.com/digikala-products/4df0661ce80d9b911dd0d8bcfb45c1e1f8e677cb_1754250855.jpg?x-oss-process=image/resize,m_lfit,h_800,w_800/quality,q_90
https://dkstatics-public.digikala.com/digikala-products/3a2c0ff651adb3d7541f516a5a3cc3b3a73c957f_1693140264.jpg?x-oss-process=image/resize,m_lfit,h_800,w_800/quality,q_90
https://dkstatics-public.digikala.com/digikala-products/d5494838f6a5d13fbeb593e517861de84b931fd6_1693140265.jpg?x-oss-process=image/resize,m_lfit,h_800,w_800/quality,q_90
https://dkstatics-public.digikala.com/digikala-products/4df0661ce80d9b911dd0d8bcfb45c1e1f8e677cb_1754250855.jpg?x-oss-process=image/resize,m_lfit,h_800,w_800/quality,q_90","","مشکیصورتیآبیسفیدنارنجی","ویژگی‌هانوع کاربریورزشی، رسمی، روزمرهورزشی، رسمی، روزمرهفرم صفحهمستطیلمستطیلجنس بندسیلیکونسیلیکونمشاهده همه ویژگی‌ها","ساعت هوشمند T900 Pro Max L 1.93 یک محصول پیشرفته و جذاب در بازار ساعت‌های هوشمند است. این ساعت با ترکیب طراحی زیبا و مدرن، امکانات پیشرفته و عملکرد قدرتمند، تجربه استفاده فوق‌العاده‌ای را برای کاربران به ارمغان می‌آورد.
از نظر طراحی، T900 Pro Max L 1.93 ظاهری لوکس و پرزرق‌وبرق دارد. بدنه این ساعت از جنس فلزات مرغوب ساخته شده و از مقاومت فیزیکی بالایی برخوردار است. صفحه نمایش لمسی با سایز بزرگ و رزولوشن بالا، تصاویر را به‌وضوح و با جزییات دقیق به نمایش می‌گذارد. همچنین امکان  ...","مشخصاتمناسب برایآقایان و بانوان توضیحات سازگاریبا اندروید و آیفون زبان‌های قابل پشتیبانی در اعلان و پیامفارسی نوع کاربریورزشی رسمی روزمره قابلیت‌های ساعت هوشمندصفحه نمایش لمسی کنترل موسیقی (Music Player) پشتیبانی از زبان فارسی در منو و سیستم‌عامل فرم صفحهمستطیل جنس بدنهفلز توضیحات جنس بدنهآلیاژ فلز جنس بندسیلیکون نوع قفل بندپین‌بند توضیحات رنگ بند و بدنهرنگ بند و بدنه متفاوت و رنگ بدنه ثابت می باشد اندازه صفحه نمایش۱.۹۳ اینچظرفیت باتری۲۰۰ میلی آمپر ساعتقابلیت های ویژهدارای ماشین حساب
پشتیبانی از شبکه های اجتماعی اقلام همراهدفترچه
شارژر","متفرقه"
"1771408573-260","https://www.digikala.com/search/category-wearable-gadget/","ساعت هوشمند ویسمی مدل WS-75 ULTRA2","۱,۱۷۷,۴۹۰","","","۳.۸","تنها ۳ عدد در انبار باقی مانده","","","","ساعت هوشمند ویسمی مدل WS-75 ULTRA2تنها ۳ عدد در انبار باقی مانده
۳.۸۱,۱۷۷,۴۹۰","https://www.digikala.com/product/dkp-18458786/%D8%B3%D8%A7%D8%B9%D8%AA-%D9%87%D9%88%D8%B4%D9%85%D9%86%D8%AF-%D9%88%DB%8C%D8%B3%D9%85%DB%8C-%D9%85%D8%AF%D9%84-ws-75-ultra2/","۳.۸","۱۲ دیدگاه","خوب","ساعت هوشمند ویسمی مدل WS-75 ULTRA2","۱,۱۷۷,۴۹۰","۵۳.۴%","https://dkstatics-public.digikala.com/digikala-products/5fa2a678b8772ccd4a90322c6736d314def0d6ca_1740585234.jpg?x-oss-process=image/resize,m_lfit,h_800,w_800/quality,q_90
https://dkstatics-public.digikala.com/digikala-products/956c87750bf4a5b50703866f45440f0c05979612_1740563880.jpg?x-oss-process=image/resize,m_lfit,h_800,w_800/quality,q_90
https://dkstatics-public.digikala.com/digikala-products/f323da8ab1d000b08d42b4614aea2b874bc1de94_1740580045.jpg?x-oss-process=image/resize,m_lfit,h_800,w_800/quality,q_90
https://dkstatics-public.digikala.com/digikala-products/5fa2a678b8772ccd4a90322c6736d314def0d6ca_1740585234.jpg?x-oss-process=image/resize,m_lfit,h_800,w_800/quality,q_90","","مشکیبژطلایینقره ای","ویژگی‌هانوع کاربریورزشی، رسمی، روزمرهورزشی، رسمی، روزمرهفرم صفحهمربعمربعجنس بندسیلیکونسیلیکونمشاهده همه ویژگی‌ها","ساعت هوشمند Wisme WS-75 Ultra 2
امروز با یک عدد ساعت هوشمند سری اولترا همراه شما عزیزان هستیم. یک ساعت هوشمند با سایز ۴۹ میلیمتری که یکی از جدیدترین مدل‌های اولترا از برند نام آشنای Wisme می‌باشد. ساعت هوشمند مدل WS75 Ultra2 با سه بند جذاب همراه است که یکی از بندهای آن با طرح بسیار جدید و متفاوت طراحی شده است.

بدنه ای با دکمه های کنترلی و کاربردی
مانند تمامی ساعت‌های هوشمند اولترا اسمارت واچ WS-75 Ultra2 دارای سه دکمه کاربردی است که هر کدام از آنها نقش و وظیفه معینی را انجام ...","مشخصاتمناسب برایآقایان و بانوان نوع کاربریورزشی رسمی روزمره قابلیت‌های ساعت هوشمندصفحه نمایش لمسی کنترل موسیقی (Music Player) کنترل سطح اکسیژن خون قابلیت مکالمه از طریق بلوتوث قابلیت مکالمه مستقیم پشتیبانی از زبان فارسی در منو و سیستم‌عامل قابلیت تغییر طرح ساعت یا تم ضد آب وزن۱۳۷ گرمفرم صفحهمربع جنس بدنهآلومینیوم قابلیت تعویض بنددارد جنس بندسیلیکون نوع قفل بندسگکی ساده توضیحات رنگ بند و بدنهمشکی - نارنجی - سبز اندازه صفحه نمایش۴۹ اینچسایر مشخصات صفحه نمایشسایز ۴۹ مناسب همه‌ی دستها

۲ ساعت شارژ کردن = ۱ الی ۳ روز بازدهی

قابلیت مکالمه و پاسخ دادن تماس و شماره گیری

دارای بلندگو و قابلیت پخش موسیقی

سنجش ضربان قلب / فشار خون / اکسیژن خون / قدم شمار

پشتیبانی از حالتهای ورزشی مختلف (دویدن، پیاده روی، دوچرخه سواری و …) مدت زمان شارژ شدن۲ اقلام همراه۳ بند متنوع - شارژر","ویسمی"
"1771408575-261","https://www.digikala.com/search/category-wearable-gadget/","ساعت هوشمند گیفت کالکشن مدل WY Series","۳,۹۰۰,۰۰۰","","","۳.۸","ارسال فروشنده","","","","ساعت هوشمند گیفت کالکشن مدل WY Seriesارسال فروشنده
۳.۸۳,۹۰۰,۰۰۰","https://www.digikala.com/product/dkp-12740065/%D8%B3%D8%A7%D8%B9%D8%AA-%D9%87%D9%88%D8%B4%D9%85%D9%86%D8%AF-%DA%AF%DB%8C%D9%81%D8%AA-%DA%A9%D8%A7%D9%84%DA%A9%D8%B4%D9%86-%D9%85%D8%AF%D9%84-wy-series/","۳.۸","۵۷ دیدگاه","عالی","ساعت هوشمند گیفت کالکشن مدل WY Series","۳,۶۰۰,۰۰۰","۹۶%","https://dkstatics-public.digikala.com/digikala-products/4d2f77cf6eb356b7a98f7976fa39a27ee2e205c5_1754251115.jpg?x-oss-process=image/resize,m_lfit,h_800,w_800/quality,q_90
https://dkstatics-public.digikala.com/digikala-products/4d2f77cf6eb356b7a98f7976fa39a27ee2e205c5_1754251115.jpg?x-oss-process=image/resize,m_lfit,h_800,w_800/quality,q_90
https://dkstatics-public.digikala.com/digikala-products/87b72cc6453b369d32e35a1e471b6c861c04ae59_1695469334.jpg?x-oss-process=image/resize,m_lfit,h_800,w_800/quality,q_90
https://dkstatics-public.digikala.com/digikala-products/9ba6ca409620423a43d2e5f3c6251aaf96bbb783_1695413815.jpg?x-oss-process=image/resize,m_lfit,h_800,w_800/quality,q_90
https://dkstatics-public.digikala.com/digikala-products/4d2f77cf6eb356b7a98f7976fa39a27ee2e205c5_1754251115.jpg?x-oss-process=image/resize,m_lfit,h_800,w_800/quality,q_90","","طلاییمشکینقره ایرز گلدچند رنگ","ویژگی‌هانوع کاربریرسمی، روزمرهرسمی، روزمرهفرم صفحهمستطیلمستطیلجنس بندفلزفلزمشاهده همه ویژگی‌ها","ساعت هوشمند گیفت کالکشن مدل WY Series با جعبه منحصر به فرد یکی از بهترین ساعت های هوشمند تولید شده در رده ساعت های با قابلیت مکالمه و با کارایی بالاست.این ساعت از بهترین متریال ساخت بدنه،صفحه نمایش IPS و بالاترین درجه کیفی ساخته شده است.قابلیت های ویژه این ساعت هوشمند پاسخ دهی و شماره گیری تماس از داخل ساعت ،نمایش اعلانات فارسی و انگلیسی-صفحه نمایش بدون حاشیه و تمام صفحه،قابلیت تعویض بند و قابلیت NFC که امروزه درچین و کشورهای پیشرفته برای مصارف گوناگون در حال گسترش است و ماشی ...","مشخصاتمناسب برایبانوان توضیحات سازگاریسازگار با سیستم عامل های اندروید و آی او اس با نسخه های Android ۷.۰ و iOS ۱۰.۰ به بالا  زبان‌های قابل پشتیبانی در اعلان و پیامفارسی انگلیسی چینی هشدار هابمنظور شارژ،حتما از آداپتورهای استاندارد یک آمپر استفاده گردد و به هیچ عنوان از شارژر های فست (آداپتورهای جدید موبایل) استفاده نگردد. 
xx کالای اصلی فقط در بسته بندی و جعبه نمایش داده شده در تصاویر و فیلم ارائه میگردد لذا از دریافت کالای متفرقه خودداری فرمایید xx
سنسورهای اندازه گیری ضربان قلب و فشار خون کاربرد پزشکی ندارد و مورد تایید نیست.  نوع کاربریرسمی روزمره قابلیت‌های ساعت هوشمندصفحه نمایش لمسی کنترل موسیقی (Music Player) قابلیت مکالمه از طریق بلوتوث پشتیبانی از زبان فارسی در منو و سیستم‌عامل ابعاد قاب۴۴x۳۹x۱۰ میلی‌مترضخامت قاب۴۴ میلی‌مترعرض قاب۳۹ میلی‌متروزن۳۶ گرمفرم صفحهمستطیل جنس شیشهIon-X Glass جنس بدنهآلومینیوم قابلیت تعویض بنددارد جنس بندفلز نوع قفل بندضامن دار (کلیپسی) توضیحات رنگ بند و بدنهرنگ بدنه ساعت با تمام بند ها مشکی میباشد.(فقط رنگ بند ها بر اساس انتخاب شما انجام میشود) نوع صفحه نمایش اصلیIPS اندازه صفحه نمایش۱.۷۷ اینچ اینچرزولوشن صفحه نمایش۴۱۰x۵۰۲ تراکم پیکسلی صفحه نمایش۴۰۰ پیکسل بر اینچپردازندهMTK۶۵۰۱ حافظه داخلیندارد توضیحات کارت حافظهندارد توضیحات دوربینندارد اتصالاتBluetooth NFC نوع باتریلیتیوم یون ظرفیت باتری۲۹۰ میلی آمپر میلی آمپر ساعت میلی آمپر ساعتاقلام همراهیک عدد بند فلزی کارتیر دو حلقه - یک عدد بند سیلیکونی صورتی (برای تمام بند ها رنگ صورتی میباشد) - محافظ صفحه نمایش - آداپتور مخصوص ساعت هوشمند - شارژر ساعت هوشمند و راهنمای نصب نرم افزار به صورت فارسی","گیفت کالکشن"
"1771408578-262","https://www.digikala.com/search/category-wearable-gadget/","ساعت هوشمند هاینو تکو مدل SR WIRLESS ST BEST 5","۶,۸۳۵,۰۰۰","","","۵","تنها ۲ عدد در انبار باقی مانده","","","","ساعت هوشمند هاینو تکو مدل SR WIRLESS ST BEST 5تنها ۲ عدد در انبار باقی مانده
۵۶,۸۳۵,۰۰۰","https://www.digikala.com/product/dkp-17212378/%D8%B3%D8%A7%D8%B9%D8%AA-%D9%87%D9%88%D8%B4%D9%85%D9%86%D8%AF-%D9%87%D8%A7%DB%8C%D9%86%D9%88-%D8%AA%DA%A9%D9%88-%D9%85%D8%AF%D9%84-sr-wirless-st-best-5/","۵","۴ دیدگاه","خیلی ضعیف","ساعت هوشمند هاینو تکو مدل SR WIRLESS ST BEST 5","۶,۸۳۵,۰۰۰","۱۰۰%","https://dkstatics-public.digikala.com/digikala-products/553b1403125793668210ab4c0e5567e6f2061242_1730293069.jpg?x-oss-process=image/resize,m_lfit,h_800,w_800/quality,q_90
https://dkstatics-public.digikala.com/digikala-products/553b1403125793668210ab4c0e5567e6f2061242_1730293069.jpg?x-oss-process=image/resize,m_lfit,h_800,w_800/quality,q_90
https://dkstatics-public.digikala.com/digikala-products/50e35d71f1e8a753943dd550d42829b0ec747fbc_1730293012.jpg?x-oss-process=image/resize,m_lfit,h_800,w_800/quality,q_90
https://dkstatics-public.digikala.com/digikala-products/757bb5753454071cf0fce3681dd109b4a0550254_1730293017.jpg?x-oss-process=image/resize,m_lfit,h_800,w_800/quality,q_90
https://dkstatics-public.digikala.com/digikala-products/553b1403125793668210ab4c0e5567e6f2061242_1730293069.jpg?x-oss-process=image/resize,m_lfit,h_800,w_800/quality,q_90","","مشکی","ویژگی‌هانوع کاربریورزشی، رسمی، روزمرهورزشی، رسمی، روزمرهفرم صفحهدایرهدایرهجنس بندچرم مصنوعیچرم مصنوعیمشاهده همه ویژگی‌ها","","مشخصاتمناسب برایکاربری عمومی سازگار با سیستم عاملAndroid iOS توضیحات سازگاریتمام سیستم عامل ها نوع کاربریورزشی رسمی روزمره قابلیت‌های ساعت هوشمندکنترل موسیقی (Music Player) صفحه همیشه روشن (Always-on Display) سایز قاب ساعت هوشمند۴۵ میلی‌متر فرم صفحهدایره قابلیت‌های مقاومتیمقاوم در برابر ضربه مقاومت در برابر پاشش آب و گرد و غبار جنس بدنهفلز قابلیت تعویض بنددارد جنس بندچرم مصنوعی نوع قفل بندسگکی ساده اندازه صفحه نمایش۱.۷۸ اینچحسگرهای حرکتی و محیطیشتاب سنج (Accelerometer) ژیروسکوپ (Gyroscope) تشخیص نور محیط فشار سنج (Barometer) دماسنج (Thermometer) رطوبت سنج (Hygrometer) سنسورهای ورزشی و سلامتیشمارنده ضربان قلب سنجش دمای بدن سنجش اکسیژن خون سنجش کیفیت خواب اندازه‌گیری فشار خون نحوه شارژ ساعت هوشمندکابل مغناطیسی","هاینو تکو"
"1771408580-263","https://www.digikala.com/search/category-wearable-gadget/","ساعت هوشمند 2.12 اینچ 44 میلیمتری مدل HK9 PROMAX با بند کنفی","۳,۶۰۰,۰۰۰","۴,۰۰۰,۰۰۰","۱۰٪","۵","ارسال سریع دیجی‌کالا","","","","ساعت هوشمند 2.12 اینچ 44 میلیمتری مدل HK9 PROMAX با بند کنفیارسال سریع دیجی‌کالا
۵۱۰٪۳,۶۰۰,۰۰۰۴,۰۰۰,۰۰۰","https://www.digikala.com/product/dkp-20741261/%D8%B3%D8%A7%D8%B9%D8%AA-%D9%87%D9%88%D8%B4%D9%85%D9%86%D8%AF-212-%D8%A7%DB%8C%D9%86%DA%86-44-%D9%85%DB%8C%D9%84%DB%8C%D9%85%D8%AA%D8%B1%DB%8C-%D9%85%D8%AF%D9%84-hk9-promax-%D8%A8%D8%A7-%D8%A8%D9%86%D8%AF-%D8%B3%DB%8C%D9%84%DB%8C%DA%A9%D9%88%D9%86%DB%8C-%D9%88-%DA%A9%D9%86%D9%81%DB%8C/","۵","۲ دیدگاه","عالی","ساعت هوشمند 2.12 اینچ 44 میلیمتری مدل HK9 PROMAX با بند کنفی","۴,۰۰۰,۰۰۰","۱۰۰%","https://dkstatics-public.digikala.com/digikala-products/ac4b770c8410834ed33798f6631cf35f6c5053c3_1761124892.jpg?x-oss-process=image/resize,m_lfit,h_800,w_800/quality,q_90
https://dkstatics-public.digikala.com/digikala-products/e37868f44a2b5cf6c251a989b0340a2c5264f9ee_1761124892.jpg?x-oss-process=image/resize,m_lfit,h_800,w_800/quality,q_90
https://dkstatics-public.digikala.com/digikala-products/98564b26cd6f03555f64586d994dd4d6196cb132_1761124892.jpg?x-oss-process=image/resize,m_lfit,h_800,w_800/quality,q_90","","تیتانیومی","ویژگی‌هانوع کاربریورزشی، رسمی، روزمرهورزشی، رسمی، روزمرهفرم صفحهمستطیلمستطیلجنس بندتیتانیومتیتانیوممشاهده همه ویژگی‌ها","معرفی ساعت هوشمند مدل HK9 Pro Max

ساعت هوشمند HK9 Pro Max با طراحی مدرن و امکانات گسترده، انتخابی مناسب برای افرادی است که به ترکیب فناوری، سلامت و زیبایی اهمیت می‌دهند. این ساعت با صفحه‌نمایش باکیفیت و بدنه‌ای مقاوم، تجربه‌ای کامل از یک گجت هوشمند را ارائه می‌دهد.

طراحی و نمایشگر

این مدل به صفحه‌نمایش ۲٫۱۲ اینچی AMOLED با وضوح 485×520 پیکسل مجهز شده است که رنگ‌هایی زنده و جزئیاتی دقیق نمایش می‌دهد. بدنه‌ی فلزی و بند سیلیکونی نرم، علاوه بر دوام بالا، راحتی استفاده در طول ر ...","مشخصاتمناسب برایآقایان و بانوان سازگار با سیستم عاملAndroid iOS توضیحات سازگاریسازگاری با سیستم عامل اندروید و ios نوع کاربریورزشی رسمی روزمره قابلیت‌های ساعت هوشمندقابلیت مکالمه از طریق بلوتوث کنترل موسیقی (Music Player) پشتیبانی از زبان فارسی در منو و سیستم‌عامل قابلیت تغییر طرح ساعت یا تم قابلیت نصب اپلیکیشن سایز قاب ساعت هوشمند۴۵ میلی‌متر وزن۱۰۰ گرمفرم صفحهمستطیل قابلیت‌های مقاومتیمقاوم در برابر نفوذ آب مقاوم در برابر نفوذ گرد و غبار مقاومت در برابر پاشش آب و گرد و غبار جنس بدنهتیتانیوم قابلیت تعویض بنددارد جنس بندتیتانیوم نوع قفل بندسگکی ساده اندازه صفحه نمایش۲.۱۲ اینچحسگرهای حرکتی و محیطیپشتیبانی از فرمان‌های حرکتی شتاب سنج (Accelerometer) سنسورهای ورزشی و سلامتیشمارنده ضربان قلب سنجش اکسیژن خون اندازه‌گیری فشار خون نسخه بلوتوث۵ نحوه شارژ ساعت هوشمندشارژ بی‌سیم","متفرقه"
"1771408582-264","https://www.digikala.com/search/category-wearable-gadget/","ساعت هوشمند 46 میلیمتری اوکپو مدل MAX با بند سیلیکونی به همراه هدفون بلوتوثی","۴,۴۱۰,۰۰۰","۴,۹۰۰,۰۰۰","۱۰٪","۵","تنها ۳ عدد در انبار باقی مانده","","","","ساعت هوشمند 46 میلیمتری اوکپو مدل MAX با بند سیلیکونی به همراه هدفون بلوتوثیتنها ۳ عدد در انبار باقی مانده
۵۱۰٪۴,۴۱۰,۰۰۰۴,۹۰۰,۰۰۰","https://www.digikala.com/product/dkp-21346095/%D8%B3%D8%A7%D8%B9%D8%AA-%D9%87%D9%88%D8%B4%D9%85%D9%86%D8%AF-46-%D9%85%DB%8C%D9%84%DB%8C%D9%85%D8%AA%D8%B1%DB%8C-%D8%A7%D9%88%DA%A9%D9%BE%D9%88-%D9%85%D8%AF%D9%84-max-%D8%A8%D8%A7-%D8%A8%D9%86%D8%AF-%D8%B3%DB%8C%D9%84%DB%8C%DA%A9%D9%88%D9%86%DB%8C-%D8%A8%D9%87-%D9%87%D9%85%D8%B1%D8%A7%D9%87-%D9%87%D8%AF%D9%81%D9%88%D9%86-%D8%A8%D9%84%D9%88%D8%AA%D9%88%D8%AB%DB%8C/","۵","۲ دیدگاه","عالی","ساعت هوشمند 46 میلیمتری اوکپو مدل MAX با بند سیلیکونی به همراه هدفون بلوتوثی","۴,۸۹۰,۰۰۰","۱۰۰%","https://dkstatics-public.digikala.com/digikala-products/7e579fbd8c289ba1a0880d82d7e95b805f6f222f_1769703970.jpg?x-oss-process=image/resize,m_lfit,h_800,w_800/quality,q_90
https://dkstatics-public.digikala.com/digikala-products/c9b225d2f1febc33a8668673e834b150853b4f34_1769688231.jpg?x-oss-process=image/resize,m_lfit,h_800,w_800/quality,q_90
https://dkstatics-public.digikala.com/digikala-products/ab8744afad93e62a06e8a1a791b963088ea7b38f_1769688231.jpg?x-oss-process=image/resize,m_lfit,h_800,w_800/quality,q_90
https://dkstatics-public.digikala.com/digikala-products/7e579fbd8c289ba1a0880d82d7e95b805f6f222f_1769703970.jpg?x-oss-process=image/resize,m_lfit,h_800,w_800/quality,q_90","","طلاییمشکینقره ای","ویژگی‌هانوع کاربریورزشی، رسمی، روزمرهورزشی، رسمی، روزمرهفرم صفحهمستطیلمستطیلجنس بندسیلیکونسیلیکونمشاهده همه ویژگی‌ها","","مشخصاتمناسب برایکاربری عمومی سازگار با سیستم عاملAndroid iOS توضیحات سازگاریسازگار با اندروید و ios زبان‌های قابل پشتیبانی در اعلان و پیامعربی چینی انگلیسی فارسی هشدار هابرای جلوگیری از آسیب رسیدن به باتری، با آداپتور ۱ آمپر شارژ شود. نوع کاربریورزشی رسمی روزمره قابلیت‌های ساعت هوشمندکنترل موسیقی (Music Player) قابلیت مکالمه از طریق بلوتوث پشتیبانی از زبان فارسی در منو و سیستم‌عامل سایز قاب ساعت هوشمند۴۶ میلی‌متر وزن۳۰۰ گرمفرم صفحهمستطیل قابلیت‌های مقاومتیمقاوم در برابر نفوذ گرد و غبار جنس بدنهفلز قابلیت تعویض بنددارد جنس بندسیلیکون نوع قفل بندسگکی ساده اندازه صفحه نمایش۲ اینچحسگرهای حرکتی و محیطیگام‌شمار (Pedometer) امکانات ورزشیپشتیبانی از تمرینات مختلف ورزشی سنسورهای ورزشی و سلامتیتشخیص حرکات دست نحوه شارژ ساعت هوشمندشارژ بی‌سیم مدت زمان شارژ شدن۲ ساعت اقلام همراهدوعدد بند سیلیکونی، ایرپاد، شارژر ایرپاد، آداپتور، شارژر ساعت، دفترچه راهنما","متفرقه"
"1771408584-265","https://www.digikala.com/search/category-wearable-gadget/","ساعت هوشمند 49 میلیمتری میکروویر مدل Upgraded S11-Pro با بند سیلیکون","۳,۹۷۳,۰۰۰","۵,۹۹۷,۰۰۰","۳۴٪","","ارسال سریع دیجی‌کالا","","","","ساعت هوشمند 49 میلیمتری میکروویر مدل Upgraded S11-Pro با بند سیلیکونارسال سریع دیجی‌کالا
۳۴٪۳,۹۷۳,۰۰۰۵,۹۹۷,۰۰۰","https://www.digikala.com/product/dkp-21366305/%D8%B3%D8%A7%D8%B9%D8%AA-%D9%87%D9%88%D8%B4%D9%85%D9%86%D8%AF-49-%D9%85%DB%8C%D9%84%DB%8C%D9%85%D8%AA%D8%B1%DB%8C-%D9%85%DB%8C%DA%A9%D8%B1%D9%88%D9%88%DB%8C%D8%B1-%D9%85%D8%AF%D9%84-upgraded-s11-pro-%D8%A8%D8%A7-%D8%A8%D9%86%D8%AF-%D8%B3%DB%8C%D9%84%DB%8C%DA%A9%D9%88%D9%86/","","","عالی","ساعت هوشمند 49 میلیمتری میکروویر مدل Upgraded S11-Pro با بند سیلیکون","۵,۹۹۷,۰۰۰","","https://dkstatics-public.digikala.com/digikala-products/07c38f72072442ac9603a0bd93a83b37cf264a34_1769968267.jpg?x-oss-process=image/resize,m_lfit,h_800,w_800/quality,q_90
https://dkstatics-public.digikala.com/digikala-products/6487789273afa32e3b9aa263882a0928a54b0056_1769968309.jpg?x-oss-process=image/resize,m_lfit,h_800,w_800/quality,q_90
https://dkstatics-public.digikala.com/digikala-products/0383908e5a5cae46ec3e4d28cd683b6cc4b1a23a_1769968307.jpg?x-oss-process=image/resize,m_lfit,h_800,w_800/quality,q_90
https://dkstatics-public.digikala.com/digikala-products/07c38f72072442ac9603a0bd93a83b37cf264a34_1769968267.jpg?x-oss-process=image/resize,m_lfit,h_800,w_800/quality,q_90","","مشکینقره ایرز گلد","ویژگی‌هانوع کاربریورزشی، رسمی، روزمرهورزشی، رسمی، روزمرهفرم صفحهمستطیلمستطیلجنس بندسیلیکونسیلیکونمشاهده همه ویژگی‌ها","ساعت هوشمند میکروویر مدل Microwear S11 Pro یک اسمارت‌واچ با قابلیت فراوان و درعین‌حال قدرتمند است که با صفحه‌نمایش بزرگ و باکیفیت امولد، امکانات کامل پایش سلامت و قابلیت پاسخ‌دهی مستقیم به پیام‌های واتساپ از روی ساعت، انتخابی ایده‌آل برای استفاده روزمره محسوب می‌شود. این مدل با سیستم‌عامل اختصاصی خود کار می‌کند و از طریق اپلیکیشن MActivePro  با گوشی‌های اندروید و  iOSسازگار است. نمایشگر لمسی بزرگ ۲.۰۷ اینچی از نوع  AMOLED با رزولوشن بالا، تصاویر شفاف و جذابی ارائه می‌دهد و ات ...","مشخصاتمناسب برایآقایان و بانوان سازگار با سیستم عاملAndroid iOS توضیحات سازگاریسازگار با تمامی گوشی های اندروید و iOS سازگار با اپلیکیشن M Activepro برای اتصال به گوشی زبان‌های قابل پشتیبانی در اعلان و پیامانگلیسی هشدار هاحتما از آداپتورهای استاندارد ۱ آمپر جهت شارژ استفاده گردد و به هیچ عنوان از شارژر های فست (آداپتورهای جدید موبایل) استفاده نگردد. نام بلوتوث ساعت S۱۱ است که بعد از Upgrade کردن به S۱۱Pro تغییر میکند. کالای اصلی فقط در بسته بندی و جعبه نمایش داده شده در تصاویر ارائه میگردد و در صورت مغایرت داشتن کالا اصلی نخواهد بود. بهتر است در جریان مستقیم با با فشار آب قرار نگیرد. شستن دست و قطرات باران مانعی ندارد. برای دانلود نرم افزار QR کد موجود در پشت جعبه را اسکن و از طریق لینک دانلود نرم افزار M Activepro را روی گوشی خود نصب کنید. نوع کاربریورزشی رسمی روزمره قابلیت‌های ساعت هوشمندکنترل موسیقی (Music Player) قابلیت مکالمه از طریق بلوتوث پشتیبانی از زبان فارسی در منو و سیستم‌عامل قابلیت تغییر طرح ساعت یا تم صفحه همیشه روشن (Always-on Display) پشتیبانی از دستیار صوتی سایز قاب ساعت هوشمند۴۹ میلی‌متر ضخامت قاب۱۳ میلی‌مترتکنولوژی‌های مکان‌یابی (GPS)A-GPS وزن۴۲ گرمفرم صفحهمستطیل قابلیت‌های مقاومتیمقاوم در برابر سرما مقاوم در برابر گرما مقاومت در برابر پاشش آب و گرد و غبار جنس بدنهفلز قابلیت تعویض بنددارد جنس بندسیلیکون نوع قفل بندقفل مخفی توضیحات رنگ بند و بدنهدر سه رنگ مشکی، نقره ای و رزگلد نوع صفحه نمایش اصلیAMOLED اندازه صفحه نمایش۲.۰۷ اینچرزولوشن صفحه نمایش۴۶۶*۴۶۶ تراکم پیکسلی صفحه نمایش۴۶۶*۴۶۶ پیکسل بر اینچحسگرهای حرکتی و محیطیژیروسکوپ (Gyroscope) فشار سنج (Barometer) دماسنج (Thermometer) ارتفاع سنج (Altimeter) گام‌شمار (Pedometer) پشتیبانی از فرمان‌های حرکتی امکانات ورزشیپشتیبانی از تمرینات مختلف ورزشی محاسبه میزان کالری مصرفی محاسبه مسافت طی شده سنسورهای ورزشی و سلامتیشمارنده ضربان قلب سنجش دمای بدن سنجش اکسیژن خون تشخیص حرکات دست نوار قلب (الکتروکاردیوگرام) سنجش سطح استرس سنجش کیفیت خواب نظارت بر سیکل ماهیانه بانوان اندازه‌گیری فشار خون حافظه داخلی۱-۲GB نسخه بلوتوث۵.۴ سایر مشخصات سخت افزاریقفل بندها در پشت ساعت فعال، دو دکمه جانبی فعال، صفحه نمایش بدون حاشیه، قابلیت خوانش زیر آفتاب، دارای گارد محافظ ضد ضربه. اتصالاتBluetooth NFC ظرفیت باتری۳۸۰ میلی آمپر ساعت۱ میلی آمپر ساعتنحوه شارژ ساعت هوشمندشارژ بی‌سیم مدت زمان شارژ شدن۱-۲ ساعت قابلیت های ویژهپشتیبانی کامل از زبان فارسی در منو، دارای گارد محافظ ضد ضربه، مجهز به جدید ترین تم های سری ۱۰ آیفون، کاملترین سنسورهای سلامتی و اندازه گیری های ورزشی، ثبت رکوردهای ورزشی، قدم شمار و ...پخش موزیک، شماره گیری و مکالمه بلوتوثی، انتقال مخاطبین از نرم افزار به ساعت، قابلیت پاسخدهی در واتس اپ( پس از لینک کردن واتس اپ گوشی به واتس اپ ساعت). کرنومتر، بازی، A-GPS با بهره گیری از گوشی، تمرین های مربوط به تمرکز و تنفس، تایمر، نمایش آب و هوا، فشار خون، اکسیژن خون، ضربان قلب، پایش خواب، آلارم، ماشین حساب، شاتر دوربین، پیدا کردن گوشی، فلش لایت، تقویم، تم های متنوع منو، دستیار صوتی، ظبط صدا، برنامه بانوان، نوار قلب، اپ استور( گلوکز خون، یوریک اسید، motion sickness، متابولیسم، قطب نما، ارتفاع سنج)، برنامه برای انتقال فایل کتاب و خواندن کتاب، اندازه گیری دمای بدن، چت GPT، سنجش نویز محیط، مترجم هوش مصنوعی، کنترل فرمان حرکتی، تنظیمات نور صفحه نمایش، منو ساید شرت کات، ۲ گیگ حافظه داخلی برای ایجاد آلبوم عکس، کتاب و ...، تنظیمات صدا و رینگ تون، ایجاد پسورد و ... اقلام همراهمحافظ دور ساعت ضد ضربه، کابل شارژ","میکروویر"
"1771408586-266","https://www.digikala.com/search/category-wearable-gadget/","ساعت هوشمند کیسلکت مدل Ks2","۵,۳۲۰,۰۰۰","","","۴.۲","ارسال فروشنده","","","","ساعت هوشمند کیسلکت مدل Ks2ارسال فروشنده
۴.۲۵,۳۲۰,۰۰۰","https://www.digikala.com/product/dkp-14203694/%D8%B3%D8%A7%D8%B9%D8%AA-%D9%87%D9%88%D8%B4%D9%85%D9%86%D8%AF-%DA%A9%DB%8C%D8%B3%D9%84%DA%A9%D8%AA-%D9%85%D8%AF%D9%84-ks2/","۴.۲","۱۴۱ دیدگاه","عالی","ساعت هوشمند کیسلکت مدل Ks2","۴,۵۹۰,۰۰۰","۱۰۰%","https://dkstatics-public.digikala.com/digikala-products/5e2bab3b865177e1065cf5eea338e829334db837_1738581872.jpg?x-oss-process=image/resize,m_lfit,h_800,w_800/quality,q_90
https://dkstatics-public.digikala.com/digikala-products/5e2bab3b865177e1065cf5eea338e829334db837_1738581872.jpg?x-oss-process=image/resize,m_lfit,h_800,w_800/quality,q_90
https://dkstatics-public.digikala.com/digikala-products/887126553fcd114dc009e1c16fa829eafc4df3ac_1706016462.jpg?x-oss-process=image/resize,m_lfit,h_800,w_800/quality,q_90
https://dkstatics-public.digikala.com/digikala-products/d0d4e8bcc36f2ed0de14ef4b1d5c2a45e19e7487_1706016463.jpg?x-oss-process=image/resize,m_lfit,h_800,w_800/quality,q_90
https://dkstatics-public.digikala.com/digikala-products/5e2bab3b865177e1065cf5eea338e829334db837_1738581872.jpg?x-oss-process=image/resize,m_lfit,h_800,w_800/quality,q_90","","خاکستریمشکیآبی","ویژگی‌هانوع کاربریورزشی، رسمی، روزمرهورزشی، رسمی، روزمرهفرم صفحهمستطیلمستطیلجنس بندپلاستیکپلاستیکمشاهده همه ویژگی‌ها","ساعت هوشمند کیسلکت مدل Ks2 با طراحی جذاب و امکانات گسترده، یکی از بهترین گزینه‌ها برای کاربری‌های ورزشی، رسمی و روزمره است. این ساعت با وزن ۵۱.۴ گرم و بدنه آلومینیومی سبک، احساس سنگینی روی دست ندارد و ظریف است. بند پلاستیکی با قفل مغناطیسی استفاده از آن را آسان کرده است و رنگ‌بندی نقره‌ای و سرمه‌ای، جلوه‌ای مدرن به ظاهر آن بخشیده است. صفحه نمایش AMOLED این ساعت با اندازه ۲.۰۱ اینچ و رزولوشن ۴۱۰×۵۰۲ پیکسل، تصاویری شفاف و رنگ‌هایی زنده ارائه می‌دهد. روشنایی بالای ۱۰۰۰ نیت خوانا ...","مشخصاتتوضیحات سازگاریسازگار با سیستم عامل iOS از نسخه ۹ و جدیدتر و اندروید از نسخه ۶ و جدیدتر نوع کاربریورزشی رسمی روزمره قابلیت‌های ساعت هوشمندصفحه نمایش رنگی صفحه نمایش لمسی ابعاد قاب۵۰.۲x۳۷.۴x۱۰.۶ میلی‌متروزن۵۱.۴ گرمفرم صفحهمستطیل جنس بدنهآلومینیوم قابلیت تعویض بنددارد جنس بندپلاستیک نوع قفل بندمغناطیسی توضیحات رنگ بند و بدنهبدنه نقره‌ای و سرمه‌ای نوع صفحه نمایش اصلیAMOLED اندازه صفحه نمایش۲.۰۱ اینچ اینچرزولوشن صفحه نمایش۴۱۰×۵۰۲ پیکسل پردازندهDual Core سایر مشخصات سخت افزاریدارای میکروفن و اسپیکر داخلی ظرفیت باتری۳۰۰ میلی آمپر ساعتقابلیت های ویژهبیش از ۱۰۰ حالت ورزشی /
بلوتوث ۵.۳ /
پشتیبانی از دستیار صوتی Alexa /
روشنایی تا ۱۰۰۰ نیت /
پشتیبانی از بیش از ۱۰۰ Watch Face /
شارژدهی تا ۴۰ روز در حالت Clock Mode و تا ۹ روز در حالت عادی /
استاندارد مقاومت در برابر نفوذ آب ۳ATM","کیسلکت"
"1771408588-267","https://www.digikala.com/search/category-wearable-gadget/","ساعت هوشمند شیائومی مدل MI BAND 7 PRO","۶,۹۰۰,۰۰۰","","","۴.۲","ارسال سریع دیجی‌کالا","","","","ساعت هوشمند شیائومی مدل MI BAND 7 PROارسال سریع دیجی‌کالا
۴.۲۶,۹۰۰,۰۰۰","https://www.digikala.com/product/dkp-9962415/%D8%B3%D8%A7%D8%B9%D8%AA-%D9%87%D9%88%D8%B4%D9%85%D9%86%D8%AF-%D8%B4%DB%8C%D8%A7%D8%A6%D9%88%D9%85%DB%8C-%D9%85%D8%AF%D9%84-mi-band-7-pro/","۴.۲","۳۶۷ دیدگاه","عالی","ساعت هوشمند شیائومی مدل MI BAND 7 PRO","۸,۴۳۱,۰۰۰","۴۸.۶%","https://dkstatics-public.digikala.com/digikala-products/7cc1f3330658aa37fbe73d6bb9fbfefc72e8661b_1754249856.jpg?x-oss-process=image/resize,m_lfit,h_800,w_800/quality,q_90
https://dkstatics-public.digikala.com/digikala-products/7cc1f3330658aa37fbe73d6bb9fbfefc72e8661b_1754249856.jpg?x-oss-process=image/resize,m_lfit,h_800,w_800/quality,q_90
https://dkstatics-public.digikala.com/digikala-products/9c58e13d4431ce7f3ae49406ccd40c54be6d4385_1669363889.jpg?x-oss-process=image/resize,m_lfit,h_800,w_800/quality,q_90
https://dkstatics-public.digikala.com/digikala-products/118b7ab3201cc6665d3045197b30fe33f809f9c2_1741377430.jpg?x-oss-process=image/resize,m_lfit,h_800,w_800/quality,q_90
https://dkstatics-public.digikala.com/digikala-products/7cc1f3330658aa37fbe73d6bb9fbfefc72e8661b_1754249856.jpg?x-oss-process=image/resize,m_lfit,h_800,w_800/quality,q_90","","مشکی","ویژگی‌هانوع کاربریورزشی، رسمی، روزمرهورزشی، رسمی، روزمرهفرم صفحهمستطیلمستطیلجنس بندسیلیکونسیلیکونمشاهده همه ویژگی‌ها","شیائومی در کنار گوشی‌های سری 12S از مچ‌بند هوشمند می بند 7 پرو هم رونمایی کرد. این مچ‌بند از نمایشگر 1.64 اینچی بهره می‌برد که عریض‌تر از نمایشگر می بند 7 است. تراکم پیکسلی این نمایشگر 326 پیکسل در هر اینچ است که در نتیجه کیفیت بسیار خوبی را ارائه می‌کند. این نمایشگر از رزولوشن 280 در 456 پیکسل بهره می‌برد که برای مقایسه باید بگوییم نمایشگر می بند 7 از رزولوشن 192 در 490 پشتیبانی می‌کند.

یکی از مهم‌ترین ویژگی‌های این مچ‌بند، بهره‌گیری آن از GPS داخلی است که بسیاری از مچ‌بن ...","مشخصاتمناسب برایآقایان و بانوان توضیحات سازگاریسیستم‌عامل اختصاصی سازگار با اندروید و iOS زبان‌های قابل پشتیبانی در اعلان و پیامانگلیسی نوع کاربریورزشی رسمی روزمره قابلیت‌های ساعت هوشمندصفحه نمایش رنگی صفحه نمایش لمسی کنترل موسیقی (Music Player) کنترل سطح اکسیژن خون ابعاد قاب۴۴x۲۸x۱۱ میلی‌مترضخامت قاب۱۱ میلی‌مترعرض قاب۲۸ میلی‌متروزن۲۵ گرمفرم صفحهمستطیل جنس شیشهGorilla Glass ۳ توضیحات جنس بدنهبدنه مستطیلی از جنس پلیمر تقویت شده با فیبر جنس بندسیلیکون نوع قفل بندسگکی ساده توضیحات رنگ بند و بدنهخاکستری تیره، طلایی روشن با بند سیلیکنی  اندازه صفحه نمایش	۱.۶۴ اینچ اینچرزولوشن صفحه نمایش۱۹۲x۴۹۰ تراکم پیکسلی صفحه نمایش۳۲۶ پیکسل بر اینچسایر مشخصات صفحه نمایشنوع AMOLED
سایز	۱.۶۴ اینچ (~۷۰% نسبت نمایشگر به بدنه)
رزولوشن	۲۸۰ در ۴۵۶ پیکسل (~۳۲۶ پیکسل در اینچ تراکم پیکسلی)
نمایشگر با لبه‌های خمیده (۲.۵D) سیستم عاملبدون سیستم عامل اتصالاتBluetooth نوع باتریباتری غیرقابل تعویض لیتیوم پلیمری ظرفیت باتریباتری غیرقابل تعویض لیتیوم پلیمری با ظرفیت ۲۳۵ میلی آمپر ساعت (شارژ کامل در ۱ ساعت) میلی آمپر ساعتقابلیت های ویژهاعلام اعلان‌های دریافتی
- نمایش پیام‌های متنی
پشتیبانی از ۱۱۷ حالت ورزشی، پایش ضربان قلب، اندازه‌گیری سطح اکسیژن خون، محاسبه مسافت طی شده، پایش وضعیت خواب، پایش وضعیت استرس، پایش وضعیت سلامت بانوان، برنامه‌‌ی تمرین تنفس، هشدار عدم تحرک، دستیار صوتی Xiao AI، کنترل موسیقی، امکان کنترل تجهیزات هوشمند Mijia، قابلیت شخصی‌سازی واچ فیس، نمایش وضعیت آب و هوا، پیدا کردن گوشی از طریق ساعت، نمایش اعلان‌های گوشی و تقویم، نمایش روز و ساعت، تایمر، هشدار بیدارباش، استفاده به عنوان شاتر برای دوربین گوشی اقلام همراهدفترچه راهنما و کابل شارژر","شیائومی"
"1771408591-268","https://www.digikala.com/search/category-wearable-gadget/","ساعت هوشمند مدل P8","۱,۰۴۵,۰۰۰","۱,۲۹۰,۰۰۰","۱۹٪","۴.۲","تنها ۲ عدد در انبار باقی مانده","","","","ساعت هوشمند مدل P8تنها ۲ عدد در انبار باقی مانده
۴.۲۱۹٪۱,۰۴۵,۰۰۰۱,۲۹۰,۰۰۰","https://www.digikala.com/product/dkp-4365583/%D8%B3%D8%A7%D8%B9%D8%AA-%D9%87%D9%88%D8%B4%D9%85%D9%86%D8%AF-%D9%85%D8%AF%D9%84-p8/","۴.۲","۵۰ دیدگاه","عالی","ساعت هوشمند مدل P8","۱,۲۹۰,۰۰۰","","https://dkstatics-public.digikala.com/digikala-products/3985133b1aca01feb944f609e8707c2d2995de02_1612163813.jpg?x-oss-process=image/resize,m_lfit,h_800,w_800/quality,q_90
https://dkstatics-public.digikala.com/digikala-products/e79cad1313169d217673606f8d63a1259ac22579_1612163810.jpg?x-oss-process=image/resize,m_lfit,h_800,w_800/quality,q_90
https://dkstatics-public.digikala.com/digikala-products/e63a33f56fee7756a363480745ee80768f252ce1_1612163811.jpg?x-oss-process=image/resize,m_lfit,h_800,w_800/quality,q_90
https://dkstatics-public.digikala.com/digikala-products/3985133b1aca01feb944f609e8707c2d2995de02_1612163813.jpg?x-oss-process=image/resize,m_lfit,h_800,w_800/quality,q_90","","مشکیطلایی","ویژگی‌هانوع کاربریورزشی، رسمی، روزمرهورزشی، رسمی، روزمرهفرم صفحهمربعمربعجنس بندسیلیکونسیلیکونمشاهده همه ویژگی‌ها","ساعت هوشمند مدل پی هشت یکی از جدیدترین و پرکاربردترین ساعت های هوشمند در بازار می باشد. این ساعت قابلیت اتصال به گوشی های اندروید و اپل را دارد و به راحتی توسط اپلیکیشن مخصوص به گوشی یا تبلت وصل می شود. این ساعت کیفیت صفحه بالایی را دارد و توسط دو سنسور که زیر آن قرار دارد می تواند قدم شماری ، ضربان قلب و..... را انجام دهد. شارژ این ساعت بسیار بالا و به مدت یک هفته می باشد. همچنین این ساعت قابلیت نمایش تمامی اعلان های روی گوشی را دارا  می باشد.","مشخصاتمناسب برایآقایان و بانوان توضیحات سازگاریاندروید ۸ با بالا ، ios ۱۱ به بالا زبان‌های قابل پشتیبانی در اعلان و پیامانگلیسی نوع کاربریورزشی رسمی روزمره وزن۱۹۰ گرمفرم صفحهمربع جنس بندسیلیکون نوع قفل بندسگکی ساده اندازه صفحه نمایش۱.۴ اینچسیستم عاملAndroid Wear اتصالاتBluetooth","متفرقه"
"1771408594-269","https://www.digikala.com/search/category-wearable-gadget/","ساعت هوشمند 44 میلی‌متری شیائومی مدل Smart Band 9 Pro، مناسب برای ورزش، کنترل سطح اکسیژن خون، شمارش ضربان قلب، پایش وضعیت خواب، با بند پلاستیکی","۸,۶۰۰,۰۰۰","","","۴.۴","&nbsp;","","","","ساعت هوشمند 44 میلی‌متری شیائومی مدل Smart Band 9 Pro، مناسب برای ورزش، کنترل سطح اکسیژن خون، شمارش ضربان قلب، پایش وضعیت خواب، با بند پلاستیکی&nbsp;
۴.۴۸,۶۰۰,۰۰۰","https://www.digikala.com/product/dkp-17680822/%D8%B3%D8%A7%D8%B9%D8%AA-%D9%87%D9%88%D8%B4%D9%85%D9%86%D8%AF-44-%D9%85%DB%8C%D9%84%DB%8C%D9%85%D8%AA%D8%B1%DB%8C-%D8%B4%DB%8C%D8%A7%D8%A6%D9%88%D9%85%DB%8C-%D9%85%D8%AF%D9%84-smart-band-9-pro-%D9%85%D9%86%D8%A7%D8%B3%D8%A8-%D8%A8%D8%B1%D8%A7%DB%8C-%D9%88%D8%B1%D8%B2%D8%B4-%DA%A9%D9%86%D8%AA%D8%B1%D9%84-%D8%B3%D8%B7%D8%AD-%D8%A7%DA%A9%D8%B3%DB%8C%DA%98%D9%86-%D8%AE%D9%88%D9%86-%D8%B4%D9%85%D8%A7%D8%B1%D8%B4-%D8%B6%D8%B1%D8%A8%D8%A7%D9%86-%D9%82%D9%84%D8%A8-%D9%BE%D8%A7%DB%8C%D8%B4-%D9%88%D8%B6%D8%B9%DB%8C%D8%AA-%D8%AE%D9%88%D8%A7%D8%A8-%D8%A8%D8%A7-%D8%A8%D9%86%D8%AF-%D9%BE%D9%84%D8%A7%D8%B3%D8%AA%DB%8C%DA%A9%DB%8C/","۴.۴","۱۵۱ دیدگاه","خیلی خوب","ساعت هوشمند 44 میلی‌متری شیائومی مدل Smart Band 9 Pro، مناسب برای ورزش، کنترل سطح اکسیژن خون، شمارش ضربان قلب، پایش وضعیت خواب، با بند پلاستیکی","۸,۶۰۰,۰۰۰","۸۰%","https://dkstatics-public.digikala.com/digikala-products/3b5fd794224f22f34c19c15ba80c56db39fdc9c9_1754238454.jpg?x-oss-process=image/resize,m_lfit,h_800,w_800/quality,q_90
https://dkstatics-public.digikala.com/digikala-products/3b5fd794224f22f34c19c15ba80c56db39fdc9c9_1754238454.jpg?x-oss-process=image/resize,m_lfit,h_800,w_800/quality,q_90
https://dkstatics-public.digikala.com/digikala-products/9e15f85045888f540e9b39a9e9a068ebae6e9c3d_1747647582.jpg?x-oss-process=image/resize,m_lfit,h_800,w_800/quality,q_90
https://dkstatics-public.digikala.com/digikala-products/c2e0f3bfee9d44e4ce31d62b90336de4b21f474d_1741377557.jpg?x-oss-process=image/resize,m_lfit,h_800,w_800/quality,q_90
https://dkstatics-public.digikala.com/digikala-products/3b5fd794224f22f34c19c15ba80c56db39fdc9c9_1754238454.jpg?x-oss-process=image/resize,m_lfit,h_800,w_800/quality,q_90","","مشکی","ویژگی‌هانوع کاربریورزشی، روزمرهورزشی، روزمرهفرم صفحهمستطیلمستطیلجنس بندپلاستیکپلاستیکمشاهده همه ویژگی‌ها","ساعت هوشمند شیائومی مدل Smart Band 9 Pro یکی از جدیدترین محصولات این برند است که با طراحی ظریف، امکانات پیشرفته و عملکرد بهینه، گزینه‌ای مناسب برای کاربری روزمره و ورزشی به‌ شمار می‌رود. این ساعت با وزن سبک 24.5 گرم و بدنه‌ای از جنس آلومینیوم همراه با بند TPU، به‌راحتی روی مچ دست قرار گرفته و برای استفاده طولانی ‌مدت، فوق‌العاده عمل می‌کند. صفحه نمایش 1.74 اینچی AMOLED با رزولوشن 336x480 پیکسل و تراکم 336 پیکسل بر اینچ، تصاویری شفاف و پر جزئیات را به نمایش می‌گذارد. روشنایی 1 ...","مشخصاتمناسب برایآقایان و بانوان سازگار با سیستم عاملAndroid iOS توضیحات سازگاریسازگار با اندروید ۸ و بالاتر / 
 ios ۱۲.۰ و بالاتر نوع کاربریورزشی روزمره قابلیت‌های ساعت هوشمندکنترل موسیقی (Music Player) قابلیت تغییر طرح ساعت یا تم صفحه همیشه روشن (Always-on Display) سایز قاب ساعت هوشمند۴۴ میلی‌متر ابعاد قاب۴۳.۲۷x۳۲.۴۹x۱۰.۸ (بدون احتساب سنسور ضربان قلب) میلی‌مترضخامت قاب۱۰.۸ میلی‌متروزن۲۴.۵ گرمفرم صفحهمستطیل قابلیت‌های مقاومتیمقاوم در برابر نفوذ آب مقاوم در برابر نفوذ گرد و غبار جنس بدنهآلومینیوم قابلیت تعویض بنددارد جنس بندپلاستیک نوع قفل بندسگکی ساده توضیحات رنگ بند و بدنهبند پلاستیکی از نوع TPU نوع صفحه نمایش اصلیAMOLED اندازه صفحه نمایش۱.۷۴ اینچ اینچرزولوشن صفحه نمایش۳۳۶x۴۸۰ تراکم پیکسلی صفحه نمایش۳۳۶ پیکسل بر اینچسایر مشخصات صفحه نمایشروشنایی صفحه نمایش تا ۱۲۰۰ نیت /
نرخ تازه سازی ۶۰ هرتزی حسگرهای حرکتی و محیطیشتاب سنج (Accelerometer) ژیروسکوپ (Gyroscope) تشخیص نور محیط امکانات ورزشیپشتیبانی از تمرینات مختلف ورزشی محاسبه میزان کالری مصرفی سنسورهای ورزشی و سلامتیشمارنده ضربان قلب سنجش اکسیژن خون سنجش کیفیت خواب سنجش سطح استرس سایر مشخصات سخت افزاریضد آب تا عمق ۵۰ متری /
بلوتوث نسخه ۵.۴ /
دارای فناوری‌های مکان یابی GLONASS - Galileo - QZSS /
شارژدهی باتری در استفاده روزمره تا ۲۱ روز اتصالاتBluetooth ظرفیت باتری۳۵۰ میلی آمپر ساعتنحوه شارژ ساعت هوشمندکابل مغناطیسی مدت زمان شارژ شدنتا ۷۵ دقیقه قابلیت های ویژهپایش وضیعت خواب /
دارای ۱۵۰ حالت ورزشی اقلام همراهکابل شارژ /
دفترچه راهنما","شیائومی"
"1771408596-270","https://www.digikala.com/search/category-wearable-gadget/","ساعت هوشمند 40 میلی‌متری هایلو مدل Solar 5 با بند سیلیکونی","۵,۵۰۰,۰۰۰","","","۴.۴","تنها ۲ عدد در انبار باقی مانده","","","","ساعت هوشمند 40 میلی‌متری هایلو مدل Solar 5 با بند سیلیکونیتنها ۲ عدد در انبار باقی مانده
۴.۴۵,۵۰۰,۰۰۰","https://www.digikala.com/product/dkp-19957923/%D8%B3%D8%A7%D8%B9%D8%AA-%D9%87%D9%88%D8%B4%D9%85%D9%86%D8%AF-40-%D9%85%DB%8C%D9%84%DB%8C%D9%85%D8%AA%D8%B1%DB%8C-%D9%87%D8%A7%DB%8C%D9%84%D9%88-%D9%85%D8%AF%D9%84-solar-5-%D8%A8%D8%A7-%D8%A8%D9%86%D8%AF-%D8%B3%DB%8C%D9%84%DB%8C%DA%A9%D9%88%D9%86%DB%8C/","۴.۴","۱۲ دیدگاه","عالی","ساعت هوشمند 40 میلی‌متری هایلو مدل Solar 5 با بند سیلیکونی","۵,۴۶۰,۰۰۰","","https://dkstatics-public.digikala.com/digikala-products/6d7007627635c9beab86fefa5732967c46132c29_1753536585.jpg?x-oss-process=image/resize,m_lfit,h_800,w_800/quality,q_90
https://dkstatics-public.digikala.com/digikala-products/27d80aee4ce5371ec33f237a8b68f5a161cec71d_1753536585.jpg?x-oss-process=image/resize,m_lfit,h_800,w_800/quality,q_90
https://dkstatics-public.digikala.com/digikala-products/39d8972a2d3203805b0bbf68f48fc0f4c3425f32_1753536585.jpg?x-oss-process=image/resize,m_lfit,h_800,w_800/quality,q_90
https://dkstatics-public.digikala.com/digikala-products/6d7007627635c9beab86fefa5732967c46132c29_1753536585.jpg?x-oss-process=image/resize,m_lfit,h_800,w_800/quality,q_90","","نقره ایمشکی","ویژگی‌هانوع کاربریرسمی، روزمرهرسمی، روزمرهفرم صفحهدایرهدایرهجنس بندسیلیکونسیلیکونمشاهده همه ویژگی‌ها","","مشخصاتمناسب برایآقایان سازگار با سیستم عاملAndroid iOS توضیحات سازگاریاندروید ۶.۰ و بالاتر، iOS ۱۱.۰ و بالاتر زبان‌های قابل پشتیبانی در اعلان و پیامانگلیسی نوع کاربریرسمی روزمره قابلیت‌های ساعت هوشمندقابلیت مکالمه از طریق بلوتوث پشتیبانی از دستیار صوتی کنترل موسیقی (Music Player) قابلیت تغییر طرح ساعت یا تم سایز قاب ساعت هوشمند۴۰ میلی‌متر ابعاد قاب۴۶x۴۶ میلی‌مترضخامت قاب۱۲ میلی‌مترعرض قاب۴۹ میلی‌متروزن۱۳۱ گرمفرم صفحهدایره قابلیت‌های مقاومتیمقاوم در برابر نفوذ آب مقاوم در برابر نفوذ گرد و غبار جنس بدنهآلیاژ روی قابلیت تعویض بنددارد جنس بندسیلیکون نوع قفل بندسگکی ساده نوع صفحه نمایش اصلیAMOLED اندازه صفحه نمایش۱.۵۸ اینچروشنایی صفحه نمایش۴۰۰ نیتتراکم پیکسلی صفحه نمایش۳۵۴ پیکسل بر اینچسایر مشخصات صفحه نمایشنرخ نوسازی ۶۰ هرتز / وضوح بالا / روشنایی مناسب فضای باز حسگرهای حرکتی و محیطیشتاب سنج (Accelerometer) ژیروسکوپ (Gyroscope) گام‌شمار (Pedometer) امکانات ورزشیمحاسبه میزان کالری مصرفی پشتیبانی از تمرینات مختلف ورزشی سنسورهای ورزشی و سلامتیشمارنده ضربان قلب سنجش اکسیژن خون سنجش سطح استرس تشخیص حرکات دست نسخه بلوتوث۵.۳ اتصالاتNFC Bluetooth نوع باتریلیتیوم-یون پلیمری ظرفیت باتری۳۶۰ میلی آمپر ساعتنحوه شارژ ساعت هوشمندکابل مغناطیسی مدت زمان شارژ شدن۲ ساعت قابلیت های ویژهقابلیت ضبط صدا /
حافظه داخلی برای موسیقی /
اتصال سریع با یک لمس /
ارتقاء از طریق OTA /
پشتیبانی از بیش از ۲۰ زبان /
قابلیت هشدار ضربان قلب بالا اقلام همراهدفترچه‌راهنما","هایلو"
"1771408598-271","https://www.digikala.com/search/category-wearable-gadget/","ساعت هوشمند دی تی نامبر وان مدل watch x","۳,۴۰۹,۳۸۰","۳,۶۶۶,۰۰۰","۷٪","۴.۵","&nbsp;","","","","ساعت هوشمند دی تی نامبر وان مدل watch x&nbsp;
۴.۵۷٪۳,۴۰۹,۳۸۰۳,۶۶۶,۰۰۰","https://www.digikala.com/product/dkp-17531417/%D8%B3%D8%A7%D8%B9%D8%AA-%D9%87%D9%88%D8%B4%D9%85%D9%86%D8%AF-%D8%AF%DB%8C-%D8%AA%DB%8C-%D9%86%D8%A7%D9%85%D8%A8%D8%B1-%D9%88%D8%A7%D9%86-%D9%85%D8%AF%D9%84-watch-x/","۴.۵","۷ دیدگاه","ضعیف","ساعت هوشمند دی تی نامبر وان مدل watch x","۳,۰۰۰,۰۰۰","","https://dkstatics-public.digikala.com/digikala-products/c70b2d5d75adabe021363ab940e318ca3d434be2_1754238090.jpg?x-oss-process=image/resize,m_lfit,h_800,w_800/quality,q_90
https://dkstatics-public.digikala.com/digikala-products/c70b2d5d75adabe021363ab940e318ca3d434be2_1754238090.jpg?x-oss-process=image/resize,m_lfit,h_800,w_800/quality,q_90
https://dkstatics-public.digikala.com/digikala-products/cd129ca0fda0470a2552a42afb4db327a38af4c4_1732724442.jpg?x-oss-process=image/resize,m_lfit,h_800,w_800/quality,q_90
https://dkstatics-public.digikala.com/digikala-products/c127f2c867a078e751e72ba87767f979ecab60d8_1732971316.jpg?x-oss-process=image/resize,m_lfit,h_800,w_800/quality,q_90","","طلاییمشکینقره ای","ویژگی‌هانوع کاربریورزشی، رسمی، روزمرهورزشی، رسمی، روزمرهفرم صفحهمربعمربعجنس بندسیلیکونسیلیکونمشاهده همه ویژگی‌ها","","مشخصاتنوع کاربریورزشی رسمی روزمره قابلیت‌های ساعت هوشمندکنترل موسیقی (Music Player) کنترل سطح اکسیژن خون قابلیت مکالمه مستقیم قابلیت تغییر طرح ساعت یا تم ضد آب فرم صفحهمربع جنس بدنهآلومینیوم قابلیت تعویض بنددارد جنس بندسیلیکون نوع قفل بندسگکی ساده اندازه صفحه نمایش۴۶ اینچ","دی تی نامبر وان"
"1771408600-272","https://www.digikala.com/search/category-wearable-gadget/","ساعت هوشمند 45 میلی متری ورنا مدل G Pack Plus با 2 بند سیلیکونی به همراه هدفون بلوتوثی","۱,۴۴۰,۰۰۰","۱,۸۵۰,۰۰۰","۲۲٪","۵","ارسال فروشنده","","","","ساعت هوشمند 45 میلی متری ورنا مدل G Pack Plus با 2 بند سیلیکونی به همراه هدفون بلوتوثیارسال فروشنده
۵۲۲٪۱,۴۴۰,۰۰۰۱,۸۵۰,۰۰۰","https://www.digikala.com/product/dkp-20924215/%D8%B3%D8%A7%D8%B9%D8%AA-%D9%87%D9%88%D8%B4%D9%85%D9%86%D8%AF-45-%D9%85%DB%8C%D9%84%DB%8C-%D9%85%D8%AA%D8%B1%DB%8C-%D9%88%D8%B1%D9%86%D8%A7-%D9%85%D8%AF%D9%84-g-pack-plus-%D8%A8%D8%A7-2-%D8%A8%D9%86%D8%AF-%D8%B3%DB%8C%D9%84%DB%8C%DA%A9%D9%88%D9%86%DB%8C-%D8%A8%D9%87-%D9%87%D9%85%D8%B1%D8%A7%D9%87-%D9%87%D8%AF%D9%81%D9%88%D9%86-%D8%A8%D9%84%D9%88%D8%AA%D9%88%D8%AB%DB%8C/","۵","۱ دیدگاه","عالی","ساعت هوشمند 45 میلی متری ورنا مدل G Pack Plus با 2 بند سیلیکونی به همراه هدفون بلوتوثی","۱,۸۵۰,۰۰۰","","https://dkstatics-public.digikala.com/digikala-products/2e41f4540c03792d7eefd28be4df7d2dc36cd410_1763521699.jpg?x-oss-process=image/resize,m_lfit,h_800,w_800/quality,q_90
https://dkstatics-public.digikala.com/digikala-products/524d557f7dc02d4bbe25d6564188d1369dae151a_1763521341.jpg?x-oss-process=image/resize,m_lfit,h_800,w_800/quality,q_90
https://dkstatics-public.digikala.com/digikala-products/7440fe821f5f012fa26fb4cef2537623243645a5_1763521340.jpg?x-oss-process=image/resize,m_lfit,h_800,w_800/quality,q_90
https://dkstatics-public.digikala.com/digikala-products/2e41f4540c03792d7eefd28be4df7d2dc36cd410_1763521699.jpg?x-oss-process=image/resize,m_lfit,h_800,w_800/quality,q_90","","طلاییمشکینقره ای","ویژگی‌هانوع کاربریورزشی، رسمی، روزمرهورزشی، رسمی، روزمرهفرم صفحهمستطیلمستطیلجنس بندسیلیکونسیلیکونمشاهده همه ویژگی‌ها","ساعت هوشمند و هندزفری بی‌سیم از پرطرفدارترین گزینه‌ها برای خرید هدیه به شمار می‌روند. شرکت «ورنا» با ترکیب این دو محصول پرکاربرد، بسته‌ای ویژه و اقتصادی با عنوان G Pack Plus را عرضه کرده است که انتخاب هدیه را بسیار ساده‌تر می‌کند. این پک شامل یک ساعت هوشمند و یک هندزفری بی‌سیم است. همچنین دو بند متنوع در بسته بندی قرار داده شده است، یک بند اصلی ساده سیلیکونی و یک بند هدیه که رنگ و طرح آن به صورت رندوم ارسال میشود. ساعت هوشمند موجود در این مجموعه، علاوه بر طراحی زیبا، شباهت چش ...","مشخصاتمناسب برایآقایان و بانوان سازگار با سیستم عاملAndroid iOS توضیحات سازگاریسازگار با اندروید و IOS زبان‌های قابل پشتیبانی در اعلان و پیامفارسی انگلیسی هشدار هایک راهنمایی صادقانه در مورد ساعت طرح اپل یا متفرقه: در نظر داشته باشید، با توجه به قیمت و اینکه این محصول نمونه های-کپی از ساعتهای اصلی مانند اپل یا سامسونگ میباشد، دقت برخی سنسورها (مانند قدم شمار) کمی با خطا همراه است و طبق تست انجام گرفته، الباقی سنسورها مانند فشار یا اکسیژن خون نیز مقادیر درستی نشان نمیدهد و بیشتر جنبه تزئینی دارند. نوع کاربریورزشی رسمی روزمره قابلیت‌های ساعت هوشمندکنترل موسیقی (Music Player) قابلیت مکالمه از طریق بلوتوث پشتیبانی از زبان فارسی در منو و سیستم‌عامل قابلیت تغییر طرح ساعت یا تم سایز قاب ساعت هوشمند۴۵ میلی‌متر وزن۱۰۰ گرمفرم صفحهمستطیل قابلیت‌های مقاومتیبدون قابلیت مقاومتی جنس بدنهفلز قابلیت تعویض بنددارد جنس بندسیلیکون نوع قفل بندسگکی ساده توضیحات رنگ بند و بدنهساعت: فریم فلزی و بند سیلیکونی ساده
هندزفری: طرح ایرپاد پرو اپل سفید اندازه صفحه نمایش۴۵ میلیمتر اینچحسگرهای حرکتی و محیطیگام‌شمار (Pedometer) سنسورهای ورزشی و سلامتیتشخیص حرکات دست اتصالاتBluetooth نحوه شارژ ساعت هوشمندکابل مغناطیسی اقلام همراهکابل شارژ وایرلس برای ساعت،
کابل شارژ لایتنینگ برای هندزفری،
کارت راهنمای فارسی","ورنا"
"1771408602-273","https://www.digikala.com/search/category-wearable-gadget/","ساعت هوشمند ویرفیت مدل HK 10 PRO MAX PLUS","۵,۲۷۰,۰۰۰","","","۳","تنها ۱ عدد در انبار باقی مانده","","","","ساعت هوشمند ویرفیت مدل HK 10 PRO MAX PLUSتنها ۱ عدد در انبار باقی مانده
۳۵,۲۷۰,۰۰۰","https://www.digikala.com/product/dkp-18879758/%D8%B3%D8%A7%D8%B9%D8%AA-%D9%87%D9%88%D8%B4%D9%85%D9%86%D8%AF-%D9%88%DB%8C%D8%B1%D9%81%DB%8C%D8%AA-%D9%85%D8%AF%D9%84-hk-10-pro-max-plus/","۳","۴ دیدگاه","خوب","ساعت هوشمند ویرفیت مدل HK 10 PRO MAX PLUS","۳,۵۰۰,۰۰۰","","https://dkstatics-public.digikala.com/digikala-products/446a84f106113be36e9a890cfea36856ff9b2fa4_1744296693.jpg?x-oss-process=image/resize,m_lfit,h_800,w_800/quality,q_90
https://dkstatics-public.digikala.com/digikala-products/dc5a55545b01bf168f127129a9e4b6c1738a9408_1744296703.jpg?x-oss-process=image/resize,m_lfit,h_800,w_800/quality,q_90
https://dkstatics-public.digikala.com/digikala-products/c140dc21bc2d19717b71d86301aef522b074b534_1744296705.jpg?x-oss-process=image/resize,m_lfit,h_800,w_800/quality,q_90
https://dkstatics-public.digikala.com/digikala-products/446a84f106113be36e9a890cfea36856ff9b2fa4_1744296693.jpg?x-oss-process=image/resize,m_lfit,h_800,w_800/quality,q_90","","مشکی","ویژگی‌هانوع کاربریورزشی، رسمی، روزمرهورزشی، رسمی، روزمرهفرم صفحهمستطیلمستطیلجنس بندسیلیکونسیلیکونمشاهده همه ویژگی‌ها","ساعت هوشمند HK10 Pro Max Plus با صفحه‌نمایش 2.12 اینچی AMOLED و رزولوشن 494×410، طراحی مدرن و کارایی بالایی را ارائه می‌دهد. این ساعت مجهز به پردازنده SF32LB525 و حافظه داخلی 1 گیگابایت است که امکان اجرای روان اپلیکیشن‌ها و ذخیره داده‌ها را فراهم می‌کند. با پشتیبانی از بلوتوث نسخه 5.3، اتصال سریع و پایدار با گوشی‌های اندرویدی (4.4 به بالا) و iOS (نسخه 8 به بالا) فراهم است. سنسورهای دقیق از جمله قدم‌شمار SC7A20H و حسگر ضربان قلب. امکان پایش سلامت را فراهم می‌کنند. باتری 260 می ...","مشخصاتسازگار با سیستم عاملAndroid iOS نوع کاربریورزشی رسمی روزمره قابلیت‌های ساعت هوشمندکنترل موسیقی (Music Player) قابلیت مکالمه از طریق بلوتوث پشتیبانی از زبان فارسی در منو و سیستم‌عامل قابلیت تغییر طرح ساعت یا تم صفحه همیشه روشن (Always-on Display) سایز قاب ساعت هوشمند۴۶ میلی‌متر وزن۵۰ گرمفرم صفحهمستطیل جنس بدنهآلومینیوم قابلیت تعویض بنددارد جنس بندسیلیکون نوع قفل بندسگکی ساده اندازه صفحه نمایش۲.۱۲ اینچنحوه شارژ ساعت هوشمندشارژ بی‌سیم","ویرفیت"
"1771408607-274","https://www.digikala.com/search/category-wearable-gadget/","ساعت هوشمند امیزفیت مدل GTS 2 Global بند سیلیکونی","۱۴,۴۹۰,۰۰۰","","","۴.۲","ارسال فروشنده","","","","ساعت هوشمند امیزفیت مدل GTS 2 Global بند سیلیکونیارسال فروشنده
۴.۲۱۴,۴۹۰,۰۰۰","https://www.digikala.com/product/dkp-4495195/%D8%B3%D8%A7%D8%B9%D8%AA-%D9%87%D9%88%D8%B4%D9%85%D9%86%D8%AF-%D8%A7%D9%85%DB%8C%D8%B2%D9%81%DB%8C%D8%AA-%D9%85%D8%AF%D9%84-gts-2-global-%D8%A8%D9%86%D8%AF-%D8%B3%DB%8C%D9%84%DB%8C%DA%A9%D9%88%D9%86%DB%8C/","۴.۲","۳۵۲ دیدگاه","عالی","ساعت هوشمند امیزفیت مدل GTS 2 Global بند سیلیکونی","۱۴,۴۹۰,۰۰۰","","https://dkstatics-public.digikala.com/digikala-products/f7bfa1180579100d59ce86fdb67c265d02b2411a_1754244378.jpg?x-oss-process=image/resize,m_lfit,h_800,w_800/quality,q_90
https://dkstatics-public.digikala.com/digikala-products/f7bfa1180579100d59ce86fdb67c265d02b2411a_1754244378.jpg?x-oss-process=image/resize,m_lfit,h_800,w_800/quality,q_90
https://dkstatics-public.digikala.com/digikala-products/406783c6f32eb245fc35b0c5435c1fced3554f65_1656934647.jpg?x-oss-process=image/resize,m_lfit,h_800,w_800/quality,q_90
https://dkstatics-public.digikala.com/digikala-products/cb097cdf08d9423422b91ea83d5e9c5673273970_1613637408.jpg?x-oss-process=image/resize,m_lfit,h_800,w_800/quality,q_90
https://dkstatics-public.digikala.com/digikala-products/f7bfa1180579100d59ce86fdb67c265d02b2411a_1754244378.jpg?x-oss-process=image/resize,m_lfit,h_800,w_800/quality,q_90","","مشکی","ویژگی‌هانوع کاربریورزشی، رسمی، روزمرهورزشی، رسمی، روزمرهفرم صفحهمربعمربعجنس بندسیلیکونسیلیکونمشاهده همه ویژگی‌ها","محصول جدید امیز فیت با نام 2 GTS محصول 2020 ارایه شد .ظاهر این مدل نسبت به ورژن قبلی آیرودینامیکتر شده است و امکان انتخاب از بین تمهای متنوع صفحه نمایش و امکان شخصی سازی صفحه نمایش این ساعت را بین جوانان محبوبتر کرده است.
در این ساعت امکان دریافت تماس تلفنی با تعبیه یک میکرفن و اسپیکر روی ساعت فراهم شده است و می توانید تماسهای تلفنی را از طریق خود ساعت پاسخ دهید( ساعت سیم کارت نمی خورد و از طریق اتصال به گوشی امکان پاسخدهی وجود دارد). 
با اضافه شدن 3 گیگابایت حافظه داخلی ام ...","مشخصاتمناسب برایآقایان و بانوان توضیحات سازگاریIOS ۱۰  و بالاتر
Android ۵.۰  و بالاتر زبان‌های قابل پشتیبانی در اعلان و پیامفارسی انگلیسی نوع کاربریورزشی رسمی روزمره قابلیت‌های ساعت هوشمندکنترل سطح اکسیژن خون عرض قاب۱۰ میلی‌متروزن۵۰ گرمفرم صفحهمربع جنس بدنهآلومینیوم جنس بندسیلیکون نوع قفل بندسگکی قلاب‌دار توضیحات رنگ بند و بدنهبدنه و بند همرنگ نوع صفحه نمایش اصلیAMOLED اندازه صفحه نمایش۱.۶۵ اینچرزولوشن صفحه نمایش۳۴۸x۴۴۲ تراکم پیکسلی صفحه نمایش۳۴۱ پیکسل بر اینچسایر مشخصات سخت افزاریHuami self-developed
(BioTrackerTM ۲ PPG (support blood oxygen اتصالاتBluetooth WiFi ظرفیت باتری۲۴۶ میلی آمپر ساعت","امیزفیت"
"1771408609-275","https://www.digikala.com/search/category-wearable-gadget/","ساعت هوشمند میبرو مدل GS Pro","۸,۹۹۹,۰۰۰","","","۴.۵","ارسال سریع دیجی‌کالا","","","","ساعت هوشمند میبرو مدل GS Proارسال سریع دیجی‌کالا
۴.۵۸,۹۹۹,۰۰۰","https://www.digikala.com/product/dkp-13705546/%D8%B3%D8%A7%D8%B9%D8%AA-%D9%87%D9%88%D8%B4%D9%85%D9%86%D8%AF-%D9%85%DB%8C%D8%A8%D8%B1%D9%88-%D9%85%D8%AF%D9%84-gs-pro/","","","","","","","","","","","","",""
"1771408613-276","https://www.digikala.com/search/category-wearable-gadget/","ساعت هوشمند مدل ws10-3 max دارای قابلیت های کنترل موسیقی (Music Player)، کنترل سطح اکسیژن خون، قابلیت مکالمه از طریق بلوتوث، پشتیبانی از زبان فارسی در منو و سیستم‌عامل بند سیلیکون","۱,۴۳۰,۰۰۰","","","۳.۷","تنها ۱ عدد در انبار باقی مانده","","","","ساعت هوشمند مدل ws10-3 max دارای قابلیت های کنترل موسیقی (Music Player)، کنترل سطح اکسیژن خون، قابلیت مکالمه از طریق بلوتوث، پشتیبانی از زبان فارسی در منو و سیستم‌عامل بند سیلیکونتنها ۱ عدد در انبار باقی مانده
۳.۷۱,۴۳۰,۰۰۰","https://www.digikala.com/product/dkp-17326227/%D8%B3%D8%A7%D8%B9%D8%AA-%D9%87%D9%88%D8%B4%D9%85%D9%86%D8%AF-%D9%85%D8%AF%D9%84-ws10-3-max-%D8%AF%D8%A7%D8%B1%D8%A7%DB%8C-%D9%82%D8%A7%D8%A8%D9%84%DB%8C%D8%AA-%D9%87%D8%A7%DB%8C-%DA%A9%D9%86%D8%AA%D8%B1%D9%84-%D9%85%D9%88%D8%B3%DB%8C%D9%82%DB%8C-music-player-%DA%A9%D9%86%D8%AA%D8%B1%D9%84-%D8%B3%D8%B7%D8%AD-%D8%A7%DA%A9%D8%B3%DB%8C%DA%98%D9%86-%D8%AE%D9%88%D9%86-%D9%82%D8%A7%D8%A8%D9%84%DB%8C%D8%AA-%D9%85%DA%A9%D8%A7%D9%84%D9%85%D9%87-%D8%A7%D8%B2-%D8%B7%D8%B1%DB%8C%D9%82-%D8%A8%D9%84%D9%88%D8%AA%D9%88%D8%AB-%D9%BE%D8%B4%D8%AA%DB%8C%D8%A8%D8%A7%D9%86%DB%8C-%D8%A7%D8%B2-%D8%B2%D8%A8%D8%A7%D9%86-%D9%81%D8%A7%D8%B1%D8%B3%DB%8C-%D8%AF%D8%B1-%D9%85%D9%86%D9%88-%D9%88-%D8%B3%DB%8C%D8%B3%D8%AA%D9%85%D8%B9%D8%A7%D9%85%D9%84-%D8%A8%D9%86%D8%AF-%D8%B3%DB%8C%D9%84%DB%8C%DA%A9%D9%88%D9%86/","۳.۷","۱۲۵ دیدگاه","عالی","ساعت هوشمند مدل ws10-3 max دارای قابلیت های کنترل موسیقی (Music Player)، کنترل سطح اکسیژن خون، قابلیت مکالمه از طریق بلوتوث، پشتیبانی از زبان فارسی در منو و سیستم‌عامل بند سیلیکون","۱,۵۰۰,۰۰۰","۱۰۰%","https://dkstatics-public.digikala.com/digikala-products/32f53d805cddcfbd78b599ecf304cbbe3c4b1a3b_1754237734.jpg?x-oss-process=image/resize,m_lfit,h_800,w_800/quality,q_90
https://dkstatics-public.digikala.com/digikala-products/416c1a081a425621f9ee17b8865e20ca76a65c2e_1731171048.jpg?x-oss-process=image/resize,m_lfit,h_800,w_800/quality,q_90
https://dkstatics-public.digikala.com/digikala-products/499dd3903a220cdc4240852630c5b5da3b9b2456_1731171076.jpg?x-oss-process=image/resize,m_lfit,h_800,w_800/quality,q_90
https://dkstatics-public.digikala.com/digikala-products/32f53d805cddcfbd78b599ecf304cbbe3c4b1a3b_1754237734.jpg?x-oss-process=image/resize,m_lfit,h_800,w_800/quality,q_90","","صورتیطلایینقره ای","ویژگی‌هانوع کاربریورزشی، رسمی، روزمرهورزشی، رسمی، روزمرهفرم صفحهمستطیلمستطیلجنس بندسیلیکونسیلیکونمشاهده همه ویژگی‌ها","با افتخار ساعت هوشمند WS10-3 Max را معرفی می‌کنیم؛ یکی از پیشرفته‌ترین و بهینه‌شده‌ترین ساعت‌های هوشمند که با به‌روزرسانی‌های نرم‌افزاری جدید، تجربه‌ای بی‌نظیر را به شما ارائه می‌دهد. این ساعت دارای صفحه نمایش لمسی است که وضوح و شفافیت مور قبولی را به نمایش می‌گذارد. WS10-3 Max تمام قابلیت‌های مورد انتظار از یک ساعت هوشمند، از جمله سنسورهای سلامتی برای پایش فشار خون، اکسیژن خون و ضربان قلب را در اختیار شما قرار می‌دهد. شما می‌توانید با استفاده از اپلیکیشن Free Fit که به صورت  ...","مشخصاتمناسب برایآقایان و بانوان توضیحات سازگاریسازگار با اندروید و IOS نوع کاربریورزشی رسمی روزمره قابلیت‌های ساعت هوشمندکنترل موسیقی (Music Player) کنترل سطح اکسیژن خون قابلیت مکالمه از طریق بلوتوث پشتیبانی از زبان فارسی در منو و سیستم‌عامل فرم صفحهمستطیل جنس بدنهآلومینیوم قابلیت تعویض بنددارد جنس بندسیلیکون نوع قفل بندپین‌بند توضیحات رنگ بند و بدنهرنگ بند‌ها در تمام بسته بندی ها همان ۵ رنگی است که در تصاویر مشاهده می‌کنید و فقط رنگ خود ساعت فرق‌ می‌کند. اندازه صفحه نمایش۱.۷ اینچسایر مشخصات صفحه نمایشصفحه نمایش ۱.۷ اینچی  اقلام همراه۵ عددبند در رنگ های مختلف
شارژر مفناطیسی","متفرقه"
"1771408617-277","https://www.digikala.com/search/category-wearable-gadget/","ساعت هوشمند 46 میلی متر کینگ ویر مدل KW55 Max با بند سییکونی","۱,۰۸۹,۰۰۰","","","۴","تنها ۳ عدد در انبار باقی مانده","","","","ساعت هوشمند 46 میلی متر کینگ ویر مدل KW55 Max با بند سییکونیتنها ۳ عدد در انبار باقی مانده
۴۱,۰۸۹,۰۰۰","https://www.digikala.com/product/dkp-19971138/%D8%B3%D8%A7%D8%B9%D8%AA-%D9%87%D9%88%D8%B4%D9%85%D9%86%D8%AF-46-%D9%85%DB%8C%D9%84%DB%8C-%D9%85%D8%AA%D8%B1-%DA%A9%DB%8C%D9%86%DA%AF-%D9%88%DB%8C%D8%B1-%D9%85%D8%AF%D9%84-kw55-max-%D8%A8%D8%A7-%D8%A8%D9%86%D8%AF-%D8%B3%DB%8C%DB%8C%DA%A9%D9%88%D9%86%DB%8C/","۴","۹ دیدگاه","خوب","ساعت هوشمند 46 میلی متر کینگ ویر مدل KW55 Max با بند سییکونی","۱,۰۹۰,۰۰۰","","https://dkstatics-public.digikala.com/digikala-products/a77fcd452d94310e77ad10509511bba145ba9bd5_1754041021.jpg?x-oss-process=image/resize,m_lfit,h_800,w_800/quality,q_90
https://dkstatics-public.digikala.com/digikala-products/806e398ed9c27ea42b3ef180df661c54d182a5c0_1753815928.jpg?x-oss-process=image/resize,m_lfit,h_800,w_800/quality,q_90
https://dkstatics-public.digikala.com/digikala-products/705ee4e094ad0af0e79a48a88c4c14cb73994c40_1753815904.jpg?x-oss-process=image/resize,m_lfit,h_800,w_800/quality,q_90
https://dkstatics-public.digikala.com/digikala-products/a77fcd452d94310e77ad10509511bba145ba9bd5_1754041021.jpg?x-oss-process=image/resize,m_lfit,h_800,w_800/quality,q_90","","مشکیطلایی","ویژگی‌هانوع کاربریورزشی، رسمی، روزمرهورزشی، رسمی، روزمرهفرم صفحهمستطیلمستطیلجنس بندسیلیکونسیلیکونمشاهده همه ویژگی‌ها","ساعت هوشمند «کینگ ور» مدل «KW55» از ساعت‌های هوشمند باکیفیت و کارآمد است که از قابی گرد و زیبا و قابلیت‌هایی متعدد بهره می‌برد. آنچه این ساعت را از اغلب مدل‌های معروف متمایز می‌کند، قابلیت نصب سیم‌کارت و کارت حافظه است. بدین‌ترتیب، این مدل را می‌توان یک واچ‌فون یا تلفن ساعتی (Watch Phone) نیز در نظر گرفت. البته این بدین معنی نیست که برای استفاده از تمام قابلیت‌های ساعت هوشمند کینگ ور KW55 نیاز است که یک سیم‌کارت مجزا روی آن نصب باشد. این مدل دارای قابلیت ارتباط با تلفن هوشمن ...","مشخصاتمناسب برایآقایان و بانوان سازگار با سیستم عاملAndroid توضیحات سازگاریسازگاری با سیستم عامل Android wear
سازگاری با اندرودنسخه ۴.۴ و بااتر نوع کاربریورزشی رسمی روزمره قابلیت‌های ساعت هوشمندکنترل موسیقی (Music Player) پشتیبانی از زبان فارسی در منو و سیستم‌عامل قابلیت تغییر طرح ساعت یا تم قابلیت نصب اپلیکیشن سایز قاب ساعت هوشمند۴۶ میلی‌متر فرم صفحهمستطیل قابلیت‌های مقاومتیمقاوم در برابر ضربه مقاوم در برابر نفوذ گرد و غبار مقاومت در برابر پاشش آب و گرد و غبار جنس بدنهآلومینیوم قابلیت تعویض بنددارد جنس بندسیلیکون نوع قفل بندسگکی ساده اندازه صفحه نمایش۲ اینچحسگرهای حرکتی و محیطیژیروسکوپ (Gyroscope) شتاب سنج (Accelerometer) رطوبت سنج (Hygrometer) فشار سنج (Barometer) تشخیص نور محیط سنسورهای ورزشی و سلامتیشمارنده ضربان قلب سنجش اکسیژن خون سنجش کیفیت خواب اندازه‌گیری فشار خون نوار قلب (الکتروکاردیوگرام) نظارت بر سیکل ماهیانه بانوان سیستم عاملAndroid Wear پردازنده۲ هسته ای نحوه شارژ ساعت هوشمندشارژ بی‌سیم","کینگ ویر"
"1771408619-278","https://www.digikala.com/search/category-wearable-gadget/","ساعت هوشمند 41 میلی متری  ویرفیت مدل HK10 mini  با دو بند سیلیکونی","۲,۵۰۰,۰۰۰","","","۳.۶","تنها ۱ عدد در انبار باقی مانده","","","","ساعت هوشمند 41 میلی متری  ویرفیت مدل HK10 mini  با دو بند سیلیکونیتنها ۱ عدد در انبار باقی مانده
۳.۶۲,۵۰۰,۰۰۰","https://www.digikala.com/product/dkp-20378182/%D8%B3%D8%A7%D8%B9%D8%AA-%D9%87%D9%88%D8%B4%D9%85%D9%86%D8%AF-41-%D9%85%DB%8C%D9%84%DB%8C-%D9%85%D8%AA%D8%B1%DB%8C-%D9%88%DB%8C%D8%B1%D9%81%DB%8C%D8%AA-%D9%85%D8%AF%D9%84-hk10-mini-%D8%A8%D8%A7-%D8%AF%D9%88-%D8%A8%D9%86%D8%AF-%D8%B3%DB%8C%D9%84%DB%8C%DA%A9%D9%88%D9%86%DB%8C/","۳.۶","۴ دیدگاه","عالی","ساعت هوشمند 41 میلی متری  ویرفیت مدل HK10 mini  با دو بند سیلیکونی","۲,۴۸۰,۰۰۰","","https://dkstatics-public.digikala.com/digikala-products/023b983f1298e7efae5fc5ec417c7fca8a1b3e9a_1757273932.jpg?x-oss-process=image/resize,m_lfit,h_800,w_800/quality,q_90
https://dkstatics-public.digikala.com/digikala-products/e57814e63f91356da68150a8666f976f7cbfc4bb_1757273936.jpg?x-oss-process=image/resize,m_lfit,h_800,w_800/quality,q_90
https://dkstatics-public.digikala.com/digikala-products/a0db254760e4b9bbed48eec8b1793dd99e323345_1757273936.jpg?x-oss-process=image/resize,m_lfit,h_800,w_800/quality,q_90
https://dkstatics-public.digikala.com/digikala-products/023b983f1298e7efae5fc5ec417c7fca8a1b3e9a_1757273932.jpg?x-oss-process=image/resize,m_lfit,h_800,w_800/quality,q_90","","مشکی","ویژگی‌هانوع کاربریورزشی، رسمی، روزمرهورزشی، رسمی، روزمرهفرم صفحهمستطیلمستطیلجنس بندسیلیکونسیلیکونمشاهده همه ویژگی‌ها","ساعت هوشمند مدل HK10 MINI با طراحی مدرن و وزن سبک، همراه همیشگی شما در مدیریت روزانه است. با قابلیت‌های پیشرفته مانند پایش سلامت، اعلان‌های هوشمند و عمر باتری طولانی، این ساعت جذابیت و کارایی را به‌همراه دارد.
این ساعت با صفحه نمایش AMOLED HD به اندازه 1.85 اینچ و رزولوشن 390×450 پیکسل، تصاویر واضح و شفافی را نمایش می‌دهد و با پردازنده ATS3085S و بلوتوث نسخه 5.3، عملکرد سریع و اتصال پایدار را تضمین می‌کند.","مشخصاتمناسب برایآقایان و بانوان سازگار با سیستم عاملAndroid توضیحات سازگاریسازگار با سیستم عامل اندروید نوع کاربریورزشی رسمی روزمره قابلیت‌های ساعت هوشمندکنترل موسیقی (Music Player) قابلیت مکالمه از طریق بلوتوث پشتیبانی از زبان فارسی در منو و سیستم‌عامل قابلیت تغییر طرح ساعت یا تم سایز قاب ساعت هوشمند۴۱ میلی‌متر فرم صفحهمستطیل قابلیت‌های مقاومتیمقاومت در برابر پاشش آب و گرد و غبار جنس بدنهآلومینیوم قابلیت تعویض بنددارد جنس بندسیلیکون نوع قفل بندسگکی ساده اندازه صفحه نمایش۱.۷۵ اینچحسگرهای حرکتی و محیطیگام‌شمار (Pedometer) سنسورهای ورزشی و سلامتیشمارنده ضربان قلب سنجش اکسیژن خون سنجش کیفیت خواب نظارت بر سیکل ماهیانه بانوان نحوه شارژ ساعت هوشمندکابل مغناطیسی","ویرفیت"
"1771408625-279","https://www.digikala.com/search/category-wearable-gadget/","ساعت هوشمند 38 میلیمتری ویسمی مدل X50 MINI با بند سیلیکونی","۱,۳۹۹,۰۰۰","","","۴.۲","ارسال فروشنده","","","","ساعت هوشمند 38 میلیمتری ویسمی مدل X50 MINI با بند سیلیکونیارسال فروشنده
۴.۲۱,۳۹۹,۰۰۰","https://www.digikala.com/product/dkp-20378202/%D8%B3%D8%A7%D8%B9%D8%AA-%D9%87%D9%88%D8%B4%D9%85%D9%86%D8%AF-38-%D9%85%DB%8C%D9%84%DB%8C%D9%85%D8%AA%D8%B1%DB%8C-%D9%88%DB%8C%D8%B3%D9%85%DB%8C-%D9%85%D8%AF%D9%84-x50-mini-%D8%A8%D8%A7-%D8%A8%D9%86%D8%AF-%D8%B3%DB%8C%D9%84%DB%8C%DA%A9%D9%88%D9%86%DB%8C/","۴.۲","۱۶ دیدگاه","عالی","ساعت هوشمند 38 میلیمتری ویسمی مدل X50 MINI با بند سیلیکونی","۱,۳۹۹,۰۰۰","۱۰۰%","https://dkstatics-public.digikala.com/digikala-products/72915e6f8a37730ceb3eda405f60cd4ebfc3fa89_1757358205.jpg?x-oss-process=image/resize,m_lfit,h_800,w_800/quality,q_90
https://dkstatics-public.digikala.com/digikala-products/788f321aa421f53fff695235162c76d51e30a5dd_1757274439.jpg?x-oss-process=image/resize,m_lfit,h_800,w_800/quality,q_90
https://dkstatics-public.digikala.com/digikala-products/41b388fea97b376a9254f2fed289d9b854277dc2_1757274179.jpg?x-oss-process=image/resize,m_lfit,h_800,w_800/quality,q_90
https://dkstatics-public.digikala.com/digikala-products/72915e6f8a37730ceb3eda405f60cd4ebfc3fa89_1757358205.jpg?x-oss-process=image/resize,m_lfit,h_800,w_800/quality,q_90","","مشکیصورتی تیرهصورتی","ویژگی‌هانوع کاربریورزشی، رسمی، روزمرهورزشی، رسمی، روزمرهفرم صفحهمستطیلمستطیلجنس بندسیلیکونسیلیکونمشاهده همه ویژگی‌ها","","مشخصاتمناسب برایکاربری عمومی سازگار با سیستم عاملAndroid iOS توضیحات سازگاریسازگاری با اندروید و ios هشدار هابا شارژر ۱ آمپر شارژ شود‌. نوع کاربریورزشی رسمی روزمره قابلیت‌های ساعت هوشمندکنترل موسیقی (Music Player) قابلیت مکالمه از طریق بلوتوث پشتیبانی از زبان فارسی در منو و سیستم‌عامل قابلیت تغییر طرح ساعت یا تم صفحه همیشه روشن (Always-on Display) قابلیت نصب اپلیکیشن پشتیبانی از دستیار صوتی سایز قاب ساعت هوشمند۳۸ میلی‌متر فرم صفحهمستطیل قابلیت‌های مقاومتیمقاوم در برابر نفوذ گرد و غبار جنس بدنهفلز قابلیت تعویض بنددارد جنس بندسیلیکون نوع قفل بندسگکی ساده اندازه صفحه نمایش۲ اینچحسگرهای حرکتی و محیطیفشار سنج (Barometer) گام‌شمار (Pedometer) سنسورهای ورزشی و سلامتیشمارنده ضربان قلب سنجش اکسیژن خون اندازه‌گیری فشار خون نحوه شارژ ساعت هوشمندشارژ بی‌سیم مدت زمان شارژ شدن۲ ساعت اقلام همراه۵ عدد بند سیلیکونی و شارژر بی سیم","ویسمی"
"1771408627-280","https://www.digikala.com/search/category-wearable-gadget/","ساعت هوشمند مدل HK10 Pro Max Plus","۳,۶۸۶,۵۰۰","","","۳.۷","ارسال فروشنده","","","","ساعت هوشمند مدل HK10 Pro Max Plusارسال فروشنده
۳.۷۳,۶۸۶,۵۰۰","https://www.digikala.com/product/dkp-18510386/%D8%B3%D8%A7%D8%B9%D8%AA-%D9%87%D9%88%D8%B4%D9%85%D9%86%D8%AF-%D9%85%D8%AF%D9%84-hk10-pro-max-plus/","۳.۷","۲۰ دیدگاه","عالی","ساعت هوشمند مدل HK10 Pro Max Plus","۳,۶۸۸,۰۰۰","","https://dkstatics-public.digikala.com/digikala-products/b6c6e97ace481c32e30fbd80bf72432c34b98a47_1741020139.jpg?x-oss-process=image/resize,m_lfit,h_800,w_800/quality,q_90
https://dkstatics-public.digikala.com/digikala-products/85be86d9ad65695f44bd703a7eefe406b69472d1_1741020139.jpg?x-oss-process=image/resize,m_lfit,h_800,w_800/quality,q_90
https://dkstatics-public.digikala.com/digikala-products/126f90b95f9b5a0490ea73f0e63c20cbad31464a_1741020139.jpg?x-oss-process=image/resize,m_lfit,h_800,w_800/quality,q_90
https://dkstatics-public.digikala.com/digikala-products/b6c6e97ace481c32e30fbd80bf72432c34b98a47_1741020139.jpg?x-oss-process=image/resize,m_lfit,h_800,w_800/quality,q_90","","مشکیمشکی براقبرنز","ویژگی‌هانوع کاربریورزشی، رسمی، روزمرهورزشی، رسمی، روزمرهفرم صفحهمربعمربعجنس بندسیلیکونسیلیکونمشاهده همه ویژگی‌ها","ساعت هوشمند HK10 Pro Max Plus بتازگی در دی ماه سال 1403 معرفی شده از جدیدترین ساعت های هوشمند طرح اپل واچ سری 10 یا X با سایز 46 میلی متری بازار است که نسبت به مدل قبلی خود یعنی ساعت هوشمند HK10 Pro max با تغییرات و ویژگی های جدیدی نرم افزاری همراه بوده است.  قابلیت هایی همچون دریافت اینترنت موبایل ، نصب مستقیم بازی و برنامه و واچ فیس ، زوم در تصاویر گالری و جابجایی ، رفع کلیه باگ های قبلی ، صفحه نمایش باکیفیت آمولد ، پردازنده دو هسته ای ، باطری با نگهداری زیاد ، قابلیت های ن ...","مشخصاتمناسب برایآقایان و بانوان زبان‌های قابل پشتیبانی در اعلان و پیامفارسی انگلیسی چینی نوع کاربریورزشی رسمی روزمره قابلیت‌های ساعت هوشمندصفحه نمایش رنگی صفحه نمایش لمسی کنترل موسیقی (Music Player) کنترل سطح اکسیژن خون قابلیت مکالمه از طریق بلوتوث پشتیبانی از زبان فارسی در منو و سیستم‌عامل قابلیت تغییر طرح ساعت یا تم فرم صفحهمربع جنس بدنهفلز قابلیت تعویض بنددارد جنس بندسیلیکون نوع قفل بندپین‌بند اندازه صفحه نمایش۴۶ اینچرزولوشن صفحه نمایش۵۲۰*۴۸۵ سایر مشخصات صفحه نمایشساعت هوشمند Hk۱۰ Pro max Plus با صفحه نمایش با اندازه ۲.۰۲ دهم اینج با پنل Amoled که نمایش رنگ ها بسیار طبیعی با عمق رنگ مشکی و رزولوشین  ۵۲۰*۴۸۵ و نرخ فریم یا رفرش صفحه ۶۰HZ دقیقا همانند نسخه قبل وارد بازار شده که بهترین پنل نمایشگر در یک ساعت هوشمند است. پردازندهتراشه Sf۳۲-lb۵۲۵ با ۲۴۰ و ۴۸ مگاهرتز و ۱.۴ مگابایت رم ظرفیت باتری۲۶۰ میلی آمپر ساعت","متفرقه"
"1771408629-281","https://www.digikala.com/search/category-wearable-gadget/","ساعت هوشمند مدل ws 68 mini با قابلیت صفحه نمایش رنگی و لمسی، کنترل موسیقی، کنترل سطح اکسیژن خون، مکالمه با بلوتوث، پشتیبانی از زبان فارسی و امکان تغییر تم ساعت و بند فلزی","۱,۹۰۰,۰۰۰","","","۳.۷","تنها ۲ عدد در انبار باقی مانده","","","","ساعت هوشمند مدل ws 68 mini با قابلیت صفحه نمایش رنگی و لمسی، کنترل موسیقی، کنترل سطح اکسیژن خون، مکالمه با بلوتوث، پشتیبانی از زبان فارسی و امکان تغییر تم ساعت و بند فلزیتنها ۲ عدد در انبار باقی مانده
۳.۷۱,۹۰۰,۰۰۰","https://www.digikala.com/product/dkp-16750207/%D8%B3%D8%A7%D8%B9%D8%AA-%D9%87%D9%88%D8%B4%D9%85%D9%86%D8%AF-%D9%85%D8%AF%D9%84-ws-68-mini-%D8%A8%D8%A7-%D9%82%D8%A7%D8%A8%D9%84%DB%8C%D8%AA-%D8%B5%D9%81%D8%AD%D9%87-%D9%86%D9%85%D8%A7%DB%8C%D8%B4-%D8%B1%D9%86%DA%AF%DB%8C-%D9%88-%D9%84%D9%85%D8%B3%DB%8C-%DA%A9%D9%86%D8%AA%D8%B1%D9%84-%D9%85%D9%88%D8%B3%DB%8C%D9%82%DB%8C-%DA%A9%D9%86%D8%AA%D8%B1%D9%84-%D8%B3%D8%B7%D8%AD-%D8%A7%DA%A9%D8%B3%DB%8C%DA%98%D9%86-%D8%AE%D9%88%D9%86-%D9%85%DA%A9%D8%A7%D9%84%D9%85%D9%87-%D8%A8%D8%A7-%D8%A8%D9%84%D9%88%D8%AA%D9%88%D8%AB-%D9%BE%D8%B4%D8%AA%DB%8C%D8%A8%D8%A7%D9%86%DB%8C-%D8%A7%D8%B2-%D8%B2%D8%A8%D8%A7%D9%86-%D9%81%D8%A7%D8%B1%D8%B3%DB%8C-%D9%88-%D8%A7%D9%85%DA%A9%D8%A7%D9%86-%D8%AA%D8%BA%DB%8C%DB%8C%D8%B1-%D8%AA%D9%85-%D8%B3%D8%A7%D8%B9%D8%AA-%D9%88-%D8%A8%D9%86%D8%AF-%D9%81%D9%84%D8%B2%DB%8C/","۳.۷","۶۰ دیدگاه","عالی","ساعت هوشمند مدل ws 68 mini با قابلیت صفحه نمایش رنگی و لمسی، کنترل موسیقی، کنترل سطح اکسیژن خون، مکالمه با بلوتوث، پشتیبانی از زبان فارسی و امکان تغییر تم ساعت و بند فلزی","۱,۹۰۰,۰۰۰","","https://dkstatics-public.digikala.com/digikala-products/edd86281e17cb99e7272868c8e55c18f360cc482_1754236657.jpg?x-oss-process=image/resize,m_lfit,h_800,w_800/quality,q_90
https://dkstatics-public.digikala.com/digikala-products/0c59b9cc87be519034cdee9108d77adc22940cbf_1726740918.jpg?x-oss-process=image/resize,m_lfit,h_800,w_800/quality,q_90
https://dkstatics-public.digikala.com/digikala-products/8573066a86963ec7a8f2a39b8865c75cd8ddcca4_1726740850.jpg?x-oss-process=image/resize,m_lfit,h_800,w_800/quality,q_90
https://dkstatics-public.digikala.com/digikala-products/edd86281e17cb99e7272868c8e55c18f360cc482_1754236657.jpg?x-oss-process=image/resize,m_lfit,h_800,w_800/quality,q_90","","مشکی براق","ویژگی‌هانوع کاربریرسمی، ورزشی، روزمرهرسمی، ورزشی، روزمرهفرم صفحهمستطیلمستطیلجنس بندفلزفلزمشاهده همه ویژگی‌ها","ظرافت در طراحی، قدرت در عملکرد با ساعت WS68 mini
این ساعت زیبا و کوچک به دلیل ظرافت در طراحی و ابعاد کوچک آن، مناسب بانوان و نوجوانان است. صفحه نمایش AMOLED این ساعت که با روشنایی بسیار بالا و زاویه دید کامل ارائه شده است، باعث می‌شود تا به راحتی در محیط‌های باز بتوانید از ساعت خود استفاده کنید. به جرئت می‌توان گفت این ساعت یکی از اقتصادی ترین ساعت‌های هوشمند است که با این نوع صفحه نمایش وارد بازار شده است.
از دیگر امکانات این ساعت می‌توان به سنسور‌های سلامتی مثل سنسور ضربان  ...","مشخصاتمناسب برایبانوان نوع کاربریرسمی ورزشی روزمره قابلیت‌های ساعت هوشمندصفحه نمایش رنگی صفحه نمایش لمسی کنترل موسیقی (Music Player) کنترل سطح اکسیژن خون قابلیت مکالمه از طریق بلوتوث پشتیبانی از زبان فارسی در منو و سیستم‌عامل قابلیت تغییر طرح ساعت یا تم فرم صفحهمستطیل جنس بدنهفلز قابلیت تعویض بنددارد جنس بندفلز نوع قفل بندمغناطیسی اندازه صفحه نمایش۱.۳۷ اینچسایر مشخصات صفحه نمایشصفحه نمایش AMOLED اقلام همراهشارژر مغناطیسی
۲ عدد بند سیلیکونی
۱عدد بند فلزی با سگک مغناطیسی","متفرقه"
"1771408632-282","https://www.digikala.com/search/category-wearable-gadget/","ساعت هوشمند ۴۱ میلیمتری ویسمی مدل X28 mini با ۴ بند سیلیکونی و ۱ بند فلزی","۱,۹۹۸,۴۰۰","۲,۴۹۸,۰۰۰","۲۰٪","۴.۱","تنها ۲ عدد در انبار باقی مانده","","","","ساعت هوشمند ۴۱ میلیمتری ویسمی مدل X28 mini با ۴ بند سیلیکونی و ۱ بند فلزیتنها ۲ عدد در انبار باقی مانده
۴.۱۲۰٪۱,۹۹۸,۴۰۰۲,۴۹۸,۰۰۰","https://www.digikala.com/product/dkp-19970425/%D8%B3%D8%A7%D8%B9%D8%AA-%D9%87%D9%88%D8%B4%D9%85%D9%86%D8%AF-%DB%B4%DB%B1-%D9%85%DB%8C%D9%84%DB%8C%D9%85%D8%AA%D8%B1%DB%8C-%D9%88%DB%8C%D8%B3%D9%85%DB%8C-%D9%85%D8%AF%D9%84-x28-mini-%D8%A8%D8%A7-%DB%B4-%D8%A8%D9%86%D8%AF-%D8%B3%DB%8C%D9%84%DB%8C%DA%A9%D9%88%D9%86%DB%8C-%D9%88-%DB%B1-%D8%A8%D9%86%D8%AF-%D9%81%D9%84%D8%B2%DB%8C/","۴.۱","۱۶ دیدگاه","عالی","ساعت هوشمند ۴۱ میلیمتری ویسمی مدل X28 mini با ۴ بند سیلیکونی و ۱ بند فلزی","۱,۹۷۰,۰۰۰","۱۰۰%","https://dkstatics-public.digikala.com/digikala-products/3a8249746c8bc033588b9a243dd6bef6f55fd19b_1753718508.jpg?x-oss-process=image/resize,m_lfit,h_800,w_800/quality,q_90
https://dkstatics-public.digikala.com/digikala-products/251433bd3f0fc2bde3a09e740dea43a9d902bed7_1753645313.jpg?x-oss-process=image/resize,m_lfit,h_800,w_800/quality,q_90
https://dkstatics-public.digikala.com/digikala-products/90a16b90e0d96b576d13625a027faa3e5edb8071_1753645539.jpg?x-oss-process=image/resize,m_lfit,h_800,w_800/quality,q_90","","مشکی براقصورتی تیرهصورتییاسیمشکی","ویژگی‌هانوع کاربریورزشی، رسمی، روزمرهورزشی، رسمی، روزمرهفرم صفحهمستطیلمستطیلجنس بندسیلیکونسیلیکونمشاهده همه ویژگی‌ها","","مشخصاتمناسب برایکاربری عمومی سازگار با سیستم عاملAndroid iOS توضیحات سازگاریسازگار با اندروید و ios زبان‌های قابل پشتیبانی در اعلان و پیامفارسی انگلیسی هشدار هابا شارژر ۱ آمپر شارژ شود. نوع کاربریورزشی رسمی روزمره قابلیت‌های ساعت هوشمندکنترل موسیقی (Music Player) قابلیت مکالمه از طریق بلوتوث پشتیبانی از زبان فارسی در منو و سیستم‌عامل قابلیت تغییر طرح ساعت یا تم صفحه همیشه روشن (Always-on Display) قابلیت نصب اپلیکیشن سایز قاب ساعت هوشمند۴۱ میلی‌متر فرم صفحهمستطیل قابلیت‌های مقاومتیمقاوم در برابر نفوذ گرد و غبار جنس بدنهفلز قابلیت تعویض بنددارد جنس بندسیلیکون نوع قفل بندسگکی ساده اندازه صفحه نمایش۱.۷ اینچحسگرهای حرکتی و محیطیگام‌شمار (Pedometer) سنسورهای ورزشی و سلامتیشمارنده ضربان قلب اندازه‌گیری فشار خون پردازنده۲ هسته نوع باتریلیتیم یونی نحوه شارژ ساعت هوشمندشارژ بی‌سیم مدت زمان شارژ شدن۲ ساعت اقلام همراهشارژر و ۵ عدد بند","ویسمی"
"1771408634-283","https://www.digikala.com/search/category-wearable-gadget/","ساعت هوشمند مدل HK11 ultra max","۲,۸۰۰,۰۰۰","","","۳.۹","ارسال سریع دیجی‌کالا","","","","ساعت هوشمند مدل HK11 ultra maxارسال سریع دیجی‌کالا
۳.۹۲,۸۰۰,۰۰۰","https://www.digikala.com/product/dkp-13341637/%D8%B3%D8%A7%D8%B9%D8%AA-%D9%87%D9%88%D8%B4%D9%85%D9%86%D8%AF-%D9%85%D8%AF%D9%84-hk11-ultra-max/","۳.۹","۱۲ دیدگاه","عالی","ساعت هوشمند مدل HK11 ultra max","۲,۸۰۰,۰۰۰","","https://dkstatics-public.digikala.com/digikala-products/9855d5eadd8dafb7aef5619e3d2daa1ced21d9a5_1699816272.jpg?x-oss-process=image/resize,m_lfit,h_800,w_800/quality,q_90
https://dkstatics-public.digikala.com/digikala-products/f9d6db30a5b083b0714ee594ceb73caa7eddc31a_1699816272.jpg?x-oss-process=image/resize,m_lfit,h_800,w_800/quality,q_90
https://dkstatics-public.digikala.com/digikala-products/4e89be9e3c84aedc9b0dd259dbdc7edc95a8ee7d_1699816273.jpg?x-oss-process=image/resize,m_lfit,h_800,w_800/quality,q_90","","مشکی","ویژگی‌هانوع کاربریورزشی، رسمی، روزمرهورزشی، رسمی، روزمرهفرم صفحهمستطیلمستطیلجنس بندسیلیکونسیلیکونمشاهده همه ویژگی‌ها","ساعت هوشمند HK11 ULTRA MAX یک ساعت شبیه به اپل واچ الترا میباشد که با صفحه نمایش واقعی oled با کیفیت بالا همراه با 2 بند  به بازار عرضه شده است .

 ساعت هوشمند مشابه اپل واچ سری 8 الترا با هوش مصنوعی  و نسخه جدید آن که داری chatgpt  است به بازار عرضه شده است .
منوی این ساعت هوشمند به لطف cpu 2 هسته ای قرار داده شده در این ساعت بسیار روان بدون لگ و کندی است . یکی از نقاط قوت این ساعت هم همین cpu 2 هسته ای است که این ساعت را از 90 درصد ساعت های بازار که از پردازشگر تک هسته ا ...","مشخصاتمناسب برایآقایان و بانوان توضیحات سازگاریاندروید و ios زبان‌های قابل پشتیبانی در اعلان و پیامفارسی انگلیسی نوع کاربریورزشی رسمی روزمره قابلیت‌های ساعت هوشمندصفحه نمایش رنگی صفحه نمایش لمسی کنترل موسیقی (Music Player) قابلیت مکالمه مستقیم پشتیبانی از زبان فارسی در منو و سیستم‌عامل فرم صفحهمستطیل جنس بندسیلیکون نوع قفل بندپین‌بند توضیحات رنگ بند و بدنه۲ عدد بند ، یکی سیلیکونی و دیگری بند کشی نانو با کیفیت نوع صفحه نمایش اصلیAmoled اتصالاتBluetooth قابلیت های ویژهضدآب (ip۶۸)
CPU دو هسته ای بسیار روان
حالت های مختلف ورزشی,تردمیل,دوچرخه سواری,پیاده روی,فوتبال و…..
سنسور های سلامتی, فشارخون,اکسیژن خون,تنفس.,پایش خواب و….
شارژرمگنتی وایرلس
قابلیت مکالمه.تماس.شماره گیری
قابلیت ذخیره مخاطب
امکان آپلود تصویر دلخواه
صفحه نمایش ضدخش Amoled
ماندگاری شارژ ۳ روز
برنامه WaerFit pro","متفرقه"
"1771408636-284","https://www.digikala.com/search/category-wearable-gadget/","ساعت هوشمند آی میکی مدل IMIKI SE1","۲,۱۵۰,۰۰۰","","","۴","ارسال سریع دیجی‌کالا","","","","ساعت هوشمند آی میکی مدل IMIKI SE1ارسال سریع دیجی‌کالا
۴۲,۱۵۰,۰۰۰","https://www.digikala.com/product/dkp-12203639/%D8%B3%D8%A7%D8%B9%D8%AA-%D9%87%D9%88%D8%B4%D9%85%D9%86%D8%AF-%D8%A2%DB%8C-%D9%85%DB%8C%DA%A9%DB%8C-%D9%85%D8%AF%D9%84-imiki-se1/","۴","۱۷ دیدگاه","عالی","ساعت هوشمند آی میکی مدل IMIKI SE1","۲,۱۵۰,۰۰۰","۹۰%","https://dkstatics-public.digikala.com/digikala-products/52ea6e08ef01895ae08b4d041ee23a44ea5fb0ad_1754250513.jpg?x-oss-process=image/resize,m_lfit,h_800,w_800/quality,q_90
https://dkstatics-public.digikala.com/digikala-products/52ea6e08ef01895ae08b4d041ee23a44ea5fb0ad_1754250513.jpg?x-oss-process=image/resize,m_lfit,h_800,w_800/quality,q_90
https://dkstatics-public.digikala.com/digikala-products/95d71383061c4eb396d1c9876b71670a9e0e457c_1741377554.jpg?x-oss-process=image/resize,m_lfit,h_800,w_800/quality,q_90
https://dkstatics-public.digikala.com/digikala-products/4e5df9a14da9a61b6807f29c896db0da4a06720a_1690637271.jpg?x-oss-process=image/resize,m_lfit,h_800,w_800/quality,q_90
https://dkstatics-public.digikala.com/digikala-products/52ea6e08ef01895ae08b4d041ee23a44ea5fb0ad_1754250513.jpg?x-oss-process=image/resize,m_lfit,h_800,w_800/quality,q_90","","کرممشکی","ویژگی‌هانوع کاربریورزشی، رسمی، روزمرهورزشی، رسمی، روزمرهفرم صفحهمستطیلمستطیلجنس بندسیلیکونسیلیکونمشاهده همه ویژگی‌ها","","مشخصاتمناسب برایآقایان و بانوان توضیحات سازگاریاندروید نسخه ۶.۰ و بالاتر / iOS نسخه ۹.۰ و بالاتر نوع کاربریورزشی رسمی روزمره قابلیت‌های ساعت هوشمندصفحه نمایش رنگی صفحه نمایش لمسی قابلیت مکالمه از طریق بلوتوث ابعاد قاب۴۸.۳x۳۹.۰۵x۱۰.۸ میلی‌مترعرض قاب۳۹.۰۵ میلی‌مترفرم صفحهمستطیل جنس بدنهآلومینیوم قابلیت تعویض بنددارد توضیحات جنس بدنه    جنس بندسیلیکون نوع قفل بندسگکی ساده توضیحات رنگ بند و بدنهبدنه و بند در رنگ‌های مختلف نوع صفحه نمایش اصلیTFT display اندازه صفحه نمایش۲.۰۲ اینچ اینچرزولوشن صفحه نمایش۳۲۰x۳۸۵ پیکسل اتصالاتBluetooth نوع باتریلیتیوم یونی ظرفیت باتری۲۶۰ میلی آمپر ساعتقابلیت های ویژهشارژدهی در حالت عادی: تا ۵ روز / شارژدهی حداکثری: تا ۱۵ روز / زمان مورد نیاز برای شارژ شدن: حدود ۲ ساعت / / بیش از ۱۰۰ حالت ورزشی / مقاومت در برابر نفوذ آب IP۶۷ /  دسترسی به بیش از ۱۰۰ واچ‌فیس / سنسور فشارسنج خون و کنترل کیفیت خواب اقلام همراهشارژر / دفترچه راهنما","ایمیکی"
"1771408638-285","https://www.digikala.com/search/category-wearable-gadget/","حلقه هوشمند تی سی اچ مدل TCH iRing R10 سایز 11","۲,۲۹۰,۰۰۰","۲,۹۰۰,۰۰۰","۲۱٪","۳.۴","ارسال سریع دیجی‌کالا","","","","حلقه هوشمند تی سی اچ مدل TCH iRing R10 سایز 11ارسال سریع دیجی‌کالا
۳.۴۲۱٪۲,۲۹۰,۰۰۰۲,۹۰۰,۰۰۰","https://www.digikala.com/product/dkp-16836993/%D8%AD%D9%84%D9%82%D9%87-%D9%87%D9%88%D8%B4%D9%85%D9%86%D8%AF-%D8%AA%DB%8C-%D8%B3%DB%8C-%D8%A7%DA%86-%D9%85%D8%AF%D9%84-tch-iring-r10-%D8%B3%D8%A7%DB%8C%D8%B2-11/","۳.۴","۲۸ دیدگاه","عالی","حلقه هوشمند تی سی اچ مدل TCH iRing R10 سایز 11","۲,۹۰۰,۰۰۰","۶۰%","https://dkstatics-public.digikala.com/digikala-products/5ab352dc1370c0b5d9e18383c4e56f5ce85e6a65_1727611728.jpg?x-oss-process=image/resize,m_lfit,h_800,w_800/quality,q_90
https://dkstatics-public.digikala.com/digikala-products/5ab352dc1370c0b5d9e18383c4e56f5ce85e6a65_1727611728.jpg?x-oss-process=image/resize,m_lfit,h_800,w_800/quality,q_90
https://dkstatics-public.digikala.com/digikala-products/4130d69ebc534f78a294b25a62505e19c4fef2fc_1727611727.jpg?x-oss-process=image/resize,m_lfit,h_800,w_800/quality,q_90
https://dkstatics-public.digikala.com/digikala-products/96980098b793c803bcd8be046504d4e17e419cec_1727611728.jpg?x-oss-process=image/resize,m_lfit,h_800,w_800/quality,q_90
https://dkstatics-public.digikala.com/digikala-products/5ab352dc1370c0b5d9e18383c4e56f5ce85e6a65_1727611728.jpg?x-oss-process=image/resize,m_lfit,h_800,w_800/quality,q_90","","مشکی","ویژگی‌هانوع کاربریورزشی، روزمرهورزشی، روزمرهجنس بندتیتانیومتیتانیومفرم صفحهگردگردمشاهده همه ویژگی‌ها","حلقه هوشمند TCH iRing R10 را می‌توان یکی از جذاب‌ترین گجت‌های هوشمند حال حاضر بازار ایران دانست. حلقه‌های هوشمند به تازگی وارد بازارهای جهانی شده‌اند و برند TCH نیز حلقه هوشمند جذاب و هیجان‌انگیز iRing R10 را روانه بازار کرده است.
این حلقه هوشمند از آلیاژ تیتانیوم ساخته شده و بخش داخلی شیشه‌ای آن به گونه‌ای طراحی شده که تمامی چیپ‌ها و سنسورهای آن قابل مشاهده هستند. همین امر باعث شده تا پوشیدن آن حس استفاده از جدیدترین ترندهای روز دنیای تکنولوژی را به شما بدهد.
حلقه هوشمند i ...","مشخصاتنوع مچ بند هوشمندبدون صفحه نمایش نوع کاربریورزشی روزمره جنس بندتیتانیوم قابلیت تعویض بندندارد فرم صفحهگرد نوع صفحه نمایشندارد حس‌گرهاشمارنده ضربان قلب (Heart Rate) سنجش اکسیژن خون (SPO۲) گام شمار رزولوشن صفحه نمایشندارد ظرفیت باتری۱۵ میلی آمپر ساعت","تی سی اچ"
"1771408640-286","https://www.digikala.com/search/category-wearable-gadget/","ساعت هوشمند پرووان مدل PWS13","۲,۴۹۰,۰۰۰","","","۳.۷","تنها ۳ عدد در انبار باقی مانده","","","","ساعت هوشمند پرووان مدل PWS13تنها ۳ عدد در انبار باقی مانده
۳.۷۲,۴۹۰,۰۰۰","https://www.digikala.com/product/dkp-13756203/%D8%B3%D8%A7%D8%B9%D8%AA-%D9%87%D9%88%D8%B4%D9%85%D9%86%D8%AF-%D9%BE%D8%B1%D9%88%D9%88%D8%A7%D9%86-%D9%85%D8%AF%D9%84-pws13/","۳.۷","۱۱ دیدگاه","عالی","ساعت هوشمند پرووان مدل PWS13","۲,۴۸۹,۰۰۰","","https://dkstatics-public.digikala.com/digikala-products/8de8e7ed62e7cb25eab06644fe9c4a0c5ade859d_1754252236.jpg?x-oss-process=image/resize,m_lfit,h_800,w_800/quality,q_90
https://dkstatics-public.digikala.com/digikala-products/34eb2bc94a552f90139d280d25dc1f52a55de13f_1702720257.jpg?x-oss-process=image/resize,m_lfit,h_800,w_800/quality,q_90
https://dkstatics-public.digikala.com/digikala-products/1f13706e9a29753508c0cff7020676f0b230a21e_1702720258.jpg?x-oss-process=image/resize,m_lfit,h_800,w_800/quality,q_90
https://dkstatics-public.digikala.com/digikala-products/8de8e7ed62e7cb25eab06644fe9c4a0c5ade859d_1754252236.jpg?x-oss-process=image/resize,m_lfit,h_800,w_800/quality,q_90","","مشکینقره ایآبی","ویژگی‌هانوع کاربریورزشی، رسمی، روزمرهورزشی، رسمی، روزمرهفرم صفحهمستطیلمستطیلجنس بندسیلیکونسیلیکونمشاهده همه ویژگی‌ها","گجت‌های هوشمند و به‌خصوص ساعت‌های هوشمند در بین کاربران طرفداران بسیار زیادی دارند و پرووان هم در این زمینه توانسته است عملکرد بسیار خوبی را به‌نمایش بگذارد. PWS13 هم به‌عنوان یکی از جدید‌ترین ساعت های هوشمند این شرکت معرفی شده است که مشخصات فنی قدرتمند و قابلیت‌های بسیار جذابی را با خود به‌همراه دارد. پرووان سعی داشته تا از همان زبان طراحی آشنا و البته کاربر پسند خود برای این ساعت هوشمند استفاده کند. طراحی خمیده‌تر قسمت پشتی این ساعت سبب شده تا به‌خوبی روی پوست دست قرار گیرد ...","مشخصاتمناسب برایآقایان و بانوان توضیحات سازگاریپشتیبانی از سیستم عامل : android ۵.۰+/ iOS۹.۰+ زبان‌های قابل پشتیبانی در اعلان و پیامانگلیسی نوع کاربریورزشی رسمی روزمره قابلیت‌های ساعت هوشمندصفحه نمایش رنگی صفحه نمایش لمسی کنترل سطح اکسیژن خون پشتیبانی از زبان فارسی در منو و سیستم‌عامل ابعاد قاب۴۴x۳۸.۳x۱۱.۳۵ میلی‌مترفرم صفحهمستطیل جنس بدنهسیلیکون توضیحات جنس بدنهآلیاژ روی و سیلیکون  جنس بندسیلیکون نوع قفل بندقفل مخفی توضیحات رنگ بند و بدنهمشکی ، آبی ، رز گلد ، نقره ای  نوع صفحه نمایش اصلی۱.۸۶&amp;#۳۴; full HD IPS screen رزولوشن صفحه نمایش۲۴۰x۲۸۶ پردازندهZK۸۶۱۸C اتصالاتBluetooth نوع باتریباتری بیسیم  ظرفیت باتری۲۰۰ میلی آمپر ساعتقابلیت های ویژهمدت زمان شارژ : ۲-۳ ساعت 
مدت زمان استفاده از ساعت : ۷-۱۵ روز ( حالت استند بای)
نسخه بلوتوث : ۵.۰/۳.۰
اپلیکیشن : Fere Fit 
قابلیت ویژه : Sleep monitor , Heart rate , Blood Oxygen , Multi-sports , etc.
قابلیت ضد آب : IP۶۵","پرووان"
"1771408643-287","https://www.digikala.com/search/category-wearable-gadget/","ساعت هوشمند 2.02 اینچی ویرفیت مدل HK 11 PRO MAX با بند سیلیکونی","۳,۸۳۰,۰۰۰","","","۴.۶","تنها ۲ عدد در انبار باقی مانده","","","","ساعت هوشمند 2.02 اینچی ویرفیت مدل HK 11 PRO MAX با بند سیلیکونیتنها ۲ عدد در انبار باقی مانده
۴.۶۳,۸۳۰,۰۰۰","https://www.digikala.com/product/dkp-20377001/%D8%B3%D8%A7%D8%B9%D8%AA-%D9%87%D9%88%D8%B4%D9%85%D9%86%D8%AF-202-%D8%A7%DB%8C%D9%86%DA%86%DB%8C-%D9%88%DB%8C%D8%B1%D9%81%DB%8C%D8%AA-%D9%85%D8%AF%D9%84-hk-11-pro-max-%D8%A8%D8%A7-%D8%A8%D9%86%D8%AF-%D8%B3%DB%8C%D9%84%DB%8C%DA%A9%D9%88%D9%86%DB%8C/","۴.۶","۱۶ دیدگاه","عالی","ساعت هوشمند 2.02 اینچی ویرفیت مدل HK 11 PRO MAX با بند سیلیکونی","۳,۶۰۰,۰۰۰","۱۰۰%","https://dkstatics-public.digikala.com/digikala-products/e3948f01e7eb98e2ea5a484bc806432da20a040a_1757262070.jpg?x-oss-process=image/resize,m_lfit,h_800,w_800/quality,q_90
https://dkstatics-public.digikala.com/digikala-products/5893830262ff8f61879b16d85a8c8b6a92f5844d_1757262075.jpg?x-oss-process=image/resize,m_lfit,h_800,w_800/quality,q_90
https://dkstatics-public.digikala.com/digikala-products/37ad952f5ffe232ad627d83f5056dba69e58515c_1757262078.jpg?x-oss-process=image/resize,m_lfit,h_800,w_800/quality,q_90
https://dkstatics-public.digikala.com/digikala-products/e3948f01e7eb98e2ea5a484bc806432da20a040a_1757262070.jpg?x-oss-process=image/resize,m_lfit,h_800,w_800/quality,q_90","","مشکینقره ایتیتانیومی","ویژگی‌هانوع کاربریورزشی، رسمی، روزمرهورزشی، رسمی، روزمرهفرم صفحهمستطیلمستطیلجنس بندسیلیکونسیلیکونمشاهده همه ویژگی‌ها","ساعت هوشمند HK11 Pro Max با طراحی مستطیلی و قاب 46 میلی‌متری از جنس آلیاژ Kirsite با پوشش IML در رنگ‌های مشکی و نقره‌ای عرضه شده و با بند سیلیکونی و اوشن، صفحه‌نمایش 2.02 اینچی AMOLED با رزولوشن 485×520 پیکسل و قابلیت Always On Display را ارائه می‌دهد؛ این ساعت با سیستم‌عامل‌های اندروید و iOS از طریق اپلیکیشن WearFit Pro سازگار بوده و با پردازنده دو هسته‌ای SF32LB525، بلوتوث نسخه 5.3، حافظه داخلی برای ذخیره موسیقی و داده‌ها، میکروفون و اسپیکر داخلی، شارژ بی‌سیم و باتری 260 می ...","مشخصاتمناسب برایکاربری عمومی سازگار با سیستم عاملAndroid iOS توضیحات سازگاریاندرویید و آیفون نوع کاربریورزشی رسمی روزمره قابلیت‌های ساعت هوشمندکنترل موسیقی (Music Player) قابلیت مکالمه از طریق بلوتوث پشتیبانی از زبان فارسی در منو و سیستم‌عامل قابلیت تغییر طرح ساعت یا تم صفحه همیشه روشن (Always-on Display) قابلیت نصب اپلیکیشن پشتیبانی از دستیار صوتی سایز قاب ساعت هوشمند۴۶ میلی‌متر فرم صفحهمستطیل قابلیت‌های مقاومتیمقاوم در برابر خط و خش مقاوم در برابر نفوذ آب جنس بدنهآلومینیوم قابلیت تعویض بنددارد جنس بندسیلیکون نوع قفل بندسگکی ساده اندازه صفحه نمایش۲.۰۲ اینچحسگرهای حرکتی و محیطیگام‌شمار (Pedometer) پشتیبانی از فرمان‌های حرکتی فشار سنج (Barometer) ارتفاع سنج (Altimeter) سنسورهای ورزشی و سلامتیشمارنده ضربان قلب سنجش اکسیژن خون سنجش سطح استرس سنجش کیفیت خواب اندازه‌گیری فشار خون نحوه شارژ ساعت هوشمندشارژ بی‌سیم","ویرفیت"
"1771408645-288","https://www.digikala.com/search/category-wearable-gadget/","ساعت هوشمند هاینو تکو مدل T92 Ultra max","۱,۷۲۰,۰۰۰","","","۳.۷","&nbsp;","","https://dkstatics-public.digikala.com/digikala-products/bbffbc02aece3b3a29c0559aab61b271296f637c_1754250654.jpg?x-oss-process=image/resize,m_lfit,h_300,w_300/quality,q_80","","ساعت هوشمند هاینو تکو مدل T92 Ultra max &nbsp;
۳.۷۱,۷۲۰,۰۰۰","https://www.digikala.com/product/dkp-10259561/%D8%B3%D8%A7%D8%B9%D8%AA-%D9%87%D9%88%D8%B4%D9%85%D9%86%D8%AF-%D9%87%D8%A7%DB%8C%D9%86%D9%88-%D8%AA%DA%A9%D9%88-%D9%85%D8%AF%D9%84-t92-ultra-max/","۳.۷","۴۲ دیدگاه","خیلی ضعیف","ساعت هوشمند هاینو تکو مدل T92 Ultra max","۱,۷۲۰,۰۰۰","۸۳.۴%","https://dkstatics-public.digikala.com/digikala-products/bbffbc02aece3b3a29c0559aab61b271296f637c_1754250654.jpg?x-oss-process=image/resize,m_lfit,h_800,w_800/quality,q_90
https://dkstatics-public.digikala.com/digikala-products/41254b3a5b3dfcb4d8179c6cb037eca5e63d976f_1671962835.jpg?x-oss-process=image/resize,m_lfit,h_800,w_800/quality,q_90
https://dkstatics-public.digikala.com/digikala-products/0bfc2c07d1b8b4927e10b9e2b5e52e311a4045c9_1671962920.jpg?x-oss-process=image/resize,m_lfit,h_800,w_800/quality,q_90
https://dkstatics-public.digikala.com/digikala-products/bbffbc02aece3b3a29c0559aab61b271296f637c_1754250654.jpg?x-oss-process=image/resize,m_lfit,h_800,w_800/quality,q_90","","طلایی","ویژگی‌هانوع کاربریرسمی، روزمره، ورزشیرسمی، روزمره، ورزشیفرم صفحهمستطیلمستطیلجنس بندسیلیکونسیلیکونمشاهده همه ویژگی‌ها","این محصول جدیدترین ساعت هوشمند شرکت haino teko است. این ساعت دارای صفحه نمایش OLED سایز 49 است. شارژر این ساعت از نوع وایرلس می باشد. این ساعت دارای دارای 2 بند (Ocean band مشکی Alpine loop نارنجی ) می باشد. این ساعت با گوشی های اندروید 4.4 به بالا و IOS ورژن 9 به بالا سازگار است. GPS ساعت فعال می باشد. سه دکمه فعال این ساعت هم از ویژگی های مثبت آن است. سه دکمه مجیک باتن، دکمه پاور و اکشن پاور در این ساعت فعال هستند. این ساعت دارای استاندارد ضدآب ip67 است. 3 مدل منوی جدید در  ...","مشخصاتمناسب برایآقایان و بانوان توضیحات سازگاریاین ساعت با گوشی های اندروید ۴.۴ به بالا و IOS ورژن ۹ به بالا سازگار است. زبان‌های قابل پشتیبانی در اعلان و پیامانگلیسی فارسی نوع کاربریرسمی روزمره ورزشی قابلیت‌های ساعت هوشمندقابلیت مکالمه از طریق بلوتوث ابعاد قاب۱۰.۸x۳۸x۴۵ میلی‌مترضخامت قاب۴۹ میلی‌متروزن۴۸ گرمفرم صفحهمستطیل جنس شیشهمعدنی جنس بدنهآلومینیوم قابلیت تعویض بنددارد جنس بندسیلیکون نوع قفل بندپین‌بند توضیحات رنگ بند و بدنهرنگ بدنه طلایی کم رنگ مات (تیتانیوم) دارای ۲ بند (Ocean band مشکی Alpine loop نارنجی )
 نوع صفحه نمایش اصلیOLED اندازه صفحه نمایش۲ اینچ اینچپردازندهپردازنده RTK۸۷۶۲D توضیحات دوربینندارد ظرفیت باتری۳۰۰ میلی آمپر ساعتقابلیت های ویژهدارای داری پیچ ضامن پشت ساعت و دارای پیچ های قاب پشت اقلام همراهدو بند به همراه شارژر","هاینو تکو"
"1771408647-289","https://www.digikala.com/search/category-wearable-gadget/","ساعت هوشمند 44 میلی متری کیکویر مدل kw 30 max با بند سیلیکونی","۷۶۸,۹۳۰","","","۴.۲","تنها ۱ عدد در انبار باقی مانده","","https://dkstatics-public.digikala.com/digikala-products/7c5873984c1c7ee813412f15e4761070aaaab1fe_1748880603.jpg?x-oss-process=image/resize,m_lfit,h_300,w_300/quality,q_80","","ساعت هوشمند 44 میلی متری کیکویر مدل kw 30 max با بند سیلیکونیتنها ۱ عدد در انبار باقی مانده
۴.۲۷۶۸,۹۳۰","https://www.digikala.com/product/dkp-19405272/%D8%B3%D8%A7%D8%B9%D8%AA-%D9%87%D9%88%D8%B4%D9%85%D9%86%D8%AF-44-%D9%85%DB%8C%D9%84%DB%8C-%D9%85%D8%AA%D8%B1%DB%8C-%DA%A9%DB%8C%DA%A9%D9%88%DB%8C%D8%B1-%D9%85%D8%AF%D9%84-kw-30-max-%D8%A8%D8%A7-%D8%A8%D9%86%D8%AF-%D8%B3%DB%8C%D9%84%DB%8C%DA%A9%D9%88%D9%86%DB%8C/","۴.۲","۸ دیدگاه","خوب","ساعت هوشمند 44 میلی متری کیکویر مدل kw 30 max با بند سیلیکونی","۷۶۸,۹۳۰","","https://dkstatics-public.digikala.com/digikala-products/7c5873984c1c7ee813412f15e4761070aaaab1fe_1748880603.jpg?x-oss-process=image/resize,m_lfit,h_800,w_800/quality,q_90
https://dkstatics-public.digikala.com/digikala-products/23bb968d7361954e50c4c129d0c7724d262f6f40_1748880490.jpg?x-oss-process=image/resize,m_lfit,h_800,w_800/quality,q_90
https://dkstatics-public.digikala.com/digikala-products/f3e3de1ada336c8bd9320c1b79b8d95e66a30fc4_1748880490.jpg?x-oss-process=image/resize,m_lfit,h_800,w_800/quality,q_90","","مشکیطلایی","ویژگی‌هانوع کاربریروزمرهروزمرهفرم صفحهبیضیبیضیجنس بندسیلیکونسیلیکونمشاهده همه ویژگی‌ها","این محصول بروزترین ساعت هوشمند ساخت شرکت keqiwear میباشد که امکاناتی بالاتر از قیمت خود داشته و به همین سبب بسیار پر فروش شده است با اینکه مدت زیادی نیست که عرضه شده،از جمله امکاناتی که میتوان به آن اشاره کرد کیفیت تصویر LED,صفحه نمایش همواره روشن،سنسور ژیروسکوپ(که باعث میشود با بالا آمدن دست صفحه نمایش روشن شود)،امکان تعیین تصویر زمینه‌ی دلخواه،قابلیت نقطه اعلانات،پردازنده دو هسته‌ای،پخش موسیقی،قابلیت مکالمه،زبان فارسی،شتاب سنج،اندازه‌گیری ضربان قلب،فشار سنج،گام شمار،نوار قل ...","مشخصاتمناسب برایکاربری عمومی سازگار با سیستم عاملAndroid iOS توضیحات سازگاریقابل اتصال به تمامی برند های موبایل موجود در بازار نوع کاربریروزمره قابلیت‌های ساعت هوشمندکنترل موسیقی (Music Player) قابلیت مکالمه از طریق بلوتوث پشتیبانی از زبان فارسی در منو و سیستم‌عامل قابلیت تغییر طرح ساعت یا تم صفحه همیشه روشن (Always-on Display) قابلیت نصب اپلیکیشن سایز قاب ساعت هوشمند۴۴ میلی‌متر فرم صفحهبیضی قابلیت‌های مقاومتیبدون قابلیت مقاومتی جنس بدنهآلومینیوم قابلیت تعویض بنددارد جنس بندسیلیکون نوع قفل بندسگکی ساده اندازه صفحه نمایش۲ اینچحسگرهای حرکتی و محیطیشتاب سنج (Accelerometer) ژیروسکوپ (Gyroscope) گام‌شمار (Pedometer) سنسورهای ورزشی و سلامتیشمارنده ضربان قلب سنجش کیفیت خواب نحوه شارژ ساعت هوشمندکابل مغناطیسی","کیکویر"
"1771408649-290","https://www.digikala.com/search/category-wearable-gadget/","ساعت هوشمند مدل D20","۱۹۹,۰۰۰","۲۹۹,۰۰۰","۳۳٪","۲.۹","&nbsp;","","","","ساعت هوشمند مدل D20&nbsp;
۲.۹۳۳٪۱۹۹,۰۰۰۲۹۹,۰۰۰","https://www.digikala.com/product/dkp-3352490/%D8%B3%D8%A7%D8%B9%D8%AA-%D9%87%D9%88%D8%B4%D9%85%D9%86%D8%AF-%D9%85%D8%AF%D9%84-d20/","۲.۹","۸۴ دیدگاه","عالی","ساعت هوشمند مدل D20","۲۹۹,۰۰۰","۹۰%","https://dkstatics-public.digikala.com/digikala-products/76015f111e0b2ed51b38ea883babeab964e5103d_1657010516.jpg?x-oss-process=image/resize,m_lfit,h_800,w_800/quality,q_90
https://dkstatics-public.digikala.com/digikala-products/0d4d3e8738951797b2d11f4b9dbf406da8c0c13d_1599400681.jpg?x-oss-process=image/resize,m_lfit,h_800,w_800/quality,q_90
https://dkstatics-public.digikala.com/digikala-products/e7d3c0a9cb2d942d022f2e2306de12a4f194ef5c_1599400688.jpg?x-oss-process=image/resize,m_lfit,h_800,w_800/quality,q_90
https://dkstatics-public.digikala.com/digikala-products/76015f111e0b2ed51b38ea883babeab964e5103d_1657010516.jpg?x-oss-process=image/resize,m_lfit,h_800,w_800/quality,q_90","","مشکی","ویژگی‌هانوع کاربریرسمی، روزمرهرسمی، روزمرهفرم صفحهمربعمربعجنس بندسیلیکونسیلیکونمشاهده همه ویژگی‌ها","ساعت هوشمند یا Smartwatchساعت های مچی کامپیوتری هستند که علاوه بر نمایش زمان ،قابلیت انجام و پردازش برخی چیزهای دیگر را نیز دارد.می توانید از این ساعت ها برای مکالمه استفاده کنید. با برخی از آن ها عکس بگیرید. این ساعت ها می توانند با دنبال کردن حرکات شما وضعیت سلامتی و میزان کالری دریافتی و مصرف شده شما را تجزیه و تحلیل کنند. این ها تنها نمونه ای از کارکردهای ساعت های هوشمند هستند اما در کنار این کاربردها باید به چند نکته توجه داشته باشید.","مشخصاتمناسب برایآقایان و بانوان توضیحات سازگاریسازگار با سیستم عامل های Android و iOS‏  نوع کاربریرسمی روزمره قابلیت‌های ساعت هوشمندامکان ریجستر شدن سیم‌کارت وزن۶۰ گرمفرم صفحهمربع جنس شیشهمعدنی جنس بدنهفلز جنس بندسیلیکون نوع قفل بندپین‌بند نوع صفحه نمایش اصلیTFT HIGH DEFINITION رزولوشن صفحه نمایش۲۲۵ تراکم پیکسلی صفحه نمایش۲۲۵x۲۲۵ پیکسل بر اینچاتصالاتBluetooth نوع باتریپلیمری ظرفیت باتری۳۸۰ میلی آمپر ساعت","متفرقه"
"1771408651-291","https://www.digikala.com/search/category-wearable-gadget/","مچ بند هوشمند شیائومی مدل Smart Band 9 - گلوبال","۶,۱۹۹,۰۰۰","","","۴.۶","تنها ۱ عدد در انبار باقی مانده","","","","مچ بند هوشمند شیائومی مدل Smart Band 9 - گلوبالتنها ۱ عدد در انبار باقی مانده
۴.۶۶,۱۹۹,۰۰۰","https://www.digikala.com/product/dkp-16653068/%D9%85%DA%86-%D8%A8%D9%86%D8%AF-%D9%87%D9%88%D8%B4%D9%85%D9%86%D8%AF-%D8%B4%DB%8C%D8%A7%D8%A6%D9%88%D9%85%DB%8C-%D9%85%D8%AF%D9%84-smart-band-9-%DA%AF%D9%84%D9%88%D8%A8%D8%A7%D9%84/","۴.۶","۱۲۵۹ دیدگاه","عالی","مچ بند هوشمند شیائومی مدل Smart Band 9 - گلوبال","۶,۱۹۹,۰۰۰","۹۲%","https://dkstatics-public.digikala.com/digikala-products/15b47bd479001283711b0686538e1d4fb1ecf47e_1725719205.jpg?x-oss-process=image/resize,m_lfit,h_800,w_800/quality,q_90
https://dkstatics-public.digikala.com/digikala-products/15b47bd479001283711b0686538e1d4fb1ecf47e_1725719205.jpg?x-oss-process=image/resize,m_lfit,h_800,w_800/quality,q_90
https://dkstatics-public.digikala.com/digikala-products/f8f4ec2d0c8cbcad76d42fe6c52db1f89c58cc9d_1725719206.jpg?x-oss-process=image/resize,m_lfit,h_800,w_800/quality,q_90
https://dkstatics-public.digikala.com/digikala-products/ebe49ee6b4a436904b938eb9092e0554d83a2079_1725719206.jpg?x-oss-process=image/resize,m_lfit,h_800,w_800/quality,q_90
https://dkstatics-public.digikala.com/digikala-products/15b47bd479001283711b0686538e1d4fb1ecf47e_1725719205.jpg?x-oss-process=image/resize,m_lfit,h_800,w_800/quality,q_90","","صورتیمشکینقره ای","ویژگی‌هانوع کاربریورزشی، روزمرهورزشی، روزمرهجنس بندسیلیکونسیلیکونفرم صفحهبیضیبیضیمشاهده همه ویژگی‌ها","","مشخصاتنوع مچ بند هوشمنددارای صفحه نمایش نوع کاربریورزشی روزمره زبان‌های قابل پشتیبانی در اعلان و پیامفارسی انگلیسی قابلیت‌های مقاومتیمقاوم در برابر نفوذ آب مقاوم در برابر نفوذ گرد و غبار جنس بندسیلیکون قابلیت تعویض بنددارد فرم صفحهبیضی نوع صفحه نمایشAMOLED اندازه صفحه نمایش بر اساس اینچ۱.۶۲ اینچتراکم پیکسلی صفحه نمایش۳۲۵ پیکسل بر اینچاتصالاتBluetooth ابعاد۴۶.۵x۲۱.۶x۱۰.۹۵ اقلام همراهشارژر مغناطیسی  حس‌گرهاشتاب‌سنج (Accelerometer) شمارنده ضربان قلب (Heart Rate) سنجش اکسیژن خون (SPO۲) ژیروسکوپ (Gyro) گام شمار رزولوشن صفحه نمایش۴۹۰x۱۹۲  ظرفیت باتری۲۳۳ میلی آمپر ساعتسایر ویژگی‌هاقابلیت نمایش پیام‌های متنی / قابلیت شخصی سازی واچ فیس‌ها / امکان نمایش وضعیت آب و هوا / امکان کنترل موسیقی /  مدت زمان شارژ شدن۱ ساعت (در شرایط ایده‌آل)","شیائومی"
"1771408654-292","https://www.digikala.com/search/category-wearable-gadget/","ساعت هوشمند مدل watch ultra دارای قابلیت های صفحه نمایش رنگی، صفحه نمایش لمسی، کنترل موسیقی (Music Player)، کنترل سطح اکسیژن خون، قابلیت مکالمه از طریق بلوتوث بند فلز","۸۹۱,۰۰۰","","","۲.۱","&nbsp;","","","","ساعت هوشمند مدل watch ultra دارای قابلیت های صفحه نمایش رنگی، صفحه نمایش لمسی، کنترل موسیقی (Music Player)، کنترل سطح اکسیژن خون، قابلیت مکالمه از طریق بلوتوث بند فلز&nbsp;
۲.۱۸۹۱,۰۰۰","https://www.digikala.com/product/dkp-10310509/%D8%B3%D8%A7%D8%B9%D8%AA-%D9%87%D9%88%D8%B4%D9%85%D9%86%D8%AF-%D9%85%D8%AF%D9%84-watch-ultra-%D8%AF%D8%A7%D8%B1%D8%A7%DB%8C-%D9%82%D8%A7%D8%A8%D9%84%DB%8C%D8%AA-%D9%87%D8%A7%DB%8C-%D8%B5%D9%81%D8%AD%D9%87-%D9%86%D9%85%D8%A7%DB%8C%D8%B4-%D8%B1%D9%86%DA%AF%DB%8C-%D8%B5%D9%81%D8%AD%D9%87-%D9%86%D9%85%D8%A7%DB%8C%D8%B4-%D9%84%D9%85%D8%B3%DB%8C-%DA%A9%D9%86%D8%AA%D8%B1%D9%84-%D9%85%D9%88%D8%B3%DB%8C%D9%82%DB%8C-music-player-%DA%A9%D9%86%D8%AA%D8%B1%D9%84-%D8%B3%D8%B7%D8%AD-%D8%A7%DA%A9%D8%B3%DB%8C%DA%98%D9%86-%D8%AE%D9%88%D9%86-%D9%82%D8%A7%D8%A8%D9%84%DB%8C%D8%AA-%D9%85%DA%A9%D8%A7%D9%84%D9%85%D9%87-%D8%A7%D8%B2-%D8%B7%D8%B1%DB%8C%D9%82-%D8%A8%D9%84%D9%88%D8%AA%D9%88%D8%AB-%D8%A8%D9%86%D8%AF-%D9%81%D9%84%D8%B2/","۲.۱","۱۵ دیدگاه","خوب","ساعت هوشمند مدل watch ultra دارای قابلیت های صفحه نمایش رنگی، صفحه نمایش لمسی، کنترل موسیقی (Music Player)، کنترل سطح اکسیژن خون، قابلیت مکالمه از طریق بلوتوث بند فلز","۷۸۳,۳۰۰","","https://dkstatics-public.digikala.com/digikala-products/dab0cbf2ae4d8f8ba81856268c49390a1d804379_1738669191.jpg?x-oss-process=image/resize,m_lfit,h_800,w_800/quality,q_90
https://dkstatics-public.digikala.com/digikala-products/16383348e54437a0095cd9f821f815bdaafe9fa7_1737886478.jpg?x-oss-process=image/resize,m_lfit,h_800,w_800/quality,q_90
https://dkstatics-public.digikala.com/digikala-products/e9ef22ba6e452193e6eba66d4c9762dd01e6168f_1672482566.jpg?x-oss-process=image/resize,m_lfit,h_800,w_800/quality,q_90
https://dkstatics-public.digikala.com/digikala-products/dab0cbf2ae4d8f8ba81856268c49390a1d804379_1738669191.jpg?x-oss-process=image/resize,m_lfit,h_800,w_800/quality,q_90","","نارنجینقره ایمشکیبژ","ویژگی‌هانوع کاربریورزشی، روزمرهورزشی، روزمرهفرم صفحهمستطیلمستطیلجنس بندفلزفلزمشاهده همه ویژگی‌ها","ساعت هوشمند مدل X8 Ultra , های کپی دقیق از روی مدل اپل واچ سری 8 اولترا سایز 49 میلیمتر ( جدید ترین و قوی ترین ساعت اپل ) است ، این ساعت دقیقاً بر اساس اپل واچ اولترا ساخته شده و نسبت به قیمت خود از امکانات خیلی فراوانی برخوردار هست یکی از نقاط قوت این ساعت هوشمند صفحه نمایش بزرگ ، با کیفیت و وضوحی بی نظیر ، روشنایی خیلی زیاد نمایشگر که باعث جذابیت آن شده و در زیر نور خورشید هم میتوان به راحتی با آن کار کرد و حالت همیشه روشن صفحه نمایش است ، همچنین این ساعت دارای میکروفون و ا ...","مشخصاتمناسب برایآقایان و بانوان توضیحات سازگاریسازگاری با تمام موبایل های هوشمند  نوع کاربریورزشی روزمره قابلیت‌های ساعت هوشمندصفحه نمایش رنگی صفحه نمایش لمسی کنترل موسیقی (Music Player) کنترل سطح اکسیژن خون قابلیت مکالمه از طریق بلوتوث فرم صفحهمستطیل جنس بدنهفولاد ضدزنگ قابلیت تعویض بنددارد جنس بندفلز نوع قفل بندسگکی قلاب‌دار توضیحات رنگ بند و بدنهبدنه استیل ضد زنگ با کیفیت بالا اندازه صفحه نمایش۴۹ اینچ","متفرقه"
"1771408656-293","https://www.digikala.com/search/category-wearable-gadget/","ساعت هوشمند ورنا مدل W46 MAX به همراه هندزفری   ایرپاد","۲,۲۰۰,۰۰۰","۲,۸۹۰,۰۰۰","۲۴٪","۳.۶","ارسال فروشنده","","","","ساعت هوشمند ورنا مدل W46 MAX به همراه هندزفری   ایرپادارسال فروشنده
۳.۶۲۴٪۲,۲۰۰,۰۰۰۲,۸۹۰,۰۰۰","https://www.digikala.com/product/dkp-17995355/%D8%B3%D8%A7%D8%B9%D8%AA-%D9%87%D9%88%D8%B4%D9%85%D9%86%D8%AF-%D9%88%D8%B1%D9%86%D8%A7-%D9%85%D8%AF%D9%84-w46-max-%D8%A8%D9%87-%D9%87%D9%85%D8%B1%D8%A7%D9%87-%D9%87%D9%86%D8%AF%D8%B2%D9%81%D8%B1%DB%8C-%D8%A7%DB%8C%D8%B1%D9%BE%D8%A7%D8%AF/","۳.۶","۱۰ دیدگاه","عالی","ساعت هوشمند ورنا مدل W46 MAX به همراه هندزفری   ایرپاد","۲,۸۹۰,۰۰۰","","https://dkstatics-public.digikala.com/digikala-products/92fb82e7e16d3606647bb3d029e3f7153a30eb0a_1754239334.jpg?x-oss-process=image/resize,m_lfit,h_800,w_800/quality,q_90
https://dkstatics-public.digikala.com/digikala-products/97ecea651cb4061cd22b1a91c6a80e5d9d837c05_1737263768.jpg?x-oss-process=image/resize,m_lfit,h_800,w_800/quality,q_90
https://dkstatics-public.digikala.com/digikala-products/0c92db409f58f1cb97427e7152330bd765aef23e_1737263770.jpg?x-oss-process=image/resize,m_lfit,h_800,w_800/quality,q_90
https://dkstatics-public.digikala.com/digikala-products/92fb82e7e16d3606647bb3d029e3f7153a30eb0a_1754239334.jpg?x-oss-process=image/resize,m_lfit,h_800,w_800/quality,q_90","","طلایی براقمشکیطلایینقره ایخاکستریمشکی براق","ویژگی‌هانوع کاربریورزشی، رسمی، روزمرهورزشی، رسمی، روزمرهفرم صفحهمستطیلمستطیلجنس بندسیلیکونسیلیکونمشاهده همه ویژگی‌ها","این روزها هندزفری و ساعت هوشمند به یکی از پرطرفدارترین اقلام تبدیل شدند، شرکت ورنا با کنار هم قرار دادن این دو کالای محبوب، سعی کرده تا نیاز این دسته از مشتریان رو تا حدی پاسخ بده و ضمنا با ارائه یه پکیج منحصر به فرد، مشکل انتخاب یک هدیه جذاب را برای شما حل کند. همانطور که میدانید، ساعت هوشمند و هندزفری‌ها خیلی متنوع هستن، برای همین شرکت ورنا پکهای مختلفی رو ارائه داده و برای راحتی مشتری، اسم مدل، آسون انتخاب شده تا دقیقا گویای محتویات داخل پک باشد. این مدل اسمش هست W46 Max ب ...","مشخصاتمناسب برایآقایان و بانوان سازگار با سیستم عاملAndroid iOS توضیحات سازگاریسازگار با اندروید و IOS زبان‌های قابل پشتیبانی در اعلان و پیامفارسی انگلیسی هشدار هایک راهنمایی صادقانه در مورد ساعت طرح اپل یا متفرقه: در نظر داشته باشید، با توجه به قیمت و اینکه این محصول نمونه های-کپی از ساعتهای اصلی مانند اپل یا سامسونگ میباشد، دقت برخی سنسورها (مانند قدم شمار) کمی با خطا همراه است و طبق تست انجام گرفته، الباقی سنسورها مانند فشار یا اکسیژن خون نیز مقادیر درستی نشان نمیدهد و بیشتر جنبه تزئینی دارند. لذا در صورتی که این موارد برای شما مهم است، میبایست حتما ساعت اورجینال و برند اصلی تهیه کنید. چون تقریبا تمام مدلهای های-کپی، در دقت سنسورها، دارای ضعف بوده و اختلاف قیمت آنها بیشتر مربوط به اپلیکیشن یا برنامه ای که به موبایل متصل میشود، کیفیت صفحه نمایش، میزان نگهداری باتری و مواردی از این دست میباشد. پس اولا فریب تبلیغات مختلف در مورد کارکرد سنسورها در این مدل‌ها و در این رنج قیمت را نخورید، ثانیا لطفا توجه داشته باشید، عدم دقت احتمالی سنسورها، به معنی ایراد دستگاه یا غیر اصل بودن آن نیست. پس حتما این موضوع را در خرید خود در نظر بگیرید. ضمنا در جا زدن بند ساعت به هنگام تعویض بند، دقت لازم را داشته باشید (فقط به صورت کشویی جا میرود).  نوع کاربریورزشی رسمی روزمره قابلیت‌های ساعت هوشمندکنترل موسیقی (Music Player) قابلیت مکالمه از طریق بلوتوث پشتیبانی از زبان فارسی در منو و سیستم‌عامل قابلیت تغییر طرح ساعت یا تم سایز قاب ساعت هوشمند۴۵ میلی‌متر وزن۵۰ گرمفرم صفحهمستطیل قابلیت‌های مقاومتیمقاوم در برابر خط و خش جنس بدنهفلز قابلیت تعویض بنددارد توضیحات جنس بدنهفلزی بسیار با کیفیت که کاملا حس مدل اصلی را القا میکند. (عکس اول عکس طراحی شده است اما بیشتر عکسهای آلبوم واقعیست) ضمنا هرچند این مدل کپی مدل ۴۶ میلیمتر اپل ساخته شده است، اما سایز بدنه (طول بیرونی فریم) دقیقا ۴۶ میلیمتر نیست و ممکن است کمی کمتر یا بیشتر باشد. جنس بندسیلیکون نوع قفل بندسگکی ساده توضیحات رنگ بند و بدنهساعت: فریم فلزی و یک بند سیلیونی همرنگ + بند سیلیکونی هدیه (رنگ این بند به صورت رندوم ارسال میشود)
هندزفری: دقیقا مشابه جنس ایرپاد اپل سفید اندازه صفحه نمایش۱.۸ اینچ اینچحسگرهای حرکتی و محیطیژیروسکوپ (Gyroscope) سنسورهای ورزشی و سلامتیتشخیص حرکات دست سیستم عاملبدون سیستم عامل توضیحات دوربیندوربین ندارد اتصالاتBluetooth نحوه شارژ ساعت هوشمندشارژ بی‌سیم مدت زمان شارژ شدنبستگی به توان کلگی شارژر دارد ولی معمولا ۲ الی ۴ ساعت اقلام همراهکابل شارژ وایرلس برای ساعت، کابل شارژ لایتنینگ برای هندزفری، بند سیلیکونی هدیه (رنگ این بند به صورت رندوم ارسال میشود)، کارت راهنمای فارسی","ورنا"
"1771408658-294","https://www.digikala.com/search/category-wearable-gadget/","ساعت هوشمند 2.19 اینچی مدل ZT-MAX30 با بند سیلیکونی","۱,۲۵۰,۰۰۰","۱,۷۹۸,۰۰۰","۳۰٪","","تنها ۱ عدد در انبار باقی مانده","","","","ساعت هوشمند 2.19 اینچی مدل ZT-MAX30 با بند سیلیکونیتنها ۱ عدد در انبار باقی مانده
۳۰٪۱,۲۵۰,۰۰۰۱,۷۹۸,۰۰۰","https://www.digikala.com/product/dkp-20787400/%D8%B3%D8%A7%D8%B9%D8%AA-%D9%87%D9%88%D8%B4%D9%85%D9%86%D8%AF-219-%D8%A7%DB%8C%D9%86%DA%86%DB%8C-%D9%85%D8%AF%D9%84-zt-max30-%D8%A8%D8%A7-%D8%A8%D9%86%D8%AF-%D8%B3%DB%8C%D9%84%DB%8C%DA%A9%D9%88%D9%86%DB%8C/","","۱ دیدگاه","عالی","ساعت هوشمند 2.19 اینچی مدل ZT-MAX30 با بند سیلیکونی","۱,۷۹۸,۰۰۰","","https://dkstatics-public.digikala.com/digikala-products/9a1c39dcaf73f431a2eaa92eb12d086a16c2ffe8_1761752481.jpg?x-oss-process=image/resize,m_lfit,h_800,w_800/quality,q_90
https://dkstatics-public.digikala.com/digikala-products/4dcc4042cd7c95597b2488ea0af9b835f4695b43_1761752435.jpg?x-oss-process=image/resize,m_lfit,h_800,w_800/quality,q_90
https://dkstatics-public.digikala.com/digikala-products/a3825cca392c949a0385cd15f599619796163125_1761752447.jpg?x-oss-process=image/resize,m_lfit,h_800,w_800/quality,q_90
https://dkstatics-public.digikala.com/digikala-products/9a1c39dcaf73f431a2eaa92eb12d086a16c2ffe8_1761752481.jpg?x-oss-process=image/resize,m_lfit,h_800,w_800/quality,q_90","","مشکیطلاییسفید","ویژگی‌هانوع کاربریورزشی، رسمی، روزمرهورزشی، رسمی، روزمرهفرم صفحهمربعمربعجنس بندسیلیکونسیلیکونمشاهده همه ویژگی‌ها","ساعت هوشمند(اسمارت واچ) ZT-MAX30 با سایز صفحه  ۴۹ میلیمتری دارای شارژر وایرلس و 2 بند سیلیکونی با کیفیت است و از صفحه نمایش AMOLED بهره میبرد. حالت های مختلف ورزشی, ژیروسکوپ, سنجش اکسیژن خون, شمارشگر ضربان قلب, کرنومتر, گام شمارش روی این ساعت تعبیه شده است. 
ساعت هوشمند ZT-MAX30 قابلیت اتصال به برنامه های اختصاصی اندروید و IOS را دارد و از طریق بلوتوث میتوانید اطلاعات سلامت خود را روی گوشی چک نمایید و همچنین برخی قسمتهای گوشی خود  مانند دوربین عکاسی، برقراری تماس و یا کنترل م ...","مشخصاتمناسب برایکاربری عمومی سازگار با سیستم عاملAndroid iOS توضیحات سازگاریاندروید و IOS نوع کاربریورزشی رسمی روزمره قابلیت‌های ساعت هوشمندکنترل موسیقی (Music Player) قابلیت مکالمه از طریق بلوتوث پشتیبانی از زبان فارسی در منو و سیستم‌عامل قابلیت تغییر طرح ساعت یا تم صفحه همیشه روشن (Always-on Display) پشتیبانی از دستیار صوتی سایز قاب ساعت هوشمند۴۹ میلی‌متر فرم صفحهمربع قابلیت‌های مقاومتیمقاوم در برابر خط و خش مقاوم در برابر ضربه مقاوم در برابر نفوذ آب مقاوم در برابر نفوذ گرد و غبار مقاوم در برابر سرما مقاوم در برابر گرما مقاومت در برابر پاشش آب و گرد و غبار مقاوم در برابر لرزش جنس بدنهآلومینیوم قابلیت تعویض بنددارد جنس بندسیلیکون نوع قفل بندسگکی ساده اندازه صفحه نمایش۲.۱۹ اینچحسگرهای حرکتی و محیطیشتاب سنج (Accelerometer) ژیروسکوپ (Gyroscope) تشخیص نور محیط فشار سنج (Barometer) رطوبت سنج (Hygrometer) دماسنج (Thermometer) ارتفاع سنج (Altimeter) گام‌شمار (Pedometer) سنسورهای ورزشی و سلامتیشمارنده ضربان قلب سنجش دمای بدن سنجش اکسیژن خون تشخیص حرکات دست اندازه‌گیری فشار خون نحوه شارژ ساعت هوشمندکابل مغناطیسی اقلام همراهدارای ۲ بند سیلیکونی 
شارژر وایرلسی
دفترچه راهنما","متفرقه"
"1771408666-295","https://www.digikala.com/search/category-wearable-gadget/","ساعت هوشمند 43 میلی متری امیزفیت مدل Active 2 Square با بند چرمی","۱۹,۲۰۰,۰۰۰","","","","تنها ۳ عدد در انبار باقی مانده","","","","ساعت هوشمند 43 میلی متری امیزفیت مدل Active 2 Square با بند چرمیتنها ۳ عدد در انبار باقی مانده
۱۹,۲۰۰,۰۰۰","https://www.digikala.com/product/dkp-20592289/%D8%B3%D8%A7%D8%B9%D8%AA-%D9%87%D9%88%D8%B4%D9%85%D9%86%D8%AF-43-%D9%85%DB%8C%D9%84%DB%8C-%D9%85%D8%AA%D8%B1%DB%8C-%D8%A7%D9%85%DB%8C%D8%B2%D9%81%DB%8C%D8%AA-%D9%85%D8%AF%D9%84-active-2-square-%D8%A8%D8%A7-%D8%A8%D9%86%D8%AF-%DA%86%D8%B1%D9%85%DB%8C/","","","خیلی خوب","ساعت هوشمند 43 میلی متری امیزفیت مدل Active 2 Square با بند چرمی","۱۹,۲۰۰,۰۰۰","","https://dkstatics-public.digikala.com/digikala-products/d99c34213476ff729be0f79ac9909a3b59e25f0c_1759585355.jpg?x-oss-process=image/resize,m_lfit,h_800,w_800/quality,q_90
https://dkstatics-public.digikala.com/digikala-products/d99c34213476ff729be0f79ac9909a3b59e25f0c_1759585355.jpg?x-oss-process=image/resize,m_lfit,h_800,w_800/quality,q_90
https://dkstatics-public.digikala.com/digikala-products/a532208b62d041f684cca326af0935f13ecc0adf_1759585367.jpg?x-oss-process=image/resize,m_lfit,h_800,w_800/quality,q_90
https://dkstatics-public.digikala.com/digikala-products/9b284a9da06393a8a6c13719b486cf6526b739c3_1759585373.jpg?x-oss-process=image/resize,m_lfit,h_800,w_800/quality,q_90
https://dkstatics-public.digikala.com/digikala-products/d99c34213476ff729be0f79ac9909a3b59e25f0c_1759585355.jpg?x-oss-process=image/resize,m_lfit,h_800,w_800/quality,q_90","","مشکی","ویژگی‌هانوع کاربریورزشی، روزمرهورزشی، روزمرهفرم صفحهمربعمربعجنس بندچرمچرممشاهده همه ویژگی‌ها","","مشخصاتمناسب برایآقایان و بانوان سازگار با سیستم عاملAndroid iOS توضیحات سازگاریاندروید ۷ و بالاتر ، iOS ۱۵ وبالاتر زبان‌های قابل پشتیبانی در اعلان و پیامانگلیسی نوع کاربریورزشی روزمره قابلیت‌های ساعت هوشمندکنترل موسیقی (Music Player) قابلیت مکالمه از طریق بلوتوث قابلیت تغییر طرح ساعت یا تم سایز قاب ساعت هوشمند۴۳ میلی‌متر ابعاد قاب۴۳.۳۲X۳۶.۹X۹ میلی‌مترضخامت قاب۹ میلی‌مترتکنولوژی‌های مکان‌یابی (GPS)A-GPS عرض قاب۳۶.۹ میلی‌متروزن۳۱.۴ گرمفرم صفحهمربع قابلیت‌های مقاومتیمقاوم در برابر خط و خش مقاوم در برابر نفوذ آب جنس شیشهیاقوت جنس بدنهاستیل قابلیت تعویض بنددارد توضیحات جنس بدنهدارای بدنه ساخته شده از فیبر پلیمر تقویت شده به همراه لبه های استیل ضد زنگ جنس بندچرم نوع قفل بندسگکی ساده نوع صفحه نمایش اصلیAMOLED اندازه صفحه نمایش۱.۷۵ اینچرزولوشن صفحه نمایش۴۵۰X۳۹۰ روشنایی صفحه نمایش۲۰۰۰ نیتتراکم پیکسلی صفحه نمایش۳۴۱ پیکسل بر اینچحسگرهای حرکتی و محیطیژیروسکوپ (Gyroscope) شتاب سنج (Accelerometer) تشخیص نور محیط سنسورهای ورزشی و سلامتیشمارنده ضربان قلب سنجش کیفیت خواب نسخه بلوتوث۵.۲ نوع باتریلیتیوم پلیمر ظرفیت باتری۲۶۰ میلی‌آمپر ساعت میلی آمپر ساعتنحوه شارژ ساعت هوشمندکابل مغناطیسی مدت زمان شارژ شدنتا ۲ ساعت اقلام همراهدفترچه راهنما /
شارژر مغتاطیسی /
بند سیلیکونی","امیزفیت"
"1771408668-296","https://www.digikala.com/search/category-wearable-gadget/","ساعت هوشمند سامسونگ مدل Galaxy Watch6 Classic 47mm","۲۴,۶۹۰,۰۰۰","","","۴.۷","تنها ۱ عدد در انبار باقی مانده","","","","ساعت هوشمند سامسونگ مدل Galaxy Watch6 Classic 47mmتنها ۱ عدد در انبار باقی مانده
۴.۷۲۴,۶۹۰,۰۰۰","https://www.digikala.com/product/dkp-12212677/%D8%B3%D8%A7%D8%B9%D8%AA-%D9%87%D9%88%D8%B4%D9%85%D9%86%D8%AF-%D8%B3%D8%A7%D9%85%D8%B3%D9%88%D9%86%DA%AF-%D9%85%D8%AF%D9%84-galaxy-watch6-classic-47mm/","۴.۷","۶۹۱ دیدگاه","عالی","ساعت هوشمند سامسونگ مدل Galaxy Watch6 Classic 47mm","۲۴,۶۰۰,۰۰۰","","https://dkstatics-public.digikala.com/digikala-products/23b5ae619e98e10e29971e09c5fc06fac7fe289e_1764429366.jpg?x-oss-process=image/resize,m_lfit,h_800,w_800/quality,q_90
https://dkstatics-public.digikala.com/digikala-products/23b5ae619e98e10e29971e09c5fc06fac7fe289e_1764429366.jpg?x-oss-process=image/resize,m_lfit,h_800,w_800/quality,q_90
https://dkstatics-public.digikala.com/digikala-products/00b9c89789a0f2e5779da211b236870698a00cc3_1754250514.jpg?x-oss-process=image/resize,m_lfit,h_800,w_800/quality,q_90
https://dkstatics-public.digikala.com/digikala-products/a88b419f47b74c34086751c0f44ffbb2225230f1_1690715344.jpg?x-oss-process=image/resize,m_lfit,h_800,w_800/quality,q_90
https://dkstatics-public.digikala.com/digikala-products/23b5ae619e98e10e29971e09c5fc06fac7fe289e_1764429366.jpg?x-oss-process=image/resize,m_lfit,h_800,w_800/quality,q_90","","نقره ایمشکی","ویژگی‌هانوع کاربریورزشی، رسمی، روزمرهورزشی، رسمی، روزمرهفرم صفحهدایرهدایرهجنس بندسیلیکونسیلیکونمشاهده همه ویژگی‌ها","ساعت Galaxy Watch6 Classic از سری ساعت‌های هوشمند سامسونگ است که در دو سری اصلی کلاسیک و بیسیک عرضه شده است. مدل کلاسیک این ساعت دارای حاشیه چرخان فلزی محبوب است که با آن می‌توانید به راحتی بین منوهای مختلف گردش کنید و از کار با ساعت لذت ببرید. به جز این، ساعت کلاسیک دارای بدنه مقاوم استیل ضد زنگ است و مقاومت بسیار خوبی در شرایط مختلف نشان می‌دهد. این ویژگی در ترکیب با ویژگی ضد آب و طراحی نظامی سبب می‌شود بتوانید از ساعت خود در شرایط مختلف بدون هیچ نگرانی استفاده کنید. صفحه ن ...","مشخصاتمناسب برایآقایان و بانوان توضیحات سازگاریاندروید نسخه ۱۰.۰ و بالاتر نوع کاربریورزشی رسمی روزمره قابلیت‌های ساعت هوشمندصفحه نمایش رنگی صفحه نمایش لمسی کنترل موسیقی (Music Player) قابلیت مکالمه از طریق بلوتوث ابعاد قاب۴۶.۵x۴۶.۵x۱۰.۹ میلی‌مترضخامت قاب۴۶.۵ میلی‌مترعرض قاب۴۶.۵ میلی‌متروزن۵۹ گرمفرم صفحهدایره جنس بدنهفولاد ضدزنگ قابلیت تعویض بنددارد توضیحات جنس بدنهفریم از استیل ضد زنگ جنس بندسیلیکون نوع قفل بندسگکی ساده توضیحات رنگ بند و بدنهدو رنگ مشکی و نقره‌ای نوع صفحه نمایش اصلیSuper AMOLED اندازه صفحه نمایش۱.۵ اینچ اینچرزولوشن صفحه نمایش۴۸۰x۴۸۰ پیکسل تراکم پیکسلی صفحه نمایش۴۵۳ پیکسل بر اینچسایر مشخصات صفحه نمایشمحافظ کریستالی Sapphire  پردازندهExynos W۹۳۰ Dual-core ۱.۴ GHz Cortex-A۵۵ حافظه داخلی۱۶ گیگابایت سایر مشخصات سخت افزاریپردازنده گرافیکی Mali-G۶۸ / 
دو گیگابایت رم اتصالاتBluetooth WiFi NFC نوع باتریلیتیوم یونی ظرفیت باتری۳۰۰ میلی آمپر ساعتقابلیت های ویژهسیستم عامل Android Wear OS ۴ و رابط کاربری One UI Watch ۵ (قابل ارتقا) / 
دارای اسپیکر داخلی / 
بلوتوث نسخه ۵.۳ / 
فناوری‌های مکان‌یابی GLONASS, GALILEO, BDS / 
دارای حسگر میدان مغناطیسی سه بعدی (۳D Hall sensor) / 
مقاومت در برابر نفوذ آب تا عمق ۵۰ متر (IP۶۸) / 
طراحی با استاندارد نظامی MIL-STD-۸۱۰H / 
حاشیه‌های چرخان (Rotating Bezel) /
پشتیبانی از eSIM /
Wi-Fi ۸۰۲.۱۱ a/b/g/n, dual-band
 اقلام همراهشارژر / 
دفترچه راهنما","سامسونگ"
"1771408670-297","https://www.digikala.com/search/category-wearable-gadget/","ساعت هوشمند 47 میلی متر ریولینک مدل RL-2 pro با سه عدد بند","۳,۰۵۰,۰۰۰","۵,۷۰۰,۰۰۰","۴۶٪","۳.۹","ارسال سریع دیجی‌کالا","","","","ساعت هوشمند 47 میلی متر ریولینک مدل RL-2 pro با سه عدد بندارسال سریع دیجی‌کالا
۳.۹۴۶٪۳,۰۵۰,۰۰۰۵,۷۰۰,۰۰۰","https://www.digikala.com/product/dkp-20800040/%D8%B3%D8%A7%D8%B9%D8%AA-%D9%87%D9%88%D8%B4%D9%85%D9%86%D8%AF-47-%D9%85%DB%8C%D9%84%DB%8C-%D9%85%D8%AA%D8%B1-%D8%B1%DB%8C%D9%88%D9%84%DB%8C%D9%86%DA%A9-%D9%85%D8%AF%D9%84-rl-2-pro-%D8%A8%D8%A7-%D8%B3%D9%87-%D8%B9%D8%AF%D8%AF-%D8%A8%D9%86%D8%AF/","۳.۹","۱۶ دیدگاه","عالی","ساعت هوشمند 47 میلی متر ریولینک مدل RL-2 pro با سه عدد بند","۵,۷۰۰,۰۰۰","۸۰%","https://dkstatics-public.digikala.com/digikala-products/8a3b69c8fded584afc2667b4efbf742dd0ec1b2f_1761982894.jpg?x-oss-process=image/resize,m_lfit,h_800,w_800/quality,q_90
https://dkstatics-public.digikala.com/digikala-products/c265ca7845b7fc21b930ac0caa445057c739e22c_1761982902.jpg?x-oss-process=image/resize,m_lfit,h_800,w_800/quality,q_90
https://dkstatics-public.digikala.com/digikala-products/2a1e1e62feb4e28e81be422c3e8813d610f686da_1761982902.jpg?x-oss-process=image/resize,m_lfit,h_800,w_800/quality,q_90
https://dkstatics-public.digikala.com/digikala-products/8a3b69c8fded584afc2667b4efbf742dd0ec1b2f_1761982894.jpg?x-oss-process=image/resize,m_lfit,h_800,w_800/quality,q_90","","سرمه ایمشکیقرمز","ویژگی‌هانوع کاربریورزشی، رسمی، روزمرهورزشی، رسمی، روزمرهفرم صفحهدایرهدایرهجنس بندسیلیکونسیلیکونمشاهده همه ویژگی‌ها","ساعت هوشمند ریولینک RL2 PRO : همراهی مقرون‌به‌صرفه برای تناسب اندام و زندگی روزمره
ریولینک RL2 PRO یک ساعت هوشمند با قیمت مناسب است که برای استفاده روزمره و ردیابی فعالیت‌های ورزشی طراحی شده است. این ساعت دارای صفحه نمایش گرد با اندازه 1.69 اینچ و شیشه 2.5D با لبه‌های صاف است که تصاویر واضحی ارائه می‌دهد. این دستگاه مجهز به تراشه JL7012F6 است که عملکرد روان و سازگاری با اپلیکیشن‌ها را تضمین می‌کند.
ریولینک RL2 PRO بیش از ۲۴ حالت ورزشی مختلف دارد که فعالیت‌هایی مانند دویدن، فو ...","مشخصاتمناسب برایآقایان و بانوان سازگار با سیستم عاملAndroid iOS توضیحات سازگاریسازگار با سیستم عامل های Android و iOS زبان‌های قابل پشتیبانی در اعلان و پیامفارسی انگلیسی چینی هشدار هابرای شارژ این ساعت به هیچ عنوان از شارژر های فست استفاده نکنید و در هنگام حمام کردن و شنا کردن از این ساعت استفاده نکنید نوع کاربریورزشی رسمی روزمره قابلیت‌های ساعت هوشمندکنترل موسیقی (Music Player) قابلیت مکالمه از طریق بلوتوث پشتیبانی از زبان فارسی در منو و سیستم‌عامل قابلیت تغییر طرح ساعت یا تم صفحه همیشه روشن (Always-on Display) قابلیت نصب اپلیکیشن سایز قاب ساعت هوشمند۴۷ میلی‌متر وزن۴۵ گرمفرم صفحهدایره قابلیت‌های مقاومتیمقاومت در برابر پاشش آب و گرد و غبار جنس بدنهآلومینیوم قابلیت تعویض بنددارد توضیحات جنس بدنهزیر از پلاستیک محکم و بزل از جنس فلز جنس بندسیلیکون نوع قفل بندسگکی ساده توضیحات رنگ بند و بدنهرنگ این ساعت مشکی است و انتخاب رنگ به خاطر بند اضافه ی آن است نوع صفحه نمایش اصلیTFT اندازه صفحه نمایش۱.۴۶ اینچرزولوشن صفحه نمایش۳۶۰*۳۶۰ تراکم پیکسلی صفحه نمایش۳۶۰*۳۶۰ پیکسل بر اینچسایر مشخصات صفحه نمایشصفحه نمایش ۳۷ میلیمتر با رزولیشن ۳۶۰*۳۶۰ چند لمسی با قابلیت تغییر نور صفحه نمایش حسگرهای حرکتی و محیطیفشار سنج (Barometer) گام‌شمار (Pedometer) دماسنج (Thermometer) سنسورهای ورزشی و سلامتیشمارنده ضربان قلب سنجش دمای بدن اندازه‌گیری فشار خون پردازندهJL۷۰۱۲F سایر مشخصات سخت افزاریدارای سنسور ضربان قلب
دما سنج
ردیاب
 سنسور خواب
گشتاور برای ردیابی فعالیت فیزیکی و حرکات بدن
اسپیکر
ویبراتور اتصالاتBluetooth نوع باتریلیتیوم یون نحوه شارژ ساعت هوشمندکابل مغناطیسی مدت زمان شارژ شدن۱ قابلیت های ویژه- صفحه نمایش رنگی
- صفحه نمایش لمسی
- کنترل موسیقی Music Player
- دارای اسپیکر
- کنترل سطح اکسیژن خون
- قابلیت مکالمه مستقیم 
- قابلیت مکالمه از طریق بلوتوث
- قابلیت استفاده از زبان فارسی در منو سیستم عامل
- قابلیت تغییر طرح ساعت یا تم
- صلوات شمار
- ماشین حساب
- زنگ هشدار
- زمان سنج اقلام همراهساعت هوشمند RL۲ pro
 دو عدد بند سیلیکونی ضد حساسیت و یک عدد بند چرمی
کابل شارژ وایرلس 
دفترچه راهنما","ریولینک"
"1771408672-298","https://www.digikala.com/search/category-wearable-gadget/","ساعت هوشمند مدل T6000 Ultra3","۸۷۰,۰۰۰","۹۸۰,۰۰۰","۱۱٪","۴","&nbsp;","","","","ساعت هوشمند مدل T6000 Ultra3&nbsp;
۴۱۱٪۸۷۰,۰۰۰۹۸۰,۰۰۰","https://www.digikala.com/product/dkp-18154573/%D8%B3%D8%A7%D8%B9%D8%AA-%D9%87%D9%88%D8%B4%D9%85%D9%86%D8%AF-%D9%85%D8%AF%D9%84-t6000-ultra3/","۴","۲۶ دیدگاه","عالی","ساعت هوشمند مدل T6000 Ultra3","۱,۰۰۰,۰۰۰","","https://dkstatics-public.digikala.com/digikala-products/5128b8d0b3a0cb88d3a510be6f656c0c67c89a10_1738085279.jpg?x-oss-process=image/resize,m_lfit,h_800,w_800/quality,q_90
https://dkstatics-public.digikala.com/digikala-products/5128b8d0b3a0cb88d3a510be6f656c0c67c89a10_1738085572.jpg?x-oss-process=image/resize,m_lfit,h_800,w_800/quality,q_90","","نارنجی فلورسنتنارنجینارنجی فسفریمشکیمشکی براقنقره ای","ویژگی‌هانوع کاربریورزشی، رسمی، روزمرهورزشی، رسمی، روزمرهفرم صفحهمربعمربعجنس بندسیلیکونسیلیکونمشاهده همه ویژگی‌ها","دارای قابلیت مکالمه و اهنگ است.
دارای بازی و نصب اپلیکیشن است.
صفحه روان 90 هرتزی دارد.
سنسور های ضربان قلب و... را دارد.
حالت‌های ورزشی را دارد. 
دارای واچ فیس های مختلف است
دارای بند سیلیکونی و جذاب است","مشخصاتنوع کاربریورزشی رسمی روزمره قابلیت‌های ساعت هوشمندصفحه نمایش رنگی صفحه نمایش لمسی کنترل موسیقی (Music Player) کنترل سطح اکسیژن خون قابلیت مکالمه مستقیم قابلیت مکالمه از طریق بلوتوث پشتیبانی از زبان فارسی در منو و سیستم‌عامل قابلیت تغییر طرح ساعت یا تم ضد آب فرم صفحهمربع جنس بدنهاستیل قابلیت تعویض بنددارد جنس بندسیلیکون نوع قفل بندسگکی ساده اندازه صفحه نمایش۴۹ اینچ","متفرقه"
"1771408675-299","https://www.digikala.com/search/category-wearable-gadget/","ساعت هوشمند مدل Ultra به همراه بند اضافی","۱,۶۸۹,۰۰۰","۲,۴۰۰,۰۰۰","۳۰٪","۳.۴","تنها ۳ عدد در انبار باقی مانده","","","","ساعت هوشمند مدل Ultra به همراه بند اضافیتنها ۳ عدد در انبار باقی مانده
۳.۴۳۰٪۱,۶۸۹,۰۰۰۲,۴۰۰,۰۰۰","https://www.digikala.com/product/dkp-11764760/%D8%B3%D8%A7%D8%B9%D8%AA-%D9%87%D9%88%D8%B4%D9%85%D9%86%D8%AF-%D9%85%D8%AF%D9%84-ultra-%D8%A8%D9%87-%D9%87%D9%85%D8%B1%D8%A7%D9%87-%D8%A8%D9%86%D8%AF-%D8%A7%D8%B6%D8%A7%D9%81%DB%8C/","۳.۴","۵۹۷ دیدگاه","عالی","ساعت هوشمند مدل Ultra به همراه بند اضافی","۱,۵۵۰,۰۰۰","۶۰%","https://dkstatics-public.digikala.com/digikala-products/43b44bcea625f4b3d4a6eae9a892ad33e661adb6_1754250120.jpg?x-oss-process=image/resize,m_lfit,h_800,w_800/quality,q_90
https://dkstatics-public.digikala.com/digikala-products/43b44bcea625f4b3d4a6eae9a892ad33e661adb6_1754250120.jpg?x-oss-process=image/resize,m_lfit,h_800,w_800/quality,q_90
https://dkstatics-public.digikala.com/digikala-products/e30a4eee4e54c588a0dc694aa380d8718e7f93c1_1690206049.jpg?x-oss-process=image/resize,m_lfit,h_800,w_800/quality,q_90
https://dkstatics-public.digikala.com/digikala-products/54a038173f68751929de2eae8ba5eb6c5df9bee9_1687672622.jpg?x-oss-process=image/resize,m_lfit,h_800,w_800/quality,q_90
https://dkstatics-public.digikala.com/digikala-products/43b44bcea625f4b3d4a6eae9a892ad33e661adb6_1754250120.jpg?x-oss-process=image/resize,m_lfit,h_800,w_800/quality,q_90","","نقره ایطلاییتیتانیومیمشکیبژاستیل","ویژگی‌هانوع کاربریورزشی، روزمرهورزشی، روزمرهفرم صفحهمستطیلمستطیلجنس بندسیلیکونسیلیکونمشاهده همه ویژگی‌ها","ساعت هوشمند مدل Ultra یک ساعت با طراحی زیبا و کارایی مطلوب است. این ساعت با وزن 40 گرم روانه بازار شده است. این مدل با یک صفحه نمایش از لمسی، یک مدل طراحی شده برای رفع نیاز‌های روزمره و ورزشی شما است. همچنین طراحان این ساعت هوشمند طیف وسیعی از امکانات را در این ساعت هوشمند تعبیه کرده‌اند. از جمله این امکانات می‌توان از گام شمار، پایش خواب، و شمارنده ضربان قلب می‌توان اشاره کرد.  گفتنی است با ساعت هوشمند Ultra می‌توانید میزان کالری مصرف شده، مسافت پیموده شده، میزان اکسیژن خون  ...","مشخصاتتوضیحات سازگاریاندروید ۵.۰ به بعد
IOS ۹.۰ به بعد
نسخه بلوتوث ۴.۰ نوع کاربریورزشی روزمره قابلیت‌های ساعت هوشمندصفحه نمایش رنگی صفحه نمایش لمسی ابعاد قاب۴۸x۴۴x۱۱ میلی‌مترضخامت قاب۵۰ میلی‌مترعرض قاب۴۴ میلی‌متروزن۴۰ گرمفرم صفحهمستطیل جنس بدنهسیلیکون جنس بندسیلیکون نوع قفل بندسگکی ساده توضیحات رنگ بند و بدنهدو بند سیلیکونی در رنگ‌های مشکی و نارنجی(اوشن لوپ) دارای یک بند آلپاین لوپ و بند استیل

 اندازه صفحه نمایش  اینچاتصالاتBluetooth قابلیت های ویژهگام‌شمار- حالت ورزشی(مسافت طی‌شده، میزان مصرف کالری در ورزش‌های شنا، دو و کوهنوردی) - پایش خواب - قابلیت کنترل دوربین گوشی موبایل - قابلیت  یافتن گوشی موبایل در صورت مفقود شدن توسط برنامه ساعت - قابلیت تنظیم نور صفحه نمایش - قابلیت کنترل موسیقی با اتصال بلوتوثی -  اقلام همراه- دارای هفت بند در طرح‌های مختلف
- کابل شارژ","متفرقه"
"1771408677-300","https://www.digikala.com/search/category-wearable-gadget/","ساعت هوشمند ورنا مدل W46 Max مجموعه هفت بندی به همراه هندزفری ایرپادپرو","۲,۹۰۰,۰۰۰","۳,۶۹۰,۰۰۰","۲۱٪","۴.۴","ارسال سریع دیجی‌کالا","","","","ساعت هوشمند ورنا مدل W46 Max مجموعه هفت بندی به همراه هندزفری ایرپادپروارسال سریع دیجی‌کالا
۴.۴۲۱٪۲,۹۰۰,۰۰۰۳,۶۹۰,۰۰۰","https://www.digikala.com/product/dkp-17944135/%D8%B3%D8%A7%D8%B9%D8%AA-%D9%87%D9%88%D8%B4%D9%85%D9%86%D8%AF-%D9%88%D8%B1%D9%86%D8%A7-%D9%85%D8%AF%D9%84-w46-max-%D9%85%D8%AC%D9%85%D9%88%D8%B9%D9%87-%D9%87%D9%81%D8%AA-%D8%A8%D9%86%D8%AF%DB%8C-%D8%A8%D9%87-%D9%87%D9%85%D8%B1%D8%A7%D9%87-%D9%87%D9%86%D8%AF%D8%B2%D9%81%D8%B1%DB%8C-%D8%A7%DB%8C%D8%B1%D9%BE%D8%A7%D8%AF%D9%BE%D8%B1%D9%88/","۴.۴","۲۸ دیدگاه","عالی","ساعت هوشمند ورنا مدل W46 Max مجموعه هفت بندی به همراه هندزفری ایرپادپرو","۳,۶۹۰,۰۰۰","۸۸%","https://dkstatics-public.digikala.com/digikala-products/4dfcccf5b0d624aef9df1184f726356d48a08123_1736244120.jpg?x-oss-process=image/resize,m_lfit,h_800,w_800/quality,q_90
https://dkstatics-public.digikala.com/digikala-products/409bf95824f5b0c5a15a87104075b09dee121716_1769799330.jpg?x-oss-process=image/resize,m_lfit,h_800,w_800/quality,q_90
https://dkstatics-public.digikala.com/digikala-products/1d9980771823e50f84b00a7445927d43b82c987d_1736244167.jpg?x-oss-process=image/resize,m_lfit,h_800,w_800/quality,q_90
https://dkstatics-public.digikala.com/digikala-products/4dfcccf5b0d624aef9df1184f726356d48a08123_1736244120.jpg?x-oss-process=image/resize,m_lfit,h_800,w_800/quality,q_90","","طلایی براقمشکینقره ایخاکستری","ویژگی‌هانوع کاربریورزشی، رسمی، روزمرهورزشی، رسمی، روزمرهفرم صفحهمستطیلمستطیلجنس بندفلزفلزمشاهده همه ویژگی‌ها","گجت‌های هوشمند، مخصوصا ساعت‌ و هندزفری‌ تواسته‌اند نظر مشتریان زیادی را به خود جلب کنند. با توجه به قیمت و تنوع زیاد آنها شرکت ورنا سعی نموده است تا با در کنار هم قرار دادن دو نمونه از پرطرفداراترین آنها، یک پک جذاب و مقرون به صرفه به بازار ارائه نماید. اسم این مدل W46 Max with 7 bands and airpod pro بوده و شامل یه ساعت هوشمند طرح اپل، هفت بند متنوع و یه هندزفری بیسیم طرح ایرپادپرو می‌باشد. همونطور که میدانید ساعت‌های اپل در دو مدل مختلف عرضه میشوند. ساعت این مدل، دقیقا مشابه ...","مشخصاتمناسب برایآقایان و بانوان سازگار با سیستم عاملAndroid iOS توضیحات سازگاریسازگار با اندروید و IOS زبان‌های قابل پشتیبانی در اعلان و پیامفارسی انگلیسی هشدار هایک راهنمایی صادقانه در مورد ساعت طرح اپل یا متفرقه: در نظر داشته باشید، با توجه به قیمت و اینکه این محصول نمونه های-کپی از ساعتهای اصلی مانند اپل یا سامسونگ میباشد، دقت برخی سنسورها (مانند قدم شمار) کمی با خطا همراه است و طبق تست انجام گرفته، الباقی سنسورها مانند فشار یا اکسیژن خون نیز مقادیر درستی نشان نمیدهد و بیشتر جنبه تزئینی دارند. لذا در صورتی که این موارد برای شما مهم است، میبایست حتما ساعت اورجینال و برند اصلی تهیه کنید. چون تقریبا تمام مدلهای های-کپی، در دقت سنسورها، دارای ضعف بوده و اختلاف قیمت آنها بیشتر مربوط به اپلیکیشن یا برنامه ای که به موبایل متصل میشود، کیفیت صفحه نمایش، میزان نگهداری باتری و مواردی از این دست میباشد. پس اولا فریب تبلیغات مختلف در مورد کارکرد سنسورها در این مدل‌ها و در این رنج قیمت را نخورید، ثانیا لطفا توجه داشته باشید، عدم دقت احتمالی سنسورها، به معنی ایراد دستگاه یا غیر اصل بودن آن نیست. پس حتما این موضوع را در خرید خود در نظر بگیرید. ضمنا در جا زدن بند ساعت به هنگام تعویض بند، دقت لازم را داشته باشید (فقط به صورت کشویی جا میرود). نوع کاربریورزشی رسمی روزمره قابلیت‌های ساعت هوشمندکنترل موسیقی (Music Player) قابلیت مکالمه از طریق بلوتوث پشتیبانی از زبان فارسی در منو و سیستم‌عامل قابلیت تغییر طرح ساعت یا تم سایز قاب ساعت هوشمند۴۶ میلی‌متر وزن۵۰ گرمفرم صفحهمستطیل قابلیت‌های مقاومتیبدون قابلیت مقاومتی جنس بدنهفلز قابلیت تعویض بنددارد توضیحات جنس بدنهدر مورد ساعت، فریم اصلی فلزی بسیار با کیفیت که کاملا حس مدل اصلی را القا میکند. (عکس اول عکس طراحی شده است اما بیشتر عکسهای آلبوم واقعیست) ضمنا هرچند این مدل کپی مدل ۴۶ میلیمتر اپل ساخته شده است، اما سایز بدنه (طول بیرونی فریم) دقیقا ۴۶ میلیمتر نیست و ممکن است کمی کمتر یا بیشتر باشد.  جنس بندفلز نوع قفل بندضامن دار (کلیپسی) توضیحات رنگ بند و بدنهفریم فلزی و هفت بند متفاوت (یکی از بندها فلزی است) در رنگ‌های مختلف. لطفا توجه داشته باشید یکی از بندها همواره فلزی است، الباقی بندها تقریبا مطابق عکسهای آلبوم ارسال میشود ولی رنگ یا جنس بعضی از بندها، از آنجا که رندوم ارسال میشود ممکن است با عکسهای آلبوم متفاوت باشد. ضمنا رنگی که هنگام خرید انتخاب میکنید، رنگ فریم ساعت است لذا در انتخاب خود مطابق با عکس نمونه قرار داده شده در آلبوم دقت نمایید. اندازه صفحه نمایشحدود ۱.۸ اینج اینچحسگرهای حرکتی و محیطیژیروسکوپ (Gyroscope) سنسورهای ورزشی و سلامتیتشخیص حرکات دست سیستم عاملبدون سیستم عامل توضیحات دوربیندوربین ندارد اتصالاتBluetooth نحوه شارژ ساعت هوشمندشارژ بی‌سیم مدت زمان شارژ شدنبستگی به توان کلگی شارژر دارد ولی معمولا ۲ الی ۴ ساعت قابلیت های ویژهدارای هفت بند با طرح ها و رنگ های متفاوت + هندزفری Airpod Pro طرح اپل اقلام همراههفت بند مختلف، کابل شارژ لایتنینگ برای هندزفری، کابل شارژ وایرلس برای ساعت، کارت راهنمای فارسی","ورنا"
"1771408679-301","https://www.digikala.com/search/category-wearable-gadget/","ساعت هوشمند مدل WS 75 ULTRA 2 دارای قابلیت های کنترل سطح اکسیژن خون، کنترل موسیقی (Music Player)، صفحه نمایش لمسی، صفحه نمایش رنگی، قابلیت تغییر طرح ساعت یا تم بند سیلیکون","۱,۱۲۴,۹۸۰","","","۳.۶","تنها ۱ عدد در انبار باقی مانده","","","","ساعت هوشمند مدل WS 75 ULTRA 2 دارای قابلیت های کنترل سطح اکسیژن خون، کنترل موسیقی (Music Player)، صفحه نمایش لمسی، صفحه نمایش رنگی، قابلیت تغییر طرح ساعت یا تم بند سیلیکونتنها ۱ عدد در انبار باقی مانده
۳.۶۱,۱۲۴,۹۸۰","https://www.digikala.com/product/dkp-16911338/%D8%B3%D8%A7%D8%B9%D8%AA-%D9%87%D9%88%D8%B4%D9%85%D9%86%D8%AF-%D9%85%D8%AF%D9%84-ws-75-ultra-2-%D8%AF%D8%A7%D8%B1%D8%A7%DB%8C-%D9%82%D8%A7%D8%A8%D9%84%DB%8C%D8%AA-%D9%87%D8%A7%DB%8C-%DA%A9%D9%86%D8%AA%D8%B1%D9%84-%D8%B3%D8%B7%D8%AD-%D8%A7%DA%A9%D8%B3%DB%8C%DA%98%D9%86-%D8%AE%D9%88%D9%86-%DA%A9%D9%86%D8%AA%D8%B1%D9%84-%D9%85%D9%88%D8%B3%DB%8C%D9%82%DB%8C-music-player-%D8%B5%D9%81%D8%AD%D9%87-%D9%86%D9%85%D8%A7%DB%8C%D8%B4-%D9%84%D9%85%D8%B3%DB%8C-%D8%B5%D9%81%D8%AD%D9%87-%D9%86%D9%85%D8%A7%DB%8C%D8%B4-%D8%B1%D9%86%DA%AF%DB%8C-%D9%82%D8%A7%D8%A8%D9%84%DB%8C%D8%AA-%D8%AA%D8%BA%DB%8C%DB%8C%D8%B1-%D8%B7%D8%B1%D8%AD-%D8%B3%D8%A7%D8%B9%D8%AA-%DB%8C%D8%A7-%D8%AA%D9%85-%D8%A8%D9%86%D8%AF-%D8%B3%DB%8C%D9%84%DB%8C%DA%A9%D9%88%D9%86/","۳.۶","۴۱ دیدگاه","خوب","ساعت هوشمند مدل WS 75 ULTRA 2 دارای قابلیت های کنترل سطح اکسیژن خون، کنترل موسیقی (Music Player)، صفحه نمایش لمسی، صفحه نمایش رنگی، قابلیت تغییر طرح ساعت یا تم بند سیلیکون","۱,۱۲۴,۹۸۰","۸۳%","https://dkstatics-public.digikala.com/digikala-products/e74deb37dfe3c53c7cd07b38bfde2d4368533ce2_1754236929.jpg?x-oss-process=image/resize,m_lfit,h_800,w_800/quality,q_90
https://dkstatics-public.digikala.com/digikala-products/e74deb37dfe3c53c7cd07b38bfde2d4368533ce2_1754236929.jpg?x-oss-process=image/resize,m_lfit,h_800,w_800/quality,q_90
https://dkstatics-public.digikala.com/digikala-products/9c410c2753941c690dcf8518ccaaf0f3ac134581_1728218549.jpg?x-oss-process=image/resize,m_lfit,h_800,w_800/quality,q_90
https://dkstatics-public.digikala.com/digikala-products/961355b9a8e2b74678204a13c081c7f72809aaa0_1728218561.jpg?x-oss-process=image/resize,m_lfit,h_800,w_800/quality,q_90
https://dkstatics-public.digikala.com/digikala-products/e74deb37dfe3c53c7cd07b38bfde2d4368533ce2_1754236929.jpg?x-oss-process=image/resize,m_lfit,h_800,w_800/quality,q_90","","مشکیبژنقره ای","ویژگی‌هانوع کاربریروزمرهروزمرهفرم صفحهمستطیلمستطیلجنس بندسیلیکونسیلیکونمشاهده همه ویژگی‌ها","ساعت هوشمند مدل WS 75 ULTRA 2 دارای صفحه مستطیل شکل با بدنه ظریف در ابعاد صفحه 49 میلیمتری است. دارای 2 دکمه روی بدنه: (دکمه magic button، دکمه خاموش و روشن) است. قابلیت ارتباط بلوتوثی با گوشی هوشمند و قابلیت ارتباط با سیستم عامل های ios و Android را دارد. پایشگرهای سلامتی - پزشکی از جمله سنسور پایش ضربان قلب، سنسور پایش فشار خون، سنسور پایش اکسیژن خون، سنسور سنجش کیفیت خواب، سنسور سنجش دمای بدن، سنسور سنجش قند خون را دارد. پایشگرهای ورزشی(سنجش میزان کالری سوزانده شده، دارای  ...","مشخصاتنوع کاربریروزمره قابلیت‌های ساعت هوشمندکنترل سطح اکسیژن خون کنترل موسیقی (Music Player) صفحه نمایش لمسی صفحه نمایش رنگی قابلیت تغییر طرح ساعت یا تم فرم صفحهمستطیل جنس بدنهآلومینیوم قابلیت تعویض بنددارد جنس بندسیلیکون نوع قفل بندسگکی ساده اندازه صفحه نمایش۴۵ اینچ","متفرقه"
"1771408681-302","https://www.digikala.com/search/category-wearable-gadget/","ساعت هوشمند ورنا مدل W45 Max with Airpod pro به همراه هدفون بلوتوثی","۱,۵۵۰,۰۰۰","۱,۹۵۰,۰۰۰","۲۱٪","۳.۸","ارسال فروشنده","","","","ساعت هوشمند ورنا مدل W45 Max with Airpod pro به همراه هدفون بلوتوثیارسال فروشنده
۳.۸۲۱٪۱,۵۵۰,۰۰۰۱,۹۵۰,۰۰۰","https://www.digikala.com/product/dkp-15411858/%D8%B3%D8%A7%D8%B9%D8%AA-%D9%87%D9%88%D8%B4%D9%85%D9%86%D8%AF-%D9%88%D8%B1%D9%86%D8%A7-%D9%85%D8%AF%D9%84-w45-max-with-airpod-pro-%D8%A8%D9%87-%D9%87%D9%85%D8%B1%D8%A7%D9%87-%D9%87%D8%AF%D9%81%D9%88%D9%86-%D8%A8%D9%84%D9%88%D8%AA%D9%88%D8%AB%DB%8C/","۳.۸","۳۰ دیدگاه","عالی","ساعت هوشمند ورنا مدل W45 Max with Airpod pro به همراه هدفون بلوتوثی","۱,۹۵۰,۰۰۰","۸۷.۶%","https://dkstatics-public.digikala.com/digikala-products/4b2c5f0c0eaf3cb3d4c157419ba76bbdef86f44a_1754254240.jpg?x-oss-process=image/resize,m_lfit,h_800,w_800/quality,q_90
https://dkstatics-public.digikala.com/digikala-products/0345030aeb956a1435ac7701e74b6abc32d8da3a_1718771105.jpg?x-oss-process=image/resize,m_lfit,h_800,w_800/quality,q_90
https://dkstatics-public.digikala.com/digikala-products/4319ae15403844cf28d271c099c2a96934ae7f3c_1715434167.jpg?x-oss-process=image/resize,m_lfit,h_800,w_800/quality,q_90
https://dkstatics-public.digikala.com/digikala-products/4b2c5f0c0eaf3cb3d4c157419ba76bbdef86f44a_1754254240.jpg?x-oss-process=image/resize,m_lfit,h_800,w_800/quality,q_90","","طلاییمشکینقره ای","ویژگی‌هانوع کاربریورزشی، رسمی، روزمرهورزشی، رسمی، روزمرهفرم صفحهمستطیلمستطیلجنس بندسیلیکونسیلیکونمشاهده همه ویژگی‌ها","ساعت هوشمند ورنا مدل W45 Max با هدفون بلوتوثی Airpod Pro ترکیبی از فناوری پیشرفته و طراحی شیک است که برای آقایان و بانوان مناسب است. این ساعت با صفحه‌نمایش رنگی لمسی ۱.۹ اینچی و بدنه فلزی، ظاهری مدرن و مقاوم ارائه می‌دهد. بند سیلیکونی قابل تعویض و قفل پین‌بند، راحتی و تنوع در استفاده را فراهم می‌کند. این ساعت هوشمند بدون سیستم‌عامل، اما سازگار با اندروید و IOS، قابلیت‌های متنوعی مانند کنترل موسیقی، مکالمه از طریق بلوتوث، و پشتیبانی از زبان فارسی در منو و اعلان‌ها را ارائه می‌ ...","مشخصاتمناسب برایآقایان و بانوان توضیحات سازگاریسازگار با اندروید و IOS زبان‌های قابل پشتیبانی در اعلان و پیامفارسی انگلیسی نوع کاربریورزشی رسمی روزمره قابلیت‌های ساعت هوشمندصفحه نمایش رنگی صفحه نمایش لمسی کنترل موسیقی (Music Player) قابلیت مکالمه از طریق بلوتوث پشتیبانی از زبان فارسی در منو و سیستم‌عامل فرم صفحهمستطیل جنس بدنهفلز قابلیت تعویض بنددارد جنس بندسیلیکون نوع قفل بندپین‌بند اندازه صفحه نمایش۱.۹ اینچ اینچسیستم عاملبدون سیستم عامل حافظه داخلیندارد اتصالاتBluetooth اقلام همراهکابل شارژ بی‌سیم/
کابل شارژ لایتنینگ برای هدفون بلوتوثی/
دفترچه راهنما","ورنا"
"1771408683-303","https://www.digikala.com/search/category-wearable-gadget/","ساعت هوشمند بلک تایم مدل GX9 RUX دارای قابلیت‌های صفحه نمایش رنگی و لمسی، کنترل موسیقی با بند پارچه ای","۲,۴۹۰,۰۰۰","۶,۶۰۰,۰۰۰","۶۲٪","۳.۳","&nbsp;","","","","ساعت هوشمند بلک تایم مدل GX9 RUX دارای قابلیت‌های صفحه نمایش رنگی و لمسی، کنترل موسیقی با بند پارچه ای&nbsp;
۳.۳۶۲٪۲,۴۹۰,۰۰۰۶,۶۰۰,۰۰۰","https://www.digikala.com/product/dkp-17058188/%D8%B3%D8%A7%D8%B9%D8%AA-%D9%87%D9%88%D8%B4%D9%85%D9%86%D8%AF-%D8%A8%D9%84%DA%A9-%D8%AA%D8%A7%DB%8C%D9%85-%D9%85%D8%AF%D9%84-gx9-rux-%D8%AF%D8%A7%D8%B1%D8%A7%DB%8C-%D9%82%D8%A7%D8%A8%D9%84%DB%8C%D8%AA%D9%87%D8%A7%DB%8C-%D8%B5%D9%81%D8%AD%D9%87-%D9%86%D9%85%D8%A7%DB%8C%D8%B4-%D8%B1%D9%86%DA%AF%DB%8C-%D9%88-%D9%84%D9%85%D8%B3%DB%8C-%DA%A9%D9%86%D8%AA%D8%B1%D9%84-%D9%85%D9%88%D8%B3%DB%8C%D9%82%DB%8C-%D8%A8%D8%A7-%D8%A8%D9%86%D8%AF-%D9%BE%D8%A7%D8%B1%DA%86%D9%87-%D8%A7%DB%8C/","۳.۳","۲۸ دیدگاه","خیلی خوب","ساعت هوشمند بلک تایم مدل GX9 RUX دارای قابلیت‌های صفحه نمایش رنگی و لمسی، کنترل موسیقی با بند پارچه ای","۶,۶۰۰,۰۰۰","","https://dkstatics-public.digikala.com/digikala-products/491ed601861490b0e3c6a297df9a4df0775b0eeb_1754237189.jpg?x-oss-process=image/resize,m_lfit,h_800,w_800/quality,q_90
https://dkstatics-public.digikala.com/digikala-products/19418c53f8e2f9da0aec0e6aa3b8bfd49eee171d_1729161424.jpg?x-oss-process=image/resize,m_lfit,h_800,w_800/quality,q_90
https://dkstatics-public.digikala.com/digikala-products/605a0f9524d037cc93d3cac9256f38d42653eab5_1729161446.jpg?x-oss-process=image/resize,m_lfit,h_800,w_800/quality,q_90
https://dkstatics-public.digikala.com/digikala-products/491ed601861490b0e3c6a297df9a4df0775b0eeb_1754237189.jpg?x-oss-process=image/resize,m_lfit,h_800,w_800/quality,q_90","","مشکینقره ای","ویژگی‌هانوع کاربریورزشی، رسمی، روزمرهورزشی، رسمی، روزمرهفرم صفحهمستطیلمستطیلجنس بندپارچهپارچهمشاهده همه ویژگی‌ها","","مشخصاتمناسب برایآقایان و بانوان هشدار ها
لطفا ابتدا ساعت هوشمند را ۲ ساعت شارژ کنید. 
لطفا از شارژر زیر ۱ آمپر استفاده کنید. 
اعلان تماس و پیامک و نوتیفیکشن شبکه های اجتماعی. 
برای استفاده از تمام امکانات ساعت، برنامه اپ مخصوص ساعت به نام ( RDFit ) دانلود کنید با روشن کردن بلوتوث ساعت و گوشی هر دو را از داخل اپ به هم دیگر جفت سازی کنید. 
برای دانلود اپ RDFit بارکد روی دفترچه ساعت را اسکن کنید. نوع کاربریورزشی رسمی روزمره قابلیت‌های ساعت هوشمندصفحه نمایش رنگی صفحه نمایش لمسی کنترل موسیقی (Music Player) فرم صفحهمستطیل جنس بدنهفلز قابلیت تعویض بنددارد جنس بندپارچه نوع قفل بندچسبی توضیحات رنگ بند و بدنهبدنه تیتانیومی اندازه صفحه نمایش۲ اینچاقلام همراهبند تریل لوپ بژ 
بند تریل لوپ مشکی 
بند اوشن مشکی 
کابل شارژ مگنتی","متفرقه"
"1771408686-304","https://www.digikala.com/search/category-wearable-gadget/","حلقه هوشمند اسمارت رینگ مدل R11 رنگ طلایی","۵,۰۰۰,۰۰۰","","","۳","تنها ۱ عدد در انبار باقی مانده","","","","حلقه هوشمند اسمارت رینگ مدل R11 رنگ طلاییتنها ۱ عدد در انبار باقی مانده
۳۵,۰۰۰,۰۰۰","https://www.digikala.com/product/dkp-18689849/%D8%AD%D9%84%D9%82%D9%87-%D9%87%D9%88%D8%B4%D9%85%D9%86%D8%AF-%D8%A7%D8%B3%D9%85%D8%A7%D8%B1%D8%AA-%D8%B1%DB%8C%D9%86%DA%AF-%D9%85%D8%AF%D9%84-r11-%D8%B1%D9%86%DA%AF-%D8%B7%D9%84%D8%A7%DB%8C%DB%8C/","۳","۱ دیدگاه","عالی","حلقه هوشمند اسمارت رینگ مدل R11 رنگ طلایی","۵,۰۰۰,۰۰۰","","https://dkstatics-public.digikala.com/digikala-products/67346f86977edefeaf66c0c31d8d74ade6f933ad_1742540951.jpg?x-oss-process=image/resize,m_lfit,h_800,w_800/quality,q_90
https://dkstatics-public.digikala.com/digikala-products/016157880e61ef11f0f809e8259777ed2e30b226_1742540950.jpg?x-oss-process=image/resize,m_lfit,h_800,w_800/quality,q_90
https://dkstatics-public.digikala.com/digikala-products/dd283531184d87f5a03c2e592406e5e4bebb597b_1742540952.jpg?x-oss-process=image/resize,m_lfit,h_800,w_800/quality,q_90
https://dkstatics-public.digikala.com/digikala-products/67346f86977edefeaf66c0c31d8d74ade6f933ad_1742540951.jpg?x-oss-process=image/resize,m_lfit,h_800,w_800/quality,q_90","","","ویژگی‌هانوع کاربریورزشی، رسمی، روزمرهورزشی، رسمی، روزمرهجنس حلقهاستیلاستیلقابلیت‌های حلقه هوشمندامکان ردیابی فعالیت‌های روزمره، امکان ردیابی وضعیت سلامتی، ردیابی کیفیت خواب، پشتیبانی از حالت‌های مختلف ورزشی، محاسبه کالری مصرفی، محاسبه مسافت طی شدهامکان ردیابی فعالیت‌های روزمره، امکان ردیابی وضعیت سلامتی، ردیابی کیفیت خواب، پشتیبانی از حالت‌های مختلف ورزشی، محاسبه کالری مصرفی، محاسبه مسافت طی شدهمشاهده همه ویژگی‌ها","حلقه هوشمند Smart Ring R11 را می‌توان یکی از جذاب‌ترین گجت‌های هوشمند حال حاضر بازار ایران دانست. حلقه‌های هوشمند به تازگی وارد بازارهای جهانی شده‌اند و برند Smart Ring نیز حلقه هوشمند جذاب و هیجان‌انگیز r11را روانه بازار کرده است. این حلقه هوشمند از آلیاژ استیل ساخته شده و بخش داخلی شیشه‌ای آن به گونه‌ای طراحی شده که تمامی چیپ‌ها و سنسورهای آن قابل مشاهده هستند. همین امر باعث شده تا پوشیدن آن حس استفاده از جدیدترین ترندهای روز دنیای تکنولوژی را به شما بدهد. حلقه هوشمند Smart ...","مشخصاتوزن۴ گرمنوع کاربریورزشی رسمی روزمره حس‌گرهاشمارنده ضربان قلب (Heart Rate) فرمان‌های حرکتی (Gesture) سنجش اکسیژن خون (SPO۲) مانیتورکننده وضعیت حسگرها (SensorCore) اتصالاتBluetooth جنس حلقهاستیل ظرفیت باتری۱۸ میلی آمپر میلی آمپر ساعتابعاد محفظه شارژ۴۵x۴۵ میلی‌متروزن محفظه شارژ۱۵۰ گرمقابلیت‌های حلقه هوشمندامکان ردیابی فعالیت‌های روزمره امکان ردیابی وضعیت سلامتی ردیابی کیفیت خواب پشتیبانی از حالت‌های مختلف ورزشی محاسبه کالری مصرفی محاسبه مسافت طی شده","اسمارت رینگ"
"1771408688-305","https://www.digikala.com/search/category-wearable-gadget/","ساعت مچی هوشمند 1.62 اینچ لومینکس مدل SK4 promax با بند سیلیکونی و فلزی و چرمی","۶,۰۰۰,۰۰۰","","","۳","ارسال فروشنده","","","","ساعت مچی هوشمند 1.62 اینچ لومینکس مدل SK4 promax با بند سیلیکونی و فلزی و چرمیارسال فروشنده
۳۶,۰۰۰,۰۰۰","https://www.digikala.com/product/dkp-20916110/%D8%B3%D8%A7%D8%B9%D8%AA-%D9%85%DA%86%DB%8C-%D9%87%D9%88%D8%B4%D9%85%D9%86%D8%AF-162-%D8%A7%DB%8C%D9%86%DA%86-%D9%84%D9%88%D9%85%DB%8C%D9%86%DA%A9%D8%B3-%D9%85%D8%AF%D9%84-sk4-promax-%D8%A8%D8%A7-%D8%A8%D9%86%D8%AF-%D8%B3%DB%8C%D9%84%DB%8C%DA%A9%D9%88%D9%86%DB%8C-%D9%88-%D9%81%D9%84%D8%B2%DB%8C-%D9%88-%DA%86%D8%B1%D9%85%DB%8C/","۳","","عالی","ساعت مچی هوشمند 1.62 اینچ لومینکس مدل SK4 promax با بند سیلیکونی و فلزی و چرمی","۶,۰۰۰,۰۰۰","۶۰%","https://dkstatics-public.digikala.com/digikala-products/da29ca52bc3e05f9440f9eee0e63eda10b5dd783_1763413041.jpg?x-oss-process=image/resize,m_lfit,h_800,w_800/quality,q_90
https://dkstatics-public.digikala.com/digikala-products/6783ab19fd8ea32ba1a497866a9c62eef295bb55_1763413049.jpg?x-oss-process=image/resize,m_lfit,h_800,w_800/quality,q_90
https://dkstatics-public.digikala.com/digikala-products/787a185b1588448950ac8c1f22bd5294866b3219_1763413049.jpg?x-oss-process=image/resize,m_lfit,h_800,w_800/quality,q_90
https://dkstatics-public.digikala.com/digikala-products/da29ca52bc3e05f9440f9eee0e63eda10b5dd783_1763413041.jpg?x-oss-process=image/resize,m_lfit,h_800,w_800/quality,q_90","","مشکی","ویژگی‌هانوع کاربریورزشی، رسمی، روزمرهورزشی، رسمی، روزمرهفرم صفحهدایرهدایرهجنس بندسیلیکونسیلیکونمشاهده همه ویژگی‌ها","","مشخصاتمناسب برایآقایان سازگار با سیستم عاملAndroid iOS توضیحات سازگاریسیستم عامل اندروید ۵ به بالا و IOS ۱۲ به بالا نوع کاربریورزشی رسمی روزمره قابلیت‌های ساعت هوشمندکنترل موسیقی (Music Player) پشتیبانی از زبان فارسی در منو و سیستم‌عامل قابلیت تغییر طرح ساعت یا تم قابلیت نصب اپلیکیشن سایز قاب ساعت هوشمند۵۱ میلی‌متر وزن۸۳ گرمفرم صفحهدایره قابلیت‌های مقاومتیمقاوم در برابر ضربه جنس بدنهفلز قابلیت تعویض بنددارد جنس بندسیلیکون نوع قفل بندضامن دار (کلیپسی) اندازه صفحه نمایش۱.۶۲ اینچحسگرهای حرکتی و محیطیشتاب سنج (Accelerometer) گام‌شمار (Pedometer) سنسورهای ورزشی و سلامتیشمارنده ضربان قلب سنجش دمای بدن سنجش اکسیژن خون نحوه شارژ ساعت هوشمندکابل مغناطیسی","لومینکس"
"1771408690-306","https://www.digikala.com/search/category-wearable-gadget/","ساعت هوشمند 40 میلی متری اپل مدل SE 3 Aluminum Case با بند سیلیکونی","۴۲,۴۹۰,۰۰۰","","","۴.۴","ارسال سریع دیجی‌کالا","","","","ساعت هوشمند 40 میلی متری اپل مدل SE 3 Aluminum Case با بند سیلیکونیارسال سریع دیجی‌کالا
۴.۴۴۲,۴۹۰,۰۰۰","https://www.digikala.com/product/dkp-20547428/%D8%B3%D8%A7%D8%B9%D8%AA-%D9%87%D9%88%D8%B4%D9%85%D9%86%D8%AF-40-%D9%85%DB%8C%D9%84%DB%8C-%D9%85%D8%AA%D8%B1%DB%8C-%D8%A7%D9%BE%D9%84-%D9%85%D8%AF%D9%84-se-3-aluminum-case-%D8%A8%D8%A7-%D8%A8%D9%86%D8%AF-%D8%B3%DB%8C%D9%84%DB%8C%DA%A9%D9%88%D9%86%DB%8C/","۴.۴","۱۴ دیدگاه","عالی","ساعت هوشمند 40 میلی متری اپل مدل SE 3 Aluminum Case با بند سیلیکونی","۵۰,۹۴۱,۲۰۰","۸۰%","https://dkstatics-public.digikala.com/digikala-products/87b4a4d29e663768c50d43e77841a2e45033c9f6_1764429371.jpg?x-oss-process=image/resize,m_lfit,h_800,w_800/quality,q_90
https://dkstatics-public.digikala.com/digikala-products/87b4a4d29e663768c50d43e77841a2e45033c9f6_1764429371.jpg?x-oss-process=image/resize,m_lfit,h_800,w_800/quality,q_90
https://dkstatics-public.digikala.com/digikala-products/02733f7e31b8c39538e7dbefc0a88181e2af95d8_1759045183.jpg?x-oss-process=image/resize,m_lfit,h_800,w_800/quality,q_90
https://dkstatics-public.digikala.com/digikala-products/ff33133128c63681632b60b78c75604d30e991f2_1759063435.jpg?x-oss-process=image/resize,m_lfit,h_800,w_800/quality,q_90
https://dkstatics-public.digikala.com/digikala-products/87b4a4d29e663768c50d43e77841a2e45033c9f6_1764429371.jpg?x-oss-process=image/resize,m_lfit,h_800,w_800/quality,q_90","","بژمشکی","ویژگی‌هانوع کاربریورزشی، روزمرهورزشی، روزمرهفرم صفحهمستطیلمستطیلجنس بندسیلیکونسیلیکونمشاهده همه ویژگی‌ها","اپل واچ SE 3 نماد تکامل در خانواده گجت‌های پوشیدنی اپل است که در سال ۲۰۲۵، استانداردهای جدیدی را برای ساعت‌های هوشمند میان‌رده تعریف می‌کند. این محصول با ظرافت تمام، فاصله میان مدل‌های اقتصادی و پرچمدار را کاهش داده و تجربه‌ای کامل، روان و بی‌نقص از اکوسیستم اپل را ارائه می‌دهد. مهم‌ترین ویژگی که در نگاه اول خودنمایی می‌کند و بسیاری از کاربران منتظر آن بودند، نمایشگر رتینا با قابلیت همیشه روشن (Always-On) است که برای نخستین بار به سری SE راه یافته است. این فناوری کاربردی در ک ...","مشخصاتمناسب برایآقایان و بانوان سازگار با سیستم عاملiOS توضیحات سازگاریسازگار با آیفون ۱۱ یا بالاتر، iPhone SE نسل دوم یا بالاتر با iOS ۲۶ یا بعد از آن زبان‌های قابل پشتیبانی در اعلان و پیامانگلیسی فارسی هشدار هاویژگی‌های ECG (نوار قلب)، تشخیص سقوط، سنجش اکسیژن خون درون کشور فعال نیست. نوع کاربریورزشی روزمره قابلیت‌های ساعت هوشمندکنترل موسیقی (Music Player) قابلیت مکالمه از طریق بلوتوث قابلیت تغییر طرح ساعت یا تم صفحه همیشه روشن (Always-on Display) قابلیت نصب اپلیکیشن پشتیبانی از دستیار صوتی تشخیص سقوط تشخیص تصادف سایز قاب ساعت هوشمند۴۰ میلی‌متر ابعاد قاب۴۰x۳۴x۱۰.۷ میلی‌مترضخامت قاب۱۰.۷ میلی‌مترتکنولوژی‌های مکان‌یابی (GPS)GALILEO GLONASS GPS عرض قاب۴۰ میلی‌متروزن۲۶.۳ گرمفرم صفحهمستطیل قابلیت‌های مقاومتیمقاوم در برابر نفوذ آب مقاوم در برابر ضربه جنس شیشهIon-X Glass جنس بدنهآلومینیوم قابلیت تعویض بنددارد توضیحات جنس بدنهبدنه از جنس آلومینیوم بازیافتی جنس بندسیلیکون نوع قفل بندسگکی ساده نوع صفحه نمایش اصلیLTPO OLED اندازه صفحه نمایش۱.۵۷ اینچرزولوشن صفحه نمایش۳۹۴x۳۲۴ روشنایی صفحه نمایش۱۰۰۰ نیتتراکم پیکسلی صفحه نمایش۳۲۶ پیکسل بر اینچسایر مشخصات صفحه نمایشصفحه نمایش Retina همیشه روشن با تکنولوژی OLED با LTPO؛ روشنایی اوج تا ~۱۰۰۰ نیت؛ حداقل روشنایی ۲ نیت حسگرهای حرکتی و محیطیگام‌شمار (Pedometer) ژیروسکوپ (Gyroscope) تشخیص نور محیط شتاب سنج (Accelerometer) ارتفاع سنج (Altimeter) پشتیبانی از فرمان‌های حرکتی امکانات ورزشیپشتیبانی از تمرینات مختلف ورزشی تشخیص هوشمند نوع رشته ورزشی محاسبه میزان کالری مصرفی امکان ارائه برنامه تمرینی محاسبه مسافت طی شده سنسورهای ورزشی و سلامتیشمارنده ضربان قلب سنجش دمای بدن سنجش اکسیژن خون تشخیص حرکات دست نوار قلب (الکتروکاردیوگرام) سنجش سطح استرس سنجش کیفیت خواب نظارت بر سیکل ماهیانه بانوان اندازه‌گیری فشار خون سیستم عاملWatchOS پردازندهApple S۱۰ Chip ۶۴-bit حافظه داخلی۶۴ نسخه بلوتوث۵.۳ سایر مشخصات سخت افزاریتراشه S۱۰ با پردازنده دو هسته‌ای ۶۴ بیت، موتور عصبی ۴ هسته‌ای اتصالاتBluetooth نوع باتریلیتیوم یون نحوه شارژ ساعت هوشمندکابل مغناطیسی مدت زمان شارژ شدناز ۰ تا ۸۵ در ۴۵ دقیقه","اپل"
"1771408692-307","https://www.digikala.com/search/category-wearable-gadget/","ساعت هوشمند مدل T800 Ultra","۹۹۸,۰۰۰","","","۳.۷","تنها ۲ عدد در انبار باقی مانده","","","","ساعت هوشمند مدل T800 Ultra تنها ۲ عدد در انبار باقی مانده
۳.۷۹۹۸,۰۰۰","https://www.digikala.com/product/dkp-10466862/%D8%B3%D8%A7%D8%B9%D8%AA-%D9%87%D9%88%D8%B4%D9%85%D9%86%D8%AF-%D9%85%D8%AF%D9%84-t800-ultra/","۳.۷","۳۱۷۹ دیدگاه","خوب","ساعت هوشمند مدل T800 Ultra","۸۴۵,۰۰۰","","https://dkstatics-public.digikala.com/digikala-products/ccd493f85f70e210baf060aed4223e8a32239ada_1754253563.jpg?x-oss-process=image/resize,m_lfit,h_800,w_800/quality,q_90
https://dkstatics-public.digikala.com/digikala-products/ccd493f85f70e210baf060aed4223e8a32239ada_1754253563.jpg?x-oss-process=image/resize,m_lfit,h_800,w_800/quality,q_90
https://dkstatics-public.digikala.com/digikala-products/4db72df1c80ef9b4f26818f6b7e591ae328d1e86_1674111601.jpg?x-oss-process=image/resize,m_lfit,h_800,w_800/quality,q_90
https://dkstatics-public.digikala.com/digikala-products/48b75ab9f0433eb250e5e3a273f2c0a94160369f_1674036761.jpg?x-oss-process=image/resize,m_lfit,h_800,w_800/quality,q_90
https://dkstatics-public.digikala.com/digikala-products/ccd493f85f70e210baf060aed4223e8a32239ada_1754253563.jpg?x-oss-process=image/resize,m_lfit,h_800,w_800/quality,q_90","","مشکیآلومینیومی","ویژگی‌هانوع کاربریورزشی، رسمی، روزمرهورزشی، رسمی، روزمرهفرم صفحهمربعمربعجنس بندسیلیکونسیلیکونمشاهده همه ویژگی‌ها","T800 Ultra یکی از کلون‌های جدید اپل واچ اولترا 2022 است که با قیمت بسیار مقرون به صرفه در بازار موجود است. این یک ساعت هوشمند اسپرت است که طراحی مربعی با صفحه نمایش LCD بزرگ 1.99 اینچی خود میزبان چندین ویژگی بارز از جمله نمایشگر ضربان قلب، مانیتور اکسیژن خون SPO2، حالت‌های Multisport، ضد آب IP67 و پشتیبانی از تماس است. این ساعت هوشمند ابعادی معادل 4/5x38/5x1/4 میلی‌متر دارد و وزن آن معادل 50 گرم است. یکی از مهم‌ترین نکاتی که در این ساعت هوشمند می‌توان یافت، رنگ‌بندی متنوع آن  ...","مشخصاتمناسب برایآقایان و بانوان توضیحات سازگاریAndroid ۵.۲ و IOS ۹.۰ و جدیدتر نوع کاربریورزشی رسمی روزمره قابلیت‌های ساعت هوشمندصفحه نمایش رنگی صفحه نمایش لمسی وزن۵۰ گرمفرم صفحهمربع جنس بدنهآلومینیوم جنس بندسیلیکون نوع قفل بندسگکی ساده توضیحات رنگ بند و بدنهبند ultra در رنگ بندی متنوع و بدنه طوسی اندازه صفحه نمایش۱.۹۹ اینچ اینچاقلام همراهکابل شارژ وایرلس /
یک جفت بند سیلیکونی لوپ سری ۸ ultra","متفرقه"
"1771408698-308","https://www.digikala.com/search/category-wearable-gadget/","ساعت هوشمند 46 میلیمتری ورنا مدل W46 MAX با بند فلزی به همراه 6 بند اضافه","۱,۷۴۰,۰۰۰","۲,۱۸۰,۰۰۰","۲۰٪","۳.۷","ارسال فروشنده","","https://dkstatics-public.digikala.com/digikala-products/e4d23638b1428bdf479d292ebd8547edc29133e3_1754238164.jpg?x-oss-process=image/resize,m_lfit,h_300,w_300/quality,q_80","https://www.digikala.com/statics/img/svg/productCard/topBadge/SpecialSell.svg","ساعت هوشمند 46 میلیمتری ورنا مدل W46 MAX با بند فلزی به همراه 6 بند اضافهارسال فروشنده
۳.۷۲۰٪۱,۷۴۰,۰۰۰۲,۱۸۰,۰۰۰","https://www.digikala.com/product/dkp-17578721/%D8%B3%D8%A7%D8%B9%D8%AA-%D9%87%D9%88%D8%B4%D9%85%D9%86%D8%AF-46-%D9%85%DB%8C%D9%84%DB%8C%D9%85%D8%AA%D8%B1%DB%8C-%D9%88%D8%B1%D9%86%D8%A7-%D9%85%D8%AF%D9%84-w46-max-%D8%A8%D8%A7-%D8%A8%D9%86%D8%AF-%D9%81%D9%84%D8%B2%DB%8C-%D8%A8%D9%87-%D9%87%D9%85%D8%B1%D8%A7%D9%87-6-%D8%A8%D9%86%D8%AF-%D8%A7%D8%B6%D8%A7%D9%81%D9%87/","۳.۷","۳۶ دیدگاه","عالی","ساعت هوشمند 46 میلیمتری ورنا مدل W46 MAX با بند فلزی به همراه 6 بند اضافه","۲,۱۸۰,۰۰۰","","https://dkstatics-public.digikala.com/digikala-products/e4d23638b1428bdf479d292ebd8547edc29133e3_1754238164.jpg?x-oss-process=image/resize,m_lfit,h_800,w_800/quality,q_90
https://dkstatics-public.digikala.com/digikala-products/409bf95824f5b0c5a15a87104075b09dee121716_1769800134.jpg?x-oss-process=image/resize,m_lfit,h_800,w_800/quality,q_90
https://dkstatics-public.digikala.com/digikala-products/62f20428023319099b2a55cbfd0ce42cf989e60b_1734612706.jpg?x-oss-process=image/resize,m_lfit,h_800,w_800/quality,q_90
https://dkstatics-public.digikala.com/digikala-products/e4d23638b1428bdf479d292ebd8547edc29133e3_1754238164.jpg?x-oss-process=image/resize,m_lfit,h_800,w_800/quality,q_90","","طلایی براقنقره ایمشکیخاکستری","ویژگی‌هانوع کاربریورزشی، رسمی، روزمرهورزشی، رسمی، روزمرهفرم صفحهمستطیلمستطیلجنس بندفلزفلزمشاهده همه ویژگی‌ها","اگر چند وقتیه که فکر خرید یک ساعت هوشمند به سرت زده، حتما بین این همه مدل با قیمتهای مختلف گیج شدی و نمیدونی چی بگیری. با این همه، درصد قابل توجهی از مردم با وجود این همه تنوع، ظاهر ساده و شیک ساعت‌های اپل رو ترجیح میدن، ولی خوب به دلیل قیمت نجومیشون، کمتر سراغش میرن. اخیرا شرکتهای زیادی مدلهای طرح اپل رو با قیمت بسیار ارزونتر تولید کردن. شرکت ورنا “verna” هم که چند سالی در زمینه مونتاژ گجت‌ها کار می‌کنه، چند مدل ساعت هوشمند طرح اصلی روانه بازار کرده. حالا اگه شما هم جز اون د ...","مشخصاتمناسب برایآقایان و بانوان سازگار با سیستم عاملAndroid iOS توضیحات سازگاریسازگار با اندروید و IOS زبان‌های قابل پشتیبانی در اعلان و پیامفارسی انگلیسی هشدار هایک راهنمایی صادقانه در مورد ساعت طرح اپل یا متفرقه: در نظر داشته باشید، با توجه به قیمت و اینکه این محصول نمونه های-کپی از ساعتهای اصلی مانند اپل یا سامسونگ میباشد، دقت برخی سنسورها (مانند قدم شمار) کمی با خطا همراه است و طبق تست انجام گرفته، الباقی سنسورها مانند فشار یا اکسیژن خون نیز مقادیر درستی نشان نمیدهد و بیشتر جنبه تزئینی دارند. لذا در صورتی که این موارد برای شما مهم است، میبایست حتما ساعت اورجینال و برند اصلی تهیه کنید. چون تقریبا تمام مدلهای های-کپی، در دقت سنسورها، دارای ضعف بوده و اختلاف قیمت آنها بیشتر مربوط به اپلیکیشن یا برنامه ای که به موبایل متصل میشود، کیفیت صفحه نمایش، میزان نگهداری باتری و مواردی از این دست میباشد. پس اولا فریب تبلیغات مختلف در مورد کارکرد سنسورها در این مدل‌ها و در این رنج قیمت را نخورید، ثانیا لطفا توجه داشته باشید، عدم دقت احتمالی سنسورها، به معنی ایراد دستگاه یا غیر اصل بودن آن نیست. پس حتما این موضوع را در خرید خود در نظر بگیرید. ضمنا در جا زدن بند ساعت به هنگام تعویض بند، دقت لازم را داشته باشید (فقط به صورت کشویی جا میرود). ضمنان در مورد مدلهایی که هم ساعت و هم بند، پین فلزی دارد در موقع بیرون آوردن بند، باید دکمه آزاد شدن پین بند که در پشت یاعت تعبیه شده را فشار دهند. نوع کاربریورزشی رسمی روزمره قابلیت‌های ساعت هوشمندکنترل موسیقی (Music Player) قابلیت مکالمه از طریق بلوتوث پشتیبانی از زبان فارسی در منو و سیستم‌عامل قابلیت تغییر طرح ساعت یا تم سایز قاب ساعت هوشمند۴۶ میلی‌متر وزن- گرمفرم صفحهمستطیل قابلیت‌های مقاومتیبدون قابلیت مقاومتی جنس بدنهفلز قابلیت تعویض بنددارد توضیحات جنس بدنهفلزی بسیار با کیفیت که کاملا حس مدل اصلی را القا میکند. (عکس اول عکس طراحی شده است اما بیشتر عکسهای آلبوم واقعیست) ضمنا هرچند این مدل کپی مدل ۴۶ میلیمتر اپل ساخته شده است، اما سایز بدنه (طول بیرونی فریم) دقیقا ۴۶ میلیمتر نیست و ممکن است کمی کمتر یا بیشتر باشد.  جنس بندفلز نوع قفل بندضامن دار (کلیپسی) توضیحات رنگ بند و بدنهفریم فلزی و هفت بند متفاوت (یکی از بندها فلزی است) در رنگ‌های مختلف. لطفا توجه داشته باشید یکی از بندها همواره فلزی است، الباقی بندها تقریبا مطابق عکسهای آلبوم ارسال میشود ولی رنگ یا جنس بعضی از بندها، از آنجا که رندوم ارسال میشود ممکن است با عکسهای آلبوم متفاوت باشد. ضمنا رنگی که هنگام خرید انتخاب میکنید، رنگ فریم ساعت است لذا در انتخاب خود مطابق با عکس نمونه قرار داده شده در آلبوم دقت نمایید. اندازه صفحه نمایش۱.۸ اینچ اینچحسگرهای حرکتی و محیطیژیروسکوپ (Gyroscope) سنسورهای ورزشی و سلامتیتشخیص حرکات دست سیستم عاملبدون سیستم عامل توضیحات دوربیندوربین ندارد اتصالاتBluetooth نحوه شارژ ساعت هوشمندشارژ بی‌سیم مدت زمان شارژ شدنبستگی به توان کلگی شارژر دارد ولی معمولا ۲ الی ۴ ساعت قابلیت های ویژهدارای هفت بند با طرح ها و رنگ های متفاوت اقلام همراههفت بند مختلف، کابل شارژ وایرلس، کارت راهنمای فارسی","ورنا"
"1771408700-309","https://www.digikala.com/search/category-wearable-gadget/","ساعت هوشمند 47 میلی متری گلوریمی مدل GX CLASSICFIT (LIMITED EDITION) بند چرمی","۸,۹۰۰,۰۰۰","","","۴.۴","&nbsp;","","https://dkstatics-public.digikala.com/digikala-products/518970f67d6b697aedd2b9cf01ac8bc99e2ccaff_1747844249.jpg?x-oss-process=image/resize,m_lfit,h_300,w_300/quality,q_80","","ساعت هوشمند 47 میلی متری گلوریمی مدل GX CLASSICFIT (LIMITED EDITION) بند چرمی&nbsp;
۴.۴۸,۹۰۰,۰۰۰","https://www.digikala.com/product/dkp-19297546/%D8%B3%D8%A7%D8%B9%D8%AA-%D9%87%D9%88%D8%B4%D9%85%D9%86%D8%AF-47-%D9%85%DB%8C%D9%84%DB%8C-%D9%85%D8%AA%D8%B1%DB%8C-%DA%AF%D9%84%D9%88%D8%B1%DB%8C%D9%85%DB%8C-%D9%85%D8%AF%D9%84-gx-classicfit-limited-edition-%D8%A8%D9%86%D8%AF-%DA%86%D8%B1%D9%85%DB%8C/","۴.۴","۵۴ دیدگاه","خیلی خوب","ساعت هوشمند 47 میلی متری گلوریمی مدل GX CLASSICFIT (LIMITED EDITION) بند چرمی","۹,۷۰۰,۰۰۰","۴۶.۶%","https://dkstatics-public.digikala.com/digikala-products/518970f67d6b697aedd2b9cf01ac8bc99e2ccaff_1747844249.jpg?x-oss-process=image/resize,m_lfit,h_800,w_800/quality,q_90
https://dkstatics-public.digikala.com/digikala-products/0d273fa251d809aae04c817ab4e065fa8f038110_1747844249.jpg?x-oss-process=image/resize,m_lfit,h_800,w_800/quality,q_90
https://dkstatics-public.digikala.com/digikala-products/eaf1a30fa482ff6c8533c6e902649e3556a2a19d_1747844249.jpg?x-oss-process=image/resize,m_lfit,h_800,w_800/quality,q_90
https://dkstatics-public.digikala.com/digikala-products/518970f67d6b697aedd2b9cf01ac8bc99e2ccaff_1747844249.jpg?x-oss-process=image/resize,m_lfit,h_800,w_800/quality,q_90","","سرمه ای","ویژگی‌هانوع کاربریورزشی، روزمرهورزشی، روزمرهفرم صفحهدایرهدایرهجنس بندچرمچرممشاهده همه ویژگی‌ها","ساعت هوشمند گلوریمی مدل GX CLASSICFIT (LIMITED EDITION) با بندچرمی، ترکیبی از طراحی کلاسیک و فناوری‌های به‌روز که برای آقایانی باسلیقه خاص طراحی‌شده است. قاب دایره‌ای این ساعت با بدنه‌ای از آلیاژ روی و صفحه‌نمایش AMOLED، نمایی زیبا و حرفه‌ای به آن می‌بخشد و با بندچرمی خوش‌ساخت، حس یک ساعت لوکس را به همراه دارد.
صفحه‌نمایش ۱.۶ اینچی این مدل با وضوح ۴۸۰×۴۸۰ پیکسل، روشنایی ۱۳۵۰ نیت و نرخ نوسازی ۶۰ هرتز، کیفیت بصری جذابی را ارائه می‌دهد. این ساعت هوشمند با سیستم‌عامل Glorimi OS و ...","مشخصاتمناسب برایآقایان سازگار با سیستم عاملAndroid iOS توضیحات سازگاریسازگاری با سیستم عامل‌های اندروید و ios نوع کاربریورزشی روزمره قابلیت‌های ساعت هوشمندقابلیت مکالمه از طریق بلوتوث صفحه همیشه روشن (Always-on Display) سایز قاب ساعت هوشمند۴۷ میلی‌متر فرم صفحهدایره قابلیت‌های مقاومتیمقاوم در برابر نفوذ آب جنس بدنهآلیاژ روی قابلیت تعویض بنددارد جنس بندچرم نوع قفل بندسگکی ساده نوع صفحه نمایش اصلیAMOLED اندازه صفحه نمایش۱.۶ اینچرزولوشن صفحه نمایش۴۸۰x۴۸۰ پیکسل روشنایی صفحه نمایش۱۳۵۰ نیتسایر مشخصات صفحه نمایشنرخ نوسازی ۶۰ هرتز /
مجهز به شیشه ۲D با سختی بالا حسگرهای حرکتی و محیطیشتاب سنج (Accelerometer) فشار سنج (Barometer) گام‌شمار (Pedometer) امکانات ورزشیپشتیبانی از تمرینات مختلف ورزشی تشخیص هوشمند نوع رشته ورزشی سنسورهای ورزشی و سلامتیشمارنده ضربان قلب سنجش اکسیژن خون سنجش کیفیت خواب نظارت بر سیکل ماهیانه بانوان پردازنده۲ هسته‌ای حافظه داخلی۴ گیگابایت سایر مشخصات سخت افزاریمجهز به سیستم‌عامل Glorimi OS /
شارژدهی تا ۴۵ روز در حالت ذخیره انرژی /
شارژدهی تا ۱۰ روز در استفاده عادی /
مجهز به عملکرد AGPS /
پشتیبانی از ۵ سیستم ماهواره‌ای موقعیت‌یابی /
مقاوم در برابر آب تا عمق ۵۰ متر اتصالاتBluetooth ظرفیت باتری۴۵۰ میلی آمپر ساعتنحوه شارژ ساعت هوشمندکابل مغناطیسی مدت زمان شارژ شدنتا ۲.۵ ساعت قابلیت های ویژهقابلیت ذخیره‌سازی تا ۱۰۰ آهنگ و ذخیره‌سازی عکس تا ۵۰ عدد /
پشتیبانی از ۱۷۰ حالت ورزشی","گلوریمی"
"1771408707-310","https://www.digikala.com/search/category-wearable-gadget/","ساعت هوشمند 49 اینچ اولترا 2 مدل T1000 با بند سیلیکونی","۷۴۹,۰۰۰","","","۳.۵","&nbsp;","","","","ساعت هوشمند 49 اینچ اولترا 2 مدل T1000 با بند سیلیکونی&nbsp;
۳.۵۷۴۹,۰۰۰","https://www.digikala.com/product/dkp-19173573/%D8%B3%D8%A7%D8%B9%D8%AA-%D9%87%D9%88%D8%B4%D9%85%D9%86%D8%AF-49-%D8%A7%DB%8C%D9%86%DA%86-%D8%A7%D9%88%D9%84%D8%AA%D8%B1%D8%A7-2-%D9%85%D8%AF%D9%84-t1000-%D8%A8%D8%A7-%D8%A8%D9%86%D8%AF-%D8%B3%DB%8C%D9%84%DB%8C%DA%A9%D9%88%D9%86%DB%8C/","۳.۵","۱۷ دیدگاه","خیلی خوب","ساعت هوشمند 49 اینچ اولترا 2 مدل T1000 با بند سیلیکونی","۷۴۰,۰۰۰","۸۰%","https://dkstatics-public.digikala.com/digikala-products/596c74924b4b59892f1f53a4a7aae3371b182e91_1746517932.jpg?x-oss-process=image/resize,m_lfit,h_800,w_800/quality,q_90
https://dkstatics-public.digikala.com/digikala-products/bff24b5459f758fcbf5fd5a6b432034cb6b1102a_1746517936.jpg?x-oss-process=image/resize,m_lfit,h_800,w_800/quality,q_90
https://dkstatics-public.digikala.com/digikala-products/67b957d7f1efae4d26e028d6e30286afb82ba673_1746517998.jpg?x-oss-process=image/resize,m_lfit,h_800,w_800/quality,q_90
https://dkstatics-public.digikala.com/digikala-products/596c74924b4b59892f1f53a4a7aae3371b182e91_1746517932.jpg?x-oss-process=image/resize,m_lfit,h_800,w_800/quality,q_90","","نارنجیمشکینارنجی فلورسنتنارنجی فسفریمشکی براق","ویژگی‌هانوع کاربریروزمره، رسمی، ورزشیروزمره، رسمی، ورزشیفرم صفحهمستطیلمستطیلجنس بندسیلیکونسیلیکونمشاهده همه ویژگی‌ها","ساعت هوشمند  ULTRA 2 T1000 49 mm محصولی است که با طراحی مدرن و پیشرفته خود، توانسته توجه بسیاری از کاربران را به خود جلب کند. این ساعت هوشمند، برآیند سال‌ها تجربه و تلاش شرکت پیشرو در زمینه فناوری‌های پوشیدنی است که با هدف ارائه محصولی جذاب، کارآمد و چندکاره به بازار عرضه شده است. از نظر ظاهری،  ULTRA 2 T1000 49 mm با بهره‌گیری از مواد با کیفیت بالا و طراحی زیبا و مدرن، به عنوان یک اکسسوری جذاب در کنار هر پوشش و سبک لباسی ظاهر می‌شود. صفحه‌نمایش AMOLED با وضوح بالای این ساعت، ...","مشخصاتمناسب برایکاربری عمومی سازگار با سیستم عاملAndroid iOS توضیحات سازگاریسازگار با سیستم آندروید و IOS زبان‌های قابل پشتیبانی در اعلان و پیامفارسی انگلیسی چینی نوع کاربریروزمره رسمی ورزشی قابلیت‌های ساعت هوشمندکنترل موسیقی (Music Player) قابلیت مکالمه از طریق بلوتوث پشتیبانی از زبان فارسی در منو و سیستم‌عامل قابلیت تغییر طرح ساعت یا تم سایز قاب ساعت هوشمند۴۹ میلی‌متر ابعاد قاب۴۹ میلی‌متروزن۶۰ گرمفرم صفحهمستطیل جنس شیشهمعدنی جنس بدنهآلومینیوم قابلیت تعویض بنددارد توضیحات جنس بدنهبدنه آلمینیومی جنس بندسیلیکون نوع قفل بندسگکی ساده توضیحات رنگ بند و بدنهبدنه مشکی + بند مشکی . بدنه نچرال تیتانیوم(بژ) + بند نارنجی اندازه صفحه نمایش۴۹mm اینچرزولوشن صفحه نمایش۳۶۰*۳۶۰ resolution حسگرهای حرکتی و محیطیگام‌شمار (Pedometer) پشتیبانی از فرمان‌های حرکتی امکانات ورزشیپشتیبانی از تمرینات مختلف ورزشی سنسورهای ورزشی و سلامتیشمارنده ضربان قلب سیستم عاملبدون سیستم عامل اتصالاتBluetooth نوع باتریلیتیومی نحوه شارژ ساعت هوشمندکابل مغناطیسی اقلام همراهدفترچه راهنما + کابل شارژ","متفرقه"
"1771408710-311","https://www.digikala.com/search/category-wearable-gadget/","ساعت هوشمند 47 میلی متر وونک مدل Z13 Ultra با بند سیلیکون","۲,۵۵۰,۰۰۰","۳,۹۹۰,۰۰۰","۳۶٪","۳.۶","ارسال سریع دیجی‌کالا","","","","ساعت هوشمند 47 میلی متر وونک مدل Z13 Ultra با بند سیلیکونارسال سریع دیجی‌کالا
۳.۶۳۶٪۲,۵۵۰,۰۰۰۳,۹۹۰,۰۰۰","https://www.digikala.com/product/dkp-20967355/%D8%B3%D8%A7%D8%B9%D8%AA-%D9%87%D9%88%D8%B4%D9%85%D9%86%D8%AF-47-%D9%85%DB%8C%D9%84%DB%8C-%D9%85%D8%AA%D8%B1-%D9%88%D9%88%D9%86%DA%A9-%D9%85%D8%AF%D9%84-z13-ultra-%D8%A8%D8%A7-%D8%A8%D9%86%D8%AF-%D8%B3%DB%8C%D9%84%DB%8C%DA%A9%D9%88%D9%86/","۳.۶","۲۳ دیدگاه","عالی","ساعت هوشمند 47 میلی متر وونک مدل Z13 Ultra با بند سیلیکون","۳,۹۹۰,۰۰۰","۷۱.۴%","https://dkstatics-public.digikala.com/digikala-products/800e9a3da7d93cb265737c42f673910ae130827d_1764075688.jpg?x-oss-process=image/resize,m_lfit,h_800,w_800/quality,q_90
https://dkstatics-public.digikala.com/digikala-products/c193252e67b3814bb9fd9a2728fe01fac94f0bb4_1764075718.jpg?x-oss-process=image/resize,m_lfit,h_800,w_800/quality,q_90
https://dkstatics-public.digikala.com/digikala-products/f99791ad2e9f40c5041e8ea48f9b30899b8cd0bd_1764075718.jpg?x-oss-process=image/resize,m_lfit,h_800,w_800/quality,q_90
https://dkstatics-public.digikala.com/digikala-products/800e9a3da7d93cb265737c42f673910ae130827d_1764075688.jpg?x-oss-process=image/resize,m_lfit,h_800,w_800/quality,q_90","","مشکی","ویژگی‌هانوع کاربریورزشی، رسمی، روزمرهورزشی، رسمی، روزمرهفرم صفحهدایرهدایرهجنس بندسیلیکونسیلیکونمشاهده همه ویژگی‌ها","ساعت هوشمند Z13 Ultra ، یک گزینه ایده‌آل برای کسانی است که به دنبال ترکیب کارایی و زیبایی در ساعت هوشمند خود هستند. این ساعت با طراحی شیک و مقاوم، به‌ویژه برای آقایان و بانوانی که از آن در شرایط مختلف استفاده می‌کنند، مناسب است. ابعاد قاب این ساعت 47x47 میلی‌متر است و با وزن 47 گرم، به‌راحتی روی مچ قرار می‌گیرد. فریم ساعت از جنس فلز آلومینیوم ساخته‌شده که دوام بالایی دارد. این ساعت هوشمند دارای صفحه‌نمایش 1.46 اینچی با رزولوشن 360×360 پیکسل است که تصاویری شفاف و رنگ‌های زنده‌ ...","مشخصاتمناسب برایآقایان و بانوان سازگار با سیستم عاملAndroid iOS توضیحات سازگاریسازگار با Android و iOS زبان‌های قابل پشتیبانی در اعلان و پیامفارسی انگلیسی چینی عربی نوع کاربریورزشی رسمی روزمره قابلیت‌های ساعت هوشمندکنترل موسیقی (Music Player) قابلیت مکالمه از طریق بلوتوث پشتیبانی از زبان فارسی در منو و سیستم‌عامل قابلیت تغییر طرح ساعت یا تم صفحه همیشه روشن (Always-on Display) تشخیص سقوط سایز قاب ساعت هوشمند۴۷ میلی‌متر ابعاد قاب۴۷ میلی‌متروزن۴۷ گرمفرم صفحهدایره قابلیت‌های مقاومتیمقاومت در برابر پاشش آب و گرد و غبار جنس شیشهGorilla Glass ۳ جنس بدنهآلومینیوم قابلیت تعویض بنددارد جنس بندسیلیکون نوع قفل بندسگکی ساده اندازه صفحه نمایش۱.۴۶ اینچتراکم پیکسلی صفحه نمایش۳۶۰*۳۶۰ پیکسل بر اینچحسگرهای حرکتی و محیطیشتاب سنج (Accelerometer) پشتیبانی از فرمان‌های حرکتی گام‌شمار (Pedometer) امکانات ورزشیپشتیبانی از تمرینات مختلف ورزشی سنسورهای ورزشی و سلامتیشمارنده ضربان قلب سنجش اکسیژن خون تشخیص حرکات دست سیستم عاملWatchOS نسخه بلوتوث۵.۲ اتصالاتBluetooth ظرفیت باتری۲۲۰ میلی آمپر ساعتنحوه شارژ ساعت هوشمندکابل مغناطیسی مدت زمان شارژ شدن۱ اقلام همراهشارژر مغناطیسی
دو عدد بند با طرح مختلف
کاتالوگ","وونک"
"1771408712-312","https://www.digikala.com/search/category-wearable-gadget/","ساعت هوشمند مردانه اسکمی مدل 1250","۲,۸۲۲,۰۰۰","","","۳.۶","تنها ۲ عدد در انبار باقی مانده","","","","ساعت هوشمند مردانه اسکمی مدل 1250تنها ۲ عدد در انبار باقی مانده
۳.۶۲,۸۲۲,۰۰۰","https://www.digikala.com/product/dkp-1136375/%D8%B3%D8%A7%D8%B9%D8%AA-%D9%87%D9%88%D8%B4%D9%85%D9%86%D8%AF-%D9%85%D8%B1%D8%AF%D8%A7%D9%86%D9%87-%D8%A7%D8%B3%DA%A9%D9%85%DB%8C-%D9%85%D8%AF%D9%84-1250/","۳.۶","۵۸ دیدگاه","خیلی خوب","ساعت هوشمند مردانه اسکمی مدل 1250","۲,۸۲۲,۰۰۰","۶۰%","https://dkstatics-public.digikala.com/digikala-products/5399281.jpg?x-oss-process=image/resize,m_lfit,h_800,w_800/quality,q_90
https://dkstatics-public.digikala.com/digikala-products/5399508.jpg?x-oss-process=image/resize,m_lfit,h_800,w_800/quality,q_90
https://dkstatics-public.digikala.com/digikala-products/5399516.jpg?x-oss-process=image/resize,m_lfit,h_800,w_800/quality,q_90
https://dkstatics-public.digikala.com/digikala-products/5399281.jpg?x-oss-process=image/resize,m_lfit,h_800,w_800/quality,q_90","","مشکی","ویژگی‌هانوع کاربریورزشی، روزمرهورزشی، روزمرهفرم صفحهگردگردجنس بندلاستیکلاستیکمشاهده همه ویژگی‌ها","","مشخصاتمناسب برایآقایان توضیحات سازگاریاندروید ۴.۳ و بالاتر
ios ۷ و بالاتر نوع کاربریورزشی روزمره ابعاد قاب۴۹*۴۹ میلی‌مترضخامت قاب۴۹ میلی‌مترعرض قاب۴۹ میلی‌متروزن۵۹ گرمفرم صفحهگرد جنس شیشهمعدنی جنس بدنهپلاستیک توضیحات جنس بدنهپلی کربنات جنس بندلاستیک نوع قفل بندسگکی ساده سیستم عاملiOS اندروید اتصالاتBluetooth نوع باتریCR۲۴۵۰ ظرفیت باتری۲۹۰ میلی آمپر ساعت","اسکمی"
"1771408720-313","https://www.digikala.com/search/category-wearable-gadget/","ساعت هوشمند 47 میلی متری مدل 7IN1 SEVEN PLUS IN ONE با بند سیلیکونی","۱,۴۵۸,۰۰۰","۲,۴۰۰,۰۰۰","۳۹٪","۲.۸","تنها ۲ عدد در انبار باقی مانده","","","","ساعت هوشمند 47 میلی متری مدل 7IN1 SEVEN PLUS IN ONE با بند سیلیکونیتنها ۲ عدد در انبار باقی مانده
۲.۸۳۹٪۱,۴۵۸,۰۰۰۲,۴۰۰,۰۰۰","https://www.digikala.com/product/dkp-19478379/%D8%B3%D8%A7%D8%B9%D8%AA-%D9%87%D9%88%D8%B4%D9%85%D9%86%D8%AF-47-%D9%85%DB%8C%D9%84%DB%8C-%D9%85%D8%AA%D8%B1%DB%8C-%D9%85%D8%AF%D9%84-7in1-seven-plus-in-one-%D8%A8%D8%A7-%D8%A8%D9%86%D8%AF-%D8%B3%DB%8C%D9%84%DB%8C%DA%A9%D9%88%D9%86%DB%8C/","۲.۸","۱۵ دیدگاه","خوب","ساعت هوشمند 47 میلی متری مدل 7IN1 SEVEN PLUS IN ONE با بند سیلیکونی","۲,۴۰۰,۰۰۰","","https://dkstatics-public.digikala.com/digikala-products/e2c841b43a8af7764012e8eb1064853286b3e84e_1749399501.jpg?x-oss-process=image/resize,m_lfit,h_800,w_800/quality,q_90
https://dkstatics-public.digikala.com/digikala-products/38b3ed460ce8d7771be3eb874c1fff3275753c5f_1749399432.jpg?x-oss-process=image/resize,m_lfit,h_800,w_800/quality,q_90
https://dkstatics-public.digikala.com/digikala-products/1e9580e12e0c39aa2e5e65b4451f191bfe6e2a10_1749399459.jpg?x-oss-process=image/resize,m_lfit,h_800,w_800/quality,q_90
https://dkstatics-public.digikala.com/digikala-products/e2c841b43a8af7764012e8eb1064853286b3e84e_1749399501.jpg?x-oss-process=image/resize,m_lfit,h_800,w_800/quality,q_90","","نقره ایمشکیبژ","ویژگی‌هانوع کاربریورزشی، رسمی، روزمرهورزشی، رسمی، روزمرهفرم صفحهمستطیلمستطیلجنس بندسیلیکونسیلیکونمشاهده همه ویژگی‌ها","","مشخصاتمناسب برایکاربری عمومی سازگار با سیستم عاملiOS Android توضیحات سازگاریسازگار با تمامی مدل ها نوع کاربریورزشی رسمی روزمره قابلیت‌های ساعت هوشمندپشتیبانی از زبان فارسی در منو و سیستم‌عامل سایز قاب ساعت هوشمند۴۷ میلی‌متر فرم صفحهمستطیل قابلیت‌های مقاومتیمقاومت در برابر پاشش آب و گرد و غبار مقاوم در برابر نفوذ گرد و غبار جنس بدنهفولاد ضدزنگ قابلیت تعویض بنددارد جنس بندسیلیکون نوع قفل بندسگکی ساده اندازه صفحه نمایش۲ اینچحسگرهای حرکتی و محیطیژیروسکوپ (Gyroscope) گام‌شمار (Pedometer) سنسورهای ورزشی و سلامتیسنجش اکسیژن خون شمارنده ضربان قلب سنجش کیفیت خواب نحوه شارژ ساعت هوشمندکابل مغناطیسی قابلیت های ویژهپشتیبانی کامل از زبان فارسی

نرم افزار یکپارچه با نصب و کاربری آسان

پشتیبانی از شارژر وایرلس (بی سیم)

سنسورهای ساعت هوشمند :

اکسیژن خون, پایش خواب مفید

ژیروسکوپ, شاتر دوربین, شتاب سنج, ضربان قلب, فشارسنج

کالری شمار, گام شمار, نمایشگر همیشه روشن, و....","متفرقه"
"1771408722-314","https://www.digikala.com/search/category-wearable-gadget/","ساعت هوشمند 45 میلی متری گلوریمی مدل GC Slim با بند سیلیکونی و مغناطیسی","۴,۸۸۰,۰۰۰","","","۳.۸","ارسال سریع دیجی‌کالا","","","","ساعت هوشمند 45 میلی متری گلوریمی مدل GC Slim با بند سیلیکونی و مغناطیسی ارسال سریع دیجی‌کالا
۳.۸۴,۸۸۰,۰۰۰","https://www.digikala.com/product/dkp-20520613/%D8%B3%D8%A7%D8%B9%D8%AA-%D9%87%D9%88%D8%B4%D9%85%D9%86%D8%AF-45-%D9%85%DB%8C%D9%84%DB%8C-%D9%85%D8%AA%D8%B1%DB%8C-%DA%AF%D9%84%D9%88%D8%B1%DB%8C%D9%85%DB%8C-%D9%85%D8%AF%D9%84-gc-slim-%D8%A8%D8%A7-%D8%A8%D9%86%D8%AF-%D8%B3%DB%8C%D9%84%DB%8C%DA%A9%D9%88%D9%86%DB%8C-%D9%88-%D9%85%D8%BA%D9%86%D8%A7%D8%B7%DB%8C%D8%B3%DB%8C/","۳.۸","۶ دیدگاه","خوب","ساعت هوشمند 45 میلی متری گلوریمی مدل GC Slim با بند سیلیکونی و مغناطیسی","۴,۰۵۰,۰۰۰","۸۰%","https://dkstatics-public.digikala.com/digikala-products/27270c2446fd1e7c6a401cd368999ba6c0283616_1758706619.jpg?x-oss-process=image/resize,m_lfit,h_800,w_800/quality,q_90
https://dkstatics-public.digikala.com/digikala-products/e0b4572b8b3c72e78c1dfcaf6600d943e163a055_1758706619.jpg?x-oss-process=image/resize,m_lfit,h_800,w_800/quality,q_90
https://dkstatics-public.digikala.com/digikala-products/ee7f38dab2863593fd048356c7fd654f76664939_1758706619.jpg?x-oss-process=image/resize,m_lfit,h_800,w_800/quality,q_90
https://dkstatics-public.digikala.com/digikala-products/27270c2446fd1e7c6a401cd368999ba6c0283616_1758706619.jpg?x-oss-process=image/resize,m_lfit,h_800,w_800/quality,q_90","","مشکیآبی","ویژگی‌هانوع کاربریورزشی، روزمرهورزشی، روزمرهفرم صفحهمستطیلمستطیلجنس بنداستیل ضدزنگاستیل ضدزنگمشاهده همه ویژگی‌ها","","مشخصاتمناسب برایکاربری عمومی سازگار با سیستم عاملAndroid iOS توضیحات سازگاریسازگار با اندروید و iOS زبان‌های قابل پشتیبانی در اعلان و پیامفارسی انگلیسی نوع کاربریورزشی روزمره قابلیت‌های ساعت هوشمندقابلیت مکالمه از طریق بلوتوث کنترل موسیقی (Music Player) پشتیبانی از زبان فارسی در منو و سیستم‌عامل قابلیت تغییر طرح ساعت یا تم صفحه همیشه روشن (Always-on Display) سایز قاب ساعت هوشمند۴۵ میلی‌متر ابعاد قاب۴۵x۳۶.۶x۱۰.۶ میلی‌مترضخامت قاب۱۰.۶ میلی‌مترعرض قاب۴۵ میلی‌مترفرم صفحهمستطیل قابلیت‌های مقاومتیمقاوم در برابر نفوذ گرد و غبار مقاوم در برابر نفوذ آب جنس بدنهپلی کربنات قابلیت تعویض بنددارد توضیحات جنس بدنهبدنه ترکیبی از پلی‌کربنات (PC) و کامپوزیت همراه با دکمه ساخته‌شده از استیل ضدزنگ ۳۰۴L / مجهز به دکمه چرخان (Rotating Crown Button) برای کنترل سریع و آسان منوها / پشتیبانی از بندهای قابل تعویض ۲۲ میلی‌متری برای تنوع و شخصی‌سازی بیشتر / شیشه مقاوم ۲.۵D با سختی بالا جنس بنداستیل ضدزنگ نوع قفل بندمغناطیسی نوع صفحه نمایش اصلیAMOLED اندازه صفحه نمایش۱.۷۸ اینچرزولوشن صفحه نمایش۳۶۸x۴۴۴۸ روشنایی صفحه نمایش۱۲۰۰ نیتحسگرهای حرکتی و محیطیشتاب سنج (Accelerometer) گام‌شمار (Pedometer) امکانات ورزشیپشتیبانی از تمرینات مختلف ورزشی تشخیص هوشمند نوع رشته ورزشی سنسورهای ورزشی و سلامتیشمارنده ضربان قلب سنجش اکسیژن خون سنجش کیفیت خواب سنجش سطح استرس نظارت بر سیکل ماهیانه بانوان نسخه بلوتوث۵.۳ اتصالاتBluetooth ظرفیت باتری۳۰۰ میلی آمپر ساعتنحوه شارژ ساعت هوشمندکابل مغناطیسی مدت زمان شارژ شدن۲ قابلیت های ویژهپاسخ سریع به پیام‌ها /
مجموعه‌ای متنوع از بازی‌های جدید /
پخش‌کننده موسیقی داخلی /
دستیار صوتی هوش مصنوعی /
یادآورهای هوشمند /
قفل رمز عبور برای امنیت بیشتر /
ماشین‌حساب /
پیش‌بینی وضعیت آب‌وهوا /
کرنومتر (Stopwatch) /
تایمر /
ساعت جهانی (World Clock) /
چراغ‌قوه (Flashlight) /
حالت صرفه‌جویی در مصرف انرژی (Power Saving Mode) /
حالت مزاحم نشوید (Do-not-disturb Mode) / 
حالت تئاتر (Theater Mode) /
هشدار کم‌تحرکی (Sedentary Alert) /
تایمر پومودورو (Pomodoro Timer) /
کنترل دوربین گوشی /
استایل‌های مختلف منو /
قابلیت پیدا کردن گوشی و ساعت (Find the Phone & Find the Watch) /
تنظیم زمان خاموشی صفحه (Display Timeout) /
فعال‌سازی صفحه با حرکت مچ (Raise to Wake) /
پشتیبانی از ویبره و زنگ هشدار اقلام همراهبند سیلیکونی مایع /
بند مغناطیسی (یا استیل مغناطیسی) /
محافظ صفحه نمایش /
کابل شارژ مغناطیسی /
دفترچه راهنما","گلوریمی"
"1771408724-315","https://www.digikala.com/search/category-wearable-gadget/","ساعت هوشمند بی اس تی مدل KR82 با قابلیت صفحه نمایش رنگی و لمسی، کنترل موسیقی، سنجش اکسیژن خون، مکالمه از طریق بلوتوث، امکان تغییر تم ساعت و بند سیلیکونی","۳,۹۰۰,۰۰۰","","","۴.۶","ارسال سریع دیجی‌کالا","","","","ساعت هوشمند بی اس تی مدل KR82 با قابلیت صفحه نمایش رنگی و لمسی، کنترل موسیقی، سنجش اکسیژن خون، مکالمه از طریق بلوتوث، امکان تغییر تم ساعت و بند سیلیکونیارسال سریع دیجی‌کالا
۴.۶۳,۹۰۰,۰۰۰","https://www.digikala.com/product/dkp-17203195/%D8%B3%D8%A7%D8%B9%D8%AA-%D9%87%D9%88%D8%B4%D9%85%D9%86%D8%AF-%D8%A8%DB%8C-%D8%A7%D8%B3-%D8%AA%DB%8C-%D9%85%D8%AF%D9%84-kr82-%D8%A8%D8%A7-%D9%82%D8%A7%D8%A8%D9%84%DB%8C%D8%AA-%D8%B5%D9%81%D8%AD%D9%87-%D9%86%D9%85%D8%A7%DB%8C%D8%B4-%D8%B1%D9%86%DA%AF%DB%8C-%D9%88-%D9%84%D9%85%D8%B3%DB%8C-%DA%A9%D9%86%D8%AA%D8%B1%D9%84-%D9%85%D9%88%D8%B3%DB%8C%D9%82%DB%8C-%D8%B3%D9%86%D8%AC%D8%B4-%D8%A7%DA%A9%D8%B3%DB%8C%DA%98%D9%86-%D8%AE%D9%88%D9%86-%D9%85%DA%A9%D8%A7%D9%84%D9%85%D9%87-%D8%A7%D8%B2-%D8%B7%D8%B1%DB%8C%D9%82-%D8%A8%D9%84%D9%88%D8%AA%D9%88%D8%AB-%D8%A7%D9%85%DA%A9%D8%A7%D9%86-%D8%AA%D8%BA%DB%8C%DB%8C%D8%B1-%D8%AA%D9%85-%D8%B3%D8%A7%D8%B9%D8%AA-%D9%88-%D8%A8%D9%86%D8%AF-%D8%B3%DB%8C%D9%84%DB%8C%DA%A9%D9%88%D9%86%DB%8C/","۴.۶","۴ دیدگاه","عالی","ساعت هوشمند بی اس تی مدل KR82 با قابلیت صفحه نمایش رنگی و لمسی، کنترل موسیقی، سنجش اکسیژن خون، مکالمه از طریق بلوتوث، امکان تغییر تم ساعت و بند سیلیکونی","۳,۹۰۰,۰۰۰","۱۰۰%","https://dkstatics-public.digikala.com/digikala-products/d0e5d24b8827c4a119e036686793dd3b8979d73f_1730224116.jpg?x-oss-process=image/resize,m_lfit,h_800,w_800/quality,q_90
https://dkstatics-public.digikala.com/digikala-products/3e26b08d9585cf785f8b755ad7e7b0ed6eed2f8a_1741758865.jpg?x-oss-process=image/resize,m_lfit,h_800,w_800/quality,q_90
https://dkstatics-public.digikala.com/digikala-products/c23938b37900a0380b90013ccf393d2b0aa46a3b_1741758739.jpg?x-oss-process=image/resize,m_lfit,h_800,w_800/quality,q_90
https://dkstatics-public.digikala.com/digikala-products/d0e5d24b8827c4a119e036686793dd3b8979d73f_1730224116.jpg?x-oss-process=image/resize,m_lfit,h_800,w_800/quality,q_90","","مشکی","ویژگی‌هانوع کاربریورزشی، روزمره، رسمیورزشی، روزمره، رسمیفرم صفحهمستطیلمستطیلجنس بندسیلیکونسیلیکونمشاهده همه ویژگی‌ها","","مشخصاتمناسب برایآقایان و بانوان هشدار هاآداپتور مورد استفاده برای شارژ ساعت حداکثر ۱ آمپر باشد , بارکد موجود در دفترچه راهنما را با گوشی اسکن و سپس بر روی گوشی خود نصب کنید , قبل از استفاده حتما ۲-۳ ساعت ساعت را شارژ کنید
 نوع کاربریورزشی روزمره رسمی قابلیت‌های ساعت هوشمندصفحه نمایش رنگی صفحه نمایش لمسی کنترل موسیقی (Music Player) کنترل سطح اکسیژن خون قابلیت مکالمه از طریق بلوتوث قابلیت تغییر طرح ساعت یا تم فرم صفحهمستطیل جنس بدنهفلز قابلیت تعویض بنددارد جنس بندسیلیکون نوع قفل بندسگکی ساده اندازه صفحه نمایش۲.۱ اینچرزولوشن صفحه نمایش۲۴۰*۲۹۶ ظرفیت باتری۶۵۰ میلی آمپر ساعتمدت زمان شارژ شدن۲","بی اس تی"
"1771408727-316","https://www.digikala.com/search/category-wearable-gadget/","ساعت هوشمند 49 میلی متری اپل مدل Ultra 3 Black Titanium Case با بند Ocean","۱۲۲,۸۹۰,۰۰۰","","","۵","تنها ۲ عدد در انبار باقی مانده","","","","ساعت هوشمند 49 میلی متری اپل مدل Ultra 3 Black Titanium Case با بند Oceanتنها ۲ عدد در انبار باقی مانده
۵۱۲۲,۸۹۰,۰۰۰","https://www.digikala.com/product/dkp-20503679/%D8%B3%D8%A7%D8%B9%D8%AA-%D9%87%D9%88%D8%B4%D9%85%D9%86%D8%AF-49-%D9%85%DB%8C%D9%84%DB%8C-%D9%85%D8%AA%D8%B1%DB%8C-%D8%A7%D9%BE%D9%84-%D9%85%D8%AF%D9%84-ultra-3-black-titanium-case-%D8%A8%D8%A7-%D8%A8%D9%86%D8%AF-ocean/","۵","۵ دیدگاه","عالی","ساعت هوشمند 49 میلی متری اپل مدل Ultra 3 Black Titanium Case با بند Ocean","۱۲۲,۹۹۰,۰۰۰","۱۰۰%","https://dkstatics-public.digikala.com/digikala-products/7e04bdefd032d297c8f33f7d68167506aa171e9b_1764429371.jpg?x-oss-process=image/resize,m_lfit,h_800,w_800/quality,q_90
https://dkstatics-public.digikala.com/digikala-products/7e04bdefd032d297c8f33f7d68167506aa171e9b_1764429371.jpg?x-oss-process=image/resize,m_lfit,h_800,w_800/quality,q_90
https://dkstatics-public.digikala.com/digikala-products/dfcacf33d0c077d804a7089a2c8042dad22cb553_1758544997.jpg?x-oss-process=image/resize,m_lfit,h_800,w_800/quality,q_90
https://dkstatics-public.digikala.com/digikala-products/933158fcb354871e8f7cde1d260f1f72cbed0709_1758544798.jpg?x-oss-process=image/resize,m_lfit,h_800,w_800/quality,q_90
https://dkstatics-public.digikala.com/digikala-products/7e04bdefd032d297c8f33f7d68167506aa171e9b_1764429371.jpg?x-oss-process=image/resize,m_lfit,h_800,w_800/quality,q_90","","مشکی","ویژگی‌هانوع کاربریورزشی، روزمرهورزشی، روزمرهفرم صفحهمستطیلمستطیلجنس بندسیلیکونسیلیکونمشاهده همه ویژگی‌ها","Apple Watch Ultra 3، که در سال ۲۰۲۵ معرفی شد، بیش از یک ساعت هوشمند، یک شاهکار مهندسی بالغ است که مرزهای تکنولوژی پوشیدنی را جابجا کرده است. این محصول، میراث قدرت و دوام نسل‌های قبلی را ادامه داده و با بهبودهای سخت‌افزاری و نرم‌افزاری چشمگیر، به اوج خود رسیده است. بدنه تیتانیومی گرید هوافضا، تعادلی بی‌نظیر بین سبکی و مقاومت فراهم می‌کند و دکمه قابل شخصی‌سازی Action Button با بافت مهندسی‌شده و بازخورد هپتیک دقیق، تعامل فیزیکی را حتی در شرایط سخت آسان‌تر می‌سازد. محافظت از نما ...","مشخصاتمناسب برایآقایان و بانوان سازگار با سیستم عاملiOS توضیحات سازگاریسازگار با iPhone ۱۱ و مدل‌های جدیدتر با iOS ۲۶ یا بالاتر زبان‌های قابل پشتیبانی در اعلان و پیامفارسی انگلیسی چینی هشدار هاویژگی‌های ECG (نوار قلب)، تشخیص سقوط، سنجش اکسیژن خون درون کشور فعال نیست. نوع کاربریورزشی روزمره قابلیت‌های ساعت هوشمندکنترل موسیقی (Music Player) قابلیت مکالمه از طریق بلوتوث قابلیت تغییر طرح ساعت یا تم صفحه همیشه روشن (Always-on Display) قابلیت نصب اپلیکیشن پشتیبانی از دستیار صوتی تشخیص سقوط تشخیص تصادف سایز قاب ساعت هوشمند۴۹ میلی‌متر ابعاد قاب۴۴x۴۹x۱۲ میلی‌مترضخامت قاب۱۲ میلی‌مترتکنولوژی‌های مکان‌یابی (GPS)GPS GALILEO GLONASS Beidou|BDS عرض قاب۴۴ میلی‌متروزن۶۱.۸ گرمفرم صفحهمستطیل قابلیت‌های مقاومتیمقاوم در برابر نفوذ آب مقاوم در برابر نفوذ گرد و غبار مقاوم در برابر ضربه مقاوم در برابر خط و خش جنس شیشهیاقوت جنس بدنهتیتانیوم قابلیت تعویض بنددارد توضیحات جنس بدنهتیتانیوم گرید ۵ جنس بندسیلیکون نوع قفل بندسگکی ساده نوع صفحه نمایش اصلیLTPO۳ OLED Retina اندازه صفحه نمایش۱.۹۲ اینچرزولوشن صفحه نمایش۵۱۴x۴۲۲ روشنایی صفحه نمایش۳۰۰۰ نیتتراکم پیکسلی صفحه نمایش۳۲۶ پیکسل بر اینچسایر مشخصات صفحه نمایشLTPO۳ OLED Retina همیشه روشن، پوشش کریستال یاقوت کبود، روشنایی از ۱ نیت تا ۳۰۰۰ نیت حسگرهای حرکتی و محیطیشتاب سنج (Accelerometer) ژیروسکوپ (Gyroscope) تشخیص نور محیط ارتفاع سنج (Altimeter) دماسنج (Thermometer) گام‌شمار (Pedometer) پشتیبانی از فرمان‌های حرکتی امکانات ورزشیپشتیبانی از تمرینات مختلف ورزشی محاسبه میزان کالری مصرفی تشخیص هوشمند نوع رشته ورزشی امکان ارائه برنامه تمرینی محاسبه مسافت طی شده سنسورهای ورزشی و سلامتیشمارنده ضربان قلب سنجش دمای بدن سنجش اکسیژن خون تشخیص حرکات دست نوار قلب (الکتروکاردیوگرام) سنجش سطح استرس سنجش کیفیت خواب نظارت بر سیکل ماهیانه بانوان اندازه‌گیری فشار خون سیستم عاملWatchOS پردازندهApple S۱۰ Chip ۶۴-bit حافظه داخلی۶۴ نسخه بلوتوث۵.۳ سایر مشخصات سخت افزاریاسپیکر دوگانه، میکروفون سه عددی با قابلیت حذف نویز باد، چیپ Ultra Wide Band نسل دوم اتصالاتBluetooth NFC نوع باتریلیتیوم یون نحوه شارژ ساعت هوشمندکابل مغناطیسی مدت زمان شارژ شدنحدود ۴۵ دقیقه تا ۸۰٪ قابلیت های ویژهآژیر ۸۶ دسی‌بل، GPS دو فرکانسه (L۱ + L۵)، دکمه Action قابل تنظیم اقلام همراهکابل شارژ مغناطیسی USB-C، دفترچه راهنما توضیحات شارژدهیحدود ۴۲ ساعت استفاده عادی، ۷۲ ساعت در حالت صرفه‌جویی انرژی","اپل"
"1771408729-317","https://www.digikala.com/search/category-wearable-gadget/","ساعت هوشمند 1.5اینچی  وان پلاس مدل WATCH3 با بند  سلیکونی","۴۴,۰۰۰,۰۰۰","","","","ارسال سریع دیجی‌کالا","","","","ساعت هوشمند 1.5اینچی  وان پلاس مدل WATCH3 با بند  سلیکونیارسال سریع دیجی‌کالا
۴۴,۰۰۰,۰۰۰","https://www.digikala.com/product/dkp-20471160/%D8%B3%D8%A7%D8%B9%D8%AA-%D9%87%D9%88%D8%B4%D9%85%D9%86%D8%AF-15%D8%A7%DB%8C%D9%86%DA%86%DB%8C-%D9%88%D8%A7%D9%86-%D9%BE%D9%84%D8%A7%D8%B3-%D9%85%D8%AF%D9%84-watch3-%D8%A8%D8%A7-%D8%A8%D9%86%D8%AF-%D8%B3%D9%84%DB%8C%DA%A9%D9%88%D9%86%DB%8C/","","","","ساعت هوشمند 1.5اینچی  وان پلاس مدل WATCH3 با بند  سلیکونی","۴۲,۰۰۰,۰۰۰","","https://dkstatics-public.digikala.com/digikala-products/606cf732eb489ca8fc4c509af3d3024240aab9c8_1765438783.jpg?x-oss-process=image/resize,m_lfit,h_800,w_800/quality,q_90
https://dkstatics-public.digikala.com/digikala-products/606cf732eb489ca8fc4c509af3d3024240aab9c8_1765438783.jpg?x-oss-process=image/resize,m_lfit,h_800,w_800/quality,q_90
https://dkstatics-public.digikala.com/digikala-products/17ddd53074f332870971ae37cc6df64810c9aadd_1758197263.jpg?x-oss-process=image/resize,m_lfit,h_800,w_800/quality,q_90
https://dkstatics-public.digikala.com/digikala-products/b03761a6932b591531baa318370769e628b80bf7_1758556866.jpg?x-oss-process=image/resize,m_lfit,h_800,w_800/quality,q_90
https://dkstatics-public.digikala.com/digikala-products/606cf732eb489ca8fc4c509af3d3024240aab9c8_1765438783.jpg?x-oss-process=image/resize,m_lfit,h_800,w_800/quality,q_90","","سبزمشکی","ویژگی‌هانوع کاربریروزمره، ورزشی، رسمیروزمره، ورزشی، رسمیفرم صفحهدایرهدایرهجنس بندسیلیکونسیلیکونمشاهده همه ویژگی‌ها","در فوریه امسال شرکت وان پلاس نمونه ی کاملی از نسل جدید ساعت هوشمند خود را رونمایی کرد که در رقابت با حریفان در عمل گوی سبقت را ربود و برگ جدیدی را در زمینه تولید گجت های پوشیدنی رقم زد.وان پلاس با بهره گیری از تجارب گذشته ی محصولات خود و همچنین سایر محصولات رقبا تصمیم گرفت محصولی را طراحی و تولید نماید که کاربران را نسبت به محصولات قبلی خود و همچنین سایر تولیدکنندگان راضی تر نماید.در این زمینه تلاش نمود با ارایه کیفیت بالاتر رابط کاربری و تقویت حجم باتری در کنار بزرگتر کردن س ...","مشخصاتمناسب برایکاربری عمومی سازگار با سیستم عاملAndroid توضیحات سازگاریسازگار با اندرویید زبان‌های قابل پشتیبانی در اعلان و پیامفارسی انگلیسی هشدار هابا فست شارژ و پاور بانک شارژ نشود. نوع کاربریروزمره ورزشی رسمی قابلیت‌های ساعت هوشمندقابلیت مکالمه از طریق بلوتوث پشتیبانی از زبان فارسی در منو و سیستم‌عامل قابلیت تغییر طرح ساعت یا تم صفحه همیشه روشن (Always-on Display) قابلیت نصب اپلیکیشن سایز قاب ساعت هوشمند۴۷ میلی‌متر ابعاد قاب۴۷.۶x۴۶.۶ میلی‌مترضخامت قاب۱۱.۷۵ میلی‌مترتکنولوژی‌های مکان‌یابی (GPS)Beidou|BDS GLONASS GALILEO QZSS GPS Dual-band A-GPS عرض قاب۴۶ میلی‌متروزن۴۹ گرمفرم صفحهدایره قابلیت‌های مقاومتیمقاوم در برابر نفوذ گرد و غبار مقاوم در برابر نفوذ آب مقاوم در برابر خط و خش جنس شیشهیاقوت جنس بدنهاستیل قابلیت تعویض بنددارد توضیحات جنس بدنهاستیل ضد خش جنس بندسیلیکون نوع قفل بندسگکی ساده توضیحات رنگ بند و بدنهرنگ سیلور با بند سبز و رنگ مشکی با بند مشکی نوع صفحه نمایش اصلیLTPO AMOLED اندازه صفحه نمایش۱.۵ اینچرزولوشن صفحه نمایش۴۶۶در۴۶۶ روشنایی صفحه نمایش۲۲۰۰ نیتتراکم پیکسلی صفحه نمایش۴۶۶در ۴۶۶ پیکسل بر اینچسایر مشخصات صفحه نمایشروشنایی ۲۲۰۰ نیت حسگرهای حرکتی و محیطیشتاب سنج (Accelerometer) ژیروسکوپ (Gyroscope) تشخیص نور محیط فشار سنج (Barometer) دماسنج (Thermometer) گام‌شمار (Pedometer) امکانات ورزشیپشتیبانی از تمرینات مختلف ورزشی محاسبه میزان کالری مصرفی محاسبه مسافت طی شده سنسورهای ورزشی و سلامتیسنجش دمای بدن شمارنده ضربان قلب سنجش اکسیژن خون نوار قلب (الکتروکاردیوگرام) سیستم عاملAndroid Wear پردازندهاسنپ دراگن W۵ حافظه داخلی۳۲گیگابایت نسخه بلوتوث۵.۲ سایر مشخصات سخت افزاریصفحه نمایش باکیفیت و باتری با عمر و دوام بالا و رابط کاربری روان توضیحات کارت حافظهندارد توضیحات دوربینندارد اتصالاتBluetooth WiFi NFC نوع باتریسیلیکون نانو استک ظرفیت باتری۶۴۸ میلی امپر ساعت میلی آمپر ساعتنحوه شارژ ساعت هوشمندکابل مغناطیسی مدت زمان شارژ شدن۱ساعت قابلیت های ویژهجز بهترین های دنیای اسمارت واچ ها اقلام همراهساعت.شارژر مگنتی.کابل یو اس بی.دفترچه راهنما توضیحات شارژدهیبا مصرف زیاد بیش از ۳ روز با حالت اسمارت بیش از ۵ روز و در حالت بهینه سازی مصزف انرژی بیش از ۱۶ روز","وان پلاس"
"1771408731-318","https://www.digikala.com/search/category-wearable-gadget/","حلقه هوشمند پرودو مدل SRT9 M","۴,۹۳۰,۰۰۰","","","","تنها ۱ عدد در انبار باقی مانده","","","","حلقه هوشمند پرودو مدل SRT9 Mتنها ۱ عدد در انبار باقی مانده
۴,۹۳۰,۰۰۰","https://www.digikala.com/product/dkp-20204571/%D8%AD%D9%84%D9%82%D9%87-%D9%87%D9%88%D8%B4%D9%85%D9%86%D8%AF-%D9%BE%D8%B1%D9%88%D8%AF%D9%88-%D9%85%D8%AF%D9%84-srt9-m/","","","خوب","حلقه هوشمند پرودو مدل SRT9 M","۴,۹۳۰,۰۰۰","","https://dkstatics-public.digikala.com/digikala-products/fa6f99940c6af6e27edba050f107ec6658e984e5_1755585706.jpg?x-oss-process=image/resize,m_lfit,h_800,w_800/quality,q_90
https://dkstatics-public.digikala.com/digikala-products/17f7cdffd32bc8f2e688ef0882de4c718a486b6e_1755585722.jpg?x-oss-process=image/resize,m_lfit,h_800,w_800/quality,q_90
https://dkstatics-public.digikala.com/digikala-products/fa6f99940c6af6e27edba050f107ec6658e984e5_1755585723.jpg?x-oss-process=image/resize,m_lfit,h_800,w_800/quality,q_90","","","ویژگی‌هانوع کاربریورزشی، روزمرهورزشی، روزمرهجنس حلقهاستیلاستیلقابلیت‌های حلقه هوشمندمحاسبه کالری مصرفی، ردیابی کیفیت خواب، امکان ردیابی وضعیت سلامتیمحاسبه کالری مصرفی، ردیابی کیفیت خواب، امکان ردیابی وضعیت سلامتیمشاهده همه ویژگی‌ها","حلقه هوشمند ورزشی پرودو مدل SRT9،یک  پوشیدنی  با قابلیت لمس و همچنین میتوان گفت  یک اکسسوری چندکاره است که برای پایش سلامت و ردیابی فعالیت‌ها طراحی شده است.این حلقه با امکاناتی مانند اندازه‌گیری ضربان قلب و دمای بدن،قدم شمار و ….است و، از نظارت کامل بر وضعیت سلامتی پشتیبانی می‌کند.زمان کارکرد آن تا ۵ روز است و شامل حالت‌های ورزشی مختلفی برای فعالیت‌های متنوع می‌باشد.قابلیت لمس، استفاده از آن را بسیار ساده می‌کند و این حلقه را به گزینه‌ای ایده‌آل برای حفظ سبک زندگی سالم تبدیل  ...","مشخصاتوزن۶ گرمنوع کاربریورزشی روزمره حس‌گرهاشمارنده ضربان قلب (Heart Rate) گام شمار اتصالاتBluetooth جنس حلقهاستیل ظرفیت باتری۱۶ میلی آمپر ساعتابعاد محفظه شارژ۳*۳*۲ میلی‌متروزن محفظه شارژ۲۰ گرمقابلیت‌های حلقه هوشمندمحاسبه کالری مصرفی ردیابی کیفیت خواب امکان ردیابی وضعیت سلامتی","پرودو"
"1771408733-319","https://www.digikala.com/search/category-wearable-gadget/","ساعت هوشمند میبرو مدل Watch Lite 3 مناسب برای ورزش، روزمره، رسمی، دارای قابلیت‌های صفحه نمایش رنگی و لمسی، قابلیت مکالمه از طریق بلوتوث، بند چرم، فرم صفحه دایره","۶,۷۰۰,۰۰۰","","","۴.۴","تنها ۱ عدد در انبار باقی مانده","","","","ساعت هوشمند میبرو مدل Watch Lite 3 مناسب برای ورزش، روزمره، رسمی، دارای قابلیت‌های صفحه نمایش رنگی و لمسی، قابلیت مکالمه از طریق بلوتوث، بند چرم، فرم صفحه دایرهتنها ۱ عدد در انبار باقی مانده
۴.۴۶,۷۰۰,۰۰۰","https://www.digikala.com/product/dkp-17565420/%D8%B3%D8%A7%D8%B9%D8%AA-%D9%87%D9%88%D8%B4%D9%85%D9%86%D8%AF-%D9%85%DB%8C%D8%A8%D8%B1%D9%88-%D9%85%D8%AF%D9%84-watch-lite-3-%D9%85%D9%86%D8%A7%D8%B3%D8%A8-%D8%A8%D8%B1%D8%A7%DB%8C-%D9%88%D8%B1%D8%B2%D8%B4-%D8%B1%D9%88%D8%B2%D9%85%D8%B1%D9%87-%D8%B1%D8%B3%D9%85%DB%8C-%D8%AF%D8%A7%D8%B1%D8%A7%DB%8C-%D9%82%D8%A7%D8%A8%D9%84%DB%8C%D8%AA%D9%87%D8%A7%DB%8C-%D8%B5%D9%81%D8%AD%D9%87-%D9%86%D9%85%D8%A7%DB%8C%D8%B4-%D8%B1%D9%86%DA%AF%DB%8C-%D9%88-%D9%84%D9%85%D8%B3%DB%8C-%D9%82%D8%A7%D8%A8%D9%84%DB%8C%D8%AA-%D9%85%DA%A9%D8%A7%D9%84%D9%85%D9%87-%D8%A7%D8%B2-%D8%B7%D8%B1%DB%8C%D9%82-%D8%A8%D9%84%D9%88%D8%AA%D9%88%D8%AB-%D8%A8%D9%86%D8%AF-%DA%86%D8%B1%D9%85-%D9%81%D8%B1%D9%85-%D8%B5%D9%81%D8%AD%D9%87-%D8%AF%D8%A7%DB%8C%D8%B1%D9%87/","۴.۴","۶۴ دیدگاه","عالی","ساعت هوشمند میبرو مدل Watch Lite 3 مناسب برای ورزش، روزمره، رسمی، دارای قابلیت‌های صفحه نمایش رنگی و لمسی، قابلیت مکالمه از طریق بلوتوث، بند چرم، فرم صفحه دایره","۶,۳۹۰,۰۰۰","۶۸%","https://dkstatics-public.digikala.com/digikala-products/84124c3b7d84cfd8de4e5ba62ee5bba53219e8e9_1754238161.jpg?x-oss-process=image/resize,m_lfit,h_800,w_800/quality,q_90
https://dkstatics-public.digikala.com/digikala-products/84124c3b7d84cfd8de4e5ba62ee5bba53219e8e9_1754238161.jpg?x-oss-process=image/resize,m_lfit,h_800,w_800/quality,q_90
https://dkstatics-public.digikala.com/digikala-products/46dcdb242884b89ba8fa30d3fcee1a1a36c80e1b_1732948423.jpg?x-oss-process=image/resize,m_lfit,h_800,w_800/quality,q_90
https://dkstatics-public.digikala.com/digikala-products/e0c7f432b6051e469f026a05f21c34ede1f184a0_1732948423.jpg?x-oss-process=image/resize,m_lfit,h_800,w_800/quality,q_90
https://dkstatics-public.digikala.com/digikala-products/84124c3b7d84cfd8de4e5ba62ee5bba53219e8e9_1754238161.jpg?x-oss-process=image/resize,m_lfit,h_800,w_800/quality,q_90","","رز گلدمشکی","ویژگی‌هانوع کاربریورزشی، رسمی، روزمرهورزشی، رسمی، روزمرهفرم صفحهدایرهدایرهجنس بندچرمچرممشاهده همه ویژگی‌ها","","مشخصاتمناسب برایآقایان و بانوان توضیحات سازگارینسخه بلوتوث ۵.۳ نوع کاربریورزشی رسمی روزمره قابلیت‌های ساعت هوشمندصفحه نمایش رنگی صفحه نمایش لمسی کنترل سطح اکسیژن خون قابلیت مکالمه از طریق بلوتوث وزن۵۳.۲ گرمفرم صفحهدایره جنس بدنهآلومینیوم قابلیت تعویض بنددارد جنس بندچرم نوع قفل بندسگکی ساده توضیحات رنگ بند و بدنهمجهز به بند سیلیکونی نوع صفحه نمایش اصلیAMOLED اندازه صفحه نمایش۱.۳ اینچ اینچرزولوشن صفحه نمایش۳۶۰x۳۶۰ اینچ تراکم پیکسلی صفحه نمایش۲۷۷ پیکسل بر اینچسایر مشخصات صفحه نمایشنرخ بروز رسانی ۶۰ هرتزی /
دارای ۱۶.۷۷ میلیون رنگ سایر مشخصات سخت افزاریشارژدهی باتری در حالت آماده به کار تا ۵۰ روز / در استفاده روزانه تا ۱۲ روز / در حالت پخش آهنگ تا ۴.۵ ساعت / در حالت برقراری تماس از طریق بلوتوث تا ۶ ساعت اتصالاتBluetooth قابلیت های ویژهضد آب تا عمق ۲۰ متری /
پایش خواب و استرس /
زمان‌سنج /
مجهز به ماشین حساب /
نمایش وضیعت آب و هوا /
دارای ۱۰۰ حالت ورزشی اقلام همراهدفترچه راهنما","میبرو"
"1771408735-320","https://www.digikala.com/search/category-wearable-gadget/","ساعت هوشمند 46 میلی متر وونک مدل Galaxy Watch 8 PLUS با بند سیلیکونی","۴,۱۰۰,۰۰۰","۷,۲۰۰,۰۰۰","۴۳٪","۴.۴","ارسال سریع دیجی‌کالا","","","","ساعت هوشمند 46 میلی متر وونک مدل Galaxy Watch 8 PLUS با بند سیلیکونیارسال سریع دیجی‌کالا
۴.۴۴۳٪۴,۱۰۰,۰۰۰۷,۲۰۰,۰۰۰","https://www.digikala.com/product/dkp-21242212/%D8%B3%D8%A7%D8%B9%D8%AA-%D9%87%D9%88%D8%B4%D9%85%D9%86%D8%AF-46-%D9%85%DB%8C%D9%84%DB%8C-%D9%85%D8%AA%D8%B1-%D9%88%D9%88%D9%86%DA%A9-%D9%85%D8%AF%D9%84-galaxy-watch-8-plus-%D8%A8%D8%A7-%D8%A8%D9%86%D8%AF-%D8%B3%DB%8C%D9%84%DB%8C%DA%A9%D9%88%D9%86%DB%8C/","۴.۴","۳۲ دیدگاه","عالی","ساعت هوشمند 46 میلی متر وونک مدل Galaxy Watch 8 PLUS با بند سیلیکونی","۷,۲۰۰,۰۰۰","۹۱.۶%","https://dkstatics-public.digikala.com/digikala-products/daa2335c9403f35ce28d184a34330f941e7c1bfd_1767860651.jpg?x-oss-process=image/resize,m_lfit,h_800,w_800/quality,q_90
https://dkstatics-public.digikala.com/digikala-products/daa2335c9403f35ce28d184a34330f941e7c1bfd_1767860651.jpg?x-oss-process=image/resize,m_lfit,h_800,w_800/quality,q_90
https://dkstatics-public.digikala.com/digikala-products/2af6a490fd44386f4f683a73ab811642beb7f7e2_1767860651.jpg?x-oss-process=image/resize,m_lfit,h_800,w_800/quality,q_90
https://dkstatics-public.digikala.com/digikala-products/c99d9c9e94b67711a0b6352b31bbf39e203c4df0_1767860650.jpg?x-oss-process=image/resize,m_lfit,h_800,w_800/quality,q_90
https://dkstatics-public.digikala.com/digikala-products/daa2335c9403f35ce28d184a34330f941e7c1bfd_1767860651.jpg?x-oss-process=image/resize,m_lfit,h_800,w_800/quality,q_90","","سفیدمشکی","ویژگی‌هانوع کاربریورزشی، رسمی، روزمرهورزشی، رسمی، روزمرهفرم صفحهدایرهدایرهجنس بندسیلیکونسیلیکونمشاهده همه ویژگی‌ها","ساعت هوشمند Galaxy Watch 8 از برند VONK که با بند سیلیکونی سگکی و فیس واچ های متفاوت, تجربه‌ای شیک و حرفه‌ای برای کاربران فراهم می‌کند. این ساعت با قاب ۴۶ میلی‌متری فلز، ضخامت ۱۰.۶ میلی‌متر و وزن 38 گرم، ترکیبی از ظرافت و استحکام را ارائه می‌دهد. فرم دایره‌ای صفحه و شیشه ای، مقاومت بالا در برابر خط و خش، پاشش آب و گرد و غبار را تضمین می‌کند، در حالی که سیلیکونی قابل تعویض با بند های چرمی و...،  امکان شخصی‌سازی و ست کردن با لباس را فراهم می‌آورد. صفحه نمایش ۱.۳۴ اینچی، تصاویر  ...","مشخصاتمناسب برایآقایان و بانوان سازگار با سیستم عاملAndroid iOS توضیحات سازگاریسازگار با Android و iOS زبان‌های قابل پشتیبانی در اعلان و پیامفارسی انگلیسی چینی عربی هشدار هادر محیط‌های مرطوب یا دارای آب، شارژ نکنید.
اطمینان حاصل کنید که قسمت پشت ساعت تمیز بوده و به‌طور کامل با سطح شارژر بی‌سیم در تماس است.
به‌طور منظم پشت ساعت و سطح شارژر بی‌سیم را با یک پارچه‌ی نرم و تمیز (مثل فلانل) پاک کنید تا تماس کامل و شارژ طبیعی برقرار شود.
این محصول آداپتور برق ندارد. برای ایمنی، می‌توانید از درگاه USB کامپیوتر استفاده کنید یا آداپتوری با ولتاژ خروجی حداکثر ۵ ولت و ۱ آمپر تهیه کنید. لطفاً آداپتور را از منابع معتبر بخرید و از آداپتورهای بی‌کیفیت یا تقلبی خودداری کنید تا از خطر آتش‌سوزی یا انفجار جلوگیری شود.
باتری یا پک باتری نباید در معرض دمای بالا قرار گیرد.
در صورت تعویض باتری با نوع نامناسب، خطر انفجار وجود دارد. باتری‌های مصرف‌شده را مطابق دستورالعمل‌های مربوطه دور بیندازید. نوع کاربریورزشی رسمی روزمره قابلیت‌های ساعت هوشمندکنترل موسیقی (Music Player) قابلیت مکالمه از طریق بلوتوث پشتیبانی از زبان فارسی در منو و سیستم‌عامل قابلیت تغییر طرح ساعت یا تم صفحه همیشه روشن (Always-on Display) پشتیبانی از دستیار صوتی سایز قاب ساعت هوشمند۴۶ میلی‌متر وزن۳۸ گرمفرم صفحهدایره قابلیت‌های مقاومتیمقاوم در برابر خط و خش مقاوم در برابر نفوذ آب مقاوم در برابر نفوذ گرد و غبار مقاومت در برابر پاشش آب و گرد و غبار جنس بدنهفلز قابلیت تعویض بنددارد توضیحات جنس بدنهآلومینیوم (Aluminum) مقاوم و سبک جنس بندسیلیکون نوع قفل بندسگکی ساده توضیحات رنگ بند و بدنهانتخاب در دو رنگ سفید و مشکی نوع صفحه نمایش اصلیAMOLED اندازه صفحه نمایش۱.۳۴ اینچرزولوشن صفحه نمایش۳۶۰*۳۶۰ حسگرهای حرکتی و محیطیگام‌شمار (Pedometer) پشتیبانی از فرمان‌های حرکتی امکانات ورزشیپشتیبانی از تمرینات مختلف ورزشی محاسبه مسافت طی شده محاسبه میزان کالری مصرفی سنسورهای ورزشی و سلامتیشمارنده ضربان قلب سنجش اکسیژن خون تشخیص حرکات دست سنجش کیفیت خواب اندازه‌گیری فشار خون سیستم عاملWatchOS اتصالاتBluetooth نحوه شارژ ساعت هوشمندکابل مغناطیسی مدت زمان شارژ شدن۱ اقلام همراهکابل شارژ وایرلس
دفترچه ی راهنما","وونک"
"1771408737-321","https://www.digikala.com/search/category-wearable-gadget/","ساعت هوشمند 50 میلی متری اسمارت واچ مدل WISME-M2 با بند سیلیکونی به همراه هدفون","۱,۱۹۵,۰۵۰","۱,۲۸۵,۰۰۰","۷٪","۳.۴","&nbsp;","","","","ساعت هوشمند 50 میلی متری اسمارت واچ مدل WISME-M2 با بند سیلیکونی به همراه هدفون&nbsp;
۳.۴۷٪۱,۱۹۵,۰۵۰۱,۲۸۵,۰۰۰","https://www.digikala.com/product/dkp-19401684/%D8%B3%D8%A7%D8%B9%D8%AA-%D9%87%D9%88%D8%B4%D9%85%D9%86%D8%AF-50-%D9%85%DB%8C%D9%84%DB%8C-%D9%85%D8%AA%D8%B1%DB%8C-%D8%A7%D8%B3%D9%85%D8%A7%D8%B1%D8%AA-%D9%88%D8%A7%DA%86-%D9%85%D8%AF%D9%84-wisme-m2-%D8%A8%D8%A7-%D8%A8%D9%86%D8%AF-%D8%B3%DB%8C%D9%84%DB%8C%DA%A9%D9%88%D9%86%DB%8C-%D8%A8%D9%87-%D9%87%D9%85%D8%B1%D8%A7%D9%87-%D9%87%D8%AF%D9%81%D9%88%D9%86/","۳.۴","۲ دیدگاه","خوب","ساعت هوشمند 50 میلی متری اسمارت واچ مدل WISME-M2 با بند سیلیکونی به همراه هدفون","۱,۲۳۵,۹۷۰","۷۳.۴%","https://dkstatics-public.digikala.com/digikala-products/8ab0088b84bafadfed9a1a26cf3172511d980db1_1749379785.jpg?x-oss-process=image/resize,m_lfit,h_800,w_800/quality,q_90
https://dkstatics-public.digikala.com/digikala-products/14551529229adc3b83b1f4d41bd876064438f955_1748860560.jpg?x-oss-process=image/resize,m_lfit,h_800,w_800/quality,q_90
https://dkstatics-public.digikala.com/digikala-products/17410ca3537efbb1e3c883bd012f01e5465f6a3a_1748860562.jpg?x-oss-process=image/resize,m_lfit,h_800,w_800/quality,q_90
https://dkstatics-public.digikala.com/digikala-products/8ab0088b84bafadfed9a1a26cf3172511d980db1_1749379785.jpg?x-oss-process=image/resize,m_lfit,h_800,w_800/quality,q_90","","مشکیسفید چرمیمشکی براقآفتابی","ویژگی‌هانوع کاربریورزشی، رسمی، روزمرهورزشی، رسمی، روزمرهفرم صفحهمستطیلمستطیلجنس بندسیلیکونسیلیکونمشاهده همه ویژگی‌ها","ساعت هوشمند WISME-M2 اولین ساعت با هفت بندجذاب وقاب ژله ای و شارژروایرلس ، اتصال به تمامی گوشی ها سایز 45 میلی متر اگر به دنبال یک ساعت هوشمند مقرون به صرفه هستید که از قابلیت مکالمه تلفنی برخوردار باشد،دارای بند سیلیکونی مجهز به حسگرهای ضربان قلب ، کالری سنج ، اندازه گیری اکسیژن خون ، گام شمار ، تایمر ، آلارم ، اندازه گیری فشار خون ، کنترل موسیقی ،و، … ‌ قابلیت مکالمه و قابلیت های فراوانی نظیر فارسی سازی منو و خواندن پیام های فارسی را دارد که برای کاربران ایرانی اهمیت ویژه د ...","مشخصاتمناسب برایآقایان و بانوان سازگار با سیستم عاملAndroid iOS توضیحات سازگاریامکان مکالمه مستقیم، دریافت اعلانات و پیامک، یادآوری هشدارهای روزانه، برخورداری از سنسورهای پایش سلامتی و میزان خواب مفید نظیر سنسور ضربان قلب، سنسور اکسیژن خون، فشارخون و دیگر حسگرها از قابلیت‌های این اسمات واچ میباشد.

کالری شمار و حسگرهای ورزشی از دیگر قابلیتهای این اسمارت واچ هستند. این حسگرها میزان میانگین ضربان قلب و کالری مصرف شده طی یک ورزش خاص را به شما نشان میدهند. همچنین کورنومتر و تایمر از دیگر امکانات پرطرفدار ورزشی هستند که در این ساعت قرار دارند. نوع کاربریورزشی رسمی روزمره قابلیت‌های ساعت هوشمندقابلیت مکالمه از طریق بلوتوث پشتیبانی از زبان فارسی در منو و سیستم‌عامل سایز قاب ساعت هوشمند۵۰ میلی‌متر فرم صفحهمستطیل قابلیت‌های مقاومتیمقاومت در برابر پاشش آب و گرد و غبار جنس بدنهاستیل قابلیت تعویض بنددارد جنس بندسیلیکون نوع قفل بندسگکی ساده اندازه صفحه نمایش۱۰ اینچحسگرهای حرکتی و محیطیفشار سنج (Barometer) سنسورهای ورزشی و سلامتیشمارنده ضربان قلب نحوه شارژ ساعت هوشمندشارژ بی‌سیم","ویسمی"
"1771408740-322","https://www.digikala.com/search/category-wearable-gadget/","ساعت هوشمند رموجت مدل i30 Pro max به همراه هدفون بلوتوثی","۲,۳۷۶,۰۰۰","۲,۹۷۰,۰۰۰","۲۰٪","۳.۵","&nbsp;","","","","ساعت هوشمند رموجت مدل i30 Pro max به همراه هدفون بلوتوثی&nbsp;
۳.۵۲۰٪۲,۳۷۶,۰۰۰۲,۹۷۰,۰۰۰","https://www.digikala.com/product/dkp-15774024/%D8%B3%D8%A7%D8%B9%D8%AA-%D9%87%D9%88%D8%B4%D9%85%D9%86%D8%AF-%D8%B1%D9%85%D9%88%D8%AC%D8%AA-%D9%85%D8%AF%D9%84-i30-pro-max-%D8%A8%D9%87-%D9%87%D9%85%D8%B1%D8%A7%D9%87-%D9%87%D8%AF%D9%81%D9%88%D9%86-%D8%A8%D9%84%D9%88%D8%AA%D9%88%D8%AB%DB%8C/","۳.۵","۱۱ دیدگاه","خیلی خوب","ساعت هوشمند رموجت مدل i30 Pro max به همراه هدفون بلوتوثی","۳,۱۰۰,۰۰۰","۷۳.۴%","https://dkstatics-public.digikala.com/digikala-products/1995222a23b2e8d4cbc9edd22927ef7311d96826_1739100528.jpg?x-oss-process=image/resize,m_lfit,h_800,w_800/quality,q_90
https://dkstatics-public.digikala.com/digikala-products/be6fcd1ec2d067c1de0e9ec9919c116695addf64_1718804478.jpg?x-oss-process=image/resize,m_lfit,h_800,w_800/quality,q_90
https://dkstatics-public.digikala.com/digikala-products/17b28b2e6660aa738385837875c3d63596ad72a9_1718804460.jpg?x-oss-process=image/resize,m_lfit,h_800,w_800/quality,q_90
https://dkstatics-public.digikala.com/digikala-products/1995222a23b2e8d4cbc9edd22927ef7311d96826_1739100528.jpg?x-oss-process=image/resize,m_lfit,h_800,w_800/quality,q_90","","مشکیاستیل","ویژگی‌هانوع کاربریورزشی، رسمی، روزمرهورزشی، رسمی، روزمرهفرم صفحهمستطیلمستطیلجنس بندفلزفلزمشاهده همه ویژگی‌ها","ساعت هوشمند رموجت مدل i30 Pro Max به همراه هدفون بلوتوثی، یک پکیج کامل و کاربردی است که با طراحی مدرن و امکانات پیشرفته، توانسته است توجه کاربران زیادی را به خود جلب کند. این ساعت، مناسب برای استفاده روزمره، رسمی و ورزشی طراحی شده است و با قابلیت تعویض بند، امکان شخصی‌سازی بیشتری را ارائه می‌دهد. این ساعت با بدنه‌ای از جنس استیل و بندهای فلزی، ظاهری لوکس و مقاوم دارد. قفل بند کلیپسی (ضامن‌دار) استفاده از آن را ساده‌تر و ایمن‌تر می‌کند. این مدل در سه رنگ جذاب طلایی، استیل و م ...","مشخصاتنوع کاربریورزشی رسمی روزمره قابلیت‌های ساعت هوشمندصفحه نمایش رنگی صفحه نمایش لمسی کنترل موسیقی (Music Player) کنترل سطح اکسیژن خون قابلیت مکالمه از طریق بلوتوث فرم صفحهمستطیل جنس بدنهاستیل قابلیت تعویض بنددارد جنس بندفلز نوع قفل بندضامن دار (کلیپسی) اندازه صفحه نمایش۱.۹ اینچ اینچاقلام همراهبندهای مختلف /
کابل شارژ /
دفترچه راهنما","متفرقه"
"1771408742-323","https://www.digikala.com/search/category-wearable-gadget/","ساعت هوشمند برند ویسمی مدل WS-X13 دارای قابلیت های کنترل موسیقی، شمارنده ضربان قلب، گام شمار، مکالمه از طریق بلوتوث، پشتیبانی از زبان فارسی، قابلیت تغییر طرح ساعت یا تم ، بند سیلیکونی","۱,۲۲۲,۳۶۰","","","۳.۵","تنها ۱ عدد در انبار باقی مانده","","","","ساعت هوشمند برند ویسمی مدل WS-X13 دارای قابلیت های کنترل موسیقی، شمارنده ضربان قلب، گام شمار، مکالمه از طریق بلوتوث، پشتیبانی از زبان فارسی، قابلیت تغییر طرح ساعت یا تم ، بند سیلیکونیتنها ۱ عدد در انبار باقی مانده
۳.۵۱,۲۲۲,۳۶۰","https://www.digikala.com/product/dkp-17536128/%D8%B3%D8%A7%D8%B9%D8%AA-%D9%87%D9%88%D8%B4%D9%85%D9%86%D8%AF-%D8%A8%D8%B1%D9%86%D8%AF-%D9%88%DB%8C%D8%B3%D9%85%DB%8C-%D9%85%D8%AF%D9%84-ws-x13-%D8%AF%D8%A7%D8%B1%D8%A7%DB%8C-%D9%82%D8%A7%D8%A8%D9%84%DB%8C%D8%AA-%D9%87%D8%A7%DB%8C-%DA%A9%D9%86%D8%AA%D8%B1%D9%84-%D9%85%D9%88%D8%B3%DB%8C%D9%82%DB%8C-%D8%B4%D9%85%D8%A7%D8%B1%D9%86%D8%AF%D9%87-%D8%B6%D8%B1%D8%A8%D8%A7%D9%86-%D9%82%D9%84%D8%A8-%DA%AF%D8%A7%D9%85-%D8%B4%D9%85%D8%A7%D8%B1-%D9%85%DA%A9%D8%A7%D9%84%D9%85%D9%87-%D8%A7%D8%B2-%D8%B7%D8%B1%DB%8C%D9%82-%D8%A8%D9%84%D9%88%D8%AA%D9%88%D8%AB-%D9%BE%D8%B4%D8%AA%DB%8C%D8%A8%D8%A7%D9%86%DB%8C-%D8%A7%D8%B2-%D8%B2%D8%A8%D8%A7%D9%86-%D9%81%D8%A7%D8%B1%D8%B3%DB%8C-%D9%82%D8%A7%D8%A8%D9%84%DB%8C%D8%AA-%D8%AA%D8%BA%DB%8C%DB%8C%D8%B1-%D8%B7%D8%B1%D8%AD-%D8%B3%D8%A7%D8%B9%D8%AA-%DB%8C%D8%A7-%D8%AA%D9%85-%D8%A8%D9%86%D8%AF-%D8%B3%DB%8C%D9%84%DB%8C%DA%A9%D9%88%D9%86%DB%8C/","۳.۵","۳۶ دیدگاه","خوب","ساعت هوشمند برند ویسمی مدل WS-X13 دارای قابلیت های کنترل موسیقی، شمارنده ضربان قلب، گام شمار، مکالمه از طریق بلوتوث، پشتیبانی از زبان فارسی، قابلیت تغییر طرح ساعت یا تم ، بند سیلیکونی","۱,۲۲۲,۳۶۰","۷۵%","https://dkstatics-public.digikala.com/digikala-products/ac4b31090c1de3d95731346abbd7309ac7acf306_1754238091.jpg?x-oss-process=image/resize,m_lfit,h_800,w_800/quality,q_90
https://dkstatics-public.digikala.com/digikala-products/ac6be3da5dd2c7848e9fd33bff8938a426b7af60_1732739134.jpg?x-oss-process=image/resize,m_lfit,h_800,w_800/quality,q_90
https://dkstatics-public.digikala.com/digikala-products/c14eb821d780a66893ada452ef0e3d1690fc1c3b_1732693982.jpg?x-oss-process=image/resize,m_lfit,h_800,w_800/quality,q_90
https://dkstatics-public.digikala.com/digikala-products/ac4b31090c1de3d95731346abbd7309ac7acf306_1754238091.jpg?x-oss-process=image/resize,m_lfit,h_800,w_800/quality,q_90","","نقره ایمشکی","ویژگی‌هانوع کاربریورزشی، رسمی، روزمرهورزشی، رسمی، روزمرهفرم صفحهمستطیلمستطیلجنس بندسیلیکونسیلیکونمشاهده همه ویژگی‌ها","ساعت های هوشمند سری 10 به تازگی وارد بازار شده اند که این مدل ها ظاهر وعملکردی متفاوت تر دارند. ساعت هوشمند طرح اپل واچ مدل WS-X13 یکی از انواع ساعت هوشمند طرح اپل سری 10 است. از لحاظ ظاهر باید گفت که این مدل نمایشگری بزرگتر حدودا 46 میلی متری دارد و حاشیه آن بسیار کم و باریک است. با وجود سایز بزرگتر این ساعت طوری طراحی شده که برروی دست به خوبی قرار می گیرد و نمای زیبایی دارد. اسمارت واچ WS-X13 در نمایش تصاویر و رنگ ها عالی و بی رقیب است که نظر هر کسی را جلب می کند. مشابه نمو ...","مشخصاتمناسب برایآقایان و بانوان زبان‌های قابل پشتیبانی در اعلان و پیامفارسی انگلیسی چینی هشدار ها💎پایشگرهای سلامتی - پزشکی:
سنسور پایش ضربان قلب
سنسور پایش فشار خون
سنسور پایش اکسیژن خون
سنسور سنجش نشستن طولانی مدت
سنسور سنجش کیفیت خواب
سنسور تنظیم تنفس
💎پایشگرهای ورزشی:
(سنجش میزان کالری سوزانده شده، دارای سنسور گام شمار، اندازه گیری مدت زمان ورزش، پایش ضربان قلب، پایش مسافت پیموده شده)
دو میدانی
قدم زدن
طناب زدن
تردمیل
پینگ پونگ
دوچرخه سواری و ... نوع کاربریورزشی رسمی روزمره قابلیت‌های ساعت هوشمندکنترل سطح اکسیژن خون قابلیت مکالمه از طریق بلوتوث پشتیبانی از زبان فارسی در منو و سیستم‌عامل کنترل موسیقی (Music Player) قابلیت تغییر طرح ساعت یا تم صفحه نمایش رنگی صفحه نمایش لمسی فرم صفحهمستطیل جنس شیشهمعدنی جنس بدنهآلومینیوم قابلیت تعویض بنددارد جنس بندسیلیکون نوع قفل بندپین‌بند اندازه صفحه نمایش۴۶ اینچاتصالاتBluetooth قابلیت های ویژهاین ساعت از معدود ساعت های هوشمند دارای بازی است

حالت نمایش صفحه به صفحه

نمایش گزارش فعالیت های ورزشی

دارای آیکن تمرین تنفسی

دارای درگاه های پرداختی

قابلیت Drainage خشک نمودن ساعت هوشمند

امکان آپلود واچ فیس های بیشتر و تصویر زمینه دلخواه

شارژ وایرلس جنس بدنه آلمینیومی قابلیت مکالمه و تماس از طریق بلوتوث و پاسخ به تماس ها نمایش مخاطبین فارسی نمایش پیام های فارسی دارای زبان فارسی قابلیت رمزگذاری قابلیت پاسخ دادن به تماس

نمایش آب و هوا

دارای cycle tracking

مجهز به آیکن AI VOICE

قابلیت مکان یاب GPS
ماشین حساب
چراغ خواب
ساپورت انواع زبان های زنده دنیا
زبان فارسی را ساپورت میکند
یافتن گوشی هوشمند
قابلیت تنظیمات صدا
قابلیت تنظیمات نور صفحه
قابلیت نمایش پیام در انواع زبان ها به صورت همزمان (اتوماتیک)
کنترل عکس برداری از راه دور گوشی هوشمند
کنترل پخش موزیک گوشی هوشمند
قابلیت تنظیمات ساعت و زمان
دارای انواع پس زمینه متحرک و متنوع و انیمیشنی
نمایش آب و هوا
دارای کرنومتر
دارای تایمر
چراغ قوه
قابلیت پخش سریع آیکن ها مانند گوشی هوشمند

قابلیت نمایش صفحات مختلف آیکن ها مانند گوشی هوشمند
قابلیت ارائه گزارش فعالیت ها و سلامتی
نمایش آیکن ها در ۸ مدل مختلف
قابلیت برقراری تماس تلفنی بلوتوثی
نمایش پیام ها و نوتیفیکیشن های گوشی هوشند
دارای گرافیک بالا
کیفیت و طیف رنگی بالا
سرعت بالا‌","ویسمی"
"1771408744-324","https://www.digikala.com/search/category-wearable-gadget/","ساعت هوشمند 42 میلی متری ویسمی مدل ultra 3 x53 همراه با بند فلزی و ساده","۱,۷۹۰,۰۰۰","","","۳","تنها ۱ عدد در انبار باقی مانده","","","","ساعت هوشمند 42 میلی متری ویسمی مدل ultra 3 x53 همراه با بند فلزی و سادهتنها ۱ عدد در انبار باقی مانده
۳۱,۷۹۰,۰۰۰","https://www.digikala.com/product/dkp-20436886/%D8%B3%D8%A7%D8%B9%D8%AA-%D9%87%D9%88%D8%B4%D9%85%D9%86%D8%AF-42-%D9%85%DB%8C%D9%84%DB%8C-%D9%85%D8%AA%D8%B1%DB%8C-%D9%88%DB%8C%D8%B3%D9%85%DB%8C-%D9%85%D8%AF%D9%84-ultra-3-x53-%D9%87%D9%85%D8%B1%D8%A7%D9%87-%D8%A8%D8%A7-%D8%A8%D9%86%D8%AF-%D9%81%D9%84%D8%B2%DB%8C-%D9%88-%D8%B3%D8%A7%D8%AF%D9%87/","۳","۴ دیدگاه","خیلی خوب","ساعت هوشمند 42 میلی متری ویسمی مدل ultra 3 x53 همراه با بند فلزی و ساده","۱,۸۰۰,۰۰۰","۷۰%","https://dkstatics-public.digikala.com/digikala-products/c8621245d867197ddc2f7044b69290c7ce473673_1757866300.jpg?x-oss-process=image/resize,m_lfit,h_800,w_800/quality,q_90
https://dkstatics-public.digikala.com/digikala-products/46d42711378e35cb6d397de4365970b86bd4d1af_1757866300.jpg?x-oss-process=image/resize,m_lfit,h_800,w_800/quality,q_90
https://dkstatics-public.digikala.com/digikala-products/2ae7cf2087adfce660760cf86f4e5c681967e997_1757866300.jpg?x-oss-process=image/resize,m_lfit,h_800,w_800/quality,q_90","","طلاییطلایی براققهوه‌ای روشن براقمشکی","ویژگی‌هانوع کاربریورزشی، رسمی، روزمرهورزشی، رسمی، روزمرهفرم صفحهمستطیلمستطیلجنس بندفلزفلزمشاهده همه ویژگی‌ها","ساعت هوشمند Ultra 3 مدل X53 با طراحی مدرن و بند فلزی طلایی، مناسب برای استفاده روزمره و رسمی است. این ساعت علاوه بر نمایش زمان، امکان پایش فعالیت‌های ورزشی، سنجش ضربان قلب و مدیریت اعلان‌ های گوشی را فراهم می‌کند. صفحه‌نمایش باکیفیت، بند مقاوم و امکانات متنوع باعث می‌شود انتخابی کاربردی برای کاربرانی باشد که به ترکیب زیبایی و کارایی اهمیت می‌دهند.","مشخصاتمناسب برایآقایان و بانوان سازگار با سیستم عاملAndroid iOS توضیحات سازگاریاندروید و ios نوع کاربریورزشی رسمی روزمره قابلیت‌های ساعت هوشمندکنترل موسیقی (Music Player) قابلیت مکالمه از طریق بلوتوث پشتیبانی از زبان فارسی در منو و سیستم‌عامل قابلیت تغییر طرح ساعت یا تم سایز قاب ساعت هوشمند۴۲ میلی‌متر فرم صفحهمستطیل قابلیت‌های مقاومتیمقاوم در برابر لرزش جنس بدنهآلومینیوم قابلیت تعویض بنددارد جنس بندفلز نوع قفل بندضامن دار (کلیپسی) اندازه صفحه نمایش۲ اینچحسگرهای حرکتی و محیطیشتاب سنج (Accelerometer) گام‌شمار (Pedometer) سنسورهای ورزشی و سلامتیشمارنده ضربان قلب سنجش کیفیت خواب نحوه شارژ ساعت هوشمندکابل مغناطیسی","متفرقه"
"1771408747-325","https://www.digikala.com/search/category-wearable-gadget/","ساعت هوشمند اپل مدل SE Aluminum Case 44mm","۳۶,۹۹۰,۰۰۰","","","۴.۴","تنها ۱ عدد در انبار باقی مانده","","","","ساعت هوشمند اپل مدل SE Aluminum Case 44mmتنها ۱ عدد در انبار باقی مانده
۴.۴۳۶,۹۹۰,۰۰۰","https://www.digikala.com/product/dkp-12914240/%D8%B3%D8%A7%D8%B9%D8%AA-%D9%87%D9%88%D8%B4%D9%85%D9%86%D8%AF-%D8%A7%D9%BE%D9%84-%D9%85%D8%AF%D9%84-se-aluminum-case-44mm/","۴.۴","۳۷۳ دیدگاه","عالی","ساعت هوشمند اپل مدل SE Aluminum Case 44mm","۴۱,۰۳۴,۴۰۰","۹۶.۴%","https://dkstatics-public.digikala.com/digikala-products/15bbdc3cfde33fc112622d14bd61152cd86e9287_1738409004.jpg?x-oss-process=image/resize,m_lfit,h_800,w_800/quality,q_90
https://dkstatics-public.digikala.com/digikala-products/15bbdc3cfde33fc112622d14bd61152cd86e9287_1738409004.jpg?x-oss-process=image/resize,m_lfit,h_800,w_800/quality,q_90
https://dkstatics-public.digikala.com/digikala-products/cf2f3cffef40a01b8cdff5114faecb6499ed0c64_1696676539.jpg?x-oss-process=image/resize,m_lfit,h_800,w_800/quality,q_90
https://dkstatics-public.digikala.com/digikala-products/ce0e906a92ea18e0716a22ae174ec150b9d908db_1696676538.jpg?x-oss-process=image/resize,m_lfit,h_800,w_800/quality,q_90
https://dkstatics-public.digikala.com/digikala-products/15bbdc3cfde33fc112622d14bd61152cd86e9287_1738409004.jpg?x-oss-process=image/resize,m_lfit,h_800,w_800/quality,q_90","","مشکیبژنقره ای","ویژگی‌هانوع کاربریورزشی، روزمرهورزشی، روزمرهفرم صفحهمستطیلمستطیلجنس بندسیلیکونسیلیکونمشاهده همه ویژگی‌ها","ساعت هوشمند اپل مدل SE Aluminum Case 44mm با ظاهر جذاب و ویژگی‌های فوق‌العاده‌ی خود می‌تواند همچنان در جذب مخاطبان جدید و قدیمی خود موفق عمل کند. ساعت‌های هوشمند شرکت اپل همواره از محبوبیت بسیار بالایی برخوردار بوده و این شرکت همه ساله اقدام به تولید نسل جدیدی از این ساعت‌ها می‌کند. لازم به ذکر است که اپل واچ‌ ها در قالب چندین سری مختلف عرضه می‌شوند و هرکدام جامعه‌ی هدف خاص خود را دارند. از جمله ساعت‌ مچی‌های هوشمند، محبوب و پرفروش شرکت اپل می‌توان به سری SE اشاره کرد. این س ...","مشخصاتمناسب برایآقایان و بانوان توضیحات سازگاریسازگار با آیفون XS (و بعد از آن) / برای استفاده از تمامی امکانات ساعت، iOS ۱۸ نیاز است./
 نوع کاربریورزشی روزمره قابلیت‌های ساعت هوشمندصفحه نمایش رنگی صفحه نمایش لمسی قابلیت مکالمه از طریق بلوتوث ابعاد قاب۱۰.۷×۳۸×۴۴ میلی‌متروزن۳۳ گرمفرم صفحهمستطیل جنس بدنهآلومینیوم قابلیت تعویض بنددارد توضیحات جنس بدنهفریم آلومینیومی
 جنس بندسیلیکون نوع قفل بندپین‌بند توضیحات رنگ بند و بدنهبدنه در سه رنگ مختلف نوع صفحه نمایش اصلیRetina LTPO OLED اندازه صفحه نمایش۴۴ میلی‌متر اینچرزولوشن صفحه نمایش۴۴۸x۳۶۸ پیکسل تراکم پیکسلی صفحه نمایش۳۲۶ پیکسل بر اینچسایر مشخصات صفحه نمایشمیزان روشنایی: تا ۱۰۰۰ نیت حافظه داخلی۳۲ گیگابایت اتصالاتBluetooth WiFi نوع باتریلیتیوم یونی","اپل"
"1771408751-326","https://www.digikala.com/search/category-wearable-gadget/","ساعت هوشمند تی سی اچ مدل TCH HD1 3D Hero1 دارای قابلیت های کنترل موسیقی (Music Player)، قابلیت مکالمه از طریق بلوتوث، پشتیبانی از زبان فارسی در منو و سیستم‌عامل، قابلیت تغییر طرح ساعت یا تم بند چرم مصنوعی","۳,۱۰۰,۰۰۰","","","۴.۴","ارسال سریع دیجی‌کالا","","","","ساعت هوشمند تی سی اچ مدل TCH HD1 3D Hero1 دارای قابلیت های کنترل موسیقی (Music Player)، قابلیت مکالمه از طریق بلوتوث، پشتیبانی از زبان فارسی در منو و سیستم‌عامل، قابلیت تغییر طرح ساعت یا تم بند چرم مصنوعیارسال سریع دیجی‌کالا
۴.۴۳,۱۰۰,۰۰۰","https://www.digikala.com/product/dkp-16796976/%D8%B3%D8%A7%D8%B9%D8%AA-%D9%87%D9%88%D8%B4%D9%85%D9%86%D8%AF-%D8%AA%DB%8C-%D8%B3%DB%8C-%D8%A7%DA%86-%D9%85%D8%AF%D9%84-tch-hd1-3d-hero1-%D8%AF%D8%A7%D8%B1%D8%A7%DB%8C-%D9%82%D8%A7%D8%A8%D9%84%DB%8C%D8%AA-%D9%87%D8%A7%DB%8C-%DA%A9%D9%86%D8%AA%D8%B1%D9%84-%D9%85%D9%88%D8%B3%DB%8C%D9%82%DB%8C-music-player-%D9%82%D8%A7%D8%A8%D9%84%DB%8C%D8%AA-%D9%85%DA%A9%D8%A7%D9%84%D9%85%D9%87-%D8%A7%D8%B2-%D8%B7%D8%B1%DB%8C%D9%82-%D8%A8%D9%84%D9%88%D8%AA%D9%88%D8%AB-%D9%BE%D8%B4%D8%AA%DB%8C%D8%A8%D8%A7%D9%86%DB%8C-%D8%A7%D8%B2-%D8%B2%D8%A8%D8%A7%D9%86-%D9%81%D8%A7%D8%B1%D8%B3%DB%8C-%D8%AF%D8%B1-%D9%85%D9%86%D9%88-%D9%88-%D8%B3%DB%8C%D8%B3%D8%AA%D9%85%D8%B9%D8%A7%D9%85%D9%84-%D9%82%D8%A7%D8%A8%D9%84%DB%8C%D8%AA-%D8%AA%D8%BA%DB%8C%DB%8C%D8%B1-%D8%B7%D8%B1%D8%AD-%D8%B3%D8%A7%D8%B9%D8%AA-%DB%8C%D8%A7-%D8%AA%D9%85-%D8%A8%D9%86%D8%AF-%DA%86%D8%B1%D9%85-%D9%85%D8%B5%D9%86%D9%88%D8%B9%DB%8C/","۴.۴","۱۶۳ دیدگاه","عالی","ساعت هوشمند تی سی اچ مدل TCH HD1 3D Hero1 دارای قابلیت های کنترل موسیقی (Music Player)، قابلیت مکالمه از طریق بلوتوث، پشتیبانی از زبان فارسی در منو و سیستم‌عامل، قابلیت تغییر طرح ساعت یا تم بند چرم مصنوعی","۲,۹۰۰,۰۰۰","۹۵%","https://dkstatics-public.digikala.com/digikala-products/87eead17ded8ed750e3b5c91ff0a343bde72fbe6_1754236725.jpg?x-oss-process=image/resize,m_lfit,h_800,w_800/quality,q_90
https://dkstatics-public.digikala.com/digikala-products/24ce1bcc2f56522b3264f45c0d0c900e42b3bc2b_1733654173.jpg?x-oss-process=image/resize,m_lfit,h_800,w_800/quality,q_90
https://dkstatics-public.digikala.com/digikala-products/b360fbdbd71484812468d63312375e23d495c8ff_1727855113.jpg?x-oss-process=image/resize,m_lfit,h_800,w_800/quality,q_90
https://dkstatics-public.digikala.com/digikala-products/87eead17ded8ed750e3b5c91ff0a343bde72fbe6_1754236725.jpg?x-oss-process=image/resize,m_lfit,h_800,w_800/quality,q_90","","خاکستریمشکینقره ای","ویژگی‌هانوع کاربریورزشی، رسمی، روزمرهورزشی، رسمی، روزمرهفرم صفحهدایرهدایرهجنس بندچرم مصنوعیچرم مصنوعیمشاهده همه ویژگی‌ها","ساعت هوشمند تی سی اچ مدل TCH HD1 3D Hero1 با طراحی مدرن و قابلیت‌های گسترده، گزینه‌ای مناسب برای استفاده روزمره، رسمی و ورزشی محسوب می‌شود. بدنه فلزی آن در کنار بند چرمی مصنوعی، ظاهری شیک و حرفه‌ای ایجاد کرده که علاوه بر جذابیت ظاهری، دوام بالایی دارد. وزن سبک 35 گرمی این ساعت باعث راحتی در استفاده طولانی‌مدت شده و فرم صفحه گرد آن با سلیقه‌های مختلف هماهنگ است.
صفحه‌نمایش 1.43 اینچی AMOLED با رزولوشن 466x466 پیکسل کیفیت تصویری چشمگیری را ارائه می‌دهد. این ساعت علاوه بر نمایش ...","مشخصاتمناسب برایکاربری عمومی سازگار با سیستم عاملAndroid iOS توضیحات سازگاریسازگار با سیستم عامل Android و iOS زبان‌های قابل پشتیبانی در اعلان و پیامفارسی انگلیسی نوع کاربریورزشی رسمی روزمره قابلیت‌های ساعت هوشمندکنترل موسیقی (Music Player) قابلیت مکالمه از طریق بلوتوث پشتیبانی از زبان فارسی در منو و سیستم‌عامل قابلیت تغییر طرح ساعت یا تم سایز قاب ساعت هوشمند۴۷ میلی‌متر وزن۳۵ گرمفرم صفحهدایره قابلیت‌های مقاومتیبدون قابلیت مقاومتی جنس بدنهفلز قابلیت تعویض بنددارد توضیحات جنس بدنهمقاومت در برار آب: IP۶۸ جنس بندچرم مصنوعی نوع قفل بندسگکی ساده نوع صفحه نمایش اصلیAmoled اندازه صفحه نمایش۱.۴۳ اینچرزولوشن صفحه نمایش۴۶۶x۴۶۶ حسگرهای حرکتی و محیطیفشار سنج (Barometer) گام‌شمار (Pedometer) سنسورهای ورزشی و سلامتیسنجش اکسیژن خون شمارنده ضربان قلب سنجش سطح استرس سنجش کیفیت خواب نظارت بر سیکل ماهیانه بانوان نسخه بلوتوث۵.۲ اتصالاتBluetooth ظرفیت باتری۲۷۰ میلی آمپر ساعتنحوه شارژ ساعت هوشمندکابل مغناطیسی مدت زمان شارژ شدن۲.۵ قابلیت های ویژهقابلیت دریافت اعلانات و پیام‌ها /
پشتیبانی بیش از ۱۵۰ حالت ورزشی /
پشتیبانی از ۱۶ زبان /
برنامه اختصاصی GloryFit Pro /
قابلیت شخصی سازی دکمه بازگشت /
دارای ماشین حساب
 اقلام همراهبند سیلیکونی اضافه، کابل شارژ و دفترچه راهنما توضیحات شارژدهیمدت زمان شارژدهی (عمر باتری): با توجه به استفاده کاربر ۵ تا ۷ روز","تی سی اچ"
"1771408753-327","https://www.digikala.com/search/category-wearable-gadget/","ساعت هوشمند گلوریمی مدل Artist مناسب برای ورزش، کنترل سطح اکسیژن خون، شمارش ضربان قلب، پایش وضعیت خواب با بند چرم","۶,۲۹۰,۰۰۰","","","۴.۵","ارسال سریع دیجی‌کالا","","","","ساعت هوشمند گلوریمی مدل Artist مناسب برای ورزش، کنترل سطح اکسیژن خون، شمارش ضربان قلب، پایش وضعیت خواب با بند چرمارسال سریع دیجی‌کالا
۴.۵۶,۲۹۰,۰۰۰","https://www.digikala.com/product/dkp-18478784/%D8%B3%D8%A7%D8%B9%D8%AA-%D9%87%D9%88%D8%B4%D9%85%D9%86%D8%AF-%DA%AF%D9%84%D9%88%D8%B1%DB%8C%D9%85%DB%8C-%D9%85%D8%AF%D9%84-artist-%D9%85%D9%86%D8%A7%D8%B3%D8%A8-%D8%A8%D8%B1%D8%A7%DB%8C-%D9%88%D8%B1%D8%B2%D8%B4-%DA%A9%D9%86%D8%AA%D8%B1%D9%84-%D8%B3%D8%B7%D8%AD-%D8%A7%DA%A9%D8%B3%DB%8C%DA%98%D9%86-%D8%AE%D9%88%D9%86-%D8%B4%D9%85%D8%A7%D8%B1%D8%B4-%D8%B6%D8%B1%D8%A8%D8%A7%D9%86-%D9%82%D9%84%D8%A8-%D9%BE%D8%A7%DB%8C%D8%B4-%D9%88%D8%B6%D8%B9%DB%8C%D8%AA-%D8%AE%D9%88%D8%A7%D8%A8-%D8%A8%D8%A7-%D8%A8%D9%86%D8%AF-%DA%86%D8%B1%D9%85/","۴.۵","۲۷ دیدگاه","عالی","ساعت هوشمند گلوریمی مدل Artist مناسب برای ورزش، کنترل سطح اکسیژن خون، شمارش ضربان قلب، پایش وضعیت خواب با بند چرم","۶,۱۰۰,۰۰۰","","https://dkstatics-public.digikala.com/digikala-products/d56dec0835fb006de0a085e18f68196b583fdb44_1754240545.jpg?x-oss-process=image/resize,m_lfit,h_800,w_800/quality,q_90
https://dkstatics-public.digikala.com/digikala-products/02b9ddbc0b4470a069dc20f7fa685a2273d6e494_1740752780.jpg?x-oss-process=image/resize,m_lfit,h_800,w_800/quality,q_90
https://dkstatics-public.digikala.com/digikala-products/f986040c256746ca0fb4e1324cff42441c648af0_1741376662.jpg?x-oss-process=image/resize,m_lfit,h_800,w_800/quality,q_90","","قهوه ایمشکی","ویژگی‌هانوع کاربریرسمی، روزمرهرسمی، روزمرهفرم صفحهدایرهدایرهجنس بندچرمچرممشاهده همه ویژگی‌ها","ساعت هوشمند گلوریمی مدل Artist، با طراحی کلاسیک و ویژگی‌های پیشرفته، یک انتخاب عالی برای استفاده‌های روزمره، ورزشی و رسمی است. این ساعت با بدنه فلزی و بند چرم قابل تعویض، ترکیبی از استحکام و زیبایی را به نمایش می‌گذارد. فرم دایره‌ای آن، جذابیت ویژه‌ای به طراحی می‌دهد که هم برای آقایان و هم بانوان قابل استفاده است. صفحه نمایش ۱.۴۳ اینچی Ultra Clear AMOLED با رزولوشن ۴۶۶x۴۶۶ پیکسل، تصویری واضح و با کیفیت بالا ارائه می‌دهد. همچنین روشنایی ۱۳۵۰ نیت و نرخ تازه‌سازی ۶۰ هرتزی، وضوح  ...","مشخصاتمناسب برایآقایان و بانوان سازگار با سیستم عاملAndroid iOS توضیحات سازگاریسازگار با سیستم عامل اندروید و iOS زبان‌های قابل پشتیبانی در اعلان و پیامفارسی هشدار هادارای ۱۰۰ حالت ورزشی /
پایش وضعیت سلامتی، خواب و استرس به صورت ۲۴ ساعته نوع کاربریرسمی روزمره قابلیت‌های ساعت هوشمندقابلیت مکالمه از طریق بلوتوث سایز قاب ساعت هوشمند۴۶ میلی‌متر فرم صفحهدایره جنس بدنهفلز قابلیت تعویض بنددارد جنس بندچرم نوع قفل بندسگکی ساده نوع صفحه نمایش اصلیUltra Clear AMOLED اندازه صفحه نمایش۱.۴۳ اینچ اینچرزولوشن صفحه نمایش۴۶۶x۴۶۶ پیکسل سایر مشخصات صفحه نمایشروشنایی صفحه نمایش ۱۳۵۰ نیت /
نرخ تازه سازی ۶۰ هرتزی /
مجهز به حالت صفحه نمایش همیشه روشن (Always on display) حسگرهای حرکتی و محیطیشتاب سنج (Accelerometer) سنسورهای ورزشی و سلامتیشمارنده ضربان قلب سنجش اکسیژن خون سنجش کیفیت خواب نظارت بر سیکل ماهیانه بانوان سنجش سطح استرس پردازنده۲ هسته‌ای حافظه داخلی۱ گیگابایت سایر مشخصات سخت افزاریشارژدهی باتری در حالت ذخیره سازی انرژی تا ۲۰ روز - در استفاده معمولی تا ۷ روز /
دارای گواهی IP۶۸ /
نسخه بلوتوث ۵.۳ ظرفیت باتری۳۶۰ میلی آمپر ساعتنحوه شارژ ساعت هوشمندکابل مغناطیسی مدت زمان شارژ شدنتا ۲ ساعت","گلوریمی"
"1771408755-328","https://www.digikala.com/search/category-wearable-gadget/","ساعت هوشمند سونتو مدل 9 پیک پرو کد SS050807000","۶۶,۳۰۰,۰۰۰","۷۱,۱۰۰,۰۰۰","۷٪","۳.۵","تنها ۱ عدد در انبار باقی مانده","","https://dkstatics-public.digikala.com/digikala-products/bb1f2e9ad7a997809d5d1f1064b45a043ee0ec1d_1674028228.jpg?x-oss-process=image/resize,m_lfit,h_300,w_300/quality,q_80","https://www.digikala.com/statics/img/svg/productCard/topBadge/SpecialSell.svg","ساعت هوشمند سونتو مدل 9 پیک پرو کد SS050807000تنها ۱ عدد در انبار باقی مانده
۳.۵۷٪۶۶,۳۰۰,۰۰۰۷۱,۱۰۰,۰۰۰","https://www.digikala.com/product/dkp-10465536/%D8%B3%D8%A7%D8%B9%D8%AA-%D9%87%D9%88%D8%B4%D9%85%D9%86%D8%AF-%D8%B3%D9%88%D9%86%D8%AA%D9%88-%D9%85%D8%AF%D9%84-9-%D9%BE%DB%8C%DA%A9-%D9%BE%D8%B1%D9%88-%DA%A9%D8%AF-ss050807000/","۳.۵","۲ دیدگاه","عالی","ساعت هوشمند سونتو مدل 9 پیک پرو کد SS050807000","۷۱,۱۰۰,۰۰۰","۷۰%","https://dkstatics-public.digikala.com/digikala-products/bb1f2e9ad7a997809d5d1f1064b45a043ee0ec1d_1674028228.jpg?x-oss-process=image/resize,m_lfit,h_800,w_800/quality,q_90
https://dkstatics-public.digikala.com/digikala-products/bb1f2e9ad7a997809d5d1f1064b45a043ee0ec1d_1674028228.jpg?x-oss-process=image/resize,m_lfit,h_800,w_800/quality,q_90
https://dkstatics-public.digikala.com/digikala-products/33e0fab03690da0ef619ea4a293e1e70379a1b74_1674028230.jpg?x-oss-process=image/resize,m_lfit,h_800,w_800/quality,q_90
https://dkstatics-public.digikala.com/digikala-products/0a033d5c1b0dc008928764cb5332c8016a073591_1674028231.jpg?x-oss-process=image/resize,m_lfit,h_800,w_800/quality,q_90
https://dkstatics-public.digikala.com/digikala-products/bb1f2e9ad7a997809d5d1f1064b45a043ee0ec1d_1674028228.jpg?x-oss-process=image/resize,m_lfit,h_800,w_800/quality,q_90","","مشکی","ویژگی‌هانوع کاربریورزشی، رسمی، روزمرهورزشی، رسمی، روزمرهفرم صفحهگردگردجنس بندسیلیکونسیلیکونمشاهده همه ویژگی‌ها","ساعت سونتو SUUNTO 9 PEAK PRO ALL BLACK قدرتمند ترین ساعت اسپرت سونتو با عمر باتری شگفت انگیز و دوام بالا میباشد.

هنگام ورزش کردن حتی ثانیه ها هم مهم میباشند ، به لطف چیپست قدرتمند و جدید ، Suunto 9 Peak Pro سریعتر از همیشه به لمس شما واکنش نشان می دهد.

حتی در ماجراجویی های طولانی تر، Suunto 9 Peak Pro یک همراه قابل اعتماد است. این ساعت دارای بهترین عمر باتری در بین ساعت های ورزشی مشابه خود میباشد ، شما میتوانید در حالت GPS حدود 40 ساعت از ساعت خود استفاده کنید.

GPS ب ...","مشخصاتمناسب برایآقایان و بانوان توضیحات سازگاریقابلیت اتصال به گوشی های اندروید و آیفون زبان‌های قابل پشتیبانی در اعلان و پیامانگلیسی چینی نوع کاربریورزشی رسمی روزمره قابلیت‌های ساعت هوشمندصفحه نمایش رنگی صفحه نمایش لمسی کنترل موسیقی (Music Player) کنترل سطح اکسیژن خون ابعاد قاب۱۰.۸×۴۳×۴۳ میلی‌متروزن۶۴ گرمفرم صفحهگرد جنس شیشهیاقوت توضیحات جنس بدنهجنس بزل : فولاد ضد زنگ
جنس شیشه : یاقوت کبود (کریستال)
جنس قاب : پلی آمید تقویت شده با الیاف شیشه
جنس بند : سیلیکون جنس بندسیلیکون نوع قفل بندسگکی ساده توضیحات رنگ بند و بدنهSUUNTO ۹ PEAK PRO ALL BLACK نوع صفحه نمایش اصلیmatrix رزولوشن صفحه نمایش۲۴۰×۲۴۰ pixels اتصالاتBluetooth نوع باتریلیتیوم یون قابل شارژ قابلیت های ویژهاستحکام بالا
استحکام سونتو ۹ پیک پرو بر اساس استانداردهای نظامی ایالات متحده آمریکا آزمایش شد است.

این محصول تا عمق ۱۰۰ متر ضد آب میباشد و همچنین از با کیفیت ترین مواد مانند شیشه یاقوت کبود ، فولاد ضد زنگ و تیتانیوم در نسخه های انتخاب شده ساخته شده است.

Suunto ۹ Peak Pro با استحکام بالا ، در عین حال ظریف طراحی شده است.

این ساعت همراه با مدل های قبلی خود ، نازک ترین ساعت GPS دار اسپورت موجود در بازار است.

حالت های ورزشی
تمرین انتخابی شما چیست؟

Suunto ۹ Peak Pro با بیش از ۹۵ حالت ورزشی از پیش تعیین شده برای انجام تمام حالت های ورزشی آماده است.

چه در باشگاه ورزشی باشید و چه در حال بالا رفتن از کوه ، این ساعت با گزارش های فعالیت روزانه به شما کمک میکند تا درک کاملی از فعالیت های خود داشته باشید.

با استفاده از برنامه سونتو ، ساعت به شما کمک میکند تا در ماجراجویی های خود از مسیرتان منحرف نشوید.

همچنین با یک حالت غواصی اختصاصی ، Suunto ۹ Peak Pro آماده است تا شما را در ماجراجویی های زیر آب همراهی کند.

برنامه Suunto
برنامه Suunto به شما کمک می کند تا مسیرها، تمرینات و داده های فعالیت خود را برنامه ریزی و تجزیه و تحلیل کنید همچنین میتوانید آنها را با دیگران به اشتراک بگذارید.

با Suunto ۹ Peak Pro می توانید به بیش از ۲۰۰ برنامه مانند Strava، komoot و TrainingPeaks متصل شوید.

مشخصات فنی ساعت سونتو SUUNTO ۹ PEAK PRO ALL BLACK
سایز قاب : ۱۰.۸×۴۳×۴۳ میلی متر
جنس بزل : فولاد ضد زنگ
جنس شیشه : یاقوت کبود (کریستال)
جنس قاب : پلی آمید تقویت شده با الیاف شیشه
جنس بند : سیلیکون
وزن : ۶۴ گرم
عرض بند : ۲۲ میلی متر
اندازه مچ دست : ۱۲۵ تا ۱۷۵ میلیمتر
واچ فیس های ساعت قابل تنظیم
قفل صفحه لمسی : در حین تمرین
صفحه نمایش لمسی
صفحه نمایش رنگی
مقاومت در برابر آب ۱۰۰ متر
نشانگر درصد باتری
نوع باتری : لیتیوم یون قابل شارژ
سیستم عامل قابل ارتقا است
نمایش دهنده زمان و تاریخ
دارای زنگ هشدار
نمایش دو تایم همزمان
محاسبه ضربان قلب از روی مچ دست
دارای زمان سنج خودکار
دارای کرنومتر
دارای تایمر معکوس
هشدار لرزش
زبان ها : EN, CS, DA, DE, ES, FI, FR, IT, JA, KO, NL, NO, PL, PT, RU, SV, TR, ZH
نور پس زمینه : LED
نور پس زمینه قابل تنظیم
قفل با دکمه (هنگام ورزش)
اندازه صفحه نمایش : ۱.۲ اینچ
نوع صفحه نمایش : matrix
کیفیت صفحه نمایش : ۲۴۰×۲۴۰ pixels
دارای واحدهای متریک و امپریالیستی
امکان صرفه جویی در نور روز
به روز رسانی سیستم عامل به صورت خودکار
محاسبه اکسیژن خون
مشخصات دمای محیط برای ساعت سونتو SUUNTO ۹ PEAK PRO
دمای کارکرد : از ۲۰- درجه سانتیگراد تا ۵۵+ درجه سانتیگراد
دمای ذخیره سازی : از ۲۰- درجه سانتیگراد تا ۵۵+ درجه سانتیگراد
دمای شارژ توصیه شده : از ۰ درجه سانتیگراد تا ۳۵+ درجه سانتیگراد
عمر باتری
یادآوری شارژ هوشمند
در حالت زمان : ۳۰ روز
با ردیابی ۲۴/۷ و اعلان های تلفن همراه : ۲۱ روز
حالت تمرین با جی پی اس : ۴۰h / ۷۰h / ۳۰۰h
قطب نما
دارای قطب نمای دیجیتال
امکان تصحیح شیب
امکان تصحیح انحراف
مقیاس جهت : درجه / میلی متر
نمایش جهت نوک قطب نما : شمال مغناطیسی
دقت قطب نما : °۵
وضوح قطب نما : °۱
اتصالات
قابلیت اتصال (بین دستگاه ها)
سازگار با برنامه Suunto
امکان کنترل های رسانه ای (روی ساعت)
امکان ارسال پاسخهای از پیش تعیین شده به پیامهای دریافتی از ساعت (فقط اندروید)
سازگار با جوامع ورزشی آنلاین
نمایش اعلان های تلفن همراه روی ساعت
مشاهده به روز رسانی نرم افزار از طریق cloud
به روز رسانی خودکار با نرم افزار over the air
سازگاری با گوشی های هوشمند (رایج ترین مدل ها پشتیبانی می شوند)
ردیابی فعالیت
گام شمار
کالری سوزانده شده
اهداف فعالیت (مراحل ، کالری)
ثبت سابقه فعالیت
میزان کالری سوزانده شده و ضربان قلب در حین فعالیت های روزانه
نمایش حداقل میزان ضربان قلب روزانه
ردیابی خواب
مدت زمان خواب
زمان خوابیدن
زمان بیدار شدن
خواب عمیق
کیفیت خواب
استرس و ریکاوری
سطح منابع روزانه
نمایش استرس و وضعیت بهبودی
عملکردهای فضای باز
ردیابی و جهت یابی GPS
سیستم های ماهواره ای : GPS, GLONASS, GALILEO, QZSS, BEIDOU
حالت های هوشمند باتری : Performance, Endurance,  Tour, Custom
سرعت ثبت GPS : دارای حالت های Best,  OK, Low
امکان مشاهده جهت یابی مسیر و ایستگاه های بین مسیر
امکان بزرگنمایی (Zoom) هنگام جهت یابی
دارای زوم خودکار بر اساس شکل مسیر
دنباله Breadcrumb در زمان واقعی
امکان برنامه ریزی مسیر با مشخصات ارتفاع
دارای نقشه های ماهواره ای در فضای باز
دارای Heatmaps جهانی برای ۲۰ ورزش
امکان برنامه ریزی برای مسیر با heatmaps
امکان همگام سازی فایل های مسیر های شخصی سازی شده روی ساعت
موقیعت یابی نقطه مورد نظر (POI)
دارای ETA (زمان تقریبی رسیدن) ، فاصله باقیمانده
تجزیه و تحلیل مسیر با GPS
امکان ثبت ، مشاهده و اشتراک گذاری مسیر
استفاده از سیستم های ماهواره ای به طور همزمان : ۴ سیستم
حداکثر ماهواره های متصل : ۳۲ عدد
دارای نقشه های فضای باز بر اساس ماهواره ، زمین و توپوگرافی در وب توسط Mapbox ، Google Maps و Android
ارتفاع سنج
دارای ارتفاع سنج بارومتری
نمایش ارتفاع با GPS
دارای FusedAlti (ترکیبی از GPS ، ارتفاع و فشارسنج)
نمایش ارتفاع در حالتهای روزانه
نمایش صعود / نزول کل (در ورزش)
نمایش سرعت در راستای عمود (در ورزش)
دارای پروفایل فشارسنج و ارتفاع سنج خودکار
سرعت ثبت : ۱ ثانیه
میزان دقت : ۱ متر
دامنه محاسبه : از ۵۰۰- تا ۹۹۹۹ متر
سازگاری ارتفاع با اکسیژن خون
آب و هوا
زمان طلوع و غروب خورشید
دارای زنگ خطر طوفان
نمایش فشار سطح دریا
دارای پروفایل بارومتر و آلتیمتر خودکار
نمایش درجه حرارت
محدوده نمایش دما : از ۲۰- درجه سانتیگراد تا ۵۵+ درجه سانتیگراد
دقت دما سنج : ۱ درجه سانتیگراد
دقت فشار سنج : ۱ hPa
نمودار ارتفاع در خلاصه تمرین نشان داده میشود
عملکردهای ورزشی
ساعت سونتو SUUNTO ۹ PEAK PRO ALL BLACK

مدت زمان ورزش
امکان تنظیم فواصل زمانی
راهنمای فواصل زمانی بین ورزش
ضربان قلب
محاسبه ضربان قلب از روی مج دست
سازگاری با بلت ضربان قلب (Bluetooth Smart belts)
محاسبه فاصله RR ضربان قلب (با بلت ضربان قلب Suunto Smart و سنسور هوشمند Suunto)
محاسبه ضربان قلب بر حسب ضربان در دقیقه
ثبت ضربان قلب در شنا : با کمربند ضربان قلب هوشمند سونتو و سنسور هوشمند سونتو
نمایش نمودار ضربان قلب در زمان واقعی
محاسبه میانگین ضربان قلب در زمان واقعی
محاسبه کالری مصرفی
نمایش حد اکثر تاثیر ورزش
زمان ریکاوری
سطح تناسب اندام (VO۲max)
سرعت و مسافت
سرعت و مسافت بر اساس Cadence
سرعت و مسافت با GPS
دارای کرنوگراف
امکان پشتیبانی از POD پا (با بلوتوث هوشمند)
دارای Autolaps
دارای Manual laps
امکان تجزیه و تحلیل سرعت ، نمودارهای سرعت و ترک ها روی نقشه
ریکاوری ورزشی
زمان ریکاوری بر اساس نوع ورزش
نمایش زمان ریکاوری روزانه (روی ساعت)
مشاهده احساس خستگی بعد از تمرین (روی ساعت)
بارگذاری های ورزشی
دارای دفترچه ثبت با جزئیات تمرین
خلاصه تمرین با جزئیات lap
بارگذاری تمرین برای کلیه ورزشها
دارای دفترچه ثبت ورزشی برای مرور کلی در بلند مدت
اشتراک گذاری
امکان به اشتراک گذاری تمرینات در رسانه های اجتماعی
امکان رتبه بندی و نظر دادن به تمرینات
بقیه اعضا رو فالو کنید و از طریق جریا فعالیت آنها بازخورد بگیرید
ورزش های تخصصی ساعت سونتو ۹ پیک پرو تمام مشکی
شنا كردن
محاسبه سرعت و مسافت شنا در استخر
محاسبه مسافت شنا در آبهای آزاد
ثبت ضربان قلب هنگام شنا
زمان شنا بر اساس طول استخر ، lap و مجموع
میزان ، تعداد و نوع حرکت دست در شنا
راندمان حرکت دست (SWOLF)
دارای امکان وقفه های خودکار
دارای جدول بازه های زمانی lap
دویدن
سرعت دویدن
امکان استفاده از Suunto FusedSpeed
محاسبه قدرت دویدن با سنسور Stryd
امکان استفاده از SuuntoPlus™ Ghost runner
کالیبراسیون POD پا
امکان مقایسه و سنجش lap ها هنگام دویدن
محاسبه سرعت متوسط و حداکثر سرعت در لحظه
امکان راهنمایی برای یک استراحت کوتاه با بررسی سرعت دویدن ، ضربان قلب و مسافت
دوچرخه سواري
سرعت دوچرخه سواری
محاسبه سرعت متوسط در زمان واقعی
پشتیبانی از POD در دوچرخه سواری (با بلوتوث)
پشتیبانی از power meter در دوچرخه سواری (با بلوتوث)
پشتیبا از سنسور قدرت و محاسبه توان دوچرخه (با بلوتوث)
حداکثر قدرت دوچرخه سواری (با سنسور قدرت)
دارای جدول lap در لحظه با متوسط HR ، قدرت متوسط و سرعت متوسط
امکان راهنمایی برای یک استراحت کوتاه با بررسی قدرت ، سرعت و ضربان قلب
MULTI SPORTS
امکان تغییر حالت ورزشی هنگام ورزش کردن
حالت های multisport از پیش تنظیم شده
نمایش خلاصه تمرین multisport روی ساعت
امکان تجزیه و تحلیل تمرینات multisport
حالت های ورزشی
حالت ها و نمایشگرهای ورزشی قابل تنظیم میباشند
دارای نمایشگرهای گرافیکی در حالت های ورزشی
حالت های ورزشی از پیش نصب شده روی ساعت (بیش از ۹۵ حالت ورزشی)
امکان استفاده از SuuntoPlus","سونتو"
"1771408758-329","https://www.digikala.com/search/category-wearable-gadget/","ساعت هوشمند مدل T800","۶۰۰,۰۰۰","","","۳.۷","&nbsp;","","https://dkstatics-public.digikala.com/digikala-products/62c97dda28f18f0d2453f328c48dadc1867900c9_1754245232.jpg?x-oss-process=image/resize,m_lfit,h_300,w_300/quality,q_80","","ساعت هوشمند مدل T800&nbsp;
۳.۷۶۰۰,۰۰۰","https://www.digikala.com/product/dkp-11277486/%D8%B3%D8%A7%D8%B9%D8%AA-%D9%87%D9%88%D8%B4%D9%85%D9%86%D8%AF-%D9%85%D8%AF%D9%84-t800/","۳.۷","۴۷۱ دیدگاه","عالی","ساعت هوشمند مدل T800","۶۰۰,۰۰۰","۱۰۰%","https://dkstatics-public.digikala.com/digikala-products/62c97dda28f18f0d2453f328c48dadc1867900c9_1754245232.jpg?x-oss-process=image/resize,m_lfit,h_800,w_800/quality,q_90
https://dkstatics-public.digikala.com/digikala-products/eceb2dcc6ddbf9ca88fcb142396b029c1a24596c_1683484164.jpg?x-oss-process=image/resize,m_lfit,h_800,w_800/quality,q_90
https://dkstatics-public.digikala.com/digikala-products/7d901ceda79b9560d7fbd817013dc6257e953e26_1683483873.jpg?x-oss-process=image/resize,m_lfit,h_800,w_800/quality,q_90
https://dkstatics-public.digikala.com/digikala-products/62c97dda28f18f0d2453f328c48dadc1867900c9_1754245232.jpg?x-oss-process=image/resize,m_lfit,h_800,w_800/quality,q_90","","سبز تیرهنارنجینارنجی فلورسنتنارنجی فسفری","ویژگی‌هانوع کاربریورزشی، رسمی، روزمرهورزشی، رسمی، روزمرهفرم صفحهمستطیلمستطیلجنس بندسیلیکونسیلیکونمشاهده همه ویژگی‌ها","T800یکی دیگر از کلون های جدید اپل واچ اولترا 2022 است که با قیمت بسیار ارزان در بازار موجود است. این یک ساعت هوشمند اسپرت است که طراحی مربعی با صفحه نمایش LCD بزرگ 1.99 اینچی دارد و به چندین ویژگی از جمله نمایشگر ضربان قلب، مانیتور اکسیژن خون SPO2، حالت های Multisport، ضد آب IP67 و پشتیبانی از تماس بلوتوث مجهز است این ساعت هوشمند مربع شکل و به ابعاد 4/5x38/5x1/4 است وزن آن 50 گرم و در رنگ های متنوع مشکی زرد نارنجی و نقره ای موجود میباشد نمایشگر lcd واندازه صفحه نمایش 1.99 این ...","مشخصاتتوضیحات سازگاریبا سیستم عامل Android و IOS سازگار است نوع کاربریورزشی رسمی روزمره قابلیت‌های ساعت هوشمندصفحه نمایش رنگی صفحه نمایش لمسی کنترل سطح اکسیژن خون ابعاد قاب۴۳X۳۸X۱۳ میلی‌مترضخامت قاب۱۳ میلی‌مترفرم صفحهمستطیل جنس بدنهفلز جنس بندسیلیکون نوع قفل بندسگکی ساده توضیحات رنگ بند و بدنهمطابق انتخاب مشتری اندازه صفحه نمایش۱.۹۹ اینچرزولوشن صفحه نمایش۲۸۵X۳۶۰ پردازندهYC۱۱۳۳ اتصالاتBluetooth ظرفیت باتری۲۲۰ میلی آمپر ساعتاقلام همراهشارژر وایرلس و دفترچه راهنما","متفرقه"
"1771408761-330","https://www.digikala.com/search/category-wearable-gadget/","ساعت هوشمند 46 میلی متری ورنا مدل T46 Pro max با بند فلزی به همراه 2 بند اضافه و شارژر","۲,۸۶۰,۰۰۰","۳,۴۵۰,۰۰۰","۱۷٪","۳.۷","تنها ۱ عدد در انبار باقی مانده","","","","ساعت هوشمند 46 میلی متری ورنا مدل T46 Pro max با بند فلزی به همراه 2 بند اضافه و شارژرتنها ۱ عدد در انبار باقی مانده
۳.۷۱۷٪۲,۸۶۰,۰۰۰۳,۴۵۰,۰۰۰","https://www.digikala.com/product/dkp-18593538/%D8%B3%D8%A7%D8%B9%D8%AA-%D9%87%D9%88%D8%B4%D9%85%D9%86%D8%AF-46-%D9%85%DB%8C%D9%84%DB%8C-%D9%85%D8%AA%D8%B1%DB%8C-%D9%88%D8%B1%D9%86%D8%A7-%D9%85%D8%AF%D9%84-t46-pro-max-%D8%A8%D8%A7-%D8%A8%D9%86%D8%AF-%D9%81%D9%84%D8%B2%DB%8C-%D8%A8%D9%87-%D9%87%D9%85%D8%B1%D8%A7%D9%87-2-%D8%A8%D9%86%D8%AF-%D8%A7%D8%B6%D8%A7%D9%81%D9%87-%D9%88-%D8%B4%D8%A7%D8%B1%DA%98%D8%B1/","۳.۷","۴۵ دیدگاه","عالی","ساعت هوشمند 46 میلی متری ورنا مدل T46 Pro max با بند فلزی به همراه 2 بند اضافه و شارژر","۳,۴۱۰,۰۰۰","","https://dkstatics-public.digikala.com/digikala-products/d431a5319fb9289f3d81ec963fa0f938ae0632a8_1748070468.jpg?x-oss-process=image/resize,m_lfit,h_800,w_800/quality,q_90
https://dkstatics-public.digikala.com/digikala-products/d28e929eab218b50c30b3144ae89403c633f0b31_1742218288.jpg?x-oss-process=image/resize,m_lfit,h_800,w_800/quality,q_90
https://dkstatics-public.digikala.com/digikala-products/a5bdfc64f4244df442a9532f9d3de44f2505294e_1742120786.jpg?x-oss-process=image/resize,m_lfit,h_800,w_800/quality,q_90
https://dkstatics-public.digikala.com/digikala-products/d431a5319fb9289f3d81ec963fa0f938ae0632a8_1748070468.jpg?x-oss-process=image/resize,m_lfit,h_800,w_800/quality,q_90","","تیتانیومینقره ایمشکی براق","ویژگی‌هانوع کاربریروزمرهروزمرهفرم صفحهمستطیلمستطیلجنس بندفلزفلزمشاهده همه ویژگی‌ها","اپل با معرفی ساعت هوشمند، بازار گجت‌ها را متحول کرد، اما همانطور که میدانید مدلهای آن خیلی گران قیمت هستند، اخیرا شرکتهای زیادی مدلهای طرح اپل رو تولید و با قیمت خیلی پایین‌تر عرضه میکنند. شرکت ورنا «verna» هم چند مدل ساعت هوشمند طرح اصلی روانه بازار کرده است. اگر شما هم قصد خرید یه ساعت هوشمند با کیفیت و قیمت متوسط را دارید، مدل T۴۶ Pro max پیشنهاد مناسبی است. این مدل همانطور که از اسم و عکس آن پیداست مشابه سری کلاسیک سایز ۴۶ اپل واچ است. همین اول بهتره بدانید که در تمام نم ...","مشخصاتمناسب برایآقایان و بانوان سازگار با سیستم عاملAndroid iOS توضیحات سازگاریسازگار با اندروید و IOS زبان‌های قابل پشتیبانی در اعلان و پیامفارسی انگلیسی چینی هشدار هایک راهنمایی صادقانه در مورد ساعت طرح اپل یا متفرقه: در نظر داشته باشید، با توجه به قیمت و اینکه این محصول نمونه های-کپی از ساعتهای اصلی مانند اپل یا سامسونگ میباشد، دقت برخی سنسورها (مانند قدم شمار) با خطا همراه است و طبق تست انجام گرفته، الباقی سنسورها مانند فشار یا اکسیژن خون نیز مقادیر درستی نشان نمیدهد و بیشتر جنبه تزئینی دارند. لذا در صورتی که این موارد برای شما مهم است، میبایست حتما ساعت اورجینال و برند اصلی تهیه کنید. چون تقریبا تمام مدلهای های-کپی، در دقت سنسورها، دارای ضعف بوده و اختلاف قیمت آنها بیشتر مربوط به اپلیکیشن یا برنامه ای که به موبایل متصل میشود، کیفیت صفحه نمایش، میزان نگهداری باتری و مواردی از این دست میباشد. پس اولا فریب تبلیغات مختلف در مورد کارکرد سنسورها در این نمونه ها را نخورید، ثانیا لطفا توجه داشته باشید، عدم دقت احتمالی سنسورها، به معنی ایراد دستگاه یا غیر اصل بودن آن نیست. پس حتما این موضوع را در خرید خود در نظر بگیرید. ضمنا در جا زدن بند ساعت به هنگام تعویض بند، دقت لازم را داشته باشید تا از آسیب به ساعت و بند جلوگیری به عمل آورید (دستور العمل چسبیده شده روی بند را حتما ملاحظه نمایید)  نوع کاربریروزمره قابلیت‌های ساعت هوشمندکنترل موسیقی (Music Player) قابلیت مکالمه از طریق بلوتوث پشتیبانی از زبان فارسی در منو و سیستم‌عامل قابلیت تغییر طرح ساعت یا تم صفحه همیشه روشن (Always-on Display) سایز قاب ساعت هوشمند۴۶ میلی‌متر وزن۱۰۰ گرمفرم صفحهمستطیل قابلیت‌های مقاومتیبدون قابلیت مقاومتی جنس بدنهفلز قابلیت تعویض بنددارد توضیحات جنس بدنهفلزی بسیار با کیفیت که کاملا حس مدل اصلی را القا میکند. (عکس اول عکس طراحی شده است اما بیشتر عکسهای آلبوم واقعیست) ضمنا هرچند این مدل کپی مدل ۴۶ میلیمتر اپل ساخته شده است، اما سایز بدنه (طول بیرونی فریم) دقیقا ۴۶ میلیمتر نیست و ممکن است کمی کمتر یا بیشتر باشد. جنس بندفلز نوع قفل بندمغناطیسی توضیحات رنگ بند و بدنهفریم فلزی و یک بند فلزی همرنگ + یک بند سیلیکونی اورجیتال همرنگ + بند هدیه (رنگ و طرح این بند به صورت رندوم ارسال میشود) اندازه صفحه نمایش۱.۹ اینچ اینچحسگرهای حرکتی و محیطیتشخیص نور محیط سنسورهای ورزشی و سلامتیتشخیص حرکات دست سیستم عاملبدون سیستم عامل توضیحات دوربیندوربین ندارد اتصالاتBluetooth نحوه شارژ ساعت هوشمندشارژ بی‌سیم مدت زمان شارژ شدنحدود ۲ الی ۳ ساعت با کلگی شاژر ۱ آمپر قابلیت های ویژهاین ساعت ضد آب است ولی با توجه به اینکه گواهینامه خاصی ندارد احتیاطا بهتر است بصورت غوطه ور در آب استفاده نشود.  اقلام همراهکابل شارژ وایرلس، بند فلزی میلانس همرنگ، بند سیلیکونی همرنگ، بند هدیه (رنگ و طرح این بند به صورت رندوم ارسال میشود)، کلگی شارژر کارت راهنمای فارسی","ورنا"
"1771408763-331","https://www.digikala.com/search/category-wearable-gadget/","ساعت هوشمند مدل WS-83 MAX دارای قابلیت های کنترل موسیقی ، شمارنده ضربان قلب ، گام شمار ، قابلیت مکالمه از طریق بلوتوث ، به همراه ایرپاد ، بند سیلیکونی و فلزی","۱,۶۹۰,۰۰۰","","","۳.۹","ارسال فروشنده","","","","ساعت هوشمند مدل WS-83 MAX دارای قابلیت های کنترل موسیقی ، شمارنده ضربان قلب ، گام شمار ، قابلیت مکالمه از طریق بلوتوث ، به همراه ایرپاد ، بند سیلیکونی و فلزیارسال فروشنده
۳.۹۱,۶۹۰,۰۰۰","https://www.digikala.com/product/dkp-17168122/%D8%B3%D8%A7%D8%B9%D8%AA-%D9%87%D9%88%D8%B4%D9%85%D9%86%D8%AF-%D9%85%D8%AF%D9%84-ws-83-max-%D8%AF%D8%A7%D8%B1%D8%A7%DB%8C-%D9%82%D8%A7%D8%A8%D9%84%DB%8C%D8%AA-%D9%87%D8%A7%DB%8C-%DA%A9%D9%86%D8%AA%D8%B1%D9%84-%D9%85%D9%88%D8%B3%DB%8C%D9%82%DB%8C-%D8%B4%D9%85%D8%A7%D8%B1%D9%86%D8%AF%D9%87-%D8%B6%D8%B1%D8%A8%D8%A7%D9%86-%D9%82%D9%84%D8%A8-%DA%AF%D8%A7%D9%85-%D8%B4%D9%85%D8%A7%D8%B1-%D9%82%D8%A7%D8%A8%D9%84%DB%8C%D8%AA-%D9%85%DA%A9%D8%A7%D9%84%D9%85%D9%87-%D8%A7%D8%B2-%D8%B7%D8%B1%DB%8C%D9%82-%D8%A8%D9%84%D9%88%D8%AA%D9%88%D8%AB-%D8%A8%D9%87-%D9%87%D9%85%D8%B1%D8%A7%D9%87-%D8%A7%DB%8C%D8%B1%D9%BE%D8%A7%D8%AF-%D8%A8%D9%86%D8%AF-%D8%B3%DB%8C%D9%84%DB%8C%DA%A9%D9%88%D9%86%DB%8C-%D9%88-%D9%81%D9%84%D8%B2%DB%8C/","۳.۹","۹۹ دیدگاه","عالی","ساعت هوشمند مدل WS-83 MAX دارای قابلیت های کنترل موسیقی ، شمارنده ضربان قلب ، گام شمار ، قابلیت مکالمه از طریق بلوتوث ، به همراه ایرپاد ، بند سیلیکونی و فلزی","۱,۶۴۰,۰۰۰","۱۰۰%","https://dkstatics-public.digikala.com/digikala-products/597ff541b99d858550702a272d99ce2d518df915_1754237325.jpg?x-oss-process=image/resize,m_lfit,h_800,w_800/quality,q_90
https://dkstatics-public.digikala.com/digikala-products/6c609d9c154c270f1c4bce18e118ab1ad6bea545_1730533783.jpg?x-oss-process=image/resize,m_lfit,h_800,w_800/quality,q_90
https://dkstatics-public.digikala.com/digikala-products/f01ae0b426b6cd30efadcff608b72135b63202f2_1729969996.jpg?x-oss-process=image/resize,m_lfit,h_800,w_800/quality,q_90
https://dkstatics-public.digikala.com/digikala-products/597ff541b99d858550702a272d99ce2d518df915_1754237325.jpg?x-oss-process=image/resize,m_lfit,h_800,w_800/quality,q_90","","طلاییمشکیمشکی براق","ویژگی‌هانوع کاربریورزشی، رسمی، روزمرهورزشی، رسمی، روزمرهفرم صفحهمربعمربعجنس بندسیلیکونسیلیکونمشاهده همه ویژگی‌ها","ساعت هوشمند طرح اپل واچ مدل ws-83 max دارای هفت بند با تنوع با رنگ های مختلف و جذاب است که یکی از بندهای آن فلزی طرح رولکسی میباشد.این ساعت یک ایرپاد هدیه نیز به همراه خود دارد.ساعت WS-83 MAX با سایز ۴۵ میلیمتر، 
دارای صفحه منوی سریع و روان لمسی با قابلیت نمایش اعلان ها و نوتیفیکیشن ها است.برخی از قابلیت های این ساعت به شرح زیر است: دارای شارژر وایرلس پرسرعت، قابلیت مکالمه و برقراری تماس ها،بند قفل دار، دارای شاتر دوربین گوشی،سازگار با بلوتوث ۵ ،سنسورهای ضربان قلب، فشار خون،ا ...","مشخصاتمناسب برایآقایان و بانوان توضیحات سازگاریسازگار با بلوتوث نسخه ۵ زبان‌های قابل پشتیبانی در اعلان و پیامفارسی انگلیسی هشدار هااز فرو بردن کامل ساعت در آب خودداری نمایید، این ساعت فقط در مقابل پاشش آب و رطوبت مقاوم است. نوع کاربریورزشی رسمی روزمره قابلیت‌های ساعت هوشمندصفحه نمایش رنگی صفحه نمایش لمسی کنترل موسیقی (Music Player) کنترل سطح اکسیژن خون قابلیت مکالمه از طریق بلوتوث پشتیبانی از زبان فارسی در منو و سیستم‌عامل قابلیت تغییر طرح ساعت یا تم ضد آب وزن۵۰ گرمفرم صفحهمربع جنس شیشهمعدنی جنس بدنهفلز قابلیت تعویض بنددارد توضیحات جنس بدنه جنس بدنه ساعت از آلیاژ آلومینیوم میباشد جنس بندسیلیکون نوع قفل بندسگکی ساده توضیحات رنگ بند و بدنهبند در چند رنگ مختلف و  بدنه ساعت در رنگ های مشکی، طلایی و نقره ای میباشد نوع صفحه نمایش اصلیلمسی خازنی اندازه صفحه نمایش۴۵ میلی متر اینچاتصالاتBluetooth نوع باتریلیتیومی مدت زمان شارژ شدن۱ قابلیت های ویژهدارای سنسورهای حرکتی و سلامتی، ماشین حساب اقلام همراهایرپاد، شش عدد بند سیلیکونی به اضافه یک بند فلزی، شارژر وایرلس ، سیم رابط شارژ ایرپاد","متفرقه"
"1771408765-332","https://www.digikala.com/search/category-wearable-gadget/","ساعت هوشمند 49 میلیمتری آی اسمارت مدل MS16 با دو بند سیلیکونی","۲,۸۸۰,۰۰۰","۳,۲۰۰,۰۰۰","۱۰٪","۳.۹","تنها ۳ عدد در انبار باقی مانده","","","","ساعت هوشمند 49 میلیمتری آی اسمارت مدل MS16 با دو بند سیلیکونیتنها ۳ عدد در انبار باقی مانده
۳.۹۱۰٪۲,۸۸۰,۰۰۰۳,۲۰۰,۰۰۰","https://www.digikala.com/product/dkp-20892987/%D8%B3%D8%A7%D8%B9%D8%AA-%D9%87%D9%88%D8%B4%D9%85%D9%86%D8%AF-49-%D9%85%DB%8C%D9%84%DB%8C%D9%85%D8%AA%D8%B1%DB%8C-%D8%A2%DB%8C-%D8%A7%D8%B3%D9%85%D8%A7%D8%B1%D8%AA-%D9%85%D8%AF%D9%84-ms16-%D8%A8%D8%A7-%D8%AF%D9%88-%D8%A8%D9%86%D8%AF-%D8%B3%DB%8C%D9%84%DB%8C%DA%A9%D9%88%D9%86%DB%8C/","۳.۹","۱۶ دیدگاه","عالی","ساعت هوشمند 49 میلیمتری آی اسمارت مدل MS16 با دو بند سیلیکونی","۳,۸۰۰,۰۰۰","۷۷.۲%","https://dkstatics-public.digikala.com/digikala-products/0f7516f975ee71086bb9781bcc8582d83d08defb_1763143070.jpg?x-oss-process=image/resize,m_lfit,h_800,w_800/quality,q_90
https://dkstatics-public.digikala.com/digikala-products/024e300d6ed8b3fac5f8231f3568f20301299b60_1763143056.jpg?x-oss-process=image/resize,m_lfit,h_800,w_800/quality,q_90
https://dkstatics-public.digikala.com/digikala-products/27df102fcf30e7b73f1bcaf6eb5c393acb482686_1763143050.jpg?x-oss-process=image/resize,m_lfit,h_800,w_800/quality,q_90
https://dkstatics-public.digikala.com/digikala-products/0f7516f975ee71086bb9781bcc8582d83d08defb_1763143070.jpg?x-oss-process=image/resize,m_lfit,h_800,w_800/quality,q_90","","نقره ایمشکیبژ","ویژگی‌هانوع کاربریورزشی، رسمی، روزمرهورزشی، رسمی، روزمرهفرم صفحهمستطیلمستطیلجنس بندسیلیکونسیلیکونمشاهده همه ویژگی‌ها","","مشخصاتمناسب برایآقایان و بانوان سازگار با سیستم عاملAndroid iOS توضیحات سازگاریسازگار با اندروید و ios زبان‌های قابل پشتیبانی در اعلان و پیامفارسی انگلیسی هشدار هابا شارژر ۱ آمپر شارژ شود. نوع کاربریورزشی رسمی روزمره قابلیت‌های ساعت هوشمندقابلیت نصب اپلیکیشن پشتیبانی از دستیار صوتی کنترل موسیقی (Music Player) قابلیت مکالمه از طریق بلوتوث پشتیبانی از زبان فارسی در منو و سیستم‌عامل قابلیت تغییر طرح ساعت یا تم صفحه همیشه روشن (Always-on Display) سایز قاب ساعت هوشمند۴۹ میلی‌متر فرم صفحهمستطیل قابلیت‌های مقاومتیمقاوم در برابر نفوذ گرد و غبار جنس بدنهفلز قابلیت تعویض بنددارد جنس بندسیلیکون نوع قفل بندسگکی ساده اندازه صفحه نمایش۲.۰۲ اینچحسگرهای حرکتی و محیطیفشار سنج (Barometer) سنسورهای ورزشی و سلامتیشمارنده ضربان قلب اندازه‌گیری فشار خون سنجش اکسیژن خون نحوه شارژ ساعت هوشمندشارژ بی‌سیم مدت زمان شارژ شدن۲ ساعت اقلام همراهدفترچه راهنما، شارژر، دو عدد بند سیلیکونی","متفرقه"
"1771408767-333","https://www.digikala.com/search/category-wearable-gadget/","ساعت هوشمند مدل HK9 ULTRA 2 MAX دارای قابلیت های صفحه نمایش رنگی، صفحه نمایش لمسی، کنترل موسیقی (Music Player)، کنترل سطح اکسیژن خون، قابلیت مکالمه از طریق بلوتوث، پشتیبانی از زبان فارسی در منو و سیستم‌عامل بند سیلیکون","۵,۲۰۰,۰۰۰","۶,۵۰۰,۰۰۰","۲۰٪","۴.۲","تنها ۱ عدد در انبار باقی مانده","","","","ساعت هوشمند مدل HK9 ULTRA 2 MAX دارای قابلیت های صفحه نمایش رنگی، صفحه نمایش لمسی، کنترل موسیقی (Music Player)، کنترل سطح اکسیژن خون، قابلیت مکالمه از طریق بلوتوث، پشتیبانی از زبان فارسی در منو و سیستم‌عامل بند سیلیکونتنها ۱ عدد در انبار باقی مانده
۴.۲۲۰٪۵,۲۰۰,۰۰۰۶,۵۰۰,۰۰۰","https://www.digikala.com/product/dkp-15268080/%D8%B3%D8%A7%D8%B9%D8%AA-%D9%87%D9%88%D8%B4%D9%85%D9%86%D8%AF-%D9%85%D8%AF%D9%84-hk9-ultra-2-max-%D8%AF%D8%A7%D8%B1%D8%A7%DB%8C-%D9%82%D8%A7%D8%A8%D9%84%DB%8C%D8%AA-%D9%87%D8%A7%DB%8C-%D8%B5%D9%81%D8%AD%D9%87-%D9%86%D9%85%D8%A7%DB%8C%D8%B4-%D8%B1%D9%86%DA%AF%DB%8C-%D8%B5%D9%81%D8%AD%D9%87-%D9%86%D9%85%D8%A7%DB%8C%D8%B4-%D9%84%D9%85%D8%B3%DB%8C-%DA%A9%D9%86%D8%AA%D8%B1%D9%84-%D9%85%D9%88%D8%B3%DB%8C%D9%82%DB%8C-music-player-%DA%A9%D9%86%D8%AA%D8%B1%D9%84-%D8%B3%D8%B7%D8%AD-%D8%A7%DA%A9%D8%B3%DB%8C%DA%98%D9%86-%D8%AE%D9%88%D9%86-%D9%82%D8%A7%D8%A8%D9%84%DB%8C%D8%AA-%D9%85%DA%A9%D8%A7%D9%84%D9%85%D9%87-%D8%A7%D8%B2-%D8%B7%D8%B1%DB%8C%D9%82-%D8%A8%D9%84%D9%88%D8%AA%D9%88%D8%AB-%D9%BE%D8%B4%D8%AA%DB%8C%D8%A8%D8%A7%D9%86%DB%8C-%D8%A7%D8%B2-%D8%B2%D8%A8%D8%A7%D9%86-%D9%81%D8%A7%D8%B1%D8%B3%DB%8C-%D8%AF%D8%B1-%D9%85%D9%86%D9%88-%D9%88-%D8%B3%DB%8C%D8%B3%D8%AA%D9%85%D8%B9%D8%A7%D9%85%D9%84-%D8%A8%D9%86%D8%AF-%D8%B3%DB%8C%D9%84%DB%8C%DA%A9%D9%88%D9%86/","۴.۲","۳۸۲ دیدگاه","عالی","ساعت هوشمند مدل HK9 ULTRA 2 MAX دارای قابلیت های صفحه نمایش رنگی، صفحه نمایش لمسی، کنترل موسیقی (Music Player)، کنترل سطح اکسیژن خون، قابلیت مکالمه از طریق بلوتوث، پشتیبانی از زبان فارسی در منو و سیستم‌عامل بند سیلیکون","۶,۹۰۰,۰۰۰","۱۰۰%","https://dkstatics-public.digikala.com/digikala-products/b947fbc8e215e3a926381f43b958b490217f85d5_1754254035.jpg?x-oss-process=image/resize,m_lfit,h_800,w_800/quality,q_90
https://dkstatics-public.digikala.com/digikala-products/984f0d64affc3fd9fe4340e278a61d47bb515d5a_1719231566.jpg?x-oss-process=image/resize,m_lfit,h_800,w_800/quality,q_90
https://dkstatics-public.digikala.com/digikala-products/1689c067511530e5e084d9a8a98957a2689a698c_1714117672.jpg?x-oss-process=image/resize,m_lfit,h_800,w_800/quality,q_90
https://dkstatics-public.digikala.com/digikala-products/b947fbc8e215e3a926381f43b958b490217f85d5_1754254035.jpg?x-oss-process=image/resize,m_lfit,h_800,w_800/quality,q_90","","تیتانیومینقره ای","ویژگی‌هانوع کاربریورزشی، روزمرهورزشی، روزمرهفرم صفحهمربعمربعجنس بندسیلیکونسیلیکونمشاهده همه ویژگی‌ها","ساعت هوشمند HK9 ULTRA 2 MAX یک گزینه جذاب برای کاربرانی است که به دنبال ترکیبی از طراحی مدرن و عملکرد هوشمند هستند. با قطر قاب ۴۹ میلی‌متر و طراحی مربعی، این ساعت ظاهری اسپورت و امروزی دارد. بدنه از جنس آلومینیوم سبک و بند سیلیکونی انعطاف‌پذیر، راحتی را در طول روز تضمین می‌کند. قابلیت تعویض بند نیز به کاربران امکان شخصی‌سازی بیشتر می‌دهد.  
صفحه نمایش AMOLED با اندازه ۲.۱۲ اینچ و تراکم پیکسلی ۵۲۰x۴۸۵، تصاویری واضح و زنده ارائه می‌دهد. این صفحه نمایش لمسی، کنترل آسان و سریع را ...","مشخصاتمناسب برایکاربری عمومی زبان‌های قابل پشتیبانی در اعلان و پیامفارسی انگلیسی چینی نوع کاربریورزشی روزمره قابلیت‌های ساعت هوشمندصفحه نمایش رنگی صفحه نمایش لمسی کنترل موسیقی (Music Player) کنترل سطح اکسیژن خون قابلیت مکالمه از طریق بلوتوث پشتیبانی از زبان فارسی در منو و سیستم‌عامل ضخامت قاب۴۹ میلی‌مترفرم صفحهمربع جنس بدنهآلومینیوم قابلیت تعویض بنددارد جنس بندسیلیکون نوع قفل بندسگکی ساده نوع صفحه نمایش اصلیAMOLED اندازه صفحه نمایش۲.۱۲ اینچ اینچتراکم پیکسلی صفحه نمایش ۵۲۰x۴۸۵ پیکسل بر اینچپردازندهSF۳۲-lb۵۲۵ اتصالاتBluetooth ظرفیت باتری۳۲۰ میلی آمپر ساعتاقلام همراهکابل شارژ /
دفترچه راهنما","متفرقه"
"1771408769-334","https://www.digikala.com/search/category-wearable-gadget/","ساعت هوشمند  49 میلی متری ورنا مدل T49 Ultra با بند فلزی به همراه 2 بند اضافه و شارژر","۲,۷۴۰,۰۰۰","۳,۶۰۰,۰۰۰","۲۴٪","۴.۱","&nbsp;","","","","ساعت هوشمند  49 میلی متری ورنا مدل T49 Ultra با بند فلزی به همراه 2 بند اضافه و شارژر&nbsp;
۴.۱۲۴٪۲,۷۴۰,۰۰۰۳,۶۰۰,۰۰۰","https://www.digikala.com/product/dkp-19644578/%D8%B3%D8%A7%D8%B9%D8%AA-%D9%87%D9%88%D8%B4%D9%85%D9%86%D8%AF-49-%D9%85%DB%8C%D9%84%DB%8C-%D9%85%D8%AA%D8%B1%DB%8C-%D9%88%D8%B1%D9%86%D8%A7-%D9%85%D8%AF%D9%84-t49-ultra-%D8%A8%D8%A7-%D8%A8%D9%86%D8%AF-%D9%81%D9%84%D8%B2%DB%8C-%D8%A8%D9%87-%D9%87%D9%85%D8%B1%D8%A7%D9%87-2-%D8%A8%D9%86%D8%AF-%D8%A7%D8%B6%D8%A7%D9%81%D9%87-%D9%88-%D8%B4%D8%A7%D8%B1%DA%98%D8%B1/","۴.۱","۲۴ دیدگاه","عالی","ساعت هوشمند  49 میلی متری ورنا مدل T49 Ultra با بند فلزی به همراه 2 بند اضافه و شارژر","۳,۶۰۰,۰۰۰","","https://dkstatics-public.digikala.com/digikala-products/e0ca0e81b61140e5f7221d1bca068220502545c1_1752477928.jpg?x-oss-process=image/resize,m_lfit,h_800,w_800/quality,q_90
https://dkstatics-public.digikala.com/digikala-products/affe8961c1d1fea816ef7b2d65debd8ee0163ffe_1750925189.jpg?x-oss-process=image/resize,m_lfit,h_800,w_800/quality,q_90
https://dkstatics-public.digikala.com/digikala-products/8944d4a6aad59d67b79a44ee25bbcbecbe1a6cf9_1750925181.jpg?x-oss-process=image/resize,m_lfit,h_800,w_800/quality,q_90
https://dkstatics-public.digikala.com/digikala-products/e0ca0e81b61140e5f7221d1bca068220502545c1_1752477928.jpg?x-oss-process=image/resize,m_lfit,h_800,w_800/quality,q_90","","تیتانیومیمشکی","ویژگی‌هانوع کاربریروزمرهروزمرهفرم صفحهمستطیلمستطیلجنس بنداستیلاستیلمشاهده همه ویژگی‌ها","اپل با معرفی ساعت هوشمند، بازار گجت‌ها را متحول کرد، اما همانطور که میدانید مدلهای آن خیلی گران قیمت هستند، اخیرا شرکتهای زیادی مدلهای طرح اپل رو تولید و با قیمت خیلی پایین‌تر عرضه میکنند. شرکت ورنا «verna» هم چند مدل ساعت هوشمند طرح اصلی روانه بازار کرده است. اگر شما هم قصد خرید یک ساعت هوشمند با کیفیت و قیمت متوسط را دارید، مدل T49 Ultra پیشنهاد مناسبی است. این مدل همانطور که از اسم و عکس آن پیداست مشابه سری اولترا، یعنی سایز 49 اپل واچ است. از نظر کیفیت ساخت، سری T که این  ...","مشخصاتمناسب برایآقایان و بانوان سازگار با سیستم عاملAndroid iOS توضیحات سازگاریسازگار با اندروید و IOS زبان‌های قابل پشتیبانی در اعلان و پیامفارسی انگلیسی چینی هشدار هایک راهنمایی صادقانه در مورد ساعت طرح اپل یا متفرقه: در نظر داشته باشید، با توجه به قیمت و اینکه این محصول نمونه های-کپی از ساعتهای اصلی مانند اپل یا سامسونگ میباشد، دقت برخی سنسورها (مانند قدم شمار) با خطا همراه است و طبق تست انجام گرفته، الباقی سنسورها مانند فشار یا اکسیژن خون نیز مقادیر درستی نشان نمیدهد و بیشتر جنبه تزئینی دارند. لذا در صورتی که این موارد برای شما مهم است، میبایست حتما ساعت اورجینال و برند اصلی تهیه کنید. چون تقریبا تمام مدلهای های-کپی، در دقت سنسورها، دارای ضعف بوده و اختلاف قیمت آنها بیشتر مربوط به اپلیکیشن یا برنامه ای که به موبایل متصل میشود، کیفیت صفحه نمایش، میزان نگهداری باتری و مواردی از این دست میباشد. پس اولا فریب تبلیغات مختلف در مورد کارکرد سنسورها در این نمونه ها را نخورید، ثانیا لطفا توجه داشته باشید، عدم دقت احتمالی سنسورها، به معنی ایراد دستگاه یا غیر اصل بودن آن نیست. پس حتما این موضوع را در خرید خود در نظر بگیرید. ضمنا در جا زدن بند ساعت به هنگام تعویض بند، دقت لازم را داشته باشید تا از آسیب به ساعت و بند جلوگیری به عمل آورید (کلیپ نحوه تعویض بند را حتما ملاحظه نمایید) نوع کاربریروزمره قابلیت‌های ساعت هوشمندکنترل موسیقی (Music Player) قابلیت مکالمه از طریق بلوتوث پشتیبانی از زبان فارسی در منو و سیستم‌عامل قابلیت تغییر طرح ساعت یا تم صفحه همیشه روشن (Always-on Display) سایز قاب ساعت هوشمند۴۹ میلی‌متر وزن۲۰۰ گرمفرم صفحهمستطیل قابلیت‌های مقاومتیمقاوم در برابر نفوذ آب مقاوم در برابر نفوذ گرد و غبار مقاومت در برابر پاشش آب و گرد و غبار جنس بدنهفلز قابلیت تعویض بنددارد توضیحات جنس بدنهفلزی بسیار با کیفیت که کاملا حس مدل اصلی را القا میکند. (عکس اول عکس طراحی شده است اما بیشتر عکسهای آلبوم واقعیست) ضمنا هرچند این مدل کپی مدل ۴۹ میلیمتر اپل ساخته شده است، اما سایز بدنه (طول بیرونی فریم) دقیقا ۴۹ میلیمتر نیست و ممکن است کمی کمتر یا بیشتر باشد. جنس بنداستیل نوع قفل بندضامن دار (کلیپسی) توضیحات رنگ بند و بدنهفریم فلزی و یک بند فلزی همرنگ + یک بند سیلیکونی اوشن اورجیتال همرنگ + بند هدیه (رنگ و طرح این بند به صورت رندوم ارسال میشود) اندازه صفحه نمایش۱.۹ اینچحسگرهای حرکتی و محیطیژیروسکوپ (Gyroscope) سنسورهای ورزشی و سلامتیتشخیص حرکات دست سیستم عاملبدون سیستم عامل توضیحات دوربیندوربین ندارد اتصالاتBluetooth نحوه شارژ ساعت هوشمندشارژ بی‌سیم مدت زمان شارژ شدنحدود ۲ الی ۳ ساعت با کلگی شاژر ۱ آمپر قابلیت های ویژهاین ساعت ضد آب است ولی با توجه به اینکه گواهینامه خاصی ندارد احتیاطا بهتر است بصورت غوطه ور در آب استفاده نشود. اقلام همراهکابل شارژ وایرلس، بند استیل همرنگ، بند سیلیکونی اوشن همرنگ، بند هدیه (رنگ و طرح این بند به صورت رندوم ارسال میشود)، کلگی شارژر، کارت راهنمای فارسی","ورنا"
"1771408771-335","https://www.digikala.com/search/category-wearable-gadget/","ساعت هوشمند 47 میلی متر ریولینک مدل RL-2 pro با سه عدد بند","۳,۱۵۰,۰۰۰","۷,۱۰۰,۰۰۰","۵۶٪","۴.۱","ارسال سریع دیجی‌کالا","","","","ساعت هوشمند 47 میلی متر ریولینک مدل RL-2 pro با سه عدد بندارسال سریع دیجی‌کالا
۴.۱۵۶٪۳,۱۵۰,۰۰۰۷,۱۰۰,۰۰۰","https://www.digikala.com/product/dkp-20800044/%D8%B3%D8%A7%D8%B9%D8%AA-%D9%87%D9%88%D8%B4%D9%85%D9%86%D8%AF-47-%D9%85%DB%8C%D9%84%DB%8C-%D9%85%D8%AA%D8%B1-%D8%B1%DB%8C%D9%88%D9%84%DB%8C%D9%86%DA%A9-%D9%85%D8%AF%D9%84-rl-2-pro-%D8%A8%D8%A7-%D8%B3%D9%87-%D8%B9%D8%AF%D8%AF-%D8%A8%D9%86%D8%AF/","۴.۱","۵۸ دیدگاه","عالی","ساعت هوشمند 47 میلی متر ریولینک مدل RL-2 pro با سه عدد بند","۷,۱۰۰,۰۰۰","۸۶.۶%","https://dkstatics-public.digikala.com/digikala-products/bc26a91b64d2bfa08fbfaaa1f34902e627c745a4_1761983003.jpg?x-oss-process=image/resize,m_lfit,h_800,w_800/quality,q_90
https://dkstatics-public.digikala.com/digikala-products/c265ca7845b7fc21b930ac0caa445057c739e22c_1761982947.jpg?x-oss-process=image/resize,m_lfit,h_800,w_800/quality,q_90
https://dkstatics-public.digikala.com/digikala-products/2a1e1e62feb4e28e81be422c3e8813d610f686da_1761982947.jpg?x-oss-process=image/resize,m_lfit,h_800,w_800/quality,q_90
https://dkstatics-public.digikala.com/digikala-products/bc26a91b64d2bfa08fbfaaa1f34902e627c745a4_1761983003.jpg?x-oss-process=image/resize,m_lfit,h_800,w_800/quality,q_90","","قرمزمشکیسرمه ای","ویژگی‌هانوع کاربریورزشی، رسمی، روزمرهورزشی، رسمی، روزمرهفرم صفحهدایرهدایرهجنس بندسیلیکونسیلیکونمشاهده همه ویژگی‌ها","","مشخصاتمناسب برایآقایان و بانوان سازگار با سیستم عاملAndroid iOS توضیحات سازگاریسازگار با سیستم عامل های Android و iOS زبان‌های قابل پشتیبانی در اعلان و پیامفارسی انگلیسی چینی هشدار هابرای شارژ این ساعت به هیچ عنوان از شارژر های فست استفاده نکنید و در هنگام حمام کردن و شنا کردن از این ساعت استفاده نکنید نوع کاربریورزشی رسمی روزمره قابلیت‌های ساعت هوشمندکنترل موسیقی (Music Player) قابلیت مکالمه از طریق بلوتوث پشتیبانی از زبان فارسی در منو و سیستم‌عامل قابلیت تغییر طرح ساعت یا تم صفحه همیشه روشن (Always-on Display) قابلیت نصب اپلیکیشن سایز قاب ساعت هوشمند۴۷ میلی‌متر وزن۴۵ گرمفرم صفحهدایره قابلیت‌های مقاومتیمقاومت در برابر پاشش آب و گرد و غبار جنس بدنهآلومینیوم قابلیت تعویض بنددارد توضیحات جنس بدنهزیر از پلاستیک محکم و بزل از جنس فلز جنس بندسیلیکون نوع قفل بندسگکی ساده توضیحات رنگ بند و بدنهرنگ این ساعت مشکی است و انتخاب رنگ به خاطر بند اضافه ی آن است نوع صفحه نمایش اصلیTFT اندازه صفحه نمایش۱.۴۶ اینچرزولوشن صفحه نمایش۳۶۰*۳۶۰ تراکم پیکسلی صفحه نمایش۳۶۰*۳۶۰ پیکسل بر اینچسایر مشخصات صفحه نمایشصفحه نمایش ۳۷ میلیمتر با رزولیشن ۳۶۰*۳۶۰ چند لمسی با قابلیت تغییر نور صفحه نمایش حسگرهای حرکتی و محیطیفشار سنج (Barometer) دماسنج (Thermometer) گام‌شمار (Pedometer) سنسورهای ورزشی و سلامتیشمارنده ضربان قلب سنجش دمای بدن اندازه‌گیری فشار خون پردازندهJL۷۰۱۲F سایر مشخصات سخت افزاریدارای سنسور ضربان قلب
دما سنج
ردیاب
 سنسور خواب
گشتاور برای ردیابی فعالیت فیزیکی و حرکات بدن
اسپیکر
ویبراتور اتصالاتBluetooth نوع باتریلیتیوم یون نحوه شارژ ساعت هوشمندکابل مغناطیسی مدت زمان شارژ شدن۱ قابلیت های ویژه- صفحه نمایش رنگی
- صفحه نمایش لمسی
- کنترل موسیقی Music Player
- دارای اسپیکر
- کنترل سطح اکسیژن خون
- قابلیت مکالمه مستقیم 
- قابلیت مکالمه از طریق بلوتوث
- قابلیت استفاده از زبان فارسی در منو سیستم عامل
- قابلیت تغییر طرح ساعت یا تم
- صلوات شمار
- ماشین حساب
- زنگ هشدار
- زمان سنج اقلام همراهساعت هوشمند RL۲ pro
 دو عدد بند سیلیکونی ضد حساسیت و یک عدد بند چرمی
کابل شارژ وایرلس 
دفترچه راهنما","ریولینک"
"1771408774-336","https://www.digikala.com/search/category-wearable-gadget/","ساعت هوشمند میبرو مدل Mibro Watch X1","۶,۱۰۰,۰۰۰","","","۴.۲","تنها ۳ عدد در انبار باقی مانده","","","","ساعت هوشمند میبرو مدل Mibro Watch X1تنها ۳ عدد در انبار باقی مانده
۴.۲۶,۱۰۰,۰۰۰","https://www.digikala.com/product/dkp-7540371/%D8%B3%D8%A7%D8%B9%D8%AA-%D9%87%D9%88%D8%B4%D9%85%D9%86%D8%AF-%D9%85%DB%8C%D8%A8%D8%B1%D9%88-%D9%85%D8%AF%D9%84-mibro-watch-x1/","۴.۲","۱۵۳۱ دیدگاه","عالی","ساعت هوشمند میبرو مدل Mibro Watch X1","۶,۱۰۰,۰۰۰","","https://dkstatics-public.digikala.com/digikala-products/f2bcac96f92c6f9c08f45b8dadd71a2d35340723_1754247156.jpg?x-oss-process=image/resize,m_lfit,h_800,w_800/quality,q_90
https://dkstatics-public.digikala.com/digikala-products/f2bcac96f92c6f9c08f45b8dadd71a2d35340723_1754247156.jpg?x-oss-process=image/resize,m_lfit,h_800,w_800/quality,q_90
https://dkstatics-public.digikala.com/digikala-products/36514b74c5e483e4311781492b16e010de5e6499_1657010644.jpg?x-oss-process=image/resize,m_lfit,h_800,w_800/quality,q_90
https://dkstatics-public.digikala.com/digikala-products/44953f4ea59212ff7e8c74daafe6d716a8e03fa3_1741377428.jpg?x-oss-process=image/resize,m_lfit,h_800,w_800/quality,q_90
https://dkstatics-public.digikala.com/digikala-products/f2bcac96f92c6f9c08f45b8dadd71a2d35340723_1754247156.jpg?x-oss-process=image/resize,m_lfit,h_800,w_800/quality,q_90","","مشکی","ویژگی‌هانوع کاربریورزشی، روزمرهورزشی، روزمرهفرم صفحهگردگردجنس بندسیلیکونسیلیکونمشاهده همه ویژگی‌ها","ساعت هوشمند میبرو مدل Mibro Watch X1 یکی از جدیدترین و پرطرفدارترین محصولات در دنیای فناوری پوشیدنی است. با قابلیت‌ها و امکانات منحصر به فرد خود، این ساعت هوشمند توانسته است توجه بسیاری از افراد را به خود جلب کند. از قابلیت‌های این ساعت هوشمند می‌توان به طراحی زیبا و منحصر به فرد، مانیتورینگ فعالیت‌های ورزشی، اعلان‌های هوشمند و امکانات پیشرفته دیگر اشاره کرد. این محصول باعث شده است که بسیاری از افراد به دنبال بررسی و خرید این ساعت هوشمند باشند. درقصد داریم مشخصات و ویژگی‌های  ...","مشخصاتمناسب برایآقایان و بانوان توضیحات سازگاریپشتیبانی از آندروید ۵.۰ به بالا و iOS ۱۰.۰  به بالا زبان‌های قابل پشتیبانی در اعلان و پیامفارسی انگلیسی نوع کاربریورزشی روزمره قابلیت‌های ساعت هوشمندصفحه نمایش رنگی ابعاد قاب۴۷x۴۷x۱۱.۴ میلی‌مترضخامت قاب۴۵ میلی‌متروزن۵۲ گرمفرم صفحهگرد جنس بدنهآلومینیوم قابلیت تعویض بنددارد توضیحات جنس بدنهبدنه ساخته شده از ترکیب فلز و پلاستیک ABS+PC جنس بندسیلیکون نوع قفل بندسگکی ساده توضیحات رنگ بند و بدنه- نوع صفحه نمایش اصلیAMOLED اندازه صفحه نمایش- اینچتراکم پیکسلی صفحه نمایش۳۹۰ پیکسل بر اینچسیستم عاملبدون سیستم عامل قابلیت های ویژهسنسور ضربان قلب و سنسور مقدار اکسیژن خون 
مقاوم در برابر آب تا عمق ۵۰ متری و فشار ۵ اتمسفری
۳۸ حالت ورزشی
گام شمار دقیق
پشتیبانی از زبان فارسی در منو و پیام ها
اپلیکیشن اختصاصی Mibro Fit
واچ فیس های متنوع","میبرو"
"1771408776-337","https://www.digikala.com/search/category-wearable-gadget/","ساعت هوشمند امیزفیت مدل Pop 3S دارای قابلیت های کنترل موسیقی (Music Player)، قابلیت مکالمه از طریق بلوتوث بند سیلیکون","۶,۲۰۰,۰۰۰","","","۴.۴","تنها ۲ عدد در انبار باقی مانده","","","","ساعت هوشمند امیزفیت مدل Pop 3S دارای قابلیت های کنترل موسیقی (Music Player)، قابلیت مکالمه از طریق بلوتوث بند سیلیکونتنها ۲ عدد در انبار باقی مانده
۴.۴۶,۲۰۰,۰۰۰","https://www.digikala.com/product/dkp-15569306/%D8%B3%D8%A7%D8%B9%D8%AA-%D9%87%D9%88%D8%B4%D9%85%D9%86%D8%AF-%D8%A7%D9%85%DB%8C%D8%B2%D9%81%DB%8C%D8%AA-%D9%85%D8%AF%D9%84-pop-3s-%D8%AF%D8%A7%D8%B1%D8%A7%DB%8C-%D9%82%D8%A7%D8%A8%D9%84%DB%8C%D8%AA-%D9%87%D8%A7%DB%8C-%DA%A9%D9%86%D8%AA%D8%B1%D9%84-%D9%85%D9%88%D8%B3%DB%8C%D9%82%DB%8C-music-player-%D9%82%D8%A7%D8%A8%D9%84%DB%8C%D8%AA-%D9%85%DA%A9%D8%A7%D9%84%D9%85%D9%87-%D8%A7%D8%B2-%D8%B7%D8%B1%DB%8C%D9%82-%D8%A8%D9%84%D9%88%D8%AA%D9%88%D8%AB-%D8%A8%D9%86%D8%AF-%D8%B3%DB%8C%D9%84%DB%8C%DA%A9%D9%88%D9%86/","۴.۴","۱۴ دیدگاه","عالی","ساعت هوشمند امیزفیت مدل Pop 3S دارای قابلیت های کنترل موسیقی (Music Player)، قابلیت مکالمه از طریق بلوتوث بند سیلیکون","۵,۹۰۰,۰۰۰","۸۰%","https://dkstatics-public.digikala.com/digikala-products/976647e3efc456914a7746e6244cec7dc4ffe2cf_1754254504.jpg?x-oss-process=image/resize,m_lfit,h_800,w_800/quality,q_90
https://dkstatics-public.digikala.com/digikala-products/976647e3efc456914a7746e6244cec7dc4ffe2cf_1754254504.jpg?x-oss-process=image/resize,m_lfit,h_800,w_800/quality,q_90
https://dkstatics-public.digikala.com/digikala-products/2e11bd942f8898e02121ab4cbcd7c4c70e42f2eb_1716711755.jpg?x-oss-process=image/resize,m_lfit,h_800,w_800/quality,q_90
https://dkstatics-public.digikala.com/digikala-products/36b83e8525d61d1d5b68f96a8f3ba92825bf42dd_1716711761.jpg?x-oss-process=image/resize,m_lfit,h_800,w_800/quality,q_90","","مشکی","ویژگی‌هانوع کاربریورزشی، روزمرهورزشی، روزمرهفرم صفحهمستطیلمستطیلجنس بندسیلیکونسیلیکونمشاهده همه ویژگی‌ها","","مشخصاتسازگار با سیستم عاملAndroid نوع کاربریورزشی روزمره قابلیت‌های ساعت هوشمندکنترل موسیقی (Music Player) قابلیت مکالمه از طریق بلوتوث سایز قاب ساعت هوشمند۴۷ میلی‌متر وزن - گرمفرم صفحهمستطیل جنس بدنهفلز قابلیت تعویض بنددارد جنس بندسیلیکون نوع قفل بندسگکی ساده توضیحات رنگ بند و بدنهدارای بدنه مشکی و نقره ای و بند مشکی اندازه صفحه نمایش۱.۴۳ اینچ اینچنحوه شارژ ساعت هوشمندکابل USB","امیزفیت"
"1771408778-338","https://www.digikala.com/search/category-wearable-gadget/","ساعت هوشمند ویسمی مدل 2025 WS-X21","۹۷۶,۲۰۰","","","۳.۵","تنها ۳ عدد در انبار باقی مانده","","","","ساعت هوشمند ویسمی مدل 2025 WS-X21تنها ۳ عدد در انبار باقی مانده
۳.۵۹۷۶,۲۰۰","https://www.digikala.com/product/dkp-18689981/%D8%B3%D8%A7%D8%B9%D8%AA-%D9%87%D9%88%D8%B4%D9%85%D9%86%D8%AF-%D9%88%DB%8C%D8%B3%D9%85%DB%8C-%D9%85%D8%AF%D9%84-2025-ws-x21/","۳.۵","۱۵ دیدگاه","خوب","ساعت هوشمند ویسمی مدل 2025 WS-X21","۹۷۶,۲۰۰","۲۰%","https://dkstatics-public.digikala.com/digikala-products/10123892abb8121e1a5e0b2277d66cab5e4d26c3_1742742781.jpg?x-oss-process=image/resize,m_lfit,h_800,w_800/quality,q_90
https://dkstatics-public.digikala.com/digikala-products/10123892abb8121e1a5e0b2277d66cab5e4d26c3_1742742781.jpg?x-oss-process=image/resize,m_lfit,h_800,w_800/quality,q_90
https://dkstatics-public.digikala.com/digikala-products/42b6ca190552d95cc07f8ed8e462e83a87ba73f7_1742544190.jpg?x-oss-process=image/resize,m_lfit,h_800,w_800/quality,q_90","","مشکینقره ایطلایی","ویژگی‌هانوع کاربریروزمره، رسمی، ورزشیروزمره، رسمی، ورزشیفرم صفحهمستطیلمستطیلجنس بندسیلیکونسیلیکونمشاهده همه ویژگی‌ها","برند:WISME 
نوع کاربری:روزمره، رسمی، ورزشی 
سایز ساعت:49 میلیمتر 
رنگ:مشکی
 جنس بدنه:آلومینیوم 
قفل بند (پین بند):دارد
 فرم صفحه:مستطیل
فناوری صفحه نمایش:AMOLED
تعداد هسته پردازنده:2 هسته 
سیستم عامل:Watch OS 
سازگار با سیستم عامل:iOS, اندروید 
نوع باتری:لیتیوم – یونی 
فناوری شارژ باتری:بی سیم (وایرلس)
 دکمه پاور و مجیک باتن (دکمه چرخان):دارد
سنسور ها:ضربان قلب، اکسیژن خون، فشارخون، نوار قلب، کالری شمار، گام شمار، پایش خواب، ارتفاع سنج، فشارسنج، دستور حرکتی، یادآورهای سلامتی  ...","مشخصاتمناسب برایکاربری عمومی سازگار با سیستم عاملiOS Android زبان‌های قابل پشتیبانی در اعلان و پیامچینی انگلیسی فارسی نوع کاربریروزمره رسمی ورزشی قابلیت‌های ساعت هوشمندصفحه همیشه روشن (Always-on Display) قابلیت تغییر طرح ساعت یا تم پشتیبانی از زبان فارسی در منو و سیستم‌عامل قابلیت مکالمه از طریق بلوتوث کنترل موسیقی (Music Player) سایز قاب ساعت هوشمند۴۵ میلی‌متر وزن۵۰ گرمفرم صفحهمستطیل جنس بدنهآلومینیوم قابلیت تعویض بنددارد جنس بندسیلیکون نوع قفل بندسگکی ساده اندازه صفحه نمایش۴۵ اینچنحوه شارژ ساعت هوشمندکابل مغناطیسی","ویسمی"
"1771408780-339","https://www.digikala.com/search/category-wearable-gadget/","ساعت هوشمند مدل T1000ULTRA 1.99 دارای قابلیت های صفحه نمایش رنگی، صفحه نمایش لمسی بند سیلیکون","۸۶۵,۰۰۰","","","۳.۷","ارسال فروشنده","","","","ساعت هوشمند مدل T1000ULTRA 1.99 دارای قابلیت های صفحه نمایش رنگی، صفحه نمایش لمسی بند سیلیکونارسال فروشنده
۳.۷۸۶۵,۰۰۰","https://www.digikala.com/product/dkp-15123990/%D8%B3%D8%A7%D8%B9%D8%AA-%D9%87%D9%88%D8%B4%D9%85%D9%86%D8%AF-%D9%85%D8%AF%D9%84-t1000ultra-199-%D8%AF%D8%A7%D8%B1%D8%A7%DB%8C-%D9%82%D8%A7%D8%A8%D9%84%DB%8C%D8%AA-%D9%87%D8%A7%DB%8C-%D8%B5%D9%81%D8%AD%D9%87-%D9%86%D9%85%D8%A7%DB%8C%D8%B4-%D8%B1%D9%86%DA%AF%DB%8C-%D8%B5%D9%81%D8%AD%D9%87-%D9%86%D9%85%D8%A7%DB%8C%D8%B4-%D9%84%D9%85%D8%B3%DB%8C-%D8%A8%D9%86%D8%AF-%D8%B3%DB%8C%D9%84%DB%8C%DA%A9%D9%88%D9%86/","۳.۷","۹۶ دیدگاه","عالی","ساعت هوشمند مدل T1000ULTRA 1.99 دارای قابلیت های صفحه نمایش رنگی، صفحه نمایش لمسی بند سیلیکون","۸۴۵,۰۰۰","","https://dkstatics-public.digikala.com/digikala-products/192dd641cce2256b4fb4a546b47a4274414af51e_1739100585.jpg?x-oss-process=image/resize,m_lfit,h_800,w_800/quality,q_90
https://dkstatics-public.digikala.com/digikala-products/d866929e759c624ce380670a939cc207d5c82c2d_1713304664.jpg?x-oss-process=image/resize,m_lfit,h_800,w_800/quality,q_90
https://dkstatics-public.digikala.com/digikala-products/e56186c17d60540a933cdb4ef56f9e077acba50d_1713448115.jpg?x-oss-process=image/resize,m_lfit,h_800,w_800/quality,q_90
https://dkstatics-public.digikala.com/digikala-products/192dd641cce2256b4fb4a546b47a4274414af51e_1739100585.jpg?x-oss-process=image/resize,m_lfit,h_800,w_800/quality,q_90","","نارنجیمشکیمشکی براقنقره ایتیتانیومی","ویژگی‌هانوع کاربریورزشی، رسمی، روزمرهورزشی، رسمی، روزمرهفرم صفحهمربعمربعجنس بندسیلیکونسیلیکونمشاهده همه ویژگی‌ها","ساعت هوشمند مدل T1000ULTRA با طراحی الهام گرفته از اپل واچ اولترا، صفحه نمایش بزرگ 2 اینچی و تمرکز بر ارائه امکانات اساسی با قیمتی اقتصادی، به بازار عرضه شده است. این ساعت با بدنه فلزی و بند سیلیکونی قابل تعویض، ظاهری اسپرت و مدرن دارد. از قابلیت‌های آن می‌توان به نمایش اعلانات گوشی، کنترل موسیقی و پایش فعالیت‌های ورزشی با حسگرهایی مانند شتاب‌سنج، فشارسنج و شمارنده ضربان قلب اشاره کرد. شارژدهی باتری تا 3 روز و اتصال بلوتوث از دیگر ویژگی‌های این ساعت است. T1000ULTRA گزینه‌ای م ...","مشخصاتمناسب برایورزش نوع کاربریورزشی رسمی روزمره قابلیت‌های ساعت هوشمندصفحه نمایش رنگی صفحه نمایش لمسی ابعاد قاب۴۹x۴۴x۱۴.۴ میلی‌مترفرم صفحهمربع جنس بدنهفلز قابلیت تعویض بنددارد جنس بندسیلیکون نوع قفل بندپین‌بند اندازه صفحه نمایش۲.۰ اینچ اینچسایر مشخصات سخت افزاریشارژدهی باتری تا ۳ روز اتصالاتBluetooth نوع باتریلیتیوم یونی اقلام همراهدفترچه‌ راهنما","متفرقه"
"1771408784-340","https://www.digikala.com/search/category-wearable-gadget/","ساعت هوشمند گلوریمی مدل Flex دارای قابلیت های صفحه نمایش رنگی و لمسی، کنترل سطح اکسیژن، مناسب برای ورزش بند سیلیکونی","۴,۹۲۰,۰۰۰","","","۴.۷","ارسال سریع دیجی‌کالا","","","","ساعت هوشمند گلوریمی مدل Flex دارای قابلیت های صفحه نمایش رنگی و لمسی، کنترل سطح اکسیژن، مناسب برای ورزش بند سیلیکونیارسال سریع دیجی‌کالا
۴.۷۴,۹۲۰,۰۰۰","https://www.digikala.com/product/dkp-18478657/%D8%B3%D8%A7%D8%B9%D8%AA-%D9%87%D9%88%D8%B4%D9%85%D9%86%D8%AF-%DA%AF%D9%84%D9%88%D8%B1%DB%8C%D9%85%DB%8C-%D9%85%D8%AF%D9%84-flex-%D8%AF%D8%A7%D8%B1%D8%A7%DB%8C-%D9%82%D8%A7%D8%A8%D9%84%DB%8C%D8%AA-%D9%87%D8%A7%DB%8C-%D8%B5%D9%81%D8%AD%D9%87-%D9%86%D9%85%D8%A7%DB%8C%D8%B4-%D8%B1%D9%86%DA%AF%DB%8C-%D9%88-%D9%84%D9%85%D8%B3%DB%8C-%DA%A9%D9%86%D8%AA%D8%B1%D9%84-%D8%B3%D8%B7%D8%AD-%D8%A7%DA%A9%D8%B3%DB%8C%DA%98%D9%86-%D9%85%D9%86%D8%A7%D8%B3%D8%A8-%D8%A8%D8%B1%D8%A7%DB%8C-%D9%88%D8%B1%D8%B2%D8%B4-%D8%A8%D9%86%D8%AF-%D8%B3%DB%8C%D9%84%DB%8C%DA%A9%D9%88%D9%86%DB%8C/","۴.۷","۲۲ دیدگاه","عالی","ساعت هوشمند گلوریمی مدل Flex دارای قابلیت های صفحه نمایش رنگی و لمسی، کنترل سطح اکسیژن، مناسب برای ورزش بند سیلیکونی","۴,۹۲۰,۰۰۰","۹۸.۴%","https://dkstatics-public.digikala.com/digikala-products/1bb7094b02418c5cb2832aa4e37f8ecfbd9c3940_1754240545.jpg?x-oss-process=image/resize,m_lfit,h_800,w_800/quality,q_90
https://dkstatics-public.digikala.com/digikala-products/da6f774cae814107f09c86ac94669a757f8a1268_1740751448.jpg?x-oss-process=image/resize,m_lfit,h_800,w_800/quality,q_90
https://dkstatics-public.digikala.com/digikala-products/e489d04be2279d70017aaabaf92d421945669e14_1740751448.jpg?x-oss-process=image/resize,m_lfit,h_800,w_800/quality,q_90
https://dkstatics-public.digikala.com/digikala-products/1bb7094b02418c5cb2832aa4e37f8ecfbd9c3940_1754240545.jpg?x-oss-process=image/resize,m_lfit,h_800,w_800/quality,q_90","","مشکی","ویژگی‌هانوع کاربریورزشی، رسمی، روزمرهورزشی، رسمی، روزمرهفرم صفحهمستطیلمستطیلجنس بندسیلیکونسیلیکونمشاهده همه ویژگی‌ها","ساعت هوشمند گلوریمی مدل Flex با طراحی زیبا و قابلیت‌های متنوع، گزینه‌ای ایده‌آل برای آقایان و بانوان است. این ساعت با فرم صفحه مستطیلی و جنس بدنه فلزی، ترکیبی از استحکام و زیبایی را ارائه می‌دهد. بند سیلیکونی قابل تعویض، راحتی استفاده را افزایش داده و به‌راحتی با سلیقه‌های مختلف هماهنگ می‌شود. صفحه نمایش ۲.۰۱ اینچی Curved AMOLED با رزولوشن ۴۱۰x۵۰۲ پیکسل، تصاویری واضح و رنگ‌های غنی را به‌نمایش می‌گذارد که حتی در شرایط نوری مختلف، وضوح خود را حفظ می‌کند. روشنایی ۱۲۰۰ نیت و پشتی ...","مشخصاتمناسب برایآقایان و بانوان نوع کاربریورزشی رسمی روزمره قابلیت‌های ساعت هوشمندصفحه نمایش رنگی صفحه نمایش لمسی کنترل سطح اکسیژن خون فرم صفحهمستطیل جنس بدنهفلز قابلیت تعویض بنددارد جنس بندسیلیکون نوع قفل بندسگکی ساده نوع صفحه نمایش اصلیCurved AMOLED اندازه صفحه نمایش۲.۰۱ اینچ اینچرزولوشن صفحه نمایش۴۱۰x۵۰۲ پیکسل سایر مشخصات صفحه نمایشروشنایی تا ۱۲۰۰ نیت /
پشتیبانی از حالت صفحه نمایش همیشه روشن (Always on display) سایر مشخصات سخت افزاریشارژدهی باتری در حالت ذخیره انرژی تا ۲۰ روز - در استفاده معمولی تا ۵ روز /
دارای گواهی IP۶۸ /
نسخه بلوتوث ۵.۳ اتصالاتBluetooth ظرفیت باتری۳۰۰ میلی آمپر ساعتمدت زمان شارژ شدنتا ۲ ساعت قابلیت های ویژهدارای ۱۰۰ حالت ورزشی /
پایش وضعیت سلامتی و خواب به صورت ۲۴ ساعته اقلام همراهدفترچه راهنما","گلوریمی"
"1771408786-341","https://www.digikala.com/search/category-wearable-gadget/","ساعت هوشمند 46 میلی‌متری اپل مدل Series 10 Aluminum با بند سیلیکونی","۵۱,۵۰۸,۹۰۰","۶۲,۳۲۸,۰۰۰","۱۷٪","۴.۶","ارسال سریع دیجی‌کالا","","","","ساعت هوشمند 46 میلی‌متری اپل مدل Series 10 Aluminum با بند سیلیکونیارسال سریع دیجی‌کالا
۴.۶۱۷٪۵۱,۵۰۸,۹۰۰۶۲,۳۲۸,۰۰۰","https://www.digikala.com/product/dkp-16837794/%D8%B3%D8%A7%D8%B9%D8%AA-%D9%87%D9%88%D8%B4%D9%85%D9%86%D8%AF-46-%D9%85%DB%8C%D9%84%DB%8C%D9%85%D8%AA%D8%B1%DB%8C-%D8%A7%D9%BE%D9%84-%D9%85%D8%AF%D9%84-series-10-aluminum-%D8%A8%D8%A7-%D8%A8%D9%86%D8%AF-%D8%B3%DB%8C%D9%84%DB%8C%DA%A9%D9%88%D9%86%DB%8C/","۴.۶","۱۸۶ دیدگاه","عالی","ساعت هوشمند 46 میلی‌متری اپل مدل Series 10 Aluminum با بند سیلیکونی","۶۲,۳۲۸,۰۰۰","۹۱.۴%","https://dkstatics-public.digikala.com/digikala-products/e0adcb187655ea1d704a4b4a288ffc41e8e2a233_1739285743.jpg?x-oss-process=image/resize,m_lfit,h_800,w_800/quality,q_90
https://dkstatics-public.digikala.com/digikala-products/e0adcb187655ea1d704a4b4a288ffc41e8e2a233_1739285743.jpg?x-oss-process=image/resize,m_lfit,h_800,w_800/quality,q_90
https://dkstatics-public.digikala.com/digikala-products/edee2b8a1a70a00c278030b00b36033905c8e0f1_1727616117.jpg?x-oss-process=image/resize,m_lfit,h_800,w_800/quality,q_90
https://dkstatics-public.digikala.com/digikala-products/6753444790e87c39340dd6f2c66dbb0756af3ae3_1727616117.jpg?x-oss-process=image/resize,m_lfit,h_800,w_800/quality,q_90
https://dkstatics-public.digikala.com/digikala-products/e0adcb187655ea1d704a4b4a288ffc41e8e2a233_1739285743.jpg?x-oss-process=image/resize,m_lfit,h_800,w_800/quality,q_90","","مشکی","ویژگی‌هانوع کاربریورزشی، روزمرهورزشی، روزمرهفرم صفحهمستطیلمستطیلجنس بندسیلیکونسیلیکونمشاهده همه ویژگی‌ها","ساعت هوشمند اپل مدل Series 10 با ابعاد 46x39x9.7 میلی‌متر و وزن 35.3 گرم، محصولی مناسب برای آقایان و بانوان است که هم در فعالیت‌های روزمره و هم در موقعیت‌های رسمی و ورزشی قابل استفاده است. جنس بدنه این ساعت از آلومینیوم بوده و در ساخت آن از شیشه Ion-X و سرامیک سافایر بهره گرفته شده است. صفحه نمایش 1.96 اینچی آن از نوع Retina LTPO3 OLED با وضوح 416x496 پیکسل و تراکم 326 پیکسل بر اینچ بوده که قابلیت روشنایی بین 1 تا 2000 نیت را دارد. این ساعت با سیستم عامل WatchOS نسخه 11 و پرد ...","مشخصاتمناسب برایآقایان و بانوان سازگار با سیستم عاملiOS توضیحات سازگاریسازگار با گوشی‌های اپل مدل iphone Xs به بعد و iOS نسخه ۱۸ و بالاتر هشدار هاگفتنی‌ست که قابلیت استفاده از سنسور اکسیژن خون وجود ندارد نوع کاربریورزشی روزمره قابلیت‌های ساعت هوشمندکنترل موسیقی (Music Player) قابلیت مکالمه از طریق بلوتوث قابلیت تغییر طرح ساعت یا تم صفحه همیشه روشن (Always-on Display) پشتیبانی از دستیار صوتی سایز قاب ساعت هوشمند۴۶ میلی‌متر ابعاد قاب۴۶x۳۹x۹.۷ میلی‌مترضخامت قاب۹.۷ میلی‌متروزن۳۵.۳ گرمفرم صفحهمستطیل قابلیت‌های مقاومتیمقاوم در برابر نفوذ آب مقاوم در برابر نفوذ گرد و غبار جنس شیشهIon-X Glass جنس بدنهآلومینیوم قابلیت تعویض بنددارد توضیحات جنس بدنهقاب جلو از جنس شیشه‌ /
قاب پشت از جنس سرامیک و سنگ سافایر جنس بندسیلیکون نوع قفل بندسگکی ساده نوع صفحه نمایش اصلیصفحه نمایش Retina LTPO۳ OLED اندازه صفحه نمایش۱.۹۶ اینچرزولوشن صفحه نمایش۴۱۶x۴۹۶ پیکسل روشنایی صفحه نمایش۲۰۰۰ نیتتراکم پیکسلی صفحه نمایش۳۲۶ پیکسل بر اینچسایر مشخصات صفحه نمایشحداقل روشنایی ۱ نیتی /
حداکثر روشنایی ۲۰۰۰ نیتی
 حسگرهای حرکتی و محیطیشتاب سنج (Accelerometer) ژیروسکوپ (Gyroscope) ارتفاع سنج (Altimeter) گام‌شمار (Pedometer) پشتیبانی از فرمان‌های حرکتی امکانات ورزشیپشتیبانی از تمرینات مختلف ورزشی تشخیص هوشمند نوع رشته ورزشی محاسبه میزان کالری مصرفی امکان ارائه برنامه تمرینی محاسبه مسافت طی شده سنسورهای ورزشی و سلامتیشمارنده ضربان قلب سنجش اکسیژن خون سنجش دمای بدن تشخیص حرکات دست سنجش سطح استرس سنجش کیفیت خواب نظارت بر سیکل ماهیانه بانوان سیستم عاملWatchOS پردازندهتراشه Apple S۱۰ حافظه داخلی۶۴ گیگابایت سایر مشخصات سخت افزاریسیستم عامل WatchOS نسخه ۱۱ /
پردازنده مرکزی دو هسته‌ای /
پردازنده گرافیکی PowerVR /
شبکه بی‌سیم Wi-Fi ۸۰۲.۱۱ b/g/n (دو بانده) /
بلوتوث نسخه ۵.۳ با پشتیبانی از A۲DP، LE /
مجهز به فناوری‌های مکان‌یابی GPS/A-GPS/GLONASS/GALILEO/BDS/QZSS /
عمر باتری تا ۱۸ ساعت (در استفاده‌ی عادی) /
عمر باتری تا ۳۶ ساعت (در حالت ذخیره باتری) /
مقاوم در برابر نفود آب تا فشار ۵ اتمسفر (عمق ۵۰ متر) /
گواهی IPX۶ برای مقاومت در برابر نفوذ گردوغبار اتصالاتBluetooth WiFi NFC نوع باتریلیتیوم یونی نحوه شارژ ساعت هوشمندکابل مغناطیسی شارژ بی‌سیم مدت زمان شارژ شدن۸۰ درصد در ۳۰ دقیقه قابلیت های ویژهقابلیت نمایشگر همیشه روشن (LTPO۳ OLED Always‑On Retina display) /
پشتیبانی از حالت‌های ورزشی مختلف /
مجهز به حسگر الکتروکاردیوگرام /
محاسبه مسافت طی‌شده /
محاسبه میزان کالری مصرف شده /
گام‌شمار /
پایش وضعیت خواب /
قابلیت تشخیص تصادف /
قابلیت تشخیص سقوط از ارتفاع /
قابلیت شخصی‌سازی واچ فیس /
نمایش وضعیت آب و هوا /
نمایش اعلان‌های گوشی /
قابلیت Emergency SOS /
پشتیبانی از Siri /
هشدار بیدارباش /
مجهز به حسگر فشارسنج هوا اقلام همراهدفترچه راهنما / بند سلیکونی / شارژر مگنتی","اپل"
"1771408788-342","https://www.digikala.com/search/category-wearable-gadget/","ساعت هوشمند ویرفیت مدل HK10 ultra3، سایز۴۹، دارای قابلیت های کنترل موسیقی، شمارنده ضربان قلب، گام شمار، قابلیت مکالمه مستقیم، پشتیبانی از زبان فارسی، بند سیلیکون","۳,۹۰۰,۰۰۰","۴,۴۰۰,۰۰۰","۱۱٪","۴.۳","تنها ۳ عدد در انبار باقی مانده","","","","ساعت هوشمند ویرفیت مدل HK10 ultra3، سایز۴۹، دارای قابلیت های کنترل موسیقی، شمارنده ضربان قلب، گام شمار، قابلیت مکالمه مستقیم، پشتیبانی از زبان فارسی، بند سیلیکونتنها ۳ عدد در انبار باقی مانده
۴.۳۱۱٪۳,۹۰۰,۰۰۰۴,۴۰۰,۰۰۰","https://www.digikala.com/product/dkp-17077389/%D8%B3%D8%A7%D8%B9%D8%AA-%D9%87%D9%88%D8%B4%D9%85%D9%86%D8%AF-%D9%88%DB%8C%D8%B1%D9%81%DB%8C%D8%AA-%D9%85%D8%AF%D9%84-hk10-ultra3-%D8%B3%D8%A7%DB%8C%D8%B2%DB%B4%DB%B9-%D8%AF%D8%A7%D8%B1%D8%A7%DB%8C-%D9%82%D8%A7%D8%A8%D9%84%DB%8C%D8%AA-%D9%87%D8%A7%DB%8C-%DA%A9%D9%86%D8%AA%D8%B1%D9%84-%D9%85%D9%88%D8%B3%DB%8C%D9%82%DB%8C-%D8%B4%D9%85%D8%A7%D8%B1%D9%86%D8%AF%D9%87-%D8%B6%D8%B1%D8%A8%D8%A7%D9%86-%D9%82%D9%84%D8%A8-%DA%AF%D8%A7%D9%85-%D8%B4%D9%85%D8%A7%D8%B1-%D9%82%D8%A7%D8%A8%D9%84%DB%8C%D8%AA-%D9%85%DA%A9%D8%A7%D9%84%D9%85%D9%87-%D9%85%D8%B3%D8%AA%D9%82%DB%8C%D9%85-%D9%BE%D8%B4%D8%AA%DB%8C%D8%A8%D8%A7%D9%86%DB%8C-%D8%A7%D8%B2-%D8%B2%D8%A8%D8%A7%D9%86-%D9%81%D8%A7%D8%B1%D8%B3%DB%8C-%D8%A8%D9%86%D8%AF-%D8%B3%DB%8C%D9%84%DB%8C%DA%A9%D9%88%D9%86/","۴.۳","۱۴۱ دیدگاه","عالی","ساعت هوشمند ویرفیت مدل HK10 ultra3، سایز۴۹، دارای قابلیت های کنترل موسیقی، شمارنده ضربان قلب، گام شمار، قابلیت مکالمه مستقیم، پشتیبانی از زبان فارسی، بند سیلیکون","۳,۶۷۹,۰۰۰","۱۰۰%","https://dkstatics-public.digikala.com/digikala-products/985c6f3d649015a0203bdbd880f76743c21266f6_1754237192.jpg?x-oss-process=image/resize,m_lfit,h_800,w_800/quality,q_90
https://dkstatics-public.digikala.com/digikala-products/985c6f3d649015a0203bdbd880f76743c21266f6_1754237192.jpg?x-oss-process=image/resize,m_lfit,h_800,w_800/quality,q_90
https://dkstatics-public.digikala.com/digikala-products/4a79051949bc8ceea73c497bac6299461c969a6d_1729350554.jpg?x-oss-process=image/resize,m_lfit,h_800,w_800/quality,q_90
https://dkstatics-public.digikala.com/digikala-products/111e701c5a0f780eab4c6d7f1154533e75f2d384_1729350552.jpg?x-oss-process=image/resize,m_lfit,h_800,w_800/quality,q_90
https://dkstatics-public.digikala.com/digikala-products/985c6f3d649015a0203bdbd880f76743c21266f6_1754237192.jpg?x-oss-process=image/resize,m_lfit,h_800,w_800/quality,q_90","","مشکی","ویژگی‌هانوع کاربریورزشی، رسمی، روزمرهورزشی، رسمی، روزمرهفرم صفحهمستطیلمستطیلجنس بندسیلیکونسیلیکونمشاهده همه ویژگی‌ها","ساعت هوشمند برند ویرفیت سریHK Ultra3 رونمایی شد این ساعت هوشمند دارای GPT نسخه دو امکان نصب بازی و برنامه از داخل اپلیکیشن wearfit امکان نصب تمامی واچ فیس ها بر روی ساعت هوشمند امکان ذخیره عکس در گالری امکان اتصال با هدفون و ده ها امکانات دیگر برای کاربران","مشخصاتمناسب برایکاربری عمومی توضیحات سازگاریIos Android  زبان‌های قابل پشتیبانی در اعلان و پیامفارسی انگلیسی چینی نوع کاربریورزشی رسمی روزمره قابلیت‌های ساعت هوشمندصفحه نمایش رنگی صفحه نمایش لمسی کنترل موسیقی (Music Player) کنترل سطح اکسیژن خون قابلیت مکالمه مستقیم قابلیت مکالمه از طریق بلوتوث پشتیبانی از زبان فارسی در منو و سیستم‌عامل قابلیت تغییر طرح ساعت یا تم ضد آب عرض قاب۴۹ میلی‌متروزن۳۵ گرمفرم صفحهمستطیل جنس شیشهGorilla Glass ۳ جنس بدنهآلومینیوم قابلیت تعویض بنددارد جنس بندسیلیکون نوع قفل بندسگکی ساده نوع صفحه نمایش اصلیOLED  اندازه صفحه نمایش۲.۲ اینچرزولوشن صفحه نمایش۹۰هرتز سیستم عاملAndroid Wear پردازندهدو هسته ای حافظه داخلییک گیگ اتصالاتBluetooth نوع باتریلیتیوم ظرفیت باتری۳۰۰ میلی آمپر ساعتمدت زمان شارژ شدنیک ساعت اقلام همراهیک عدد بند سیلیکون یگ عدد بند پارچه ای چسبی و کابل شارژ","ویرفیت"
"1771408790-343","https://www.digikala.com/search/category-wearable-gadget/","ساعت هوشمند 46 میلی متری اپل مدل Series 11 Aluminum Case با بند سیلیکونی","۵۹,۹۸۰,۰۰۰","","","۴.۵","ارسال سریع دیجی‌کالا","","","","ساعت هوشمند 46 میلی متری اپل مدل Series 11 Aluminum Case با بند سیلیکونیارسال سریع دیجی‌کالا
۴.۵۵۹,۹۸۰,۰۰۰","https://www.digikala.com/product/dkp-20435723/%D8%B3%D8%A7%D8%B9%D8%AA-%D9%87%D9%88%D8%B4%D9%85%D9%86%D8%AF-46-%D9%85%DB%8C%D9%84%DB%8C-%D9%85%D8%AA%D8%B1%DB%8C-%D8%A7%D9%BE%D9%84-%D9%85%D8%AF%D9%84-series-11-aluminum-case-%D8%A8%D8%A7-%D8%A8%D9%86%D8%AF-%D8%B3%DB%8C%D9%84%DB%8C%DA%A9%D9%88%D9%86%DB%8C/","۴.۵","۳۴ دیدگاه","عالی","ساعت هوشمند 46 میلی متری اپل مدل Series 11 Aluminum Case با بند سیلیکونی","۷۵,۱۰۷,۶۰۰","","https://dkstatics-public.digikala.com/digikala-products/1cb72b186a7f24502e1bd066af4e2382a8caf099_1764429370.jpg?x-oss-process=image/resize,m_lfit,h_800,w_800/quality,q_90
https://dkstatics-public.digikala.com/digikala-products/1cb72b186a7f24502e1bd066af4e2382a8caf099_1764429370.jpg?x-oss-process=image/resize,m_lfit,h_800,w_800/quality,q_90
https://dkstatics-public.digikala.com/digikala-products/d1e5b3f2d7efb25b1065e3b633a9d885ce5bb89e_1757856988.jpg?x-oss-process=image/resize,m_lfit,h_800,w_800/quality,q_90
https://dkstatics-public.digikala.com/digikala-products/cdbccc24115b87ee04d3f78bae153f1b219ef9a2_1757856989.jpg?x-oss-process=image/resize,m_lfit,h_800,w_800/quality,q_90
https://dkstatics-public.digikala.com/digikala-products/1cb72b186a7f24502e1bd066af4e2382a8caf099_1764429370.jpg?x-oss-process=image/resize,m_lfit,h_800,w_800/quality,q_90","","خاکستریمشکینقره ایرز گلد","ویژگی‌هانوع کاربریورزشی، روزمرهورزشی، روزمرهفرم صفحهمستطیلمستطیلجنس بندسیلیکونسیلیکونمشاهده همه ویژگی‌ها","اپل واچ سری ۱۱ آلومینیومی جدیدترین نسل از ساعت‌های هوشمند اپل است که با تمرکز بر تکامل هوشمندانه، تجربه‌ای کامل‌تر، دقیق‌تر و پایدارتر را برای کاربران آیفون فراهم می‌کند. این مدل با حفظ زبان طراحی مینیمال اپل، در دو اندازه ۴۲ و ۴۶ میلی‌متری عرضه شده و به لطف حاشیه‌های باریک‌تر، فضای نمایشی بزرگ‌تری را بدون افزایش محسوس ابعاد در اختیار کاربر قرار می‌دهد. بدنه آلومینیومی سبک با پوشش مات، علاوه بر زیبایی، حس راحتی بالایی در استفاده روزمره و حتی هنگام خواب ایجاد می‌کند.

نمایشگر  ...","مشخصاتمناسب برایآقایان و بانوان سازگار با سیستم عاملiOS توضیحات سازگارینیاز به iPhone ۱۱ یا بعدتر با iOS ۲۶ یا جدیدتر زبان‌های قابل پشتیبانی در اعلان و پیامفارسی انگلیسی هشدار هاویژگی‌های ECG (نوار قلب)، تشخیص سقوط، سنجش اکسیژن خون درون کشور فعال نیست. نوع کاربریورزشی روزمره قابلیت‌های ساعت هوشمندکنترل موسیقی (Music Player) قابلیت مکالمه از طریق بلوتوث قابلیت تغییر طرح ساعت یا تم صفحه همیشه روشن (Always-on Display) پشتیبانی از دستیار صوتی قابلیت نصب اپلیکیشن تشخیص سقوط تشخیص تصادف سایز قاب ساعت هوشمند۴۶ میلی‌متر ابعاد قاب۴۶x۳۹x۹.۷ میلی‌مترضخامت قاب۹.۷ میلی‌مترتکنولوژی‌های مکان‌یابی (GPS)GPS QZSS GALILEO Beidou|BDS عرض قاب۴۶ میلی‌متروزن۳۷.۸ گرمفرم صفحهمستطیل قابلیت‌های مقاومتیمقاوم در برابر نفوذ آب مقاوم در برابر ضربه جنس شیشهIon-X Glass جنس بدنهآلومینیوم قابلیت تعویض بنددارد توضیحات جنس بدنهآلومینیوم بازیافتی جنس بندسیلیکون نوع قفل بندسگکی ساده نوع صفحه نمایش اصلیLTPO OLED اندازه صفحه نمایش۱.۸۱ اینچرزولوشن صفحه نمایش۴۹۶x۴۱۶ روشنایی صفحه نمایش۲۰۰۰ نیتتراکم پیکسلی صفحه نمایش۳۲۶ پیکسل بر اینچسایر مشخصات صفحه نمایشنمایشگر Always-On Retina با OLED و LTPO۳ ؛ شیشه جلویی Ion-X با پوشش ضد خش ۲ برابری نسبت به سری ۱۰ حسگرهای حرکتی و محیطیشتاب سنج (Accelerometer) ژیروسکوپ (Gyroscope) دماسنج (Thermometer) گام‌شمار (Pedometer) ارتفاع سنج (Altimeter) پشتیبانی از فرمان‌های حرکتی فشار سنج (Barometer) تشخیص نور محیط امکانات ورزشیمحاسبه مسافت طی شده امکان ارائه برنامه تمرینی محاسبه میزان کالری مصرفی تشخیص هوشمند نوع رشته ورزشی پشتیبانی از تمرینات مختلف ورزشی سنسورهای ورزشی و سلامتیشمارنده ضربان قلب سنجش دمای بدن سنجش اکسیژن خون تشخیص حرکات دست نوار قلب (الکتروکاردیوگرام) سنجش سطح استرس سنجش کیفیت خواب اندازه‌گیری فشار خون نظارت بر سیکل ماهیانه بانوان سیستم عاملWatchOS پردازندهApple S۱۰ Chip ۶۴-bit حافظه داخلی۶۴ نسخه بلوتوث۵.۳ اتصالاتBluetooth نوع باتریلیتیون یون نحوه شارژ ساعت هوشمندکابل مغناطیسی مدت زمان شارژ شدناز ۰ تا ۸۰ در ۳۰ دقیقه قابلیت های ویژهبرنامه‌های سلامت: ECG، Blood Oxygen، برنامه دارو، Sleep stages و امتیاز خواب، هشدار ضربان بالا/پایین، هشدار ریتم نامنظم، برنامه چرخه قاعدگی با تخمین تخمک‌گذاری مجدد، نظارت بر سلامت محیطی (صدای محیط)، صفحه نمایش با روشنایی بسیار بالا، حسگر دما و سنسور دمای آب، مقاومت IP۶X در برابر گرد و غبار، امکانات ایمنی مانند تشخیص تصادف، برنامه دارویی، نظارت بر فشار خون (اعلان فشار بالا) توضیحات شارژدهیاستفاده روزمره تا ۲۴ ساعت؛ حالت کم‌مصرف تا ۳۸ ساعت ‎","اپل"
"1771408792-344","https://www.digikala.com/search/category-wearable-gadget/","ساعت هوشمند مدل wisme ws - x11 دارای قابلیت های صفحه نمایش لمسی، کنترل موسیقی (Music Player)، کنترل سطح اکسیژن خون، قابلیت مکالمه از طریق بلوتوث بند سیلیکون","۱,۰۵۹,۰۰۰","","","۳.۵","تنها ۱ عدد در انبار باقی مانده","","","","ساعت هوشمند مدل wisme ws - x11 دارای قابلیت های صفحه نمایش لمسی، کنترل موسیقی (Music Player)، کنترل سطح اکسیژن خون، قابلیت مکالمه از طریق بلوتوث بند سیلیکونتنها ۱ عدد در انبار باقی مانده
۳.۵۱,۰۵۹,۰۰۰","https://www.digikala.com/product/dkp-17254469/%D8%B3%D8%A7%D8%B9%D8%AA-%D9%87%D9%88%D8%B4%D9%85%D9%86%D8%AF-%D9%85%D8%AF%D9%84-wisme-ws-x11-%D8%AF%D8%A7%D8%B1%D8%A7%DB%8C-%D9%82%D8%A7%D8%A8%D9%84%DB%8C%D8%AA-%D9%87%D8%A7%DB%8C-%D8%B5%D9%81%D8%AD%D9%87-%D9%86%D9%85%D8%A7%DB%8C%D8%B4-%D9%84%D9%85%D8%B3%DB%8C-%DA%A9%D9%86%D8%AA%D8%B1%D9%84-%D9%85%D9%88%D8%B3%DB%8C%D9%82%DB%8C-music-player-%DA%A9%D9%86%D8%AA%D8%B1%D9%84-%D8%B3%D8%B7%D8%AD-%D8%A7%DA%A9%D8%B3%DB%8C%DA%98%D9%86-%D8%AE%D9%88%D9%86-%D9%82%D8%A7%D8%A8%D9%84%DB%8C%D8%AA-%D9%85%DA%A9%D8%A7%D9%84%D9%85%D9%87-%D8%A7%D8%B2-%D8%B7%D8%B1%DB%8C%D9%82-%D8%A8%D9%84%D9%88%D8%AA%D9%88%D8%AB-%D8%A8%D9%86%D8%AF-%D8%B3%DB%8C%D9%84%DB%8C%DA%A9%D9%88%D9%86/","۳.۵","۲۴ دیدگاه","عالی","ساعت هوشمند مدل wisme ws - x11 دارای قابلیت های صفحه نمایش لمسی، کنترل موسیقی (Music Player)، کنترل سطح اکسیژن خون، قابلیت مکالمه از طریق بلوتوث بند سیلیکون","۱,۰۴۰,۰۰۰","۲۰%","https://dkstatics-public.digikala.com/digikala-products/97bdb915582051f53d449c9252da425218aa2fee_1754237593.jpg?x-oss-process=image/resize,m_lfit,h_800,w_800/quality,q_90
https://dkstatics-public.digikala.com/digikala-products/9a6213e92240391f9c968fc0d6fa2fd58bce08c0_1730724882.jpg?x-oss-process=image/resize,m_lfit,h_800,w_800/quality,q_90
https://dkstatics-public.digikala.com/digikala-products/9e8563bd550da231d52fdeffb19be7f618694a7d_1730656147.jpg?x-oss-process=image/resize,m_lfit,h_800,w_800/quality,q_90","","مشکیمشکی براق","ویژگی‌هانوع کاربریورزشی، رسمی، روزمرهورزشی، رسمی، روزمرهفرم صفحهمربعمربعجنس بندسیلیکونسیلیکونمشاهده همه ویژگی‌ها","همان طور که گفته شد اسمارت واچ WS-X11 از ساعت های هوشمند جدید تازه وارد است که بدنه آن مشابه اپل واچ سری 10 طراحی شده است. رنگ بدنه مشابه نمونه های قبلی مات نیست و ظاهر براقی دارد که خیلی زیبا و جذاب است. در مدل های جدید به اسپیکر و پخش صدا توجه بیشتری شده که شما در سمت چپ بدنه دو مجرای خروج صدا را می بینید. نمایشگر این مدل از نوع امولد است که تصاویر و رنگ ها را به بهترین شکل نمایش می دهد.

از ویژگی های بارز این مدل می توان به داشتن 7 عدد بند متنوع اشاره کرد. وجود بند رولکسی  ...","مشخصاتمناسب برایآقایان و بانوان نوع کاربریورزشی رسمی روزمره قابلیت‌های ساعت هوشمندصفحه نمایش لمسی کنترل موسیقی (Music Player) کنترل سطح اکسیژن خون قابلیت مکالمه از طریق بلوتوث فرم صفحهمربع جنس بدنهآلومینیوم قابلیت تعویض بنددارد جنس بندسیلیکون نوع قفل بندسگکی ساده اندازه صفحه نمایش۴۶ اینچپردازنده۲ هسته ای اتصالاتBluetooth نوع باتریلیتیومی اقلام همراه۷ بند ، یک شارژر ، یک ساعت","متفرقه"
"1771408794-345","https://www.digikala.com/search/category-wearable-gadget/","ساعت هوشمند مدل T9000 Ultra3","۱,۹۷۹,۱۰۰","۲,۱۹۹,۰۰۰","۱۰٪","۳.۶","ارسال فروشنده","","","","ساعت هوشمند مدل T9000 Ultra3ارسال فروشنده
۳.۶۱۰٪۱,۹۷۹,۱۰۰۲,۱۹۹,۰۰۰","https://www.digikala.com/product/dkp-18590053/%D8%B3%D8%A7%D8%B9%D8%AA-%D9%87%D9%88%D8%B4%D9%85%D9%86%D8%AF-%D9%85%D8%AF%D9%84-t9000-ultra3/","۳.۶","۲۶ دیدگاه","خیلی خوب","ساعت هوشمند مدل T9000 Ultra3","۱,۹۷۰,۰۰۰","","https://dkstatics-public.digikala.com/digikala-products/c3a68412a4259561678e6d87ad93abb7542c0fd6_1741614541.jpg?x-oss-process=image/resize,m_lfit,h_800,w_800/quality,q_90
https://dkstatics-public.digikala.com/digikala-products/a423c926b6b065d7470dd4c67e978abe9abdd4dc_1741614540.jpg?x-oss-process=image/resize,m_lfit,h_800,w_800/quality,q_90
https://dkstatics-public.digikala.com/digikala-products/32d311bf588e368a3785740bd7671f8e11bc6a1c_1741614540.jpg?x-oss-process=image/resize,m_lfit,h_800,w_800/quality,q_90
https://dkstatics-public.digikala.com/digikala-products/c3a68412a4259561678e6d87ad93abb7542c0fd6_1741614541.jpg?x-oss-process=image/resize,m_lfit,h_800,w_800/quality,q_90","","مشکی","ویژگی‌هانوع کاربریروزمرهروزمرهفرم صفحهمربعمربعجنس بندسیلیکونسیلیکونمشاهده همه ویژگی‌ها","ساعت هوشمند T9000 Ultra3 دارای یک صفحه نمایش تمام صفحه است که از کیفیت خوبی نیز برخوردار‌ است و نسبتا سرعت عمل خوبی در انجام عملکردها و اجرای برنامه‌ها دارد. وضوح رنگ و شفافیت تصویر این اسمارت واچ بسیار عالی و جذاب است و از جاذبه‌ های بصری و تصاویر متحرک بیشتری نسبت به مدل‌های هم رده خود برخوردار است.
این مدل به وسیله بلوتوث به تلفن همراه شما متصل می‌شود و پس از اتصال بسیاری از قابلیت‌ها در اختیار شما قرار می‌گیرد. به طور مثال می‌توانید از طریق برنامه رابط ،واچ فیس ها و تصاوی ...","مشخصاتمناسب برایآقایان و بانوان سازگار با سیستم عاملAndroid iOS نوع کاربریروزمره قابلیت‌های ساعت هوشمندکنترل موسیقی (Music Player) قابلیت تغییر طرح ساعت یا تم پشتیبانی از زبان فارسی در منو و سیستم‌عامل سایز قاب ساعت هوشمند۴۹ میلی‌متر وزن۵۰ گرمفرم صفحهمربع جنس بدنهتیتانیوم قابلیت تعویض بنددارد جنس بندسیلیکون نوع قفل بندسگکی ساده اندازه صفحه نمایش۴۹ اینچسایر مشخصات صفحه نمایشسایز ۴۹ میلیمتری قابلیت های ویژه- صفحه نمایش ۲.۰۲ اینچی OLED با حاشیه فوق العاده کم
- صفحه نمایش باکیفیت با رنگ های روشن و جذاب
- پشتیبانی از صفحه نمایش همیشه روشن
- امکان تنظیم زمان و تاریخ از داخل خود ساعت
- دکمه پاور و مجیک باتن فعال
- شارژر وایرلس و شارژدهی بالا
- امکان تعویض بند با بند اورجینال اپل واچ
- پردازنده قوی و منوی کاملا روان
- پشتیبانی از اعلانات فارسی و منوی فارسی
- روشن شدن خودکار صفحه نمایش با بالا آوردن دست
- امکان آپلود واچ فیس های بیشتر و تصویر زمینه دلخواه
- سنسورهای سلامتی فشار خون، قند خون، ضربان قلب، گام شمار، اکسیژن خون و پایش خواب
- قابلیت رمزگذاری
- امکان اتصال به گوشی های هوشمند اندروید و آیفون اقلام همراه- شارژر بی سیم
- بند سیلیکونی","متفرقه"
"1771408797-346","https://www.digikala.com/search/category-wearable-gadget/","ساعت هوشمند دبلیو اِس مدل WS-X11 دارای قابلیت های صفحه نمایش رنگی، صفحه نمایش لمسی، کنترل موسیقی (Music Player)، کنترل سطح اکسیژن خون، قابلیت مکالمه از طریق بلوتوث بند سیلیکون","۱,۱۴۰,۰۰۰","","","۳.۸","&nbsp;","","","","ساعت هوشمند دبلیو اِس مدل WS-X11 دارای قابلیت های صفحه نمایش رنگی، صفحه نمایش لمسی، کنترل موسیقی (Music Player)، کنترل سطح اکسیژن خون، قابلیت مکالمه از طریق بلوتوث بند سیلیکون&nbsp;
۳.۸۱,۱۴۰,۰۰۰","https://www.digikala.com/product/dkp-17238727/%D8%B3%D8%A7%D8%B9%D8%AA-%D9%87%D9%88%D8%B4%D9%85%D9%86%D8%AF-%D8%AF%D8%A8%D9%84%DB%8C%D9%88-%D8%A7%D8%B3-%D9%85%D8%AF%D9%84-ws-x11-%D8%AF%D8%A7%D8%B1%D8%A7%DB%8C-%D9%82%D8%A7%D8%A8%D9%84%DB%8C%D8%AA-%D9%87%D8%A7%DB%8C-%D8%B5%D9%81%D8%AD%D9%87-%D9%86%D9%85%D8%A7%DB%8C%D8%B4-%D8%B1%D9%86%DA%AF%DB%8C-%D8%B5%D9%81%D8%AD%D9%87-%D9%86%D9%85%D8%A7%DB%8C%D8%B4-%D9%84%D9%85%D8%B3%DB%8C-%DA%A9%D9%86%D8%AA%D8%B1%D9%84-%D9%85%D9%88%D8%B3%DB%8C%D9%82%DB%8C-music-player-%DA%A9%D9%86%D8%AA%D8%B1%D9%84-%D8%B3%D8%B7%D8%AD-%D8%A7%DA%A9%D8%B3%DB%8C%DA%98%D9%86-%D8%AE%D9%88%D9%86-%D9%82%D8%A7%D8%A8%D9%84%DB%8C%D8%AA-%D9%85%DA%A9%D8%A7%D9%84%D9%85%D9%87-%D8%A7%D8%B2-%D8%B7%D8%B1%DB%8C%D9%82-%D8%A8%D9%84%D9%88%D8%AA%D9%88%D8%AB-%D8%A8%D9%86%D8%AF-%D8%B3%DB%8C%D9%84%DB%8C%DA%A9%D9%88%D9%86/","۳.۸","۲۷ دیدگاه","خیلی خوب","ساعت هوشمند دبلیو اِس مدل WS-X11 دارای قابلیت های صفحه نمایش رنگی، صفحه نمایش لمسی، کنترل موسیقی (Music Player)، کنترل سطح اکسیژن خون، قابلیت مکالمه از طریق بلوتوث بند سیلیکون","۱,۱۶۰,۰۰۰","","https://dkstatics-public.digikala.com/digikala-products/f37c4665d544a39f107f2458c8764dcb587fc7e3_1754237460.jpg?x-oss-process=image/resize,m_lfit,h_800,w_800/quality,q_90
https://dkstatics-public.digikala.com/digikala-products/f5d5afee548608e62a20baf0f4c4c12e1bca75f7_1731142851.jpg?x-oss-process=image/resize,m_lfit,h_800,w_800/quality,q_90
https://dkstatics-public.digikala.com/digikala-products/9672e5559e512edea5bd2e08f822adedc021ec5b_1730548743.jpg?x-oss-process=image/resize,m_lfit,h_800,w_800/quality,q_90
https://dkstatics-public.digikala.com/digikala-products/f37c4665d544a39f107f2458c8764dcb587fc7e3_1754237460.jpg?x-oss-process=image/resize,m_lfit,h_800,w_800/quality,q_90","","مشکیمشکی براق","ویژگی‌هانوع کاربریورزشی، رسمی، روزمرهورزشی، رسمی، روزمرهفرم صفحهمستطیلمستطیلجنس بندسیلیکونسیلیکونمشاهده همه ویژگی‌ها","ساعت هوشمند مدل WS-X11 با طراحی مدرن و ویژگی‌های پیشرفته برای بهبود سبک زندگی و روتین تناسب اندام شما طراحی شده است. این ساعت با نمایشگر جذاب و ساختار زیبا، قابلیت هایی مختلف را برای نیازهای سلامتی، تناسب اندام و اتصال شما فراهم می‌کند. از جمله ویژگی‌های کلیدی این محصول می‌توان به ردیابی سلامتی و تناسب اندام با دقت در پایش فعالیت‌های فیزیکی، گام‌ها و کالری‌های سوخته شده اشاره کرد که ایده‌آل برای دویدن، دوچرخه‌سواری و فعالیت‌های دیگر است. GPS داخلی نیز به شما کمک می‌کند تا مکا ...","مشخصاتنوع کاربریورزشی رسمی روزمره قابلیت‌های ساعت هوشمندصفحه نمایش رنگی صفحه نمایش لمسی کنترل موسیقی (Music Player) کنترل سطح اکسیژن خون قابلیت مکالمه از طریق بلوتوث فرم صفحهمستطیل جنس بدنهفلز قابلیت تعویض بنددارد جنس بندسیلیکون نوع قفل بندسگکی ساده اندازه صفحه نمایش۴۹ اینچ","دبلیو اِس"
"1771408799-347","https://www.digikala.com/search/category-wearable-gadget/","ساعت هوشمند 46 میلیمتری یو ۳۰ پلاس مدل Seven Plus One با ۷ بند سیلیکونی","۱,۵۸۹,۰۰۰","۳,۹۵۰,۰۰۰","۶۰٪","۲.۷","تنها ۲ عدد در انبار باقی مانده","","","","ساعت هوشمند 46 میلیمتری یو ۳۰ پلاس مدل Seven Plus One با ۷ بند سیلیکونیتنها ۲ عدد در انبار باقی مانده
۲.۷۶۰٪۱,۵۸۹,۰۰۰۳,۹۵۰,۰۰۰","https://www.digikala.com/product/dkp-20859218/%D8%B3%D8%A7%D8%B9%D8%AA-%D9%87%D9%88%D8%B4%D9%85%D9%86%D8%AF-46-%D9%85%DB%8C%D9%84%DB%8C%D9%85%D8%AA%D8%B1%DB%8C-%DB%8C%D9%88-%DB%B3%DB%B0-%D9%BE%D9%84%D8%A7%D8%B3-%D9%85%D8%AF%D9%84-seven-plus-one-%D8%A8%D8%A7-%DB%B7-%D8%A8%D9%86%D8%AF-%D8%B3%DB%8C%D9%84%DB%8C%DA%A9%D9%88%D9%86%DB%8C/","۲.۷","۲۹ دیدگاه","خیلی خوب","ساعت هوشمند 46 میلیمتری یو ۳۰ پلاس مدل Seven Plus One با ۷ بند سیلیکونی","۳,۹۵۰,۰۰۰","۹۰%","https://dkstatics-public.digikala.com/digikala-products/1da32584f68249c4e4ed04beb79cad52f2f9ef7c_1762868704.jpg?x-oss-process=image/resize,m_lfit,h_800,w_800/quality,q_90
https://dkstatics-public.digikala.com/digikala-products/aee2ec97bafad549182a98624b1ad983a43305f9_1762703348.jpg?x-oss-process=image/resize,m_lfit,h_800,w_800/quality,q_90
https://dkstatics-public.digikala.com/digikala-products/2c9404c9ad17bd3abf73910a0fc4a410e8524187_1762703348.jpg?x-oss-process=image/resize,m_lfit,h_800,w_800/quality,q_90
https://dkstatics-public.digikala.com/digikala-products/1da32584f68249c4e4ed04beb79cad52f2f9ef7c_1762868704.jpg?x-oss-process=image/resize,m_lfit,h_800,w_800/quality,q_90","","مشکینقره ایبژصورتی","ویژگی‌هانوع کاربریورزشی، رسمی، روزمرهورزشی، رسمی، روزمرهفرم صفحهمستطیلمستطیلجنس بندسیلیکونسیلیکونمشاهده همه ویژگی‌ها","","مشخصاتمناسب برایآقایان و بانوان سازگار با سیستم عاملAndroid iOS توضیحات سازگاریسازگار با اندروید و ios هشدار هابا شارژر ۱ آمپر شارژ شود. نوع کاربریورزشی رسمی روزمره قابلیت‌های ساعت هوشمندکنترل موسیقی (Music Player) قابلیت مکالمه از طریق بلوتوث پشتیبانی از زبان فارسی در منو و سیستم‌عامل قابلیت تغییر طرح ساعت یا تم صفحه همیشه روشن (Always-on Display) قابلیت نصب اپلیکیشن پشتیبانی از دستیار صوتی سایز قاب ساعت هوشمند۴۶ میلی‌متر فرم صفحهمستطیل قابلیت‌های مقاومتیمقاوم در برابر نفوذ گرد و غبار جنس بدنهفلز قابلیت تعویض بنددارد جنس بندسیلیکون نوع قفل بندسگکی ساده اندازه صفحه نمایش۲ اینچحسگرهای حرکتی و محیطیفشار سنج (Barometer) سنسورهای ورزشی و سلامتیاندازه‌گیری فشار خون سنجش اکسیژن خون شمارنده ضربان قلب نحوه شارژ ساعت هوشمندشارژ بی‌سیم اقلام همراهدفترچه راهنما، ۷ بند سیلیکونی، شارژر","متفرقه"
"1771408801-348","https://www.digikala.com/search/category-wearable-gadget/","ساعت هوشمند 49 میلیمتری مدل Z1000 سری 10 با بند سیلیکونی","۸۹۵,۰۰۰","۱,۴۹۸,۰۰۰","۴۰٪","۳.۸","تنها ۳ عدد در انبار باقی مانده","","https://dkstatics-public.digikala.com/digikala-products/4246dedbf4b397faf89e7a2abb70b780aaa39825_1756667139.jpg?x-oss-process=image/resize,m_lfit,h_300,w_300/quality,q_80","https://www.digikala.com/statics/img/svg/productCard/topBadge/SpecialSell.svg","ساعت هوشمند 49 میلیمتری مدل Z1000 سری 10 با بند سیلیکونیتنها ۳ عدد در انبار باقی مانده
۳.۸۴۰٪۸۹۵,۰۰۰۱,۴۹۸,۰۰۰","https://www.digikala.com/product/dkp-20299436/%D8%B3%D8%A7%D8%B9%D8%AA-%D9%87%D9%88%D8%B4%D9%85%D9%86%D8%AF-49-%D9%85%DB%8C%D9%84%DB%8C%D9%85%D8%AA%D8%B1%DB%8C-%D9%85%D8%AF%D9%84-z1000-%D8%B3%D8%B1%DB%8C-10-%D8%A8%D8%A7-%D8%A8%D9%86%D8%AF-%D8%B3%DB%8C%D9%84%DB%8C%DA%A9%D9%88%D9%86%DB%8C/","۳.۸","۱۲ دیدگاه","عالی","ساعت هوشمند 49 میلیمتری مدل Z1000 سری 10 با بند سیلیکونی","۱,۴۹۸,۰۰۰","۷۷%","https://dkstatics-public.digikala.com/digikala-products/4246dedbf4b397faf89e7a2abb70b780aaa39825_1756667139.jpg?x-oss-process=image/resize,m_lfit,h_800,w_800/quality,q_90
https://dkstatics-public.digikala.com/digikala-products/b36c3bb5c3ac017677e256b7515164863187958d_1756504033.jpg?x-oss-process=image/resize,m_lfit,h_800,w_800/quality,q_90
https://dkstatics-public.digikala.com/digikala-products/66fb7ca85d1be463257979aaccec972246a0590e_1756504033.jpg?x-oss-process=image/resize,m_lfit,h_800,w_800/quality,q_90
https://dkstatics-public.digikala.com/digikala-products/4246dedbf4b397faf89e7a2abb70b780aaa39825_1756667139.jpg?x-oss-process=image/resize,m_lfit,h_800,w_800/quality,q_90","","سفیدصورتی","ویژگی‌هانوع کاربریورزشی، رسمی، روزمرهورزشی، رسمی، روزمرهفرم صفحهمستطیلمستطیلجنس بندسیلیکونسیلیکونمشاهده همه ویژگی‌ها","ساعت هوشمند(اسمارت واچ) Z1000 سری 10 با سایز صفحه  ۴۹ میلیمتر دارای شارژر وایرلس و بند سیلیکونی است و از صفحه نمایش AMOLED بهره میبرد. حالت های مختلف ورزشی, ژیروسکوپ, سنجش اکسیژن خون, شمارشگر ضربان قلب, کرنومتر, گام شمارش روی این ساعت تعبیه شده است. 
ساعت هوشمند Z1000 قابلیت اتصال به برنامه های Hry Fine و همچنین Fitpro را دارد و از طریق بلوتوث میتوانید اطلاعات سلامت خود را روی گوشی چک نمایید و همچنین برخی قسمتهای گوشی خود را توسط ساعت فعال نمایید مانند دوربین عکاسی، برقراری ت ...","مشخصاتمناسب برایکاربری عمومی سازگار با سیستم عاملAndroid iOS توضیحات سازگاریسازگار با اندروید ۵ به بالا همچنین IOS ۹ به بالا نوع کاربریورزشی رسمی روزمره قابلیت‌های ساعت هوشمندکنترل موسیقی (Music Player) قابلیت مکالمه از طریق بلوتوث قابلیت تغییر طرح ساعت یا تم سایز قاب ساعت هوشمند۴۹ میلی‌متر فرم صفحهمستطیل قابلیت‌های مقاومتیبدون قابلیت مقاومتی جنس بدنهآلومینیوم قابلیت تعویض بنددارد توضیحات جنس بدنهآلومینیوم جنس بندسیلیکون نوع قفل بندسگکی ساده توضیحات رنگ بند و بدنهرنگ بدنه نقره ای نوع صفحه نمایش اصلیAMOLED اندازه صفحه نمایش۱.۹۲ اینچحسگرهای حرکتی و محیطیژیروسکوپ (Gyroscope) فشار سنج (Barometer) گام‌شمار (Pedometer) سنسورهای ورزشی و سلامتیشمارنده ضربان قلب سنجش اکسیژن خون اندازه‌گیری فشار خون نسخه بلوتوث۴ به بالا نحوه شارژ ساعت هوشمندشارژ بی‌سیم اقلام همراهسیم شارژر بیسیم","متفرقه"
"1771408803-349","https://www.digikala.com/search/category-wearable-gadget/","ساعت هوشمند 46 میلی متر وونک مدل Galaxy 8a-26 با بند سیلیکونی","۴,۱۰۰,۰۰۰","۷,۱۸۰,۰۰۰","۴۳٪","۴.۲","&nbsp;","","https://dkstatics-public.digikala.com/digikala-products/daa2335c9403f35ce28d184a34330f941e7c1bfd_1767771420.jpg?x-oss-process=image/resize,m_lfit,h_300,w_300/quality,q_80","https://www.digikala.com/statics/img/svg/productCard/topBadge/SpecialSell.svg","ساعت هوشمند 46 میلی متر وونک مدل Galaxy 8a-26 با بند سیلیکونی&nbsp;
۴.۲۴۳٪۴,۱۰۰,۰۰۰۷,۱۸۰,۰۰۰","https://www.digikala.com/product/dkp-21236988/%D8%B3%D8%A7%D8%B9%D8%AA-%D9%87%D9%88%D8%B4%D9%85%D9%86%D8%AF-46-%D9%85%DB%8C%D9%84%DB%8C-%D9%85%D8%AA%D8%B1-%D9%88%D9%88%D9%86%DA%A9-%D9%85%D8%AF%D9%84-galaxy-8a-26-%D8%A8%D8%A7-%D8%A8%D9%86%D8%AF-%D8%B3%DB%8C%D9%84%DB%8C%DA%A9%D9%88%D9%86%DB%8C/","۴.۲","۵۰ دیدگاه","عالی","ساعت هوشمند 46 میلی متر وونک مدل Galaxy 8a-26 با بند سیلیکونی","۷,۱۸۰,۰۰۰","۸۱.۴%","https://dkstatics-public.digikala.com/digikala-products/daa2335c9403f35ce28d184a34330f941e7c1bfd_1767771420.jpg?x-oss-process=image/resize,m_lfit,h_800,w_800/quality,q_90
https://dkstatics-public.digikala.com/digikala-products/daa2335c9403f35ce28d184a34330f941e7c1bfd_1767771420.jpg?x-oss-process=image/resize,m_lfit,h_800,w_800/quality,q_90
https://dkstatics-public.digikala.com/digikala-products/d2581430c3ccd5aded505f1df47feba895d86991_1767775191.jpg?x-oss-process=image/resize,m_lfit,h_800,w_800/quality,q_90
https://dkstatics-public.digikala.com/digikala-products/b9ee2f7f4fa15a364e9b8e84e9927d1234da46ff_1767775190.jpg?x-oss-process=image/resize,m_lfit,h_800,w_800/quality,q_90
https://dkstatics-public.digikala.com/digikala-products/daa2335c9403f35ce28d184a34330f941e7c1bfd_1767771420.jpg?x-oss-process=image/resize,m_lfit,h_800,w_800/quality,q_90","","سفیدمشکی","ویژگی‌هانوع کاربریورزشی، رسمی، روزمرهورزشی، رسمی، روزمرهفرم صفحهدایرهدایرهجنس بندسیلیکونسیلیکونمشاهده همه ویژگی‌ها","ساعت هوشمند Galaxy Watch 8 از برند VONK که با بند سیلیکونی سگکی و فیس واچ های متفاوت, تجربه‌ای شیک و حرفه‌ای برای کاربران فراهم می‌کند. این ساعت با قاب ۴۶ میلی‌متری فلز، ضخامت ۱۰.۶ میلی‌متر و وزن 38 گرم، ترکیبی از ظرافت و استحکام را ارائه می‌دهد. فرم دایره‌ای صفحه و شیشه ای، مقاومت بالا در برابر خط و خش، پاشش آب و گرد و غبار را تضمین می‌کند، در حالی که سیلیکونی قابل تعویض با بند های چرمی و...،  امکان شخصی‌سازی و ست کردن با لباس را فراهم می‌آورد. صفحه نمایش ۱.۳۴ اینچی، تصاویر  ...","مشخصاتمناسب برایآقایان و بانوان سازگار با سیستم عاملAndroid iOS توضیحات سازگاریسازگار با Android و iOS زبان‌های قابل پشتیبانی در اعلان و پیامفارسی انگلیسی چینی عربی هشدار هادر محیط‌های مرطوب یا دارای آب، شارژ نکنید.
اطمینان حاصل کنید که قسمت پشت ساعت تمیز بوده و به‌طور کامل با سطح شارژر بی‌سیم در تماس است.
به‌طور منظم پشت ساعت و سطح شارژر بی‌سیم را با یک پارچه‌ی نرم و تمیز (مثل فلانل) پاک کنید تا تماس کامل و شارژ طبیعی برقرار شود.
این محصول آداپتور برق ندارد. برای ایمنی، می‌توانید از درگاه USB کامپیوتر استفاده کنید یا آداپتوری با ولتاژ خروجی حداکثر ۵ ولت و ۱ آمپر تهیه کنید. لطفاً آداپتور را از منابع معتبر بخرید و از آداپتورهای بی‌کیفیت یا تقلبی خودداری کنید تا از خطر آتش‌سوزی یا انفجار جلوگیری شود.
باتری یا پک باتری نباید در معرض دمای بالا قرار گیرد.
در صورت تعویض باتری با نوع نامناسب، خطر انفجار وجود دارد. باتری‌های مصرف‌شده را مطابق دستورالعمل‌های مربوطه دور بیندازید. نوع کاربریورزشی رسمی روزمره قابلیت‌های ساعت هوشمندکنترل موسیقی (Music Player) قابلیت مکالمه از طریق بلوتوث پشتیبانی از زبان فارسی در منو و سیستم‌عامل قابلیت تغییر طرح ساعت یا تم صفحه همیشه روشن (Always-on Display) پشتیبانی از دستیار صوتی سایز قاب ساعت هوشمند۴۶ میلی‌متر وزن۳۸ گرمفرم صفحهدایره قابلیت‌های مقاومتیمقاوم در برابر خط و خش مقاوم در برابر نفوذ آب مقاوم در برابر نفوذ گرد و غبار مقاومت در برابر پاشش آب و گرد و غبار جنس بدنهفلز قابلیت تعویض بنددارد توضیحات جنس بدنهآلومینیوم (Aluminum) مقاوم و سبک جنس بندسیلیکون نوع قفل بندسگکی ساده توضیحات رنگ بند و بدنهانتخاب در دو رنگ سفید و مشکی نوع صفحه نمایش اصلیAMOLED اندازه صفحه نمایش۱.۳۴ اینچرزولوشن صفحه نمایش۳۶۰*۳۶۰ حسگرهای حرکتی و محیطیگام‌شمار (Pedometer) پشتیبانی از فرمان‌های حرکتی امکانات ورزشیپشتیبانی از تمرینات مختلف ورزشی محاسبه میزان کالری مصرفی محاسبه مسافت طی شده سنسورهای ورزشی و سلامتیشمارنده ضربان قلب سنجش اکسیژن خون تشخیص حرکات دست سنجش کیفیت خواب اندازه‌گیری فشار خون سیستم عاملWatchOS اتصالاتBluetooth نوع باتریلیتیوم یون نحوه شارژ ساعت هوشمندکابل مغناطیسی مدت زمان شارژ شدن۱ اقلام همراهکابل شارژ وایرلس
دفترچه ی راهنما","وونک"
"1771408805-350","https://www.digikala.com/search/category-wearable-gadget/","ساعت هوشمند هوآوی مدل Band 6بند سیلیکونی","۴,۵۰۰,۰۰۰","","","۴.۳","تنها ۱ عدد در انبار باقی مانده","","","","ساعت هوشمند هوآوی مدل Band 6بند سیلیکونیتنها ۱ عدد در انبار باقی مانده
۴.۳۴,۵۰۰,۰۰۰","https://www.digikala.com/product/dkp-7022472/%D8%B3%D8%A7%D8%B9%D8%AA-%D9%87%D9%88%D8%B4%D9%85%D9%86%D8%AF-%D9%87%D9%88%D8%A2%D9%88%DB%8C-%D9%85%D8%AF%D9%84-band-6/","۴.۳","۲۶۰ دیدگاه","عالی","ساعت هوشمند هوآوی مدل Band 6بند سیلیکونی","۴,۵۰۰,۰۰۰","۹۰%","https://dkstatics-public.digikala.com/digikala-products/6b328aee3c8f0de3aa4827f6741459ac38d28321_1754246564.jpg?x-oss-process=image/resize,m_lfit,h_800,w_800/quality,q_90
https://dkstatics-public.digikala.com/digikala-products/6b328aee3c8f0de3aa4827f6741459ac38d28321_1754246564.jpg?x-oss-process=image/resize,m_lfit,h_800,w_800/quality,q_90
https://dkstatics-public.digikala.com/digikala-products/face2314495c2011dbc93783ecf5371b0329afb7_1657021646.jpg?x-oss-process=image/resize,m_lfit,h_800,w_800/quality,q_90
https://dkstatics-public.digikala.com/digikala-products/848512b753ac2c88d18a6eff9cb3008dbe85ab59_1741547980.jpg?x-oss-process=image/resize,m_lfit,h_800,w_800/quality,q_90
https://dkstatics-public.digikala.com/digikala-products/6b328aee3c8f0de3aa4827f6741459ac38d28321_1754246564.jpg?x-oss-process=image/resize,m_lfit,h_800,w_800/quality,q_90","","مشکیصورتی","ویژگی‌هانوع کاربریرسمی، روزمره، ورزشیرسمی، روزمره، ورزشیفرم صفحهمستطیلمستطیلجنس بندسیلیکونسیلیکونمشاهده همه ویژگی‌ها","بررسی بی‌وقفه میزان اکسیژن خون | صفحه نمایش کامل | شارژدهی دو هفته‌ای.
 HUAWEI Band 6 صفحه نمایشی 1.47 اینچی از نوع AMOLED دارد که تصویری کامل را ارائه می‌کند. این صفحه نمایش 1483 درصد بزرگتر از نسخه قبلی بوده و با حاشیه بسیار باریک خود نسبت صفحه نمایش به بدنه 64 درصدی را به وجود آورده است. همه این قابلیت‌ها در کنار رزولوشن تصویری 368 در 194 پیکسلی و مقدار پیکسل در اینچ 282 PPI، صفحه نمایشی با کیفیت را برای این محصول مهیا کرده‌اند.
صفحه نمایش بزرگ در کنار نسبت بالای آن به ب ...","مشخصاتمناسب برایآقایان و بانوان توضیحات سازگاریاستفاده راحت برای مدت طولانی به علت سبکی
پشتیبانی از زبان فارسی
مدیریت سلامت: شامل کیفیت خواب، مدیریت استرس
سازگاری با Android &amp; iOS زبان‌های قابل پشتیبانی در اعلان و پیامانگلیسی فارسی نوع کاربریرسمی روزمره ورزشی وزن۱۰۵ گرمفرم صفحهمستطیل توضیحات جنس بدنهچهار رنگ مختلف برای بند وجود دارد که از جنس سیلیکون خاصی هستند که در معرض اشعه ماورای بنفش قرار گرفته و سازگاری خوبی نیز با پوست دارند. این بندها بسیار سبک بوده و در برابر خاک گرفتگی نیز مقاومت دارند. این بند ۱۸ گرمی راحتی فوق‌العاده‌ای در استفاده ایجاد می‌کند. جنس بندسیلیکون نوع قفل بندسگکی ساده نوع صفحه نمایش اصلیAMOLED سیستم عاملAndroid","هوآوی"
"1771408807-351","https://www.digikala.com/search/category-wearable-gadget/","ساعت هوشمند مدل WS-60 MAX با قابلیت صفحه نمایش رنگی و لمسی، کنترل موسیقی، کنترل سطح اکسیژن خون، مکالمه با بلوتوث، پشتیبانی از زبان فارسی و امکان تغییر تم ساعت و بند سلیکونی","۳,۱۷۰,۰۰۰","","","۳.۶","تنها ۱ عدد در انبار باقی مانده","","","","ساعت هوشمند مدل WS-60 MAX با قابلیت صفحه نمایش رنگی و لمسی، کنترل موسیقی، کنترل سطح اکسیژن خون، مکالمه با بلوتوث، پشتیبانی از زبان فارسی و امکان تغییر تم ساعت و بند سلیکونیتنها ۱ عدد در انبار باقی مانده
۳.۶۳,۱۷۰,۰۰۰","https://www.digikala.com/product/dkp-16640989/%D8%B3%D8%A7%D8%B9%D8%AA-%D9%87%D9%88%D8%B4%D9%85%D9%86%D8%AF-%D9%85%D8%AF%D9%84-ws-60-max-%D8%A8%D8%A7-%D9%82%D8%A7%D8%A8%D9%84%DB%8C%D8%AA-%D8%B5%D9%81%D8%AD%D9%87-%D9%86%D9%85%D8%A7%DB%8C%D8%B4-%D8%B1%D9%86%DA%AF%DB%8C-%D9%88-%D9%84%D9%85%D8%B3%DB%8C-%DA%A9%D9%86%D8%AA%D8%B1%D9%84-%D9%85%D9%88%D8%B3%DB%8C%D9%82%DB%8C-%DA%A9%D9%86%D8%AA%D8%B1%D9%84-%D8%B3%D8%B7%D8%AD-%D8%A7%DA%A9%D8%B3%DB%8C%DA%98%D9%86-%D8%AE%D9%88%D9%86-%D9%85%DA%A9%D8%A7%D9%84%D9%85%D9%87-%D8%A8%D8%A7-%D8%A8%D9%84%D9%88%D8%AA%D9%88%D8%AB-%D9%BE%D8%B4%D8%AA%DB%8C%D8%A8%D8%A7%D9%86%DB%8C-%D8%A7%D8%B2-%D8%B2%D8%A8%D8%A7%D9%86-%D9%81%D8%A7%D8%B1%D8%B3%DB%8C-%D9%88-%D8%A7%D9%85%DA%A9%D8%A7%D9%86-%D8%AA%D8%BA%DB%8C%DB%8C%D8%B1-%D8%AA%D9%85-%D8%B3%D8%A7%D8%B9%D8%AA-%D9%88-%D8%A8%D9%86%D8%AF-%D8%B3%D9%84%DB%8C%DA%A9%D9%88%D9%86%DB%8C/","۳.۶","۳۸۹ دیدگاه","خوب","ساعت هوشمند مدل WS-60 MAX با قابلیت صفحه نمایش رنگی و لمسی، کنترل موسیقی، کنترل سطح اکسیژن خون، مکالمه با بلوتوث، پشتیبانی از زبان فارسی و امکان تغییر تم ساعت و بند سلیکونی","۳,۱۷۰,۰۰۰","","https://dkstatics-public.digikala.com/digikala-products/dbf60ee002a2fa5fb58206f52cdf17d890a52c79_1754236390.jpg?x-oss-process=image/resize,m_lfit,h_800,w_800/quality,q_90
https://dkstatics-public.digikala.com/digikala-products/8d56bc4dbdf6e7c9cccfcfc5d427777694550585_1726350175.jpg?x-oss-process=image/resize,m_lfit,h_800,w_800/quality,q_90
https://dkstatics-public.digikala.com/digikala-products/ae930f4bb6f5fc022c6e3ec0fafed2af8d6093ff_1726350029.jpg?x-oss-process=image/resize,m_lfit,h_800,w_800/quality,q_90
https://dkstatics-public.digikala.com/digikala-products/dbf60ee002a2fa5fb58206f52cdf17d890a52c79_1754236390.jpg?x-oss-process=image/resize,m_lfit,h_800,w_800/quality,q_90","","مشکی","ویژگی‌هانوع کاربریرسمی، ورزشی، روزمرهرسمی، ورزشی، روزمرهفرم صفحهمستطیلمستطیلجنس بندسیلیکونسیلیکونمشاهده همه ویژگی‌ها","ساعت هوشمند WS-60 Max با طراحی شیک و مدرن، همراه با ۷ بند متنوع، یک انتخاب بی‌نظیر برای افرادی است که به دنبال ترکیبی از فناوری و مد هستند. این ساعت به شما امکان می‌دهد تا بندهای آن را بر اساس سبک و موقعیت‌های مختلف تغییر دهید و ظاهری متفاوت را تجربه کنید.
این ساعت دارای صفحه نمایش با وضوح بالا است که رنگ‌های زنده و شفاف را نمایش می‌دهد و دسترسی آسان به اعلان‌ها و اطلاعات مهم را فراهم می‌کند. علاوه بر این، WS-60 Max با قابلیت‌های ورزشی پیشرفته مانند شمارش گام‌ها، مانیتورینگ ض ...","مشخصاتمناسب برایآقایان و بانوان توضیحات سازگاریسیستم‌عامل‌های اندروید و iOS  نوع کاربریرسمی ورزشی روزمره قابلیت‌های ساعت هوشمندصفحه نمایش رنگی صفحه نمایش لمسی کنترل موسیقی (Music Player) کنترل سطح اکسیژن خون پشتیبانی از زبان فارسی در منو و سیستم‌عامل فرم صفحهمستطیل جنس بدنهآلومینیوم قابلیت تعویض بنددارد جنس بندسیلیکون نوع قفل بندسگکی ساده اندازه صفحه نمایش۴۹ میلی متر اینچ","متفرقه"
"1771408809-352","https://www.digikala.com/search/category-wearable-gadget/","ساعت هوشمند 40 میلی‌متری اپل مدل SE Aluminum Case با بند سیلیکونی","۳۲,۴۹۰,۰۰۰","","","۴.۵","ارسال فروشنده","","","","ساعت هوشمند 40 میلی‌متری اپل مدل SE Aluminum Case با بند سیلیکونیارسال فروشنده
۴.۵۳۲,۴۹۰,۰۰۰","https://www.digikala.com/product/dkp-12946906/%D8%B3%D8%A7%D8%B9%D8%AA-%D9%87%D9%88%D8%B4%D9%85%D9%86%D8%AF-40-%D9%85%DB%8C%D9%84%DB%8C%D9%85%D8%AA%D8%B1%DB%8C-%D8%A7%D9%BE%D9%84-%D9%85%D8%AF%D9%84-se-aluminum-case-%D8%A8%D8%A7-%D8%A8%D9%86%D8%AF-%D8%B3%DB%8C%D9%84%DB%8C%DA%A9%D9%88%D9%86%DB%8C/","۴.۵","۴۴۶ دیدگاه","عالی","ساعت هوشمند 40 میلی‌متری اپل مدل SE Aluminum Case با بند سیلیکونی","۳۵,۰۰۰,۰۰۰","۹۵%","https://dkstatics-public.digikala.com/digikala-products/344cf555f617dc3df15f7e664531681df8aa9e42_1747410441.jpg?x-oss-process=image/resize,m_lfit,h_800,w_800/quality,q_90
https://dkstatics-public.digikala.com/digikala-products/344cf555f617dc3df15f7e664531681df8aa9e42_1747410441.jpg?x-oss-process=image/resize,m_lfit,h_800,w_800/quality,q_90
https://dkstatics-public.digikala.com/digikala-products/0e0e07031d47f558d5e3539452adbc4c5ef6b3c3_1696945558.jpg?x-oss-process=image/resize,m_lfit,h_800,w_800/quality,q_90
https://dkstatics-public.digikala.com/digikala-products/4bef634b09637b0f881df23cef3ce17a439545dc_1696945558.jpg?x-oss-process=image/resize,m_lfit,h_800,w_800/quality,q_90
https://dkstatics-public.digikala.com/digikala-products/344cf555f617dc3df15f7e664531681df8aa9e42_1747410441.jpg?x-oss-process=image/resize,m_lfit,h_800,w_800/quality,q_90","","بژمشکینقره ای","ویژگی‌هانوع کاربریورزشی، روزمرهورزشی، روزمرهفرم صفحهمستطیلمستطیلجنس بندسیلیکونسیلیکونمشاهده همه ویژگی‌ها","ساعت هوشمند اپل مدل SE Aluminum Case 40mm با ظاهر جذاب و ویژگی‌های فوق‌العاده‌ی خود می‌تواند همچنان در جذب مخاطبان جدید و قدیمی خود موفق عمل کند. ساعت‌های هوشمند شرکت اپل همواره از محبوبیت بسیار بالایی برخوردار بوده‌اند و این شرکت همه ساله اقدام به تولید نسل جدیدی از این ساعت‌ها می‌کند. لازم به ذکر است که اپل واچ‌ ها در قالب چندین سری مختلف عرضه می‌شوند و هرکدام جامعه‌ی هدف خاص خود را دارند. از جمله ساعت‌ مچی های هوشمند، محبوب و پرفروش شرکت اپل می‌توان به سری SE اشاره کرد. ای ...","مشخصاتمناسب برایآقایان و بانوان سازگار با سیستم عاملiOS توضیحات سازگاریسازگار با آیفون XS (و بعد از آن) و iOS ۱۷ / برای استفاده از تمامی امکانات ساعت، iOS ۱۸ نیاز است. نوع کاربریورزشی روزمره قابلیت‌های ساعت هوشمندقابلیت مکالمه از طریق بلوتوث سایز قاب ساعت هوشمند۴۰ میلی‌متر ابعاد قاب۱۰.۷×۳۴×۴۰ میلی‌مترعرض قاب۳۴ میلی‌متر میلی‌متروزن۲۶ گرمفرم صفحهمستطیل قابلیت‌های مقاومتیمقاوم در برابر نفوذ آب جنس شیشهIon-X Glass جنس بدنهآلومینیوم قابلیت تعویض بنددارد توضیحات جنس بدنهفریم آلومینیومی
 جنس بندسیلیکون نوع قفل بندسگکی ساده توضیحات رنگ بند و بدنهبدنه در سه رنگ مختلف نوع صفحه نمایش اصلیRetina LTPO OLED اندازه صفحه نمایش۴۰ میلی‌متر اینچرزولوشن صفحه نمایش۳۲۴×۳۹۴ پیکسل روشنایی صفحه نمایش۱۰۰۰ نیتتراکم پیکسلی صفحه نمایش۳۲۶ پیکسل بر اینچ پیکسل بر اینچحسگرهای حرکتی و محیطیشتاب سنج (Accelerometer) ژیروسکوپ (Gyroscope) ارتفاع سنج (Altimeter) گام‌شمار (Pedometer) سنسورهای ورزشی و سلامتیشمارنده ضربان قلب سنجش سطح استرس سنجش کیفیت خواب نظارت بر سیکل ماهیانه بانوان پردازندهS۸ SiP حافظه داخلی۳۲ گیگابایت اتصالاتBluetooth WiFi نوع باتریلیتیوم یونی با عمر باتری تا ۱۸ ساعت نحوه شارژ ساعت هوشمندکابل مغناطیسی شارژ بی‌سیم قابلیت های ویژهمقاومت در برابر آب تا عمق ۵۰ متر / کنترل از طریق Siri","اپل"
"1771408812-353","https://www.digikala.com/search/category-wearable-gadget/","ساعت هوشمند 47 میلی متری مدل WS4OO PIus با بند سیلیکونی","","","","۳.۳","&nbsp;","","","","ساعت هوشمند 47 میلی متری مدل WS4OO PIus با بند سیلیکونی&nbsp;
۳.۳ناموجودمشاهده کالا در سایر فروشگاه‌ها","https://www.digikala.com/product/dkp-20884008/%D8%B3%D8%A7%D8%B9%D8%AA-%D9%87%D9%88%D8%B4%D9%85%D9%86%D8%AF-47-%D9%85%DB%8C%D9%84%DB%8C-%D9%85%D8%AA%D8%B1%DB%8C-%D9%85%D8%AF%D9%84-ws4oo-pius-%D8%A8%D8%A7-%D8%A8%D9%86%D8%AF-%D8%B3%DB%8C%D9%84%DB%8C%DA%A9%D9%88%D9%86%DB%8C/","۳.۳","۹۰ دیدگاه","","","","","https://dkstatics-public.digikala.com/digikala-products/5d4debeaa2aa62d51ca20f9b1770bfeec799c6ad_1762989280.jpg?x-oss-process=image/resize,m_lfit,h_800,w_800/quality,q_90
https://dkstatics-public.digikala.com/digikala-products/d3de9d6eb02c50f5841e9d5852e90c73438aab09_1762989272.jpg?x-oss-process=image/resize,m_lfit,h_800,w_800/quality,q_90
https://dkstatics-public.digikala.com/digikala-products/fb865816a4ae1aa1c479941e88a2b83dc63ddbc1_1762989273.jpg?x-oss-process=image/resize,m_lfit,h_800,w_800/quality,q_90
https://dkstatics-public.digikala.com/digikala-products/5d4debeaa2aa62d51ca20f9b1770bfeec799c6ad_1762989280.jpg?x-oss-process=image/resize,m_lfit,h_800,w_800/quality,q_90","","","ویژگی‌هانوع کاربریورزشی، رسمی، روزمرهورزشی، رسمی، روزمرهفرم صفحهدایرهدایرهجنس بندسیلیکونسیلیکونمشاهده همه ویژگی‌ها","ساعت هوشمند WS400 PLUS دارای صفحه لمسی 1.52 اینچی IPS، بدنه مقاوم از آلیاژ روی و ABS و باتری با عمر تا 6 روز و شارژر مغناطیسی است. این ساعت تماس بلوتوثی با امکان شماره‌گیری، نمایش اعلان‌های پیام و اطلاع‌رسانی‌های لحظه‌ای را پشتیبانی می‌کند و از حسگرهای سلامت شامل اندازه‌گیری ضربان قلب در زمان واقعی، اکسیژن خون (SpO2)، فشار خون و پایش خواب (خواب عمیق و سبک) برخوردار است. برای ورزش‌ها حالت‌های متعدد ورزشی، گام شمار، مسافت طی شده، کالری و ارائه داده‌های تحلیلی تمرین در دسترس قرا ...","مشخصاتمناسب برایآقایان و بانوان سازگار با سیستم عاملAndroid iOS توضیحات سازگاریاندروید ۵.۰ یا بالاتر، iOS ۹.۰ یا بالاتر زبان‌های قابل پشتیبانی در اعلان و پیامفارسی انگلیسی چینی هشدار هاقبل از اولین استفاده، ساعت را به طور کامل شارژ کنید. برای استفاده از تمام امکانات ساعت هوشمند خود، برنامه «LAXASFIT» را دانلود و روی گوشی هوشمند خود نصب کنید. کد QR موجود در دفترچه راهنما را اسکن کنید یا در فروشگاه برنامه تلفن خود (Google Play Store برای اندروید، Apple App Store برای iOS) عبارت «LAXASFIT» را جستجو کنید. برنامه را نصب کنید و یک حساب کاربری ایجاد کنید یا وارد شوید. مطمئن شوید که بلوتوث در تلفن هوشمند شما فعال است. برنامه LAXASFIT را باز کنید و دستورالعمل‌های روی صفحه را برای افزودن یک دستگاه جدید دنبال کنید. نام ساعت خود را از فهرست دستگاه‌های موجود انتخاب کنید. درخواست جفت‌سازی را هم در تلفن و هم در ساعت هوشمند خود تأیید کنید. زمان و تاریخ ساعت هوشمند شما به محض اتصال به برنامه LAXASFIT به طور خودکار با تلفن هوشمند جفت شده شما همگام‌سازی می‌شود. در صورت نیاز به تنظیم دستی، به گزینه «تنظیم زمان» در منوی تنظیمات ساعت بروید. نوع کاربریورزشی رسمی روزمره قابلیت‌های ساعت هوشمندکنترل موسیقی (Music Player) قابلیت مکالمه از طریق بلوتوث پشتیبانی از زبان فارسی در منو و سیستم‌عامل قابلیت تغییر طرح ساعت یا تم سایز قاب ساعت هوشمند۴۷ میلی‌متر وزنبدنه مقاوم از آلیاژ روی و ABS گرمفرم صفحهدایره قابلیت‌های مقاومتیمقاومت در برابر پاشش آب و گرد و غبار جنس بدنهپلاستیک ABS قابلیت تعویض بنددارد توضیحات جنس بدنهبدنه مقاوم از آلیاژ روی و ABS جنس بندسیلیکون نوع قفل بندسگکی ساده نوع صفحه نمایش اصلینمایشگر IPS رنگی با کیفیت HD اندازه صفحه نمایش۱.۵۲ اینچرزولوشن صفحه نمایش۳۶۰x۳۶۰ پیکسل سایر مشخصات صفحه نمایشدارای صفحه لمسی ۱.۵۲ اینچی IPS رزولوشن ۳۶۰x۳۶۰ پیکسل حسگرهای حرکتی و محیطیگام‌شمار (Pedometer) امکانات ورزشیپشتیبانی از تمرینات مختلف ورزشی محاسبه میزان کالری مصرفی محاسبه مسافت طی شده سنسورهای ورزشی و سلامتیاندازه‌گیری فشار خون سنجش کیفیت خواب سنجش اکسیژن خون شمارنده ضربان قلب حافظه داخلی۱۲۸ مگابایت نسخه بلوتوث۵.۴ اتصالاتBluetooth نوع باتریلیتیوم پلیمر نحوه شارژ ساعت هوشمندکابل مغناطیسی","متفرقه"
"1771408814-354","https://www.digikala.com/search/category-wearable-gadget/","ساعت هوشمند ۴۵ میلی متری آی اسمارت مدل GD12 با ۲ بند سیلیکونی","۳,۴۹۲,۰۰۰","۳,۸۸۰,۰۰۰","۱۰٪","۳.۴","تنها ۳ عدد در انبار باقی مانده","","","","ساعت هوشمند ۴۵ میلی متری آی اسمارت مدل GD12 با ۲ بند سیلیکونیتنها ۳ عدد در انبار باقی مانده
۳.۴۱۰٪۳,۴۹۲,۰۰۰۳,۸۸۰,۰۰۰","https://www.digikala.com/product/dkp-20927971/%D8%B3%D8%A7%D8%B9%D8%AA-%D9%87%D9%88%D8%B4%D9%85%D9%86%D8%AF-%DB%B4%DB%B5-%D9%85%DB%8C%D9%84%DB%8C-%D9%85%D8%AA%D8%B1%DB%8C-%D8%A2%DB%8C-%D8%A7%D8%B3%D9%85%D8%A7%D8%B1%D8%AA-%D9%85%D8%AF%D9%84-gd12-%D8%A8%D8%A7-%DB%B2-%D8%A8%D9%86%D8%AF-%D8%B3%DB%8C%D9%84%DB%8C%DA%A9%D9%88%D9%86%DB%8C/","۳.۴","۲۹ دیدگاه","خوب","ساعت هوشمند ۴۵ میلی متری آی اسمارت مدل GD12 با ۲ بند سیلیکونی","۳,۸۸۰,۰۰۰","","https://dkstatics-public.digikala.com/digikala-products/3ea4b20bfe6e98cf2e65bcc87cbae4d7b5275992_1763618699.jpg?x-oss-process=image/resize,m_lfit,h_800,w_800/quality,q_90
https://dkstatics-public.digikala.com/digikala-products/4f646c72682f054916795da4421cf7d2a73d04e4_1763552359.jpg?x-oss-process=image/resize,m_lfit,h_800,w_800/quality,q_90
https://dkstatics-public.digikala.com/digikala-products/c2e3dfa2246d696ed28f5a5c13a9a788facb5056_1763552356.jpg?x-oss-process=image/resize,m_lfit,h_800,w_800/quality,q_90
https://dkstatics-public.digikala.com/digikala-products/3ea4b20bfe6e98cf2e65bcc87cbae4d7b5275992_1763618699.jpg?x-oss-process=image/resize,m_lfit,h_800,w_800/quality,q_90","","مشکینقره ای","ویژگی‌هانوع کاربریروزمره، رسمی، ورزشیروزمره، رسمی، ورزشیفرم صفحهمستطیلمستطیلجنس بندسیلیکونسیلیکونمشاهده همه ویژگی‌ها","این ساعت هوشمند با طراحی شیک و مدرن و صفحه‌نمایش AMOLED در اندازه ۴۵ میلی‌متر، تجربه‌ای متفاوت از کاربری روزانه را برای شما فراهم می‌کند. کیفیت بالای صفحه‌نمایش باعث می‌شود رنگ‌ها زنده و واضح دیده شوند و استفاده از ساعت در نور روز هم راحت باشد. این مدل از شارژ وایرلس پشتیبانی می‌کند.

این ساعت علاوه بر قابلیت مکالمه بلوتوثی و اتصال کامل به گوشی، امکانات سلامتی متنوعی مانند سنجش ضربان قلب، گام‌شمار، بررسی کالری مصرفی و مجموعه کاملی از برنامه‌های ورزشی را در اختیار شما قرار می‌ ...","مشخصاتمناسب برایکاربری عمومی سازگار با سیستم عاملiOS Android توضیحات سازگاریسازگار با انواع دستگاه اندروید و iOS زبان‌های قابل پشتیبانی در اعلان و پیامفارسی انگلیسی چینی عربی هشدار هاساعت را فقط با آداپتور ۱ آمپر شارژ کنید و از فست شارژر استفاده نکنید تا باتری آسیب نبیند. برای شارژ اولیه، دستگاه را ۲ تا ۳ ساعت به شارژ بگذارید.
برای اتصال ساعت، برنامه را از طریق دفترچه یا QR کد نصب کرده، مجوزهای لازم را بدهید و سپس از داخل همان برنامه ساعت را به گوشی وصل کنید. نوع کاربریروزمره رسمی ورزشی قابلیت‌های ساعت هوشمندکنترل موسیقی (Music Player) قابلیت مکالمه از طریق بلوتوث پشتیبانی از زبان فارسی در منو و سیستم‌عامل قابلیت تغییر طرح ساعت یا تم سایز قاب ساعت هوشمند۴۵ میلی‌متر فرم صفحهمستطیل قابلیت‌های مقاومتیمقاوم در برابر نفوذ گرد و غبار مقاوم در برابر سرما مقاوم در برابر گرما مقاوم در برابر لرزش جنس بدنهفلز قابلیت تعویض بنددارد جنس بندسیلیکون نوع قفل بندقفل مخفی اندازه صفحه نمایش۱.۷ اینچحسگرهای حرکتی و محیطیگام‌شمار (Pedometer) امکانات ورزشیپشتیبانی از تمرینات مختلف ورزشی محاسبه میزان کالری مصرفی محاسبه مسافت طی شده سنسورهای ورزشی و سلامتیشمارنده ضربان قلب نحوه شارژ ساعت هوشمندشارژ بی‌سیم اقلام همراهدو عدد بند سیلیکونی
محافظ صفحه نمایش
شارژر وایرلس
دفترچه راهنما توضیحات شارژدهیساعت را فقط با آداپتور ۱ آمپر شارژ کنید و از فست شارژر استفاده نکنید تا باتری آسیب نبیند. برای شارژ اولیه، دستگاه را ۲ تا ۳ ساعت به شارژ بگذارید.","متفرقه"
"1771408816-355","https://www.digikala.com/search/category-wearable-gadget/","ساعت هوشمند 44 میلی‌متری سامسونگ مدل Galaxy Watch 8 با بند پلاستیکی","۳۴,۹۸۰,۰۰۰","","","۴.۷","ارسال فروشنده","","","","ساعت هوشمند 44 میلی‌متری سامسونگ مدل Galaxy Watch 8 با بند پلاستیکیارسال فروشنده
۴.۷۳۴,۹۸۰,۰۰۰","https://www.digikala.com/product/dkp-19925403/%D8%B3%D8%A7%D8%B9%D8%AA-%D9%87%D9%88%D8%B4%D9%85%D9%86%D8%AF-44-%D9%85%DB%8C%D9%84%DB%8C%D9%85%D8%AA%D8%B1%DB%8C-%D8%B3%D8%A7%D9%85%D8%B3%D9%88%D9%86%DA%AF-%D9%85%D8%AF%D9%84-galaxy-watch-8-%D8%A8%D8%A7-%D8%A8%D9%86%D8%AF-%D9%BE%D9%84%D8%A7%D8%B3%D8%AA%DB%8C%DA%A9%DB%8C/","۴.۷","۷۹ دیدگاه","عالی","ساعت هوشمند 44 میلی‌متری سامسونگ مدل Galaxy Watch 8 با بند پلاستیکی","۳۰,۹۹۰,۰۰۰","۱۰۰%","https://dkstatics-public.digikala.com/digikala-products/4b05ad4dd2c6236be4729d51672934e98acbdb01_1764429369.jpg?x-oss-process=image/resize,m_lfit,h_800,w_800/quality,q_90
https://dkstatics-public.digikala.com/digikala-products/4b05ad4dd2c6236be4729d51672934e98acbdb01_1764429369.jpg?x-oss-process=image/resize,m_lfit,h_800,w_800/quality,q_90
https://dkstatics-public.digikala.com/digikala-products/c5a7f434aae310a40cbdcaac3287c8e59b21b045_1753197679.jpg?x-oss-process=image/resize,m_lfit,h_800,w_800/quality,q_90
https://dkstatics-public.digikala.com/digikala-products/b0d333887848d904876bc328ee90eb13fb323178_1753197679.jpg?x-oss-process=image/resize,m_lfit,h_800,w_800/quality,q_90
https://dkstatics-public.digikala.com/digikala-products/4b05ad4dd2c6236be4729d51672934e98acbdb01_1764429369.jpg?x-oss-process=image/resize,m_lfit,h_800,w_800/quality,q_90","","نقره ایمشکی","ویژگی‌هانوع کاربریورزشی، روزمرهورزشی، روزمرهفرم صفحهدایرهدایرهجنس بندپلاستیکپلاستیکمشاهده همه ویژگی‌ها","ساعت هوشمندGalaxy Watch 8  جدیدترین نسخه از ساعت هوشمند‌های سامسونگ است که با طراحی شیک و وزن سبک ۳۴ گرم در نسخه 44 و 30 گرم در نسخه 40 میلی‌متری، تجربه راحت و حرفه‌ای برای کاربران فراهم می‌کند. این ساعت در دو سایز ۴۴ و ۴۰ میلی‌متر عرضه شده که سایز ۴۰ برای خانم‌ها مناسب‌تر است و مچ‌های کوچک‌تر را راحت‌تر پوشش می‌دهد. بدنه آلومینیومی و شیشه یاقوتی مقاوم، دوام بالا در برابر خط و خش، ضربه، آب و گرد و غبار را تضمین می‌کند و بندهای قابل تعویض با چند گزینه مختلف، امکان شخصی‌سازی و  ...","مشخصاتمناسب برایآقایان سازگار با سیستم عاملAndroid توضیحات سازگاریسازگار با گوشی‌های اندروید با نسخه ۱۲ و بالاتر نوع کاربریورزشی روزمره قابلیت‌های ساعت هوشمندکنترل موسیقی (Music Player) قابلیت مکالمه از طریق بلوتوث قابلیت تغییر طرح ساعت یا تم صفحه همیشه روشن (Always-on Display) قابلیت نصب اپلیکیشن پشتیبانی از دستیار صوتی سایز قاب ساعت هوشمند۴۴ میلی‌متر ضخامت قاب۸.۶ میلی‌مترتکنولوژی‌های مکان‌یابی (GPS)Dual-band A-GPS وزن۳۴ گرمفرم صفحهدایره قابلیت‌های مقاومتیمقاوم در برابر نفوذ آب مقاوم در برابر نفوذ گرد و غبار مقاوم در برابر خط و خش مقاوم در برابر ضربه جنس شیشهیاقوت جنس بدنهآلومینیوم قابلیت تعویض بنددارد جنس بندپلاستیک نوع قفل بندسگکی ساده نوع صفحه نمایش اصلیSuper AMOLED اندازه صفحه نمایش۱.۴۷ اینچرزولوشن صفحه نمایش۴۸۰x۴۸۰ پیکسل روشنایی صفحه نمایش۳۰۰۰ نیتتراکم پیکسلی صفحه نمایش۳۲۷ پیکسل بر اینچحسگرهای حرکتی و محیطیشتاب سنج (Accelerometer) ژیروسکوپ (Gyroscope) تشخیص نور محیط فشار سنج (Barometer) گام‌شمار (Pedometer) پشتیبانی از فرمان‌های حرکتی دماسنج (Thermometer) ارتفاع سنج (Altimeter) امکانات ورزشیپشتیبانی از تمرینات مختلف ورزشی تشخیص هوشمند نوع رشته ورزشی محاسبه میزان کالری مصرفی امکان ارائه برنامه تمرینی محاسبه مسافت طی شده سنسورهای ورزشی و سلامتیشمارنده ضربان قلب سنجش دمای بدن سنجش اکسیژن خون تشخیص حرکات دست سنجش سطح استرس سنجش کیفیت خواب نظارت بر سیکل ماهیانه بانوان نوار قلب (الکتروکاردیوگرام) سیستم عاملWatchOS پردازندهExynos W۱۰۰۰ حافظه داخلی۳۲ گیگابایت به همراه ۲ گیگابایت رم نسخه بلوتوث۵.۳ سایر مشخصات سخت افزاریدارای گواهی IP۶۸ و مقاوم در برابر نفوذ آب تا فشار ۵ اتمسفر (عمق ۵۰ متری آب)، مقاوم در نفوذ آب به مدت ۳۰ دقیقه در عمیق ۱.۵ متری آب / دارای استاندارد نظامی MIL-STD-۸۱۰H / اتصالاتWiFi Bluetooth NFC نوع باتریلیتیوم یون ظرفیت باتری۴۳۵ میلی آمپر ساعتنحوه شارژ ساعت هوشمندکابل مغناطیسی شارژ بی‌سیم","سامسونگ"
"1771408818-356","https://www.digikala.com/search/category-wearable-gadget/","ساعت هوشمند 49 میلی متری کیکویر مدل KW28 ULTRA 3 با بند سیلیکونی","۷۹۲,۵۲۰","","","۳.۶","تنها ۲ عدد در انبار باقی مانده","","","","ساعت هوشمند 49 میلی متری کیکویر مدل KW28 ULTRA 3 با بند سیلیکونیتنها ۲ عدد در انبار باقی مانده
۳.۶۷۹۲,۵۲۰","https://www.digikala.com/product/dkp-19988455/%D8%B3%D8%A7%D8%B9%D8%AA-%D9%87%D9%88%D8%B4%D9%85%D9%86%D8%AF-49-%D9%85%DB%8C%D9%84%DB%8C-%D9%85%D8%AA%D8%B1%DB%8C-%DA%A9%DB%8C%DA%A9%D9%88%DB%8C%D8%B1-%D9%85%D8%AF%D9%84-kw28-ultra-3-%D8%A8%D8%A7-%D8%A8%D9%86%D8%AF-%D8%B3%DB%8C%D9%84%DB%8C%DA%A9%D9%88%D9%86%DB%8C/","۳.۶","۴ دیدگاه","خوب","ساعت هوشمند 49 میلی متری کیکویر مدل KW28 ULTRA 3 با بند سیلیکونی","۷۹۲,۵۲۰","۶۰%","https://dkstatics-public.digikala.com/digikala-products/030fa9efdb3342cb509005b09ba937508fa35e61_1753793346.jpg?x-oss-process=image/resize,m_lfit,h_800,w_800/quality,q_90
https://dkstatics-public.digikala.com/digikala-products/940b85ed362f04568b2ea65f5513fea1f86e7afe_1753793268.jpg?x-oss-process=image/resize,m_lfit,h_800,w_800/quality,q_90
https://dkstatics-public.digikala.com/digikala-products/d4e05bc09f8563cb506cfb5680e952b8d37ebe7b_1753793351.jpg?x-oss-process=image/resize,m_lfit,h_800,w_800/quality,q_90
https://dkstatics-public.digikala.com/digikala-products/030fa9efdb3342cb509005b09ba937508fa35e61_1753793346.jpg?x-oss-process=image/resize,m_lfit,h_800,w_800/quality,q_90","","مشکی","ویژگی‌هانوع کاربریورزشی، رسمی، روزمرهورزشی، رسمی، روزمرهفرم صفحهمستطیلمستطیلجنس بندسیلیکونسیلیکونمشاهده همه ویژگی‌ها","ساعت هوشمند KW28 ultra 3 یک ساعت هوشمند با طراحی مستطیلی ، نمایشگر بزرگ رنگی ، و قابلیت تماس بلوتوثی است. از زبان فارسی پشتیبانی می کند،سنسورهای سلامتی مانند ضربان قلب،فشار خون و پایش خواب دارد،و با گوشی های اندروید و ios سازگار است. همچنین دارای شارژر بی سیم و بند قابل تعویض است.","مشخصاتمناسب برایآقایان و بانوان سازگار با سیستم عاملAndroid iOS توضیحات سازگاریسازگاری با سیستم عامل های اندروید و ios می باشد زبان‌های قابل پشتیبانی در اعلان و پیامفارسی انگلیسی نوع کاربریورزشی رسمی روزمره قابلیت‌های ساعت هوشمندکنترل موسیقی (Music Player) پشتیبانی از زبان فارسی در منو و سیستم‌عامل سایز قاب ساعت هوشمند۴۹ میلی‌متر فرم صفحهمستطیل قابلیت‌های مقاومتیبدون قابلیت مقاومتی جنس بدنهفلز قابلیت تعویض بنددارد جنس بندسیلیکون نوع قفل بندسگکی ساده توضیحات رنگ بند و بدنهدارای هفت بند سیلیکونی رنگ های مختلف اندازه صفحه نمایش۲.۰۵ اینچ اینچسایر مشخصات صفحه نمایشصفحه نمایش رنگی 
صفحه نمایش لمسی
صفحه نمایش بزرگ  حسگرهای حرکتی و محیطیگام‌شمار (Pedometer) امکانات ورزشیپشتیبانی از تمرینات مختلف ورزشی سنسورهای ورزشی و سلامتیشمارنده ضربان قلب اتصالاتBluetooth نحوه شارژ ساعت هوشمندکابل مغناطیسی اقلام همراههفت عدد بند سیلیکونی و کابل شارژر","کیکویر"
"1771408820-357","https://www.digikala.com/search/category-wearable-gadget/","ساعت هوشمند مدل K56 Pro دارای قابلیت های شمارنده ضربان قلب، کنترل سطح اکسیژن خون، کنترل فشار خون، کنترل موسیقی، گام شمار، بند سیلیکونی","۵,۰۸۶,۴۳۰","","","۳.۸","&nbsp;","","","","ساعت هوشمند مدل K56 Pro دارای قابلیت های شمارنده ضربان قلب، کنترل سطح اکسیژن خون، کنترل فشار خون، کنترل موسیقی، گام شمار، بند سیلیکونی&nbsp;
۳.۸۵,۰۸۶,۴۳۰","https://www.digikala.com/product/dkp-17245868/%D8%B3%D8%A7%D8%B9%D8%AA-%D9%87%D9%88%D8%B4%D9%85%D9%86%D8%AF-%D9%85%D8%AF%D9%84-k56-pro-%D8%AF%D8%A7%D8%B1%D8%A7%DB%8C-%D9%82%D8%A7%D8%A8%D9%84%DB%8C%D8%AA-%D9%87%D8%A7%DB%8C-%D8%B4%D9%85%D8%A7%D8%B1%D9%86%D8%AF%D9%87-%D8%B6%D8%B1%D8%A8%D8%A7%D9%86-%D9%82%D9%84%D8%A8-%DA%A9%D9%86%D8%AA%D8%B1%D9%84-%D8%B3%D8%B7%D8%AD-%D8%A7%DA%A9%D8%B3%DB%8C%DA%98%D9%86-%D8%AE%D9%88%D9%86-%DA%A9%D9%86%D8%AA%D8%B1%D9%84-%D9%81%D8%B4%D8%A7%D8%B1-%D8%AE%D9%88%D9%86-%DA%A9%D9%86%D8%AA%D8%B1%D9%84-%D9%85%D9%88%D8%B3%DB%8C%D9%82%DB%8C-%DA%AF%D8%A7%D9%85-%D8%B4%D9%85%D8%A7%D8%B1-%D8%A8%D9%86%D8%AF-%D8%B3%DB%8C%D9%84%DB%8C%DA%A9%D9%88%D9%86%DB%8C/","۳.۸","۶ دیدگاه","عالی","ساعت هوشمند مدل K56 Pro دارای قابلیت های شمارنده ضربان قلب، کنترل سطح اکسیژن خون، کنترل فشار خون، کنترل موسیقی، گام شمار، بند سیلیکونی","۵,۰۸۶,۴۳۰","۶۵%","https://dkstatics-public.digikala.com/digikala-products/55ec060ebfbb258607198bcf549ade1d5b90d068_1730617154.jpg?x-oss-process=image/resize,m_lfit,h_800,w_800/quality,q_90
https://dkstatics-public.digikala.com/digikala-products/3e14d2299ec0be6f40f0968f91c09bb41e40bba9_1730617177.jpg?x-oss-process=image/resize,m_lfit,h_800,w_800/quality,q_90
https://dkstatics-public.digikala.com/digikala-products/5b6fc29ba63f1c95b8ceed0f7314a4678e46a993_1730617154.jpg?x-oss-process=image/resize,m_lfit,h_800,w_800/quality,q_90
https://dkstatics-public.digikala.com/digikala-products/55ec060ebfbb258607198bcf549ade1d5b90d068_1730617154.jpg?x-oss-process=image/resize,m_lfit,h_800,w_800/quality,q_90","","مشکی","ویژگی‌هانوع کاربریورزشی، رسمی، روزمرهورزشی، رسمی، روزمرهفرم صفحهگردگردجنس بندسیلیکونسیلیکونمشاهده همه ویژگی‌ها","","مشخصاتتوضیحات سازگاری- اندروید ۴.۴ و بالاتر
- ios ۸.۰ و بالاتر زبان‌های قابل پشتیبانی در اعلان و پیامانگلیسی چینی هشدار هاجهت اتصال ساعت هوشمند به تلفن همراه ، از اپل استور و یا Google Play اپلیکیشن “Dafit"" را دانلود نمایید و درون برنامه QR code موجود بر روی ساعت را اسکن نمایید. نوع کاربریورزشی رسمی روزمره قابلیت‌های ساعت هوشمندصفحه نمایش رنگی صفحه نمایش لمسی کنترل موسیقی (Music Player) کنترل سطح اکسیژن خون قابلیت مکالمه از طریق بلوتوث قابلیت تغییر طرح ساعت یا تم فرم صفحهگرد جنس بدنهفلز قابلیت تعویض بنددارد جنس بندسیلیکون نوع قفل بندسگکی قلاب‌دار اندازه صفحه نمایش۱.۳۹ اینچ اینچرزولوشن صفحه نمایش۳۶۰ × ۳۶۰ سایر مشخصات صفحه نمایشIPS screen پردازندهRealtek۸۷۶۲DK حافظه داخلی۱۲۸ مگابایت سایر مشخصات سخت افزاری- ورژن بلوتوث : ۵.۰
- مدت زمان شارژ دهی: در حالت Standby حدود ۳۰ روز - در حالت استفاده ۵ تا ۱۰ روز اتصالاتBluetooth ظرفیت باتری۴۰۰ میلی آمپر ساعتقابلیت های ویژه- اتصال از طریق بلوتوث
- قابلیت مکالمه بر روی ساعت هوشمند از طریق بلوتوث
- کنترل موسیقی
- گام شمار
- سنجش ضربان قلب
- کنترل خواب
- سنجش اکسیژن خون و فشار خون
- کالری شمار
- نمایش پیام ها بر روی ساعت هوشمند","متفرقه"
"1771408822-358","https://www.digikala.com/search/category-wearable-gadget/","ساعت هوشمند 49 میلی متری اپل مدل Ultra 3 Black Titanium Case با بند Titanium Milanese","۱۵۱,۹۹۰,۰۰۰","","","۵","تنها ۲ عدد در انبار باقی مانده","","","","ساعت هوشمند 49 میلی متری اپل مدل Ultra 3 Black Titanium Case با بند Titanium Milaneseتنها ۲ عدد در انبار باقی مانده
۵۱۵۱,۹۹۰,۰۰۰","https://www.digikala.com/product/dkp-20888551/%D8%B3%D8%A7%D8%B9%D8%AA-%D9%87%D9%88%D8%B4%D9%85%D9%86%D8%AF-49-%D9%85%DB%8C%D9%84%DB%8C-%D9%85%D8%AA%D8%B1%DB%8C-%D8%A7%D9%BE%D9%84-%D9%85%D8%AF%D9%84-ultra-3-black-titanium-case-%D8%A8%D8%A7-%D8%A8%D9%86%D8%AF-titanium-milanese/","۵","۶ دیدگاه","عالی","ساعت هوشمند 49 میلی متری اپل مدل Ultra 3 Black Titanium Case با بند Titanium Milanese","۱۵۰,۹۹۰,۰۰۰","۱۰۰%","https://dkstatics-public.digikala.com/digikala-products/269624e8c9045fef5add91e65c7e625f3a411199_1764429373.jpg?x-oss-process=image/resize,m_lfit,h_800,w_800/quality,q_90
https://dkstatics-public.digikala.com/digikala-products/141b8272ddc9bba08249848b1f82e7b4929f4892_1763052523.jpg?x-oss-process=image/resize,m_lfit,h_800,w_800/quality,q_90
https://dkstatics-public.digikala.com/digikala-products/57e4e56b4655c20f886c482b34d9a73bb19ac65f_1763052093.jpg?x-oss-process=image/resize,m_lfit,h_800,w_800/quality,q_90
https://dkstatics-public.digikala.com/digikala-products/269624e8c9045fef5add91e65c7e625f3a411199_1764429373.jpg?x-oss-process=image/resize,m_lfit,h_800,w_800/quality,q_90","","مشکی","ویژگی‌هانوع کاربریورزشی، روزمرهورزشی، روزمرهفرم صفحهمستطیلمستطیلجنس بندتیتانیومتیتانیوممشاهده همه ویژگی‌ها","Apple Watch Ultra 3، که در سال ۲۰۲۵ معرفی شد، بیش از یک ساعت هوشمند، یک شاهکار مهندسی بالغ است که مرزهای تکنولوژی پوشیدنی را جابجا کرده است. این محصول، میراث قدرت و دوام نسل‌های قبلی را ادامه داده و با بهبودهای سخت‌افزاری و نرم‌افزاری چشمگیر، به اوج خود رسیده است. بدنه تیتانیومی گرید هوافضا، تعادلی بی‌نظیر بین سبکی و مقاومت فراهم می‌کند و دکمه قابل شخصی‌سازی Action Button با بافت مهندسی‌شده و بازخورد هپتیک دقیق، تعامل فیزیکی را حتی در شرایط سخت آسان‌تر می‌سازد. محافظت از نما ...","مشخصاتمناسب برایآقایان و بانوان سازگار با سیستم عاملiOS توضیحات سازگاریسازگار با iPhone ۱۱ و مدل‌های جدیدتر با iOS ۲۶ یا بالاتر زبان‌های قابل پشتیبانی در اعلان و پیامفارسی انگلیسی چینی هشدار هاویژگی‌های ECG (نوار قلب)، تشخیص سقوط، سنجش اکسیژن خون درون کشور فعال نیست. نوع کاربریورزشی روزمره قابلیت‌های ساعت هوشمندکنترل موسیقی (Music Player) قابلیت مکالمه از طریق بلوتوث قابلیت تغییر طرح ساعت یا تم صفحه همیشه روشن (Always-on Display) قابلیت نصب اپلیکیشن پشتیبانی از دستیار صوتی تشخیص سقوط تشخیص تصادف سایز قاب ساعت هوشمند۴۹ میلی‌متر ابعاد قاب۴۴x۴۹x۱۲ میلی‌مترضخامت قاب۱۲ میلی‌مترتکنولوژی‌های مکان‌یابی (GPS)GPS GALILEO GLONASS Beidou|BDS عرض قاب۴۴ میلی‌متروزن۶۱.۸ گرمفرم صفحهمستطیل قابلیت‌های مقاومتیمقاوم در برابر نفوذ آب مقاوم در برابر نفوذ گرد و غبار مقاوم در برابر ضربه مقاوم در برابر خط و خش جنس شیشهیاقوت جنس بدنهتیتانیوم قابلیت تعویض بنددارد توضیحات جنس بدنهتیتانیوم گرید ۵ جنس بندتیتانیوم نوع قفل بندضامن دار (کلیپسی) نوع صفحه نمایش اصلیLTPO۳ OLED Retina اندازه صفحه نمایش۱.۹۲ اینچرزولوشن صفحه نمایش۵۱۴x۴۲۲ روشنایی صفحه نمایش۳۰۰۰ نیتتراکم پیکسلی صفحه نمایش۳۲۶ پیکسل بر اینچسایر مشخصات صفحه نمایشLTPO۳ OLED Retina همیشه روشن، پوشش کریستال یاقوت کبود، روشنایی از ۱ نیت تا ۳۰۰۰ نیت حسگرهای حرکتی و محیطیشتاب سنج (Accelerometer) ژیروسکوپ (Gyroscope) تشخیص نور محیط ارتفاع سنج (Altimeter) دماسنج (Thermometer) گام‌شمار (Pedometer) پشتیبانی از فرمان‌های حرکتی امکانات ورزشیپشتیبانی از تمرینات مختلف ورزشی محاسبه میزان کالری مصرفی تشخیص هوشمند نوع رشته ورزشی امکان ارائه برنامه تمرینی محاسبه مسافت طی شده سنسورهای ورزشی و سلامتیشمارنده ضربان قلب سنجش دمای بدن سنجش اکسیژن خون تشخیص حرکات دست نوار قلب (الکتروکاردیوگرام) سنجش سطح استرس سنجش کیفیت خواب نظارت بر سیکل ماهیانه بانوان اندازه‌گیری فشار خون سیستم عاملWatchOS پردازندهApple S۱۰ Chip ۶۴-bit حافظه داخلی۶۴ نسخه بلوتوث۵.۳ سایر مشخصات سخت افزاریاسپیکر دوگانه، میکروفون سه عددی با قابلیت حذف نویز باد، چیپ Ultra Wide Band نسل دوم اتصالاتBluetooth NFC نوع باتریلیتیوم یون نحوه شارژ ساعت هوشمندکابل مغناطیسی مدت زمان شارژ شدنحدود ۴۵ دقیقه تا ۸۰٪ قابلیت های ویژهآژیر ۸۶ دسی‌بل، GPS دو فرکانسه (L۱ + L۵)، دکمه Action قابل تنظیم اقلام همراهکابل شارژ مغناطیسی USB-C، دفترچه راهنما توضیحات شارژدهیحدود ۴۲ ساعت استفاده عادی، ۷۲ ساعت در حالت صرفه‌جویی انرژی","اپل"
"1771408824-359","https://www.digikala.com/search/category-wearable-gadget/","ساعت هوشمند ۴۶ میلی متری های واچ مدل 7+2 SEVEN PLUS ONE با ۷ بند متنوع به همراه هدفون بلوتوثی","۱,۹۶۹,۰۰۰","۳,۹۰۰,۰۰۰","۵۰٪","۳","تنها ۲ عدد در انبار باقی مانده","","","","ساعت هوشمند ۴۶ میلی متری های واچ مدل 7+2 SEVEN PLUS ONE با ۷ بند متنوع به همراه هدفون بلوتوثیتنها ۲ عدد در انبار باقی مانده
۳۵۰٪۱,۹۶۹,۰۰۰۳,۹۰۰,۰۰۰","https://www.digikala.com/product/dkp-21327175/%D8%B3%D8%A7%D8%B9%D8%AA-%D9%87%D9%88%D8%B4%D9%85%D9%86%D8%AF-%DB%B4%DB%B6-%D9%85%DB%8C%D9%84%DB%8C-%D9%85%D8%AA%D8%B1%DB%8C-%D9%87%D8%A7%DB%8C-%D9%88%D8%A7%DA%86-%D9%85%D8%AF%D9%84-72-seven-plus-one-%D8%A8%D8%A7-%DB%B7-%D8%A8%D9%86%D8%AF-%D9%85%D8%AA%D9%86%D9%88%D8%B9-%D8%A8%D9%87-%D9%87%D9%85%D8%B1%D8%A7%D9%87-%D9%87%D8%AF%D9%81%D9%88%D9%86-%D8%A8%D9%84%D9%88%D8%AA%D9%88%D8%AB%DB%8C/","۳","۳ دیدگاه","عالی","ساعت هوشمند ۴۶ میلی متری های واچ مدل 7+2 SEVEN PLUS ONE با ۷ بند متنوع به همراه هدفون بلوتوثی","۳,۹۰۰,۰۰۰","","https://dkstatics-public.digikala.com/digikala-products/7f8c5b8548d342b79fc00b441bbfd3a34b8828b8_1769445811.jpg?x-oss-process=image/resize,m_lfit,h_800,w_800/quality,q_90
https://dkstatics-public.digikala.com/digikala-products/4bd26be5a5325b5c92fc4e6d64479f0108ed50ee_1769444076.jpg?x-oss-process=image/resize,m_lfit,h_800,w_800/quality,q_90
https://dkstatics-public.digikala.com/digikala-products/23a2fad2f936117682a340e7271bab0e36050c81_1769444075.jpg?x-oss-process=image/resize,m_lfit,h_800,w_800/quality,q_90
https://dkstatics-public.digikala.com/digikala-products/7f8c5b8548d342b79fc00b441bbfd3a34b8828b8_1769445811.jpg?x-oss-process=image/resize,m_lfit,h_800,w_800/quality,q_90","","مشکینقره ای","ویژگی‌هانوع کاربریروزمره، رسمی، ورزشیروزمره، رسمی، ورزشیفرم صفحهمستطیلمستطیلجنس بندسیلیکونسیلیکونمشاهده همه ویژگی‌ها","","مشخصاتمناسب برایکاربری عمومی سازگار با سیستم عاملiOS Android توضیحات سازگاریسیستم عامی اندروید و iOS زبان‌های قابل پشتیبانی در اعلان و پیامعربی انگلیسی فارسی چینی هشدار هاحتما از آداپتور ۱ آمپر برای شارژ کردن ساعت هوشمند استفاده کنید تا با گذر زمان به باتری آسیب نرسد. هرگز از فست شارژر و شترژ سریع برای شارژ کردن استفاده نشود. نوع کاربریروزمره رسمی ورزشی قابلیت‌های ساعت هوشمندقابلیت مکالمه از طریق بلوتوث کنترل موسیقی (Music Player) پشتیبانی از زبان فارسی در منو و سیستم‌عامل سایز قاب ساعت هوشمند۴۶ میلی‌متر وزن۴۰ گرمفرم صفحهمستطیل قابلیت‌های مقاومتیمقاوم در برابر نفوذ گرد و غبار جنس بدنهفلز قابلیت تعویض بنددارد جنس بندسیلیکون نوع قفل بندسگکی ساده اندازه صفحه نمایش۴۶ mm اینچحسگرهای حرکتی و محیطیپشتیبانی از فرمان‌های حرکتی سنسورهای ورزشی و سلامتیتشخیص حرکات دست اتصالاتBluetooth نحوه شارژ ساعت هوشمندشارژ بی‌سیم اقلام همراه۷ بند متنوع
هدفون بلوتوثی
کابل وایرلس","متفرقه"
"1771408827-360","https://www.digikala.com/search/category-wearable-gadget/","ساعت هوشمند 46 میلی‌متری گلوریمی مدل GS2 Pro دارای قابلیت های صفحه نمایش رنگی، صفحه نمایش لمسی، کنترل سطح اکسیژن خون، قابلیت مکالمه با بند سیلیکون","۶,۲۵۰,۰۰۰","","","۴.۴","ارسال سریع دیجی‌کالا","","","","ساعت هوشمند 46 میلی‌متری گلوریمی مدل GS2 Pro دارای قابلیت های صفحه نمایش رنگی، صفحه نمایش لمسی، کنترل سطح اکسیژن خون، قابلیت مکالمه با بند سیلیکونارسال سریع دیجی‌کالا
۴.۴۶,۲۵۰,۰۰۰","https://www.digikala.com/product/dkp-17322443/%D8%B3%D8%A7%D8%B9%D8%AA-%D9%87%D9%88%D8%B4%D9%85%D9%86%D8%AF-46-%D9%85%DB%8C%D9%84%DB%8C%D9%85%D8%AA%D8%B1%DB%8C-%DA%AF%D9%84%D9%88%D8%B1%DB%8C%D9%85%DB%8C-%D9%85%D8%AF%D9%84-gs2-pro-%D8%AF%D8%A7%D8%B1%D8%A7%DB%8C-%D9%82%D8%A7%D8%A8%D9%84%DB%8C%D8%AA-%D9%87%D8%A7%DB%8C-%D8%B5%D9%81%D8%AD%D9%87-%D9%86%D9%85%D8%A7%DB%8C%D8%B4-%D8%B1%D9%86%DA%AF%DB%8C-%D8%B5%D9%81%D8%AD%D9%87-%D9%86%D9%85%D8%A7%DB%8C%D8%B4-%D9%84%D9%85%D8%B3%DB%8C-%DA%A9%D9%86%D8%AA%D8%B1%D9%84-%D8%B3%D8%B7%D8%AD-%D8%A7%DA%A9%D8%B3%DB%8C%DA%98%D9%86-%D8%AE%D9%88%D9%86-%D9%82%D8%A7%D8%A8%D9%84%DB%8C%D8%AA-%D9%85%DA%A9%D8%A7%D9%84%D9%85%D9%87-%D8%A8%D8%A7-%D8%A8%D9%86%D8%AF-%D8%B3%DB%8C%D9%84%DB%8C%DA%A9%D9%88%D9%86/","۴.۴","۳۱۳ دیدگاه","عالی","ساعت هوشمند 46 میلی‌متری گلوریمی مدل GS2 Pro دارای قابلیت های صفحه نمایش رنگی، صفحه نمایش لمسی، کنترل سطح اکسیژن خون، قابلیت مکالمه با بند سیلیکون","۶,۲۴۰,۰۰۰","۱۰۰%","https://dkstatics-public.digikala.com/digikala-products/cea8d7b4c1999766d781a450b2549d65b1cf10f5_1754237731.jpg?x-oss-process=image/resize,m_lfit,h_800,w_800/quality,q_90
https://dkstatics-public.digikala.com/digikala-products/caf19466745835dab96d23bf86e15d4e12373831_1731155343.jpg?x-oss-process=image/resize,m_lfit,h_800,w_800/quality,q_90
https://dkstatics-public.digikala.com/digikala-products/1cc50dcef899d93b1bd0f0bc4dfddcd0aa47bac3_1731155343.jpg?x-oss-process=image/resize,m_lfit,h_800,w_800/quality,q_90
https://dkstatics-public.digikala.com/digikala-products/cea8d7b4c1999766d781a450b2549d65b1cf10f5_1754237731.jpg?x-oss-process=image/resize,m_lfit,h_800,w_800/quality,q_90","","نارنجیزردسبزتیتانیومی","ویژگی‌هانوع کاربریورزشی، رسمی، روزمرهورزشی، رسمی، روزمرهفرم صفحهمستطیلمستطیلجنس بندسیلیکونسیلیکونمشاهده همه ویژگی‌ها","ساعت هوشمند گلوریمی مدل GS2 Pro ترکیبی از طراحی مدرن، کیفیت ساخت بالا و امکانات پیشرفته است که برای استفاده روزمره، رسمی و ورزشی گزینه‌ای ایده‌آل محسوب می‌شود. این مدل با بدنه‌ای از آلیاژ روی و دکمه‌های آلومینیومی، حس لوکس و مقاوم را در کنار عملکرد بهینه ارائه می‌دهد. فرم مستطیلی نمایشگر AMOLED با اندازه ۲.۰۱ اینچ، روشنایی ۱۳۵۰ نیت و نرخ نوسازی ۶۰ هرتز، تجربه بصری بسیار روان و شفافی را فراهم کرده و امکان نمایش همیشه روشن را نیز پشتیبانی می‌کند.
قابلیت مکالمه از طریق بلوتوث، ا ...","مشخصاتمناسب برایآقایان و بانوان سازگار با سیستم عاملAndroid iOS توضیحات سازگاریبا سیستم عامل اندروید و iOS نوع کاربریورزشی رسمی روزمره قابلیت‌های ساعت هوشمندقابلیت مکالمه از طریق بلوتوث صفحه همیشه روشن (Always-on Display) کنترل موسیقی (Music Player) سایز قاب ساعت هوشمند۴۶ میلی‌متر ابعاد قاب۴۶.۷x۳۸x۱۰.۶ میلی‌مترفرم صفحهمستطیل جنس بدنهفلز قابلیت تعویض بنددارد توضیحات جنس بدنهبدنه ساخته شده از آلیاز روی /
مجهز به ۳ دکمه از جنس آلومینیوم  جنس بندسیلیکون نوع قفل بندمغناطیسی نوع صفحه نمایش اصلیAMOLED اندازه صفحه نمایش۲.۰۱ اینچ اینچرزولوشن صفحه نمایش۴۱۰x۵۰۲ پیکسل روشنایی صفحه نمایش۱۳۵۰ نیتسایر مشخصات صفحه نمایشمیزان روشنایی ۱۳۵۰ نیتی /
با نرخ نوسازی ۶۰ هرتزی /
پشتیبانی از تکنولوژی صفحه نمایش همیشه روشن حسگرهای حرکتی و محیطیگام‌شمار (Pedometer) شتاب سنج (Accelerometer) امکانات ورزشیپشتیبانی از تمرینات مختلف ورزشی محاسبه میزان کالری مصرفی سنسورهای ورزشی و سلامتیشمارنده ضربان قلب سنجش اکسیژن خون سنجش سطح استرس سنجش کیفیت خواب نظارت بر سیکل ماهیانه بانوان پردازنده۲ هسته‌ای حافظه داخلی۴ گیگابایت سایر مشخصات سخت افزاریمجهز به موتور گرافیکی ۲.۵D /
فرکانس ۲۴۰ مگاهرتزی  اتصالاتBluetooth ظرفیت باتری۳۰۰ میلی آمپر ساعتنحوه شارژ ساعت هوشمندکابل مغناطیسی مدت زمان شارژ شدن۲ ساعت قابلیت های ویژهامکان ذخیره موسیقی تا ۱۰۰ عدد /
امکان ذخیره تصویر تا ۳۰۰ عدد /
امکان ضبط صدا تا ۱۲ ساعت /
شارژدهی در حالت آماده به کار تا ۲۰ روز /
شارژدهی در استفاده معمولی تا ۷ روز /
پشتیبانی از ۱۰۰ حالت ورزشی /
دارای سنسور پایش کیفیت خواب  اقلام همراهمجهز به بند سیلیکونی /
مجهز به بند مگنتی ( آهن‌ربایی) /
دارای کابل شارژ/
دفترچه راهنما","گلوریمی"
"1771408829-361","https://www.digikala.com/search/category-wearable-gadget/","ساعت هوشمند 45 میلی متر ویکتوری مدل S10 MAX با بند سیلیکونی","۲,۴۹۰,۰۰۰","۹,۰۰۰,۰۰۰","۷۲٪","۳.۴","&nbsp;","","","","ساعت هوشمند 45 میلی متر ویکتوری مدل S10 MAX با بند سیلیکونی&nbsp;
۳.۴۷۲٪۲,۴۹۰,۰۰۰۹,۰۰۰,۰۰۰","https://www.digikala.com/product/dkp-19998022/%D8%B3%D8%A7%D8%B9%D8%AA-%D9%87%D9%88%D8%B4%D9%85%D9%86%D8%AF-45-%D9%85%DB%8C%D9%84%DB%8C-%D9%85%D8%AA%D8%B1-%D9%88%DB%8C%DA%A9%D8%AA%D9%88%D8%B1%DB%8C-%D9%85%D8%AF%D9%84-s10-max-%D8%A8%D8%A7-%D8%A8%D9%86%D8%AF-%D8%B3%DB%8C%D9%84%DB%8C%DA%A9%D9%88%D9%86%DB%8C/","۳.۴","۱۱ دیدگاه","خیلی خوب","ساعت هوشمند 45 میلی متر ویکتوری مدل S10 MAX با بند سیلیکونی","۹,۰۰۰,۰۰۰","۹۲%","https://dkstatics-public.digikala.com/digikala-products/cf63f890b62ebf2dc5e72c6ea95037fc48fb3eb6_1753874514.jpg?x-oss-process=image/resize,m_lfit,h_800,w_800/quality,q_90
https://dkstatics-public.digikala.com/digikala-products/9ac6db1577018787f1cd89c46bd7f66b17ac7d7d_1753874576.jpg?x-oss-process=image/resize,m_lfit,h_800,w_800/quality,q_90
https://dkstatics-public.digikala.com/digikala-products/bd2a3666bf9463ac9e5daef5ac5f1c8a44e08c78_1753874576.jpg?x-oss-process=image/resize,m_lfit,h_800,w_800/quality,q_90
https://dkstatics-public.digikala.com/digikala-products/cf63f890b62ebf2dc5e72c6ea95037fc48fb3eb6_1753874514.jpg?x-oss-process=image/resize,m_lfit,h_800,w_800/quality,q_90","","مشکی","ویژگی‌هانوع کاربریروزمره، رسمی، ورزشیروزمره، رسمی، ورزشیفرم صفحهمستطیلمستطیلجنس بندسیلیکونسیلیکونمشاهده همه ویژگی‌ها","ساعت هوشمند ویکتوری s10 max، تلفیقی از فناوری و زیبایی است که فراتر از نمایش زمان عمل می‌کند. این ابزار پیشرفته، با قابلیت‌های متنوعی همچون نمایش اعلان‌های موبایل، پایش سلامت، ردیابی فعالیت‌های ورزشی و امکان پاسخ‌گویی به تماس و پیامک، تجربه‌ای هوشمند و کاربردی را برای کاربران فراهم می‌سازد.

با طراحی مدرن و کاربرپسند، ساعت‌های هوشمند علاوه بر جذابیت ظاهری، به عنوان یک دستیار شخصی در طول روز همراه شما هستند. اتصال آسان به گوشی‌های هوشمند از طریق بلوتوث، قابلیت سفارشی‌سازی واچ‌ ...","مشخصاتمناسب برایآقایان و بانوان سازگار با سیستم عاملiOS Android توضیحات سازگاریبا اندروید و IOS نوع کاربریروزمره رسمی ورزشی قابلیت‌های ساعت هوشمندقابلیت نصب اپلیکیشن کنترل موسیقی (Music Player) قابلیت مکالمه از طریق بلوتوث پشتیبانی از زبان فارسی در منو و سیستم‌عامل سایز قاب ساعت هوشمند۴۵ میلی‌متر فرم صفحهمستطیل قابلیت‌های مقاومتیمقاوم در برابر نفوذ گرد و غبار مقاومت در برابر پاشش آب و گرد و غبار جنس بدنهفلز قابلیت تعویض بنددارد جنس بندسیلیکون نوع قفل بندسگکی ساده اندازه صفحه نمایش۲.۲ اینچحسگرهای حرکتی و محیطیگام‌شمار (Pedometer) پشتیبانی از فرمان‌های حرکتی سنسورهای ورزشی و سلامتیشمارنده ضربان قلب سنجش اکسیژن خون نحوه شارژ ساعت هوشمندکابل مغناطیسی","متفرقه"
"1771408831-362","https://www.digikala.com/search/category-wearable-gadget/","ساعت هوشمند سامسونگ مدل Galaxy Watch Ultra دارای قابلیت های کنترل موسیقی (Music Player)، قابلیت مکالمه از طریق بلوتوث، قابلیت تغییر طرح ساعت یا تم، صفحه همیشه روشن (Always-on Display)، پشتیبانی از دستیار صوتی بند سیلیکون","۵۳,۲۹۰,۰۰۰","","","۴.۵","تنها ۱ عدد در انبار باقی مانده","","","","ساعت هوشمند سامسونگ مدل Galaxy Watch Ultra دارای قابلیت های کنترل موسیقی (Music Player)، قابلیت مکالمه از طریق بلوتوث، قابلیت تغییر طرح ساعت یا تم، صفحه همیشه روشن (Always-on Display)، پشتیبانی از دستیار صوتی بند سیلیکونتنها ۱ عدد در انبار باقی مانده
۴.۵۵۳,۲۹۰,۰۰۰","https://www.digikala.com/product/dkp-16073422/%D8%B3%D8%A7%D8%B9%D8%AA-%D9%87%D9%88%D8%B4%D9%85%D9%86%D8%AF-%D8%B3%D8%A7%D9%85%D8%B3%D9%88%D9%86%DA%AF-%D9%85%D8%AF%D9%84-galaxy-watch-ultra-%D8%AF%D8%A7%D8%B1%D8%A7%DB%8C-%D9%82%D8%A7%D8%A8%D9%84%DB%8C%D8%AA-%D9%87%D8%A7%DB%8C-%DA%A9%D9%86%D8%AA%D8%B1%D9%84-%D9%85%D9%88%D8%B3%DB%8C%D9%82%DB%8C-music-player-%D9%82%D8%A7%D8%A8%D9%84%DB%8C%D8%AA-%D9%85%DA%A9%D8%A7%D9%84%D9%85%D9%87-%D8%A7%D8%B2-%D8%B7%D8%B1%DB%8C%D9%82-%D8%A8%D9%84%D9%88%D8%AA%D9%88%D8%AB-%D9%82%D8%A7%D8%A8%D9%84%DB%8C%D8%AA-%D8%AA%D8%BA%DB%8C%DB%8C%D8%B1-%D8%B7%D8%B1%D8%AD-%D8%B3%D8%A7%D8%B9%D8%AA-%DB%8C%D8%A7-%D8%AA%D9%85-%D8%B5%D9%81%D8%AD%D9%87-%D9%87%D9%85%DB%8C%D8%B4%D9%87-%D8%B1%D9%88%D8%B4%D9%86-always-on-display-%D9%BE%D8%B4%D8%AA%DB%8C%D8%A8%D8%A7%D9%86%DB%8C-%D8%A7%D8%B2-%D8%AF%D8%B3%D8%AA%DB%8C%D8%A7%D8%B1-%D8%B5%D9%88%D8%AA%DB%8C-%D8%A8%D9%86%D8%AF-%D8%B3%DB%8C%D9%84%DB%8C%DA%A9%D9%88%D9%86/","۴.۵","۱۷۶ دیدگاه","عالی","ساعت هوشمند سامسونگ مدل Galaxy Watch Ultra دارای قابلیت های کنترل موسیقی (Music Player)، قابلیت مکالمه از طریق بلوتوث، قابلیت تغییر طرح ساعت یا تم، صفحه همیشه روشن (Always-on Display)، پشتیبانی از دستیار صوتی بند سیلیکون","۴۶,۴۹۰,۰۰۰","۱۰۰%","https://dkstatics-public.digikala.com/digikala-products/a677414a3b7e96576c9ca7b4aa593a206f9e9fbc_1747411161.jpg?x-oss-process=image/resize,m_lfit,h_800,w_800/quality,q_90
https://dkstatics-public.digikala.com/digikala-products/a677414a3b7e96576c9ca7b4aa593a206f9e9fbc_1747411161.jpg?x-oss-process=image/resize,m_lfit,h_800,w_800/quality,q_90
https://dkstatics-public.digikala.com/digikala-products/9debf7a16f50edc2984ef13103d3f870d84a44f3_1721146785.jpg?x-oss-process=image/resize,m_lfit,h_800,w_800/quality,q_90
https://dkstatics-public.digikala.com/digikala-products/184399add01c53c37c8616a83b9c8260dfe93750_1721146785.jpg?x-oss-process=image/resize,m_lfit,h_800,w_800/quality,q_90
https://dkstatics-public.digikala.com/digikala-products/a677414a3b7e96576c9ca7b4aa593a206f9e9fbc_1747411161.jpg?x-oss-process=image/resize,m_lfit,h_800,w_800/quality,q_90","","سفیدآبیخاکسترینقره ای","ویژگی‌هانوع کاربریورزشی، رسمی، روزمرهورزشی، رسمی، روزمرهفرم صفحهمربعمربعجنس بندسیلیکونسیلیکونمشاهده همه ویژگی‌ها","ساعت هوشمند سامسونگ مدل Galaxy Watch Ultra، یک گزینه ایده‌آل برای کسانی است که به دنبال ترکیب کارایی و زیبایی در ساعت هوشمند خود هستند. این ساعت با طراحی شیک و مقاوم، به‌ویژه برای آقایان و بانوانی که از آن در شرایط مختلف استفاده می‌کنند، مناسب است. ابعاد قاب این ساعت 47.4×47.1×12.1 میلی‌متر است و با وزن 60.5 گرم، به‌راحتی روی مچ قرار می‌گیرد. فریم ساعت از جنس تیتانیوم ساخته‌شده که دوام بالایی دارد، درحالی‌که بخش پشتی آن از سرامیک و شیشه سافایر ساخته‌شده تا مقاومت بیشتری در بر ...","مشخصاتمناسب برایآقایان و بانوان سازگار با سیستم عاملAndroid توضیحات سازگاریسازگار با سیستم عامل اندروید ۱۰ و بالاتر  هشدار هااعلام اعلان‌های دریافتی / نمایش پیام‌های متنی نوع کاربریورزشی رسمی روزمره قابلیت‌های ساعت هوشمندکنترل موسیقی (Music Player) قابلیت مکالمه از طریق بلوتوث قابلیت تغییر طرح ساعت یا تم صفحه همیشه روشن (Always-on Display) پشتیبانی از دستیار صوتی سایز قاب ساعت هوشمند۴۷ میلی‌متر ابعاد قاب۴۷.۴x۴۷.۱x۱۲.۱ میلی‌مترضخامت قاب۱۲.۱ میلی‌مترعرض قاب۴۷.۱ میلی‌متروزن۶۰.۵ گرمفرم صفحهمربع جنس بدنهفلز قابلیت تعویض بنددارد توضیحات جنس بدنهفریم از جنس تیتانیوم / بخش پشتی از جنس سرامیک و شیشه سافایر جنس بندسیلیکون نوع قفل بندسگکی ساده توضیحات رنگ بند و بدنهبدنه از جنس تیتانیوم / بند سیلیکونی مدل Marine نوع صفحه نمایش اصلیSuper AMOLED اندازه صفحه نمایش۱.۵ اینچ اینچرزولوشن صفحه نمایش۴۸۰x۴۸۰ پیکسل روشنایی صفحه نمایش۳۰۰۰ نیتتراکم پیکسلی صفحه نمایش۴۵۲ پیکسل بر اینچحسگرهای حرکتی و محیطیشتاب سنج (Accelerometer) فشار سنج (Barometer) تشخیص نور محیط ژیروسکوپ (Gyroscope) گام‌شمار (Pedometer) پشتیبانی از فرمان‌های حرکتی تشخیص میزان UV امکانات ورزشیپشتیبانی از تمرینات مختلف ورزشی تشخیص هوشمند نوع رشته ورزشی محاسبه میزان کالری مصرفی امکان ارائه برنامه تمرینی محاسبه مسافت طی شده سنسورهای ورزشی و سلامتیشمارنده ضربان قلب سنجش اکسیژن خون سنجش سطح استرس سنجش کیفیت خواب نظارت بر سیکل ماهیانه بانوان تشخیص حرکات دست سنجش دمای بدن سیستم عاملWatchOS پردازندهExynos W۱۰۰۰ (سه نانومتری) / پنج هسته‌ای  حافظه داخلی۳۲ گیگابایت به همراه ۲ گیگابایت رم اتصالاتBluetooth WiFi نوع باتریلیتیوم-یون ظرفیت باتری۵۹۰ میلی آمپر ساعتنحوه شارژ ساعت هوشمندکابل مغناطیسی شارژ بی‌سیم قابلیت های ویژهدارای اسپیکر داخلی / 
پشتیبانی از سیم‌کارت eSIM /
پشتیبانی از حالت‌های مختلف ورزشی مختلف / 
قابلیت شخصی‌سازی واچ فیس / 
پشتیبانی از هوش منصنوعی گلکسی /
دارای گواهی IP۶۸ و مقاوم در برابر گرد و غبار و آب تا عمق ۱ متر به مدت ۳۰ دقیقه و تا فشار ۱۰ اتمسفر (عمق ۱۰۰ متر)/
دارای استاندارد نظامی MIL-STD-۸۱۰H /","سامسونگ"
"1771408833-363","https://www.digikala.com/search/category-wearable-gadget/","ساعت هوشمند ورنا مدل W49 Ultra with 7 Bands دارای قابلیت های کنترل موسیقی (Music Player)، قابلیت مکالمه از طریق بلوتوث، پشتیبانی از زبان فارسی در منو و سیستم‌عامل بند سیلیکون","۱,۷۳۰,۰۰۰","۲,۱۳۰,۰۰۰","۱۹٪","۳.۸","ارسال سریع دیجی‌کالا","","","","ساعت هوشمند ورنا مدل W49 Ultra with 7 Bands دارای قابلیت های کنترل موسیقی (Music Player)، قابلیت مکالمه از طریق بلوتوث، پشتیبانی از زبان فارسی در منو و سیستم‌عامل بند سیلیکونارسال سریع دیجی‌کالا
۳.۸۱۹٪۱,۷۳۰,۰۰۰۲,۱۳۰,۰۰۰","https://www.digikala.com/product/dkp-14801943/%D8%B3%D8%A7%D8%B9%D8%AA-%D9%87%D9%88%D8%B4%D9%85%D9%86%D8%AF-%D9%88%D8%B1%D9%86%D8%A7-%D9%85%D8%AF%D9%84-w49-ultra-with-7-bands-%D8%AF%D8%A7%D8%B1%D8%A7%DB%8C-%D9%82%D8%A7%D8%A8%D9%84%DB%8C%D8%AA-%D9%87%D8%A7%DB%8C-%DA%A9%D9%86%D8%AA%D8%B1%D9%84-%D9%85%D9%88%D8%B3%DB%8C%D9%82%DB%8C-music-player-%D9%82%D8%A7%D8%A8%D9%84%DB%8C%D8%AA-%D9%85%DA%A9%D8%A7%D9%84%D9%85%D9%87-%D8%A7%D8%B2-%D8%B7%D8%B1%DB%8C%D9%82-%D8%A8%D9%84%D9%88%D8%AA%D9%88%D8%AB-%D9%BE%D8%B4%D8%AA%DB%8C%D8%A8%D8%A7%D9%86%DB%8C-%D8%A7%D8%B2-%D8%B2%D8%A8%D8%A7%D9%86-%D9%81%D8%A7%D8%B1%D8%B3%DB%8C-%D8%AF%D8%B1-%D9%85%D9%86%D9%88-%D9%88-%D8%B3%DB%8C%D8%B3%D8%AA%D9%85%D8%B9%D8%A7%D9%85%D9%84-%D8%A8%D9%86%D8%AF-%D8%B3%DB%8C%D9%84%DB%8C%DA%A9%D9%88%D9%86/","۳.۸","۴۱۴ دیدگاه","عالی","ساعت هوشمند ورنا مدل W49 Ultra with 7 Bands دارای قابلیت های کنترل موسیقی (Music Player)، قابلیت مکالمه از طریق بلوتوث، پشتیبانی از زبان فارسی در منو و سیستم‌عامل بند سیلیکون","۲,۱۳۰,۰۰۰","۸۰%","https://dkstatics-public.digikala.com/digikala-products/49583a51f0f0e51843718c0a14bda58c683e1bdf_1718703853.jpg?x-oss-process=image/resize,m_lfit,h_800,w_800/quality,q_90
https://dkstatics-public.digikala.com/digikala-products/1b1ed399f9c8d148cd1e8ce5125c6867cb116c7e_1738669343.jpg?x-oss-process=image/resize,m_lfit,h_800,w_800/quality,q_90
https://dkstatics-public.digikala.com/digikala-products/756e2ae8ac78cab71e516faade3fa92e99ad7943_1737892448.jpg?x-oss-process=image/resize,m_lfit,h_800,w_800/quality,q_90
https://dkstatics-public.digikala.com/digikala-products/49583a51f0f0e51843718c0a14bda58c683e1bdf_1718703853.jpg?x-oss-process=image/resize,m_lfit,h_800,w_800/quality,q_90","","مشکینقره ایتیتانیومی","ویژگی‌هانوع کاربریورزشی، رسمی، روزمرهورزشی، رسمی، روزمرهفرم صفحهمستطیلمستطیلجنس بندسیلیکونسیلیکونمشاهده همه ویژگی‌ها","ساعت هوشمند ورنا مدل W49 Ultra with 7 Bands یکی از مدل‌های جذاب و کاربردی در دسته ساعت‌های هوشمند است که با طراحی مدرن و ویژگی‌های متنوع، تجربه‌ای مطلوب را برای کاربران فراهم می‌کند. این مدل دارای فریم فلزی مستحکم و هفت بند متنوع است که امکان تغییر ظاهر ساعت را مطابق با سلیقه کاربر فراهم می‌کند. بند اصلی این مدل از نوع اوشن بوده و با رنگ بدنه ساعت هماهنگ است.
از نظر فنی، این ساعت قابلیت اتصال به گوشی‌های اندروید و iOS را دارد و امکان مکالمه از طریق بلوتوث را فراهم می‌کند. عل ...","مشخصاتمناسب برایآقایان و بانوان سازگار با سیستم عاملAndroid iOS توضیحات سازگاریسازگار با اندروید و IOS زبان‌های قابل پشتیبانی در اعلان و پیامفارسی انگلیسی نوع کاربریورزشی رسمی روزمره قابلیت‌های ساعت هوشمندکنترل موسیقی (Music Player) قابلیت مکالمه از طریق بلوتوث پشتیبانی از زبان فارسی در منو و سیستم‌عامل سایز قاب ساعت هوشمند۴۹ میلی‌متر وزن۵۰ گرمفرم صفحهمستطیل قابلیت‌های مقاومتیمقاوم در برابر ضربه جنس بدنهاستیل قابلیت تعویض بنددارد جنس بندسیلیکون نوع قفل بندسگکی ساده اندازه صفحه نمایش نامشخص اینچحسگرهای حرکتی و محیطیگام‌شمار (Pedometer) سنسورهای ورزشی و سلامتیتشخیص حرکات دست اتصالاتBluetooth نحوه شارژ ساعت هوشمندشارژ بی‌سیم اقلام همراهکابل شارژ /
دفترچه راهنما","ورنا"
"1771408835-364","https://www.digikala.com/search/category-wearable-gadget/","ساعت هوشمند 40 میلی‌متری سامسونگ مدل Galaxy Watch 8 با بند پلاستیکی","۳۳,۹۸۰,۰۰۰","","","۴.۶","ارسال فروشنده","","","","ساعت هوشمند 40 میلی‌متری سامسونگ مدل Galaxy Watch 8 با بند پلاستیکیارسال فروشنده
۴.۶۳۳,۹۸۰,۰۰۰","https://www.digikala.com/product/dkp-19926027/%D8%B3%D8%A7%D8%B9%D8%AA-%D9%87%D9%88%D8%B4%D9%85%D9%86%D8%AF-40-%D9%85%DB%8C%D9%84%DB%8C%D9%85%D8%AA%D8%B1%DB%8C-%D8%B3%D8%A7%D9%85%D8%B3%D9%88%D9%86%DA%AF-%D9%85%D8%AF%D9%84-galaxy-watch-8-%D8%A8%D8%A7-%D8%A8%D9%86%D8%AF-%D9%BE%D9%84%D8%A7%D8%B3%D8%AA%DB%8C%DA%A9%DB%8C/","۴.۶","۶۷ دیدگاه","عالی","ساعت هوشمند 40 میلی‌متری سامسونگ مدل Galaxy Watch 8 با بند پلاستیکی","۳۳,۹۸۰,۰۰۰","۹۳%","https://dkstatics-public.digikala.com/digikala-products/e37ed04c0376515065edf27c0693796d021222dc_1764429369.jpg?x-oss-process=image/resize,m_lfit,h_800,w_800/quality,q_90
https://dkstatics-public.digikala.com/digikala-products/e37ed04c0376515065edf27c0693796d021222dc_1764429369.jpg?x-oss-process=image/resize,m_lfit,h_800,w_800/quality,q_90
https://dkstatics-public.digikala.com/digikala-products/71f304d2a17544c114acc834feaf4e71d9f0ccb6_1753203235.jpg?x-oss-process=image/resize,m_lfit,h_800,w_800/quality,q_90
https://dkstatics-public.digikala.com/digikala-products/62b1f01d44d821facf38cf908e6a251d2be72dae_1753203235.jpg?x-oss-process=image/resize,m_lfit,h_800,w_800/quality,q_90
https://dkstatics-public.digikala.com/digikala-products/e37ed04c0376515065edf27c0693796d021222dc_1764429369.jpg?x-oss-process=image/resize,m_lfit,h_800,w_800/quality,q_90","","مشکینقره ای","ویژگی‌هانوع کاربریورزشی، روزمرهورزشی، روزمرهفرم صفحهدایرهدایرهجنس بندپلاستیکپلاستیکمشاهده همه ویژگی‌ها","ساعت هوشمند Galaxy Watch 8 جدیدترین نسخه از ساعت‌های هوشمند‌ سامسونگ است که با طراحی شیک و وزن سبک 34 گرم در نسخه 44 و 30 گرم در نسخه 40 میلی‌متری، تجربه راحت و حرفه‌ای برای کاربران فراهم می‌کند. این ساعت در دو سایز 44 و 40 میلی‌متر عرضه شده که سایز 40 برای خانم‌ها مناسب‌تر است و مچ‌های کوچک‌تر را راحت‌تر پوشش می‌دهد. بدنه آلومینیومی و شیشه یاقوتی مقاوم، دوام بالا در برابر خط و خش، ضربه، آب و گرد و غبار را تضمین می‌کند و بندهای قابل تعویض با چند گزینه مختلف، امکان شخصی‌سازی و ...","مشخصاتمناسب برایبانوان سازگار با سیستم عاملAndroid توضیحات سازگاریسازگار با گوشی‌های اندروید با نسخه ۱۲.۰ و بالاتر نوع کاربریورزشی روزمره قابلیت‌های ساعت هوشمندکنترل موسیقی (Music Player) قابلیت مکالمه از طریق بلوتوث قابلیت تغییر طرح ساعت یا تم صفحه همیشه روشن (Always-on Display) قابلیت نصب اپلیکیشن پشتیبانی از دستیار صوتی سایز قاب ساعت هوشمند۴۰ میلی‌متر ابعاد قاب۴۲.۷x۴۰.۴x۸.۶ میلی‌مترضخامت قاب۸.۶ میلی‌مترتکنولوژی‌های مکان‌یابی (GPS)BDS(Beidou) GPS GALILEO GLONASS وزن۳۰ گرمفرم صفحهدایره قابلیت‌های مقاومتیمقاوم در برابر نفوذ آب مقاوم در برابر نفوذ گرد و غبار مقاوم در برابر خط و خش مقاوم در برابر ضربه جنس شیشهیاقوت جنس بدنهآلومینیوم قابلیت تعویض بنددارد توضیحات جنس بدنهآلومینیوم (Armor Aluminum) مقاوم و سبک جنس بندپلاستیک نوع قفل بندسگکی ساده نوع صفحه نمایش اصلیSuper AMOLED اندازه صفحه نمایش۱.۳۴ اینچرزولوشن صفحه نمایش۴۳۸x۴۳۸  روشنایی صفحه نمایش۳۰۰۰ نیتتراکم پیکسلی صفحه نمایش۳۲۷ پیکسل بر اینچسایر مشخصات صفحه نمایشنمایشگر همیشه روشن (Always-on Display) حسگرهای حرکتی و محیطیشتاب سنج (Accelerometer) ژیروسکوپ (Gyroscope) تشخیص نور محیط فشار سنج (Barometer) گام‌شمار (Pedometer) پشتیبانی از فرمان‌های حرکتی دماسنج (Thermometer) ارتفاع سنج (Altimeter) امکانات ورزشیپشتیبانی از تمرینات مختلف ورزشی تشخیص هوشمند نوع رشته ورزشی محاسبه میزان کالری مصرفی امکان ارائه برنامه تمرینی محاسبه مسافت طی شده سنسورهای ورزشی و سلامتیشمارنده ضربان قلب سنجش دمای بدن سنجش اکسیژن خون تشخیص حرکات دست سنجش سطح استرس سنجش کیفیت خواب نظارت بر سیکل ماهیانه بانوان نوار قلب (الکتروکاردیوگرام) سیستم عاملAndroid Wear پردازندهExynos W۱۰۰۰ (لیتوگرافی ۳ نانومتری) حافظه داخلی۳۲ گیگابایت به همراه ۲ گیگابایت رم نسخه بلوتوث۵.۳ سایر مشخصات سخت افزاریدارای گواهی IP۶۸ و مقاوم در برابر نفوذ آب تا فشار ۵ اتمسفر (عمق ۵۰ متری آب)، مقاوم در نفوذ آب به مدت ۳۰ دقیقه در عمیق ۱.۵ متری آب / دارای استاندارد نظامی MIL-STD-۸۱۰H / توضیحات کارت حافظهفاقد درگاه کارت حافظه توضیحات دوربینفاقد دوربین اتصالاتWiFi Bluetooth NFC نوع باتریلیتیوم یون ظرفیت باتری۳۲۵ میلی آمپر ساعتنحوه شارژ ساعت هوشمندکابل مغناطیسی شارژ بی‌سیم قابلیت های ویژهسنسور BioActive (شامل: اپتیکال ضربان قلب (HR)، الکتریکی قلب (ECG)، تحلیل امپدانس بیوالکتریک (BIA) )، دماسنج، فشارسنج هوا، شتاب‌سنج، ژیروسکوپ، قطب‌نما، سنجش سطح اکسیژن خون (SpO۲)، پایش خواب، پایش فشار خون، پایش سلامت بانوان توضیحات شارژدهیتا ۳۰ ساعت (استفاده عادی)","سامسونگ"
"1771408838-365","https://www.digikala.com/search/category-wearable-gadget/","ساعت هوشمند 47 میلی متری شیائومی مدل Redmi Watch 4","۱۰,۲۰۰,۰۰۰","","","۴.۶","تنها ۱ عدد در انبار باقی مانده","","","","ساعت هوشمند 47 میلی متری شیائومی مدل Redmi Watch 4تنها ۱ عدد در انبار باقی مانده
۴.۶۱۰,۲۰۰,۰۰۰","https://www.digikala.com/product/dkp-14346325/%D8%B3%D8%A7%D8%B9%D8%AA-%D9%87%D9%88%D8%B4%D9%85%D9%86%D8%AF-47-%D9%85%DB%8C%D9%84%DB%8C-%D9%85%D8%AA%D8%B1%DB%8C-%D8%B4%DB%8C%D8%A7%D8%A6%D9%88%D9%85%DB%8C-%D9%85%D8%AF%D9%84-redmi-watch-4/","۴.۶","۳۳۰ دیدگاه","عالی","ساعت هوشمند 47 میلی متری شیائومی مدل Redmi Watch 4","۱۰,۹۴۹,۱۰۰","۷۸.۶%","https://dkstatics-public.digikala.com/digikala-products/ea7ab6fb3c50f15930d01cceb30c963dc8977aa2_1764429367.jpg?x-oss-process=image/resize,m_lfit,h_800,w_800/quality,q_90
https://dkstatics-public.digikala.com/digikala-products/ea7ab6fb3c50f15930d01cceb30c963dc8977aa2_1764429367.jpg?x-oss-process=image/resize,m_lfit,h_800,w_800/quality,q_90
https://dkstatics-public.digikala.com/digikala-products/79813010bbf904c57fef305f0de2719b2ccc4027_1754252964.jpg?x-oss-process=image/resize,m_lfit,h_800,w_800/quality,q_90
https://dkstatics-public.digikala.com/digikala-products/c460a87f2b9f6eb1dba30ecad40c3318de223d24_1724250091.jpg?x-oss-process=image/resize,m_lfit,h_800,w_800/quality,q_90
https://dkstatics-public.digikala.com/digikala-products/ea7ab6fb3c50f15930d01cceb30c963dc8977aa2_1764429367.jpg?x-oss-process=image/resize,m_lfit,h_800,w_800/quality,q_90","","مشکینقره ای","ویژگی‌هانوع کاربریورزشی، رسمی، روزمرهورزشی، رسمی، روزمرهفرم صفحهمربعمربعجنس بندپلاستیکپلاستیکمشاهده همه ویژگی‌ها","ساعت هوشمند شیائومی مدل Redmi Watch 4 یک محصول جذاب و پرکاربرد است که با ترکیبی از طراحی مدرن و قابلیت‌های پیشرفته، توانسته نظر بسیاری از کاربران را به خود جلب کند. در ادامه به بررسی جزئیات بیشتر این ساعت هوشمند می‌پردازیم.
از نظر طراحی، ساعت هوشمند شیائومی مدل Redmi Watch 4 ظاهری بسیار زیبا و جذاب دارد. این ساعت مجهز به یک صفحه نمایش لمسی با اندازه 1.97 اینچ است که به کاربران امکان تعامل آسان و راحت با آن را می‌دهد. قاب آلومینیومی این ساعت با حاشیه‌های باریک و ظاهر مدرن، جل ...","مشخصاتمناسب برایآقایان و بانوان سازگار با سیستم عاملAndroid iOS توضیحات سازگاریسازگار با گوشی‌های هوشمند اندروید و iOS زبان‌های قابل پشتیبانی در اعلان و پیامانگلیسی چینی نوع کاربریورزشی رسمی روزمره قابلیت‌های ساعت هوشمندکنترل موسیقی (Music Player) قابلیت مکالمه از طریق بلوتوث سایز قاب ساعت هوشمند۴۷ میلی‌متر ابعاد قاب۴۷.۵x۴۱.۱x۱۰.۵ میلی‌مترضخامت قاب۱۰.۵ میلی‌مترعرض قاب۴۷.۵ میلی‌متروزن۳۱ گرمفرم صفحهمربع قابلیت‌های مقاومتیمقاوم در برابر نفوذ آب جنس بدنهآلومینیوم قابلیت تعویض بنددارد توضیحات جنس بدنهفریم آلومینیومی ، پشت پلاستیکی جنس بندپلاستیک نوع قفل بندسگکی ساده نوع صفحه نمایش اصلیAmoled اندازه صفحه نمایش۱.۹۷ اینچ اینچرزولوشن صفحه نمایش۴۵۰x۳۹۰ روشنایی صفحه نمایش۶۰۰ نیتسایر مشخصات صفحه نمایشنرخ نوسازی ۶۰ هرتز 
 حسگرهای حرکتی و محیطیگام‌شمار (Pedometer) ژیروسکوپ (Gyroscope) شتاب سنج (Accelerometer) امکانات ورزشیپشتیبانی از تمرینات مختلف ورزشی محاسبه میزان کالری مصرفی محاسبه مسافت طی شده سنسورهای ورزشی و سلامتیشمارنده ضربان قلب سنجش اکسیژن خون نسخه بلوتوث۵.۳ اتصالاتBluetooth نوع باتریلیتیوم پلیمر ظرفیت باتری۴۷۰ میلی آمپر ساعتنحوه شارژ ساعت هوشمندکابل مغناطیسی اقلام همراهشارژر مغناطیسی /
دفترچه راهنما توضیحات شارژدهیاستفاده معمول تا ۲۰ روز","شیائومی"
"1771408840-366","https://www.digikala.com/search/category-wearable-gadget/","ساعت هوشمند کیو سی وای مدل MSU WATCH ELITE PUNCHING  دارای قابلیت های صفحه نمایش رنگی، صفحه نمایش لمسی، کنترل موسیقی (Music Player)، قابلیت مکالمه از طریق بلوتوث بند سیلیکون","۵,۳۰۰,۰۰۰","","","۴.۶","ارسال فروشنده","","https://dkstatics-public.digikala.com/digikala-products/645f1ee0bb1a600e4ae1364eaf71a9d898ee28b1_1754237944.jpg?x-oss-process=image/resize,m_lfit,h_300,w_300/quality,q_80","","ساعت هوشمند کیو سی وای مدل MSU WATCH ELITE PUNCHING  دارای قابلیت های صفحه نمایش رنگی، صفحه نمایش لمسی، کنترل موسیقی (Music Player)، قابلیت مکالمه از طریق بلوتوث بند سیلیکونارسال فروشنده
۴.۶۵,۳۰۰,۰۰۰","https://www.digikala.com/product/dkp-17439453/%D8%B3%D8%A7%D8%B9%D8%AA-%D9%87%D9%88%D8%B4%D9%85%D9%86%D8%AF-%DA%A9%DB%8C%D9%88-%D8%B3%DB%8C-%D9%88%D8%A7%DB%8C-%D9%85%D8%AF%D9%84-msu-watch-elite-punching-%D8%AF%D8%A7%D8%B1%D8%A7%DB%8C-%D9%82%D8%A7%D8%A8%D9%84%DB%8C%D8%AA-%D9%87%D8%A7%DB%8C-%D8%B5%D9%81%D8%AD%D9%87-%D9%86%D9%85%D8%A7%DB%8C%D8%B4-%D8%B1%D9%86%DA%AF%DB%8C-%D8%B5%D9%81%D8%AD%D9%87-%D9%86%D9%85%D8%A7%DB%8C%D8%B4-%D9%84%D9%85%D8%B3%DB%8C-%DA%A9%D9%86%D8%AA%D8%B1%D9%84-%D9%85%D9%88%D8%B3%DB%8C%D9%82%DB%8C-music-player-%D9%82%D8%A7%D8%A8%D9%84%DB%8C%D8%AA-%D9%85%DA%A9%D8%A7%D9%84%D9%85%D9%87-%D8%A7%D8%B2-%D8%B7%D8%B1%DB%8C%D9%82-%D8%A8%D9%84%D9%88%D8%AA%D9%88%D8%AB-%D8%A8%D9%86%D8%AF-%D8%B3%DB%8C%D9%84%DB%8C%DA%A9%D9%88%D9%86/","۴.۶","۲۴ دیدگاه","خیلی خوب","ساعت هوشمند کیو سی وای مدل MSU WATCH ELITE PUNCHING  دارای قابلیت های صفحه نمایش رنگی، صفحه نمایش لمسی، کنترل موسیقی (Music Player)، قابلیت مکالمه از طریق بلوتوث بند سیلیکون","۵,۳۰۰,۰۰۰","","https://dkstatics-public.digikala.com/digikala-products/645f1ee0bb1a600e4ae1364eaf71a9d898ee28b1_1754237944.jpg?x-oss-process=image/resize,m_lfit,h_800,w_800/quality,q_90
https://dkstatics-public.digikala.com/digikala-products/0c059c96ef6afd9d9eba863e3c890a427d87c593_1731936325.jpg?x-oss-process=image/resize,m_lfit,h_800,w_800/quality,q_90
https://dkstatics-public.digikala.com/digikala-products/d00880d9870616ea8e36238ec8a34c38ab658147_1731936323.jpg?x-oss-process=image/resize,m_lfit,h_800,w_800/quality,q_90
https://dkstatics-public.digikala.com/digikala-products/645f1ee0bb1a600e4ae1364eaf71a9d898ee28b1_1754237944.jpg?x-oss-process=image/resize,m_lfit,h_800,w_800/quality,q_90","","طلایی","ویژگی‌هانوع کاربریورزشی، رسمی، روزمرهورزشی، رسمی، روزمرهفرم صفحهدایرهدایرهجنس بندسیلیکونسیلیکونمشاهده همه ویژگی‌ها","","مشخصاتنوع کاربریورزشی رسمی روزمره قابلیت‌های ساعت هوشمندصفحه نمایش رنگی صفحه نمایش لمسی کنترل موسیقی (Music Player) قابلیت مکالمه از طریق بلوتوث فرم صفحهدایره جنس بدنهفلز قابلیت تعویض بنددارد جنس بندسیلیکون نوع قفل بندسگکی ساده اندازه صفحه نمایش۱.۷ اینچ","کیو سی وای"
"1771408842-367","https://www.digikala.com/search/category-wearable-gadget/","ساعت هوشمند 47 میلی‌متری ناتینگ مدل CMF Watch Pro 3 با بند سیلیکونی","۱۲,۳۱۵,۰۰۰","","","۴.۶","ارسال سریع دیجی‌کالا","","https://dkstatics-public.digikala.com/digikala-products/4a48a85a1445575c75ac7b3900989aa704d85439_1754918034.jpg?x-oss-process=image/resize,m_lfit,h_300,w_300/quality,q_80","","ساعت هوشمند 47 میلی‌متری ناتینگ مدل CMF Watch Pro 3 با بند سیلیکونیارسال سریع دیجی‌کالا
۴.۶۱۲,۳۱۵,۰۰۰","https://www.digikala.com/product/dkp-20126488/%D8%B3%D8%A7%D8%B9%D8%AA-%D9%87%D9%88%D8%B4%D9%85%D9%86%D8%AF-47-%D9%85%DB%8C%D9%84%DB%8C%D9%85%D8%AA%D8%B1%DB%8C-%D9%86%D8%A7%D8%AA%DB%8C%D9%86%DA%AF-%D9%85%D8%AF%D9%84-cmf-watch-pro-3-%D8%A8%D8%A7-%D8%A8%D9%86%D8%AF-%D8%B3%DB%8C%D9%84%DB%8C%DA%A9%D9%88%D9%86%DB%8C/","۴.۶","۲۸ دیدگاه","عالی","ساعت هوشمند 47 میلی‌متری ناتینگ مدل CMF Watch Pro 3 با بند سیلیکونی","۱۲,۱۵۰,۰۰۰","۹۵%","https://dkstatics-public.digikala.com/digikala-products/4a48a85a1445575c75ac7b3900989aa704d85439_1754918034.jpg?x-oss-process=image/resize,m_lfit,h_800,w_800/quality,q_90
https://dkstatics-public.digikala.com/digikala-products/35588248c66ea6828bfd3ec208fe62163a4ce9a1_1754918033.jpg?x-oss-process=image/resize,m_lfit,h_800,w_800/quality,q_90
https://dkstatics-public.digikala.com/digikala-products/6a500027b2dcadd5736748bf7dd19ee775771629_1754918033.jpg?x-oss-process=image/resize,m_lfit,h_800,w_800/quality,q_90
https://dkstatics-public.digikala.com/digikala-products/4a48a85a1445575c75ac7b3900989aa704d85439_1754918034.jpg?x-oss-process=image/resize,m_lfit,h_800,w_800/quality,q_90","","مشکیسبز روشنسفید","ویژگی‌هانوع کاربریورزشی، روزمرهورزشی، روزمرهفرم صفحهدایرهدایرهجنس بندسیلیکونسیلیکونمشاهده همه ویژگی‌ها","","مشخصاتمناسب برایآقایان و بانوان سازگار با سیستم عاملAndroid iOS توضیحات سازگاریاندروید نسخه ۶ یا بالاتر / 
iOS نسخه ۱۳ یا بالاتر زبان‌های قابل پشتیبانی در اعلان و پیامانگلیسی عربی نوع کاربریورزشی روزمره قابلیت‌های ساعت هوشمندکنترل موسیقی (Music Player) قابلیت مکالمه از طریق بلوتوث پشتیبانی از دستیار صوتی سایز قاب ساعت هوشمند۴۷ میلی‌متر ابعاد قاب۱۴.۴x۴۷ میلی‌مترتکنولوژی‌های مکان‌یابی (GPS)GPS GLONASS GALILEO QZSS BDS(Beidou) وزن۵۲.۴ گرمفرم صفحهدایره قابلیت‌های مقاومتیمقاوم در برابر نفوذ گرد و غبار مقاوم در برابر نفوذ آب جنس بدنهفلز قابلیت تعویض بنددارد جنس بندسیلیکون نوع قفل بندسگکی ساده نوع صفحه نمایش اصلیَAmoled اندازه صفحه نمایش۱.۴۳ اینچرزولوشن صفحه نمایش۴۶۶x۴۶۶ روشنایی صفحه نمایش۶۵۰ نیتتراکم پیکسلی صفحه نمایش۳۲۶ پیکسل بر اینچسایر مشخصات صفحه نمایشصفحه نمایش ۱.۴۳ اینچی از نوع Amoled با رزولوشن ۴۶۶x۴۶۶ پیکسل و تراکم پیکسلی ۳۲۶ پیکسل در هر اینچ حسگرهای حرکتی و محیطیژیروسکوپ (Gyroscope) شتاب سنج (Accelerometer) گام‌شمار (Pedometer) تشخیص نور محیط امکانات ورزشیمحاسبه مسافت طی شده محاسبه میزان کالری مصرفی سنسورهای ورزشی و سلامتیشمارنده ضربان قلب سنجش اکسیژن خون نسخه بلوتوث۵.۳ اتصالاتBluetooth نوع باتریلیتیوم یون ظرفیت باتری۳۵۰ میلی آمپر ساعتنحوه شارژ ساعت هوشمندکابل مغناطیسی قابلیت های ویژهورزشی :
الگوریتم حرکتی هوشمند (Smart Movement Algorithm) /
اندازه‌گیری ضربان قلب /
۱۳۱ حالت ورزشی با ۷ فعالیت شناسایی هوشمند /
سلامتی:
اندازه‌گیری خودکار ضربان قلب /
پایش ۲۴ ساعته ضربان قلب /
ثبت ضربان قلب در حالت استراحت /
ثبت ضربان قلب هنگام ورزش /
هشدار ضربان قلب /
میانگین ضربان قلب /
امتیاز فعالیت /
تشخیص خواب (پشتیبانی از پایش پیشرفته خواب) /
اندازه‌گیری سطح اکسیژن خون (SpO₂) /
ثبت وضعیت فیزیولوژیکی بانوان /
یادآور اندازه‌گیری اکسیژن خون /
پایش استرس /
شمارش گام‌های روزانه /
محاسبه کالری مصرفی /
اندازه‌گیری مسافت پیموده شده /
ثبت مدت زمان فعالیت /
یادآور نوشیدن آب /
یادآور تحرک (Stand Up Reminder) /
سایر قابلیت‌ها:
تبدیل گفتار به متن (Recording Transcription) /
نمایش اخبار مهم /
مکالمه بلوتوثی /
واچ‌فیس‌های متنوع /
واچ‌فیس با تصویر آلبوم شخصی /
واچ‌فیس ویدیویی /
استودیوی طراحی واچ‌فیس /
قابلیت تعویض واچ‌فیس /
تمرین تنفس /
اعلان پیام‌ها /
کنترل موسیقی /
تایمر /
کرنومتر /
زنگ هشدار /
هشدار پیام با ایموجی /
نمایش وضعیت آب‌وهوا /
پیدا کردن گوشی /
چراغ‌قوه /
کنترل از راه دور دوربین /
یادآور /
دستیار صوتی /
تقویم /
ماشین‌حساب /
ساعت جهانی توضیحات شارژدهیاستفاده معمولی: ۱۳ روز /
استفاده سنگین: ۱۰ روز /
حالت صفحه‌نمایش همیشه روشن (AOD) همراه با استفاده سنگین: ۴٫۵ روز /
حالت صرفه‌جویی در مصرف انرژی: ۶۰ روز /","ناتینگ"
"1771408844-368","https://www.digikala.com/search/category-wearable-gadget/","ساعت هوشمند مدل T3000 Ultra","۷۴۹,۰۰۰","","","۳.۷","&nbsp;","","https://dkstatics-public.digikala.com/digikala-products/c14bcae36ab893e77123cb61fc11cee3c1a37257_1754238380.jpg?x-oss-process=image/resize,m_lfit,h_300,w_300/quality,q_80","","ساعت هوشمند مدل T3000 Ultra&nbsp;
۳.۷۷۴۹,۰۰۰","https://www.digikala.com/product/dkp-17651665/%D8%B3%D8%A7%D8%B9%D8%AA-%D9%87%D9%88%D8%B4%D9%85%D9%86%D8%AF-%D9%85%D8%AF%D9%84-t3000-ultra/","۳.۷","۱۲۹ دیدگاه","عالی","ساعت هوشمند مدل T3000 Ultra","۵۸۰,۰۰۰","","https://dkstatics-public.digikala.com/digikala-products/c14bcae36ab893e77123cb61fc11cee3c1a37257_1754238380.jpg?x-oss-process=image/resize,m_lfit,h_800,w_800/quality,q_90
https://dkstatics-public.digikala.com/digikala-products/7e0cb9eb2196528780b8329496a419a561919b87_1733646374.jpg?x-oss-process=image/resize,m_lfit,h_800,w_800/quality,q_90
https://dkstatics-public.digikala.com/digikala-products/ef6786b8f8a2e7059381d62b05b63c28033f840d_1733646322.jpg?x-oss-process=image/resize,m_lfit,h_800,w_800/quality,q_90","","مشکیمشکی براقنارنجینارنجی فلورسنتنارنجی فسفریمرجانی","ویژگی‌هانوع کاربریرسمی، روزمره، ورزشیرسمی، روزمره، ورزشیفرم صفحهبیضیبیضیجنس بندفلزفلزمشاهده همه ویژگی‌ها","","مشخصاتنوع کاربریرسمی روزمره ورزشی قابلیت‌های ساعت هوشمندصفحه نمایش رنگی صفحه نمایش لمسی فرم صفحهبیضی جنس بدنهفلز قابلیت تعویض بنددارد جنس بندفلز نوع قفل بندپین‌بند اندازه صفحه نمایش۴۹ اینچ","متفرقه"
"1771408846-369","https://www.digikala.com/search/category-wearable-gadget/","ساعت هوشمند 47 میلی‌متری شیائومی مدل Redmi Watch 5 ، مناسب برای ورزش، کنترل سطح اکسیژن خون، شمارش ضربان قلب - گلوبال","۱۳,۴۹۰,۰۰۰","","","۴.۵","ارسال سریع دیجی‌کالا","","https://dkstatics-public.digikala.com/digikala-products/2316d443a752acbf871f501e59a7caa62270ae75_1747411625.jpg?x-oss-process=image/resize,m_lfit,h_300,w_300/quality,q_80","","ساعت هوشمند 47 میلی‌متری شیائومی مدل Redmi Watch 5 ، مناسب برای ورزش، کنترل سطح اکسیژن خون، شمارش ضربان قلب - گلوبالارسال سریع دیجی‌کالا
۴.۵۱۳,۴۹۰,۰۰۰","https://www.digikala.com/product/dkp-18235095/%D8%B3%D8%A7%D8%B9%D8%AA-%D9%87%D9%88%D8%B4%D9%85%D9%86%D8%AF-47-%D9%85%DB%8C%D9%84%DB%8C%D9%85%D8%AA%D8%B1%DB%8C-%D8%B4%DB%8C%D8%A7%D8%A6%D9%88%D9%85%DB%8C-%D9%85%D8%AF%D9%84-redmi-watch-5-%D9%85%D9%86%D8%A7%D8%B3%D8%A8-%D8%A8%D8%B1%D8%A7%DB%8C-%D9%88%D8%B1%D8%B2%D8%B4-%DA%A9%D9%86%D8%AA%D8%B1%D9%84-%D8%B3%D8%B7%D8%AD-%D8%A7%DA%A9%D8%B3%DB%8C%DA%98%D9%86-%D8%AE%D9%88%D9%86-%D8%B4%D9%85%D8%A7%D8%B1%D8%B4-%D8%B6%D8%B1%D8%A8%D8%A7%D9%86-%D9%82%D9%84%D8%A8-%DA%AF%D9%84%D9%88%D8%A8%D8%A7%D9%84/","۴.۵","۲۹۰ دیدگاه","عالی","ساعت هوشمند 47 میلی‌متری شیائومی مدل Redmi Watch 5 ، مناسب برای ورزش، کنترل سطح اکسیژن خون، شمارش ضربان قلب - گلوبال","۱۵,۳۲۷,۶۰۰","۹۰.۸%","https://dkstatics-public.digikala.com/digikala-products/2316d443a752acbf871f501e59a7caa62270ae75_1747411625.jpg?x-oss-process=image/resize,m_lfit,h_800,w_800/quality,q_90
https://dkstatics-public.digikala.com/digikala-products/2316d443a752acbf871f501e59a7caa62270ae75_1747411625.jpg?x-oss-process=image/resize,m_lfit,h_800,w_800/quality,q_90
https://dkstatics-public.digikala.com/digikala-products/c9b3c94e3be67a7eb0adc8b5e356ed322a67c237_1738743916.jpg?x-oss-process=image/resize,m_lfit,h_800,w_800/quality,q_90
https://dkstatics-public.digikala.com/digikala-products/1a69d07c7eb3c36dc2e6333e17fa6e0129a970c5_1738743916.jpg?x-oss-process=image/resize,m_lfit,h_800,w_800/quality,q_90
https://dkstatics-public.digikala.com/digikala-products/2316d443a752acbf871f501e59a7caa62270ae75_1747411625.jpg?x-oss-process=image/resize,m_lfit,h_800,w_800/quality,q_90","","مشکینقره ای","ویژگی‌هانوع کاربریرسمی، روزمره، ورزشیرسمی، روزمره، ورزشیفرم صفحهمربعمربعجنس بندسیلیکونسیلیکونمشاهده همه ویژگی‌ها","ساعت هوشمند شیائومی مدل Redmi Watch 5 با طراحی زیبا، قابلیت‌های پیشرفته و عملکردی دقیق، گزینه‌ای ایده‌آل برای کسانی‌ست که به دنبال یک همراه هوشمند برای ورزش، زندگی روزمره و حتی استفاده رسمی هستند. این ساعت با قاب ۴۷ میلی‌متری آلومینیومی، ظاهری شیک و حرفه‌ای دارد و با وزن سبک ۳۳.۵ گرمی (بدون بند)، در طول روز بدون هیچ احساس خستگی روی دست قرار می‌گیرد. صفحه ‌نمایش AMOLED با اندازه ۲.۰۷ اینچ و روشنایی ۱۵۰۰ نیت، حتی در نور مستقیم خورشید هم خوانا و چشم‌نواز است. نرخ تازه‌سازی ۶۰ هر ...","مشخصاتمناسب برایآقایان و بانوان سازگار با سیستم عاملAndroid iOS توضیحات سازگاریاندروید ۸ و بالاتر /
سیستم عامل ios ۱۲.۰ و بالاتر نوع کاربریرسمی روزمره ورزشی قابلیت‌های ساعت هوشمندقابلیت مکالمه از طریق بلوتوث سایز قاب ساعت هوشمند۴۷ میلی‌متر ابعاد قاب۴۷.۵x۴۱.۱x۱۱.۳ میلی‌متروزن۳۳.۵ (بدون بند) گرمفرم صفحهمربع جنس بدنهآلومینیوم قابلیت تعویض بنددارد جنس بندسیلیکون نوع قفل بندسگکی ساده نوع صفحه نمایش اصلیAMOLED اندازه صفحه نمایش۲.۰۷ اینچرزولوشن صفحه نمایش۴۳۲x۵۱۴ پیکسل روشنایی صفحه نمایش۱۵۰۰ نیتتراکم پیکسلی صفحه نمایش۳۲۴ پیکسل بر اینچسایر مشخصات صفحه نمایشنرخ بروزرسانی ۶۰ هرتزی /
 حسگرهای حرکتی و محیطیشتاب سنج (Accelerometer) تشخیص نور محیط امکانات ورزشیپشتیبانی از تمرینات مختلف ورزشی محاسبه میزان کالری مصرفی سنسورهای ورزشی و سلامتیشمارنده ضربان قلب سنجش اکسیژن خون سنجش سطح استرس سنجش کیفیت خواب حافظه داخلی۱۶۴ مگابایت سایر مشخصات سخت افزاریمجهز به فناوری‌های مکان‌یابی Galileo، Glonass ،BeiDou، QZSS /
شارژدهی باتری در استفاده معمولی تا ۲۴ روز /
نسخه بلوتوث ۵.۳ اتصالاتBluetooth ظرفیت باتری۵۵۰ میلی آمپر ساعتنحوه شارژ ساعت هوشمندکابل مغناطیسی قابلیت های ویژهمقاوم در برابر نفوذ آب تا عمق ۵۰ متری /
مجهز به دو میکروفون /
دارای ۱۵۰ حالت ورزشی اقلام همراهکابل شارژ /
دفترچه راهنما","شیائومی"
"1771408849-370","https://www.digikala.com/search/category-wearable-gadget/","ساعت هوشمند میبرو مدل Lite SmartWatch","۵,۷۱۳,۴۰۰","۵,۸۳۰,۰۰۰","۲٪","۴.۲","تنها ۱ عدد در انبار باقی مانده","","","","ساعت هوشمند میبرو مدل Lite SmartWatchتنها ۱ عدد در انبار باقی مانده
۴.۲۲٪۵,۷۱۳,۴۰۰۵,۸۳۰,۰۰۰","https://www.digikala.com/product/dkp-7199868/%D8%B3%D8%A7%D8%B9%D8%AA-%D9%87%D9%88%D8%B4%D9%85%D9%86%D8%AF-%D9%85%DB%8C%D8%A8%D8%B1%D9%88-%D9%85%D8%AF%D9%84-lite-smartwatch/","۴.۲","۳۳۲۴ دیدگاه","خیلی خوب","ساعت هوشمند میبرو مدل Lite SmartWatch","۵,۸۳۰,۰۰۰","","https://dkstatics-public.digikala.com/digikala-products/e07b5ce309f386f84cd4ffb48e6f40db26ee4cdf_1754246826.jpg?x-oss-process=image/resize,m_lfit,h_800,w_800/quality,q_90
https://dkstatics-public.digikala.com/digikala-products/e07b5ce309f386f84cd4ffb48e6f40db26ee4cdf_1754246826.jpg?x-oss-process=image/resize,m_lfit,h_800,w_800/quality,q_90
https://dkstatics-public.digikala.com/digikala-products/d19ad9fb8742e3f0e4a0c19e11864378b82afbfb_1656931593.jpg?x-oss-process=image/resize,m_lfit,h_800,w_800/quality,q_90
https://dkstatics-public.digikala.com/digikala-products/e9681afcbf564f97bc30bc51412825e56f0f5c96_1741377553.jpg?x-oss-process=image/resize,m_lfit,h_800,w_800/quality,q_90
https://dkstatics-public.digikala.com/digikala-products/e07b5ce309f386f84cd4ffb48e6f40db26ee4cdf_1754246826.jpg?x-oss-process=image/resize,m_lfit,h_800,w_800/quality,q_90","","مشکی","ویژگی‌هانوع کاربریورزشی، رسمی، روزمرهورزشی، رسمی، روزمرهفرم صفحهگردگردجنس بندسیلیکونسیلیکونمشاهده همه ویژگی‌ها","شرکت زیرمجموعه شیائومی یعنی Mibro یک ساعت هوشمند دیگر با نام Mibro Lite را روانه بازار کرده است. این ساعت مچی هوشمند دارای صفحه نمایش 1.3 اینچی AMOLED است, که در صفحه 43 میلی متری ساعت قرار می‌گیرد.ساعت هوشمند Mibro Lite نسبتا مقرون به صرفه است. حاشیه‌های باریک صفحه نمایش، ظاهر مدرن ساعت را بیشتر نشان می‌دهد. میبرو لایت دارای گواهینامه IP68 است که در برابر گرد و غبار و آب مقاوم خواهد بود. همچنین باتری 230 میلی آمپر این ساعت با یک بار شارژ کامل تا 8 روز جوابگو خواهد بود و با غ ...","مشخصاتمناسب برایآقایان و بانوان توضیحات سازگاریسازگار با اندروید و iOS زبان‌های قابل پشتیبانی در اعلان و پیامانگلیسی نوع کاربریورزشی رسمی روزمره قابلیت‌های ساعت هوشمندصفحه نمایش رنگی صفحه نمایش لمسی کنترل سطح اکسیژن خون ابعاد قاب۴۳X۴۳X۹.۸ میلی‌مترضخامت قاب۹.۸ میلی‌متروزن۴۸ گرمفرم صفحهگرد جنس بدنهفلز قابلیت تعویض بنددارد توضیحات جنس بدنهآلیاژ روی جنس بندسیلیکون نوع قفل بندسگکی ساده توضیحات رنگ بند و بدنهدارای بند مشکی نوع صفحه نمایش اصلیAMOLED اندازه صفحه نمایش۱.۳ اینچرزولوشن صفحه نمایش۳۶۰X۳۶۰ اتصالاتBluetooth ظرفیت باتری۲۳۰ میلی آمپر ساعت","میبرو"
"1771408851-371","https://www.digikala.com/search/category-wearable-gadget/","ساعت هوشمند مدل T3000 دارای قابلیت های صفحه نمایش رنگی، صفحه نمایش لمسی بند سیلیکون","۵۴۷,۰۰۰","","","۳.۶","تنها ۳ عدد در انبار باقی مانده","","","","ساعت هوشمند مدل T3000 دارای قابلیت های صفحه نمایش رنگی، صفحه نمایش لمسی بند سیلیکونتنها ۳ عدد در انبار باقی مانده
۳.۶۵۴۷,۰۰۰","https://www.digikala.com/product/dkp-14865383/%D8%B3%D8%A7%D8%B9%D8%AA-%D9%87%D9%88%D8%B4%D9%85%D9%86%D8%AF-%D9%85%D8%AF%D9%84-t3000-%D8%AF%D8%A7%D8%B1%D8%A7%DB%8C-%D9%82%D8%A7%D8%A8%D9%84%DB%8C%D8%AA-%D9%87%D8%A7%DB%8C-%D8%B5%D9%81%D8%AD%D9%87-%D9%86%D9%85%D8%A7%DB%8C%D8%B4-%D8%B1%D9%86%DA%AF%DB%8C-%D8%B5%D9%81%D8%AD%D9%87-%D9%86%D9%85%D8%A7%DB%8C%D8%B4-%D9%84%D9%85%D8%B3%DB%8C-%D8%A8%D9%86%D8%AF-%D8%B3%DB%8C%D9%84%DB%8C%DA%A9%D9%88%D9%86/","۳.۶","۶۳۹ دیدگاه","عالی","ساعت هوشمند مدل T3000 دارای قابلیت های صفحه نمایش رنگی، صفحه نمایش لمسی بند سیلیکون","۵۴۷,۰۰۰","۷۰%","https://dkstatics-public.digikala.com/digikala-products/e4e2f2696618dbd08e863e3d4b4fe2b4f7766391_1754253502.jpg?x-oss-process=image/resize,m_lfit,h_800,w_800/quality,q_90
https://dkstatics-public.digikala.com/digikala-products/e4e2f2696618dbd08e863e3d4b4fe2b4f7766391_1754253502.jpg?x-oss-process=image/resize,m_lfit,h_800,w_800/quality,q_90
https://dkstatics-public.digikala.com/digikala-products/729325c08e9eb266e1e187927813781ce69ef26b_1710696925.jpg?x-oss-process=image/resize,m_lfit,h_800,w_800/quality,q_90
https://dkstatics-public.digikala.com/digikala-products/eaed5b0fabed1a4551a0c2b690edae7932015ebe_1710696928.jpg?x-oss-process=image/resize,m_lfit,h_800,w_800/quality,q_90
https://dkstatics-public.digikala.com/digikala-products/e4e2f2696618dbd08e863e3d4b4fe2b4f7766391_1754253502.jpg?x-oss-process=image/resize,m_lfit,h_800,w_800/quality,q_90","","مشکینارنجیمشکی براقنارنجی فسفرینارنجی فلورسنت","ویژگی‌هانوع کاربریورزشی، روزمرهورزشی، روزمرهفرم صفحهبیضیبیضیجنس بندسیلیکونسیلیکونمشاهده همه ویژگی‌ها","ساعت T3000 با بالاترین کیفیت درمیان ساعت های هم رده ی خود در این بازه قیمتی میباشد . از ویژگی های این ساعت میتوان به : سازگار بودن اندروید و ios ، شارژر وایرلس ، سنسور ضربان قلب ، سنسور کف دست ، ماشین حساب کرنومتر ، بازی ، میباشد .
همچنین با وصل شدن به برنامه جانبی آن Fit pro  میتوان از قابلیت های بیشتری بهره مند شد .","مشخصاتمناسب برایورزش سازگار با سیستم عاملAndroid iOS توضیحات سازگاریIos و اندروید نوع کاربریورزشی روزمره قابلیت‌های ساعت هوشمندکنترل موسیقی (Music Player) قابلیت مکالمه از طریق بلوتوث قابلیت تغییر طرح ساعت یا تم سایز قاب ساعت هوشمند۴۱ میلی‌متر فرم صفحهبیضی قابلیت‌های مقاومتیمقاوم در برابر نفوذ آب جنس بدنهآلومینیوم قابلیت تعویض بنددارد جنس بندسیلیکون نوع قفل بندسگکی ساده توضیحات رنگ بند و بدنهست اندازه صفحه نمایشN اینچحسگرهای حرکتی و محیطیژیروسکوپ (Gyroscope) شتاب سنج (Accelerometer) تشخیص نور محیط رطوبت سنج (Hygrometer) فشار سنج (Barometer) سنسورهای ورزشی و سلامتیسنجش سطح استرس نوار قلب (الکتروکاردیوگرام) شمارنده ضربان قلب نحوه شارژ ساعت هوشمندشارژ بی‌سیم","متفرقه"
"1771408853-372","https://www.digikala.com/search/category-wearable-gadget/","ساعت هوشمند 52 میلی‌متری هایلو مدل IRON N1 با بند سیلیکونی","۷,۰۰۰,۰۰۰","","","۴.۴","ارسال سریع دیجی‌کالا","","","","ساعت هوشمند 52 میلی‌متری هایلو مدل IRON N1 با بند سیلیکونیارسال سریع دیجی‌کالا
۴.۴۷,۰۰۰,۰۰۰","https://www.digikala.com/product/dkp-19958382/%D8%B3%D8%A7%D8%B9%D8%AA-%D9%87%D9%88%D8%B4%D9%85%D9%86%D8%AF-52-%D9%85%DB%8C%D9%84%DB%8C%D9%85%D8%AA%D8%B1%DB%8C-%D9%87%D8%A7%DB%8C%D9%84%D9%88-%D9%85%D8%AF%D9%84-iron-n1-%D8%A8%D8%A7-%D8%A8%D9%86%D8%AF-%D8%B3%DB%8C%D9%84%DB%8C%DA%A9%D9%88%D9%86%DB%8C/","۴.۴","۲۵ دیدگاه","عالی","ساعت هوشمند 52 میلی‌متری هایلو مدل IRON N1 با بند سیلیکونی","۶,۳۱۲,۵۹۰","۱۰۰%","https://dkstatics-public.digikala.com/digikala-products/11f24a16457e702f894fb9bd353cdb50fd98a30a_1753539808.jpg?x-oss-process=image/resize,m_lfit,h_800,w_800/quality,q_90
https://dkstatics-public.digikala.com/digikala-products/900f82f286177ee77f71eb6094402f10905192df_1753539808.jpg?x-oss-process=image/resize,m_lfit,h_800,w_800/quality,q_90
https://dkstatics-public.digikala.com/digikala-products/2be268c807abc3a5687a40c6d823057d324b997d_1753539808.jpg?x-oss-process=image/resize,m_lfit,h_800,w_800/quality,q_90
https://dkstatics-public.digikala.com/digikala-products/11f24a16457e702f894fb9bd353cdb50fd98a30a_1753539808.jpg?x-oss-process=image/resize,m_lfit,h_800,w_800/quality,q_90","","مشکینقره ایخاکستری","ویژگی‌هانوع کاربریورزشی، روزمرهورزشی، روزمرهفرم صفحه8 ضلعی8 ضلعیجنس بندسیلیکونسیلیکونمشاهده همه ویژگی‌ها","","مشخصاتمناسب برایآقایان و بانوان سازگار با سیستم عاملAndroid iOS توضیحات سازگاریAndroid ۶.۰ به بالا و iOS ۱۱.۰ به بالا زبان‌های قابل پشتیبانی در اعلان و پیامانگلیسی نوع کاربریورزشی روزمره قابلیت‌های ساعت هوشمندکنترل موسیقی (Music Player) قابلیت تغییر طرح ساعت یا تم سایز قاب ساعت هوشمند۵۲ میلی‌متر ابعاد قاب۵۲.۸×۴۴.۷ میلی‌مترضخامت قاب۱۴.۳ میلی‌مترعرض قاب۴۴.۷ میلی‌متروزن۸۶.۴ گرمفرم صفحه۸ ضلعی قابلیت‌های مقاومتیمقاوم در برابر نفوذ آب مقاوم در برابر نفوذ گرد و غبار مقاوم در برابر خط و خش جنس بدنهپلی‌کربنات قابلیت تعویض بنددارد جنس بندسیلیکون نوع قفل بندسگکی ساده نوع صفحه نمایش اصلیAMOLED اندازه صفحه نمایش۲.۱۳ اینچتراکم پیکسلی صفحه نمایش۳۳۱ پیکسل بر اینچسایر مشخصات صفحه نمایشصفحه مقاوم در برابر خش با طراحی مقاوم سطح بالا (Gem-Grade Rugged Display) حسگرهای حرکتی و محیطیارتفاع سنج (Altimeter) فشار سنج (Barometer) گام‌شمار (Pedometer) امکانات ورزشیمحاسبه مسافت طی شده پشتیبانی از تمرینات مختلف ورزشی سنسورهای ورزشی و سلامتیشمارنده ضربان قلب سنجش اکسیژن خون اندازه‌گیری فشار خون سنجش سطح استرس سنجش کیفیت خواب نظارت بر سیکل ماهیانه بانوان نسخه بلوتوث۵.۳ اتصالاتBluetooth نوع باتریلیتیوم‌پلیمری ظرفیت باتری۸۵۰ میلی آمپر ساعتنحوه شارژ ساعت هوشمندکابل مغناطیسی مدت زمان شارژ شدن۲ ساعت قابلیت های ویژهاستاندارد نظامی MIL-STD-۸۱۰H / میزان مقاومت در برابر آب ۵ATM (تا عمق ۵۰ متر) اقلام همراهدفترچه‌راهنما / کابل شارژ","هایلو"
"1771408855-373","https://www.digikala.com/search/category-wearable-gadget/","ساعت هوشمند گلوریمی مدل K2 دارای قابلیت های صفحه نمایش رنگی و لمسی، کنترل سطح اکسیژن، بند سیلیکونی","۷,۰۰۰,۰۰۰","","","۴.۴","تنها ۲ عدد در انبار باقی مانده","","","","ساعت هوشمند گلوریمی مدل K2 دارای قابلیت های صفحه نمایش رنگی و لمسی، کنترل سطح اکسیژن، بند سیلیکونیتنها ۲ عدد در انبار باقی مانده
۴.۴۷,۰۰۰,۰۰۰","https://www.digikala.com/product/dkp-18478516/%D8%B3%D8%A7%D8%B9%D8%AA-%D9%87%D9%88%D8%B4%D9%85%D9%86%D8%AF-%DA%AF%D9%84%D9%88%D8%B1%DB%8C%D9%85%DB%8C-%D9%85%D8%AF%D9%84-k2-%D8%AF%D8%A7%D8%B1%D8%A7%DB%8C-%D9%82%D8%A7%D8%A8%D9%84%DB%8C%D8%AA-%D9%87%D8%A7%DB%8C-%D8%B5%D9%81%D8%AD%D9%87-%D9%86%D9%85%D8%A7%DB%8C%D8%B4-%D8%B1%D9%86%DA%AF%DB%8C-%D9%88-%D9%84%D9%85%D8%B3%DB%8C-%DA%A9%D9%86%D8%AA%D8%B1%D9%84-%D8%B3%D8%B7%D8%AD-%D8%A7%DA%A9%D8%B3%DB%8C%DA%98%D9%86-%D8%A8%D9%86%D8%AF-%D8%B3%DB%8C%D9%84%DB%8C%DA%A9%D9%88%D9%86%DB%8C/","۴.۴","۲۲ دیدگاه","عالی","ساعت هوشمند گلوریمی مدل K2 دارای قابلیت های صفحه نمایش رنگی و لمسی، کنترل سطح اکسیژن، بند سیلیکونی","۵,۹۰۰,۰۰۰","۹۲%","https://dkstatics-public.digikala.com/digikala-products/ad7307e1d6a078693567961e29356cf03eb7b9aa_1754240544.jpg?x-oss-process=image/resize,m_lfit,h_800,w_800/quality,q_90
https://dkstatics-public.digikala.com/digikala-products/4a11745e86a3e652788e870983e77bd9042e97e4_1740750482.jpg?x-oss-process=image/resize,m_lfit,h_800,w_800/quality,q_90
https://dkstatics-public.digikala.com/digikala-products/f65cbc37ed670c7bf4053e0525dba52ace78a0fa_1740750482.jpg?x-oss-process=image/resize,m_lfit,h_800,w_800/quality,q_90
https://dkstatics-public.digikala.com/digikala-products/ad7307e1d6a078693567961e29356cf03eb7b9aa_1754240544.jpg?x-oss-process=image/resize,m_lfit,h_800,w_800/quality,q_90","","مشکی","ویژگی‌هانوع کاربریورزشی، رسمی، روزمرهورزشی، رسمی، روزمرهفرم صفحهدایرهدایرهجنس بندسیلیکونسیلیکونمشاهده همه ویژگی‌ها","ساعت هوشمند گلوریمی مدل K2 با طراحی شیک و قابلیت‌های متنوع، یک انتخاب مناسب برای کاربران فعال و افرادی است که به دنبال دستگاهی با ویژگی‌های متناسب برای ورزش، استفاده روزمره و حتی موقعیت‌های رسمی هستند. این ساعت با بدنه فلزی و بند سیلیکونی قابل تعویض، راحتی و استحکام را با هم ترکیب می‌کند. صفحه نمایش ۱.۶ اینچی Ultra Clear AMOLED با رزولوشن ۴۸۰x۴۸۰ پیکسل، تجربه بصری فوق‌العاده‌ای را به ارمغان می‌آورد که در محیط‌های مختلف به‌ویژه زیر نور مستقیم خورشید، کیفیت بالایی دارد.
کلیه ای ...","مشخصاتنوع کاربریورزشی رسمی روزمره قابلیت‌های ساعت هوشمندصفحه نمایش لمسی صفحه نمایش رنگی کنترل سطح اکسیژن خون فرم صفحهدایره جنس بدنهفلز قابلیت تعویض بنددارد جنس بندسیلیکون نوع قفل بندسگکی ساده نوع صفحه نمایش اصلیUltra Clear AMOLED اندازه صفحه نمایش۱.۶ اینچ اینچرزولوشن صفحه نمایش۴۸۰x۴۸۰ پیکسل سایر مشخصات صفحه نمایشروشنایی صفحه نمایش تا ۱۳۵۰ نیت /
نرخ تازه سازی ۶۰ هرتزی /
دارای حالت صفحه نمایش همیشه روشن (Always on display) پردازنده۲ هسته‌ای حافظه داخلی۱ گیگابایت سایر مشخصات سخت افزاریامکان ذخیره سازی آهنگ و عکس /
شارژدهی باتری در حالت ذخیره انرژی تا ۲۰ روز - در استفاده معمولی تا ۵ روز /
دارای گواهی IP۶۸ /
نسخه بلوتوث ۵.۳ اتصالاتBluetooth ظرفیت باتری۳۶۰ میلی آمپر ساعتمدت زمان شارژ شدنتا ۲ ساعت اقلام همراهدفترچه راهنما","گلوریمی"
"1771408857-374","https://www.digikala.com/search/category-wearable-gadget/","ساعت هوشمند تی سی اچ مدل TCH Z40+ Tech Sense  دارای قابلیت های کنترل موسیقی (Music Player)، قابلیت مکالمه از طریق بلوتوث، پشتیبانی از زبان فارسی در منو و سیستم‌عامل، قابلیت تغییر طرح ساعت یا تم بند سیلیکون","۲,۸۰۰,۰۰۰","۲,۸۶۰,۰۰۰","۲٪","۴.۴","&nbsp;","","","","ساعت هوشمند تی سی اچ مدل TCH Z40+ Tech Sense  دارای قابلیت های کنترل موسیقی (Music Player)، قابلیت مکالمه از طریق بلوتوث، پشتیبانی از زبان فارسی در منو و سیستم‌عامل، قابلیت تغییر طرح ساعت یا تم بند سیلیکون&nbsp;
۴.۴۲٪۲,۸۰۰,۰۰۰۲,۸۶۰,۰۰۰","https://www.digikala.com/product/dkp-17015612/%D8%B3%D8%A7%D8%B9%D8%AA-%D9%87%D9%88%D8%B4%D9%85%D9%86%D8%AF-%D8%AA%DB%8C-%D8%B3%DB%8C-%D8%A7%DA%86-%D9%85%D8%AF%D9%84-tch-z40-tech-sense-%D8%AF%D8%A7%D8%B1%D8%A7%DB%8C-%D9%82%D8%A7%D8%A8%D9%84%DB%8C%D8%AA-%D9%87%D8%A7%DB%8C-%DA%A9%D9%86%D8%AA%D8%B1%D9%84-%D9%85%D9%88%D8%B3%DB%8C%D9%82%DB%8C-music-player-%D9%82%D8%A7%D8%A8%D9%84%DB%8C%D8%AA-%D9%85%DA%A9%D8%A7%D9%84%D9%85%D9%87-%D8%A7%D8%B2-%D8%B7%D8%B1%DB%8C%D9%82-%D8%A8%D9%84%D9%88%D8%AA%D9%88%D8%AB-%D9%BE%D8%B4%D8%AA%DB%8C%D8%A8%D8%A7%D9%86%DB%8C-%D8%A7%D8%B2-%D8%B2%D8%A8%D8%A7%D9%86-%D9%81%D8%A7%D8%B1%D8%B3%DB%8C-%D8%AF%D8%B1-%D9%85%D9%86%D9%88-%D9%88-%D8%B3%DB%8C%D8%B3%D8%AA%D9%85%D8%B9%D8%A7%D9%85%D9%84-%D9%82%D8%A7%D8%A8%D9%84%DB%8C%D8%AA-%D8%AA%D8%BA%DB%8C%DB%8C%D8%B1-%D8%B7%D8%B1%D8%AD-%D8%B3%D8%A7%D8%B9%D8%AA-%DB%8C%D8%A7-%D8%AA%D9%85-%D8%A8%D9%86%D8%AF-%D8%B3%DB%8C%D9%84%DB%8C%DA%A9%D9%88%D9%86/","۴.۴","۵۰ دیدگاه","عالی","ساعت هوشمند تی سی اچ مدل TCH Z40+ Tech Sense  دارای قابلیت های کنترل موسیقی (Music Player)، قابلیت مکالمه از طریق بلوتوث، پشتیبانی از زبان فارسی در منو و سیستم‌عامل، قابلیت تغییر طرح ساعت یا تم بند سیلیکون","۲,۸۰۰,۰۰۰","۸۷.۲%","https://dkstatics-public.digikala.com/digikala-products/063f2434583171164ea8027f5ef2bde41bb73b1b_1754237122.jpg?x-oss-process=image/resize,m_lfit,h_800,w_800/quality,q_90
https://dkstatics-public.digikala.com/digikala-products/063f2434583171164ea8027f5ef2bde41bb73b1b_1754237122.jpg?x-oss-process=image/resize,m_lfit,h_800,w_800/quality,q_90
https://dkstatics-public.digikala.com/digikala-products/30c663b9049508c21d0e09bf76c8ea243b334bb1_1728834162.jpg?x-oss-process=image/resize,m_lfit,h_800,w_800/quality,q_90
https://dkstatics-public.digikala.com/digikala-products/8287f3a38017e90b8a6550fa86a799363c0d2fb5_1728834162.jpg?x-oss-process=image/resize,m_lfit,h_800,w_800/quality,q_90
https://dkstatics-public.digikala.com/digikala-products/063f2434583171164ea8027f5ef2bde41bb73b1b_1754237122.jpg?x-oss-process=image/resize,m_lfit,h_800,w_800/quality,q_90","","مشکی","ویژگی‌هانوع کاربریروزمره، رسمی، ورزشیروزمره، رسمی، ورزشیفرم صفحهدایرهدایرهجنس بندسیلیکونسیلیکونمشاهده همه ویژگی‌ها","","مشخصاتمناسب برایآقایان و بانوان سازگار با سیستم عاملAndroid iOS توضیحات سازگاریاندروید ۵.۰ یا بالاتر، iOS ۹.۰ یا بالاتر زبان‌های قابل پشتیبانی در اعلان و پیامفارسی انگلیسی نوع کاربریروزمره رسمی ورزشی قابلیت‌های ساعت هوشمندکنترل موسیقی (Music Player) قابلیت مکالمه از طریق بلوتوث پشتیبانی از زبان فارسی در منو و سیستم‌عامل قابلیت تغییر طرح ساعت یا تم سایز قاب ساعت هوشمند۳۶ میلی‌متر وزن۳۲ گرمفرم صفحهدایره قابلیت‌های مقاومتیبدون قابلیت مقاومتی جنس بدنهآلیاژ روی قابلیت تعویض بنددارد توضیحات جنس بدنهقابلیت دریافت اعلانات و پیام‌ها -
پشتیبانی بیش از ۱۰۰ حالت ورزشی -
پشتیبانی از ۱۰ زبان -
برنامه اختصاصی DaFit 
 جنس بندسیلیکون نوع قفل بندسگکی ساده توضیحات رنگ بند و بدنهمقاومت در برار آب: IP۶۸ نوع صفحه نمایش اصلیAmoled اندازه صفحه نمایش۱.۴۳ اینچرزولوشن صفحه نمایش۴۶۶*۴۶۶ حسگرهای حرکتی و محیطیگام‌شمار (Pedometer) امکانات ورزشیپشتیبانی از تمرینات مختلف ورزشی محاسبه میزان کالری مصرفی سنسورهای ورزشی و سلامتیشمارنده ضربان قلب سنجش اکسیژن خون اندازه‌گیری فشار خون سنجش کیفیت خواب سنجش سطح استرس نظارت بر سیکل ماهیانه بانوان نسخه بلوتوث۵.۲ اتصالاتBluetooth ظرفیت باتری۳۰۰ میلی آمپر ساعتنحوه شارژ ساعت هوشمندکابل مغناطیسی توضیحات شارژدهیمدت زمان شارژدهی (عمر باتری): با توجه به استفاده کاربر ۵ تا ۷ روز","تی سی اچ"
"1771408860-375","https://www.digikala.com/search/category-wearable-gadget/","ساعت هوشمند مدل T1000ULTRA ORIG دارای قابلیت های صفحه نمایش لمسی، صفحه نمایش رنگی بند سیلیکون","۷۴۰,۰۰۰","","","۳.۷","تنها ۲ عدد در انبار باقی مانده","","","","ساعت هوشمند مدل T1000ULTRA ORIG دارای قابلیت های صفحه نمایش لمسی، صفحه نمایش رنگی بند سیلیکونتنها ۲ عدد در انبار باقی مانده
۳.۷۷۴۰,۰۰۰","https://www.digikala.com/product/dkp-15262218/%D8%B3%D8%A7%D8%B9%D8%AA-%D9%87%D9%88%D8%B4%D9%85%D9%86%D8%AF-%D9%85%D8%AF%D9%84-t1000ultra-orig-%D8%AF%D8%A7%D8%B1%D8%A7%DB%8C-%D9%82%D8%A7%D8%A8%D9%84%DB%8C%D8%AA-%D9%87%D8%A7%DB%8C-%D8%B5%D9%81%D8%AD%D9%87-%D9%86%D9%85%D8%A7%DB%8C%D8%B4-%D9%84%D9%85%D8%B3%DB%8C-%D8%B5%D9%81%D8%AD%D9%87-%D9%86%D9%85%D8%A7%DB%8C%D8%B4-%D8%B1%D9%86%DA%AF%DB%8C-%D8%A8%D9%86%D8%AF-%D8%B3%DB%8C%D9%84%DB%8C%DA%A9%D9%88%D9%86/","۳.۷","۲۶۲ دیدگاه","عالی","ساعت هوشمند مدل T1000ULTRA ORIG دارای قابلیت های صفحه نمایش لمسی، صفحه نمایش رنگی بند سیلیکون","۶۶۸,۰۰۰","","https://dkstatics-public.digikala.com/digikala-products/12de01f35f3373fb0fba1d9561c4d93519784ca0_1754254034.jpg?x-oss-process=image/resize,m_lfit,h_800,w_800/quality,q_90
https://dkstatics-public.digikala.com/digikala-products/e56186c17d60540a933cdb4ef56f9e077acba50d_1714062853.jpg?x-oss-process=image/resize,m_lfit,h_800,w_800/quality,q_90
https://dkstatics-public.digikala.com/digikala-products/40b094d041d2d84f9fd6575457678c0fc8121bc6_1714062853.jpg?x-oss-process=image/resize,m_lfit,h_800,w_800/quality,q_90
https://dkstatics-public.digikala.com/digikala-products/12de01f35f3373fb0fba1d9561c4d93519784ca0_1754254034.jpg?x-oss-process=image/resize,m_lfit,h_800,w_800/quality,q_90","","نارنجیمشکینارنجی فلورسنتمشکی براقسبز تیره","ویژگی‌هانوع کاربریورزشی، رسمی، روزمرهورزشی، رسمی، روزمرهفرم صفحهمربعمربعجنس بندسیلیکونسیلیکونمشاهده همه ویژگی‌ها","ساعت هوشمند مدل T1000ULTRA ORIG یک گزینه ایده‌آل برای آقایان و بانوان با سلیقه‌های متنوع است. این ساعت با طراحی مربعی و بدنه آلومینیومی، ظاهری مدرن و جذاب دارد که هم برای استفاده روزمره و هم برای موقعیت‌های رسمی مناسب است. بند سیلیکونی قابل تعویض آن با قفل سگکی ساده، راحتی و انعطاف‌پذیری را برای کاربران فراهم می‌کند.
این ساعت هوشمند با صفحه نمایش لمسی و رنگی ۲ اینچی، تجربه کاربری روان و جذابی ارائه می‌دهد. از جمله قابلیت‌های آن می‌توان به حسگرهای پیشرفته مانند شتاب‌سنج (Accel ...","مشخصاتمناسب برایآقایان و بانوان نوع کاربریورزشی رسمی روزمره قابلیت‌های ساعت هوشمندصفحه نمایش لمسی صفحه نمایش رنگی فرم صفحهمربع جنس بدنهآلومینیوم قابلیت تعویض بنددارد جنس بندسیلیکون نوع قفل بندسگکی ساده اندازه صفحه نمایش۲ اینچ اینچاتصالاتBluetooth نوع باتریلیتیوم یونی","متفرقه"
"1771408862-376","https://www.digikala.com/search/category-wearable-gadget/","ساعت هوشمند هوآوی مدل GT 4 46mm بند سیلیکونی","","","","۴.۶","&nbsp;","","","","ساعت هوشمند هوآوی مدل GT 4 46mm بند سیلیکونی&nbsp;
۴.۶ناموجود","https://www.digikala.com/product/dkp-14737663/%D8%B3%D8%A7%D8%B9%D8%AA-%D9%87%D9%88%D8%B4%D9%85%D9%86%D8%AF-%D9%87%D9%88%D8%A2%D9%88%DB%8C-%D9%85%D8%AF%D9%84-gt-4-46mm-%D8%A8%D9%86%D8%AF-%D8%B3%DB%8C%D9%84%DB%8C%DA%A9%D9%88%D9%86%DB%8C/","۴.۶","۳۵ دیدگاه","","","","","https://dkstatics-public.digikala.com/digikala-products/af8741a30fc78641eaeda32fc35bb687835551ae_1754253367.jpg?x-oss-process=image/resize,m_lfit,h_800,w_800/quality,q_90
https://dkstatics-public.digikala.com/digikala-products/af8741a30fc78641eaeda32fc35bb687835551ae_1754253367.jpg?x-oss-process=image/resize,m_lfit,h_800,w_800/quality,q_90
https://dkstatics-public.digikala.com/digikala-products/6a3f00c06b65f89777b583a948766ee4f91457f4_1709715618.jpg?x-oss-process=image/resize,m_lfit,h_800,w_800/quality,q_90
https://dkstatics-public.digikala.com/digikala-products/c94e96660947ba3ebf10d456492d4665d352a1e5_1709715619.jpg?x-oss-process=image/resize,m_lfit,h_800,w_800/quality,q_90
https://dkstatics-public.digikala.com/digikala-products/af8741a30fc78641eaeda32fc35bb687835551ae_1754253367.jpg?x-oss-process=image/resize,m_lfit,h_800,w_800/quality,q_90","","","ویژگی‌هانوع کاربریورزشی، رسمی، روزمرهورزشی، رسمی، روزمرهفرم صفحهدایرهدایرهجنس بندسیلیکونسیلیکونمشاهده همه ویژگی‌ها","ساعت‌های هوشمند هوآوی تا به امروز توانسته‌اند با بهره بردن از مشخصات فنی مناسب، عملکرد بسیار خوبی را از خود به‌نمایش بگذارند که هوآوی GT 4 46 mm یکی از آن‌ها است. طراحی در نظر گرفته شده برای این ساعت هوشمند، طراحی آشنایی است که در نسل قبلی هم شاهد آن بودیم اما این بار با تغییرات اندک، ظاهر جذاب‌تری را به خودش گرفته است. نکته جالب توجه مدل 46 میلی‌متری به نسبت مدل 41 میلی‌متری این است که سوای اختلاف اندازه صفحه‌نمایش و باتری در نظر گرفته شده، دو مدل از نظر طراحی هم تغییرات اند ...","مشخصاتمناسب برایآقایان و بانوان توضیحات سازگاریاندروید نسخه ۸.۰ و بالاتر / نسخه iOS ۱۳.۰ و بالاتر نوع کاربریورزشی رسمی روزمره قابلیت‌های ساعت هوشمندصفحه نمایش لمسی قابلیت مکالمه از طریق بلوتوث ابعاد قاب۴۶×۴۶×۱۰.۹ میلی‌مترضخامت قاب۴۶ میلی‌متروزن۴۸ گرمفرم صفحهدایره جنس بدنهفولاد ضدزنگ جنس بندسیلیکون نوع قفل بندسگکی ساده توضیحات رنگ بند و بدنهبند ترکیبی سیلیکون و پارچه با رنگ سبز نوع صفحه نمایش اصلیامولد  اندازه صفحه نمایش۱.۴۳ اینچرزولوشن صفحه نمایش۴۶۶×۴۶۶ تراکم پیکسلی صفحه نمایش۳۲۶ پیکسل بر اینچاتصالاتBluetooth NFC قابلیت های ویژهزمان آماده به‌کار ۱۴ روز در حالت استفاده سبک با هر بار شارژ صد درصدی / 
زمان آماده به‌کار ۸ روز در حالت استفاده معمولی با هر بار شارژ صد درصدی / 
زمان آماده به‌کار ۴ روز در حالت استفاده سنگین (فعال بودن قابلیت صفحه‌نمایش همواره روشن) با هر بار شارژ صد درصدی","هوآوی"
"1771408864-377","https://www.digikala.com/search/category-wearable-gadget/","ساعت هوشمند مدل T1000 ORIG دارای قابلیت های صفحه نمایش رنگی بند سیلیکون","۶۵۰,۰۰۰","","","۳.۶","&nbsp;","","","","ساعت هوشمند مدل T1000 ORIG دارای قابلیت های صفحه نمایش رنگی بند سیلیکون&nbsp;
۳.۶۶۵۰,۰۰۰","https://www.digikala.com/product/dkp-15314695/%D8%B3%D8%A7%D8%B9%D8%AA-%D9%87%D9%88%D8%B4%D9%85%D9%86%D8%AF-%D9%85%D8%AF%D9%84-t1000-orig-%D8%AF%D8%A7%D8%B1%D8%A7%DB%8C-%D9%82%D8%A7%D8%A8%D9%84%DB%8C%D8%AA-%D9%87%D8%A7%DB%8C-%D8%B5%D9%81%D8%AD%D9%87-%D9%86%D9%85%D8%A7%DB%8C%D8%B4-%D8%B1%D9%86%DA%AF%DB%8C-%D8%A8%D9%86%D8%AF-%D8%B3%DB%8C%D9%84%DB%8C%DA%A9%D9%88%D9%86/","۳.۶","۹۹ دیدگاه","ضعیف","ساعت هوشمند مدل T1000 ORIG دارای قابلیت های صفحه نمایش رنگی بند سیلیکون","۵۹۵,۰۰۰","","https://dkstatics-public.digikala.com/digikala-products/8ef6e572b230439261ab77d20e1d4f855814b995_1738580164.jpg?x-oss-process=image/resize,m_lfit,h_800,w_800/quality,q_90
https://dkstatics-public.digikala.com/digikala-products/3d7d03365f2921de28e92b12d88c014636f14f2f_1714470013.jpg?x-oss-process=image/resize,m_lfit,h_800,w_800/quality,q_90
https://dkstatics-public.digikala.com/digikala-products/e3580486995e94a28ad15d1cc6aa5051153fe61f_1714567853.jpg?x-oss-process=image/resize,m_lfit,h_800,w_800/quality,q_90","","نارنجی فلورسنتمشکینارنجیمشکی براقنارنجی فسفریسبز تیره","ویژگی‌هانوع کاربریورزشی، رسمی، روزمرهورزشی، رسمی، روزمرهفرم صفحهمستطیلمستطیلجنس بندسیلیکونسیلیکونمشاهده همه ویژگی‌ها","","مشخصاتنوع کاربریورزشی رسمی روزمره قابلیت‌های ساعت هوشمندصفحه نمایش رنگی فرم صفحهمستطیل جنس بدنهفلز قابلیت تعویض بندندارد جنس بندسیلیکون نوع قفل بندسگکی ساده توضیحات رنگ بند و بدنهsilicone اندازه صفحه نمایشنامشخص اینچ","متفرقه"
"1771408866-378","https://www.digikala.com/search/category-wearable-gadget/","ساعت هوشمند ۴۶ میلی متری اس ۲۰۰۰ مدل Promax با ۷ بند متنوع به همراه هدفون بلوتوثی","۳,۹۵۰,۰۰۰","","","۵","ارسال فروشنده","","","","ساعت هوشمند ۴۶ میلی متری اس ۲۰۰۰ مدل Promax با ۷ بند متنوع به همراه هدفون بلوتوثیارسال فروشنده
۵۳,۹۵۰,۰۰۰","https://www.digikala.com/product/dkp-21327335/%D8%B3%D8%A7%D8%B9%D8%AA-%D9%87%D9%88%D8%B4%D9%85%D9%86%D8%AF-%DB%B4%DB%B6-%D9%85%DB%8C%D9%84%DB%8C-%D9%85%D8%AA%D8%B1%DB%8C-%D8%A7%D8%B3-%DB%B2%DB%B0%DB%B0%DB%B0-%D9%85%D8%AF%D9%84-promax-%D8%A8%D8%A7-%DB%B7-%D8%A8%D9%86%D8%AF-%D9%85%D8%AA%D9%86%D9%88%D8%B9-%D8%A8%D9%87-%D9%87%D9%85%D8%B1%D8%A7%D9%87-%D9%87%D8%AF%D9%81%D9%88%D9%86-%D8%A8%D9%84%D9%88%D8%AA%D9%88%D8%AB%DB%8C/","۵","۲ دیدگاه","عالی","ساعت هوشمند ۴۶ میلی متری اس ۲۰۰۰ مدل Promax با ۷ بند متنوع به همراه هدفون بلوتوثی","۳,۹۵۰,۰۰۰","","https://dkstatics-public.digikala.com/digikala-products/ebfc08d059f5efc977b46440a4307c57bad83bf6_1769499539.jpg?x-oss-process=image/resize,m_lfit,h_800,w_800/quality,q_90
https://dkstatics-public.digikala.com/digikala-products/fb879b5cb156ef8039b6bd20b2309a9ef8e56635_1769445460.jpg?x-oss-process=image/resize,m_lfit,h_800,w_800/quality,q_90
https://dkstatics-public.digikala.com/digikala-products/c3984cb3af3777183bcee796aa1ca6fc1241e4ac_1769445480.jpg?x-oss-process=image/resize,m_lfit,h_800,w_800/quality,q_90
https://dkstatics-public.digikala.com/digikala-products/ebfc08d059f5efc977b46440a4307c57bad83bf6_1769499539.jpg?x-oss-process=image/resize,m_lfit,h_800,w_800/quality,q_90","","مشکینقره ای","ویژگی‌هانوع کاربریروزمره، رسمی، ورزشیروزمره، رسمی، ورزشیفرم صفحهمستطیلمستطیلجنس بندسیلیکونسیلیکونمشاهده همه ویژگی‌ها","","مشخصاتمناسب برایکاربری عمومی سازگار با سیستم عاملiOS Android توضیحات سازگاریسازگار با اندروید و iOS زبان‌های قابل پشتیبانی در اعلان و پیامعربی چینی انگلیسی فارسی هشدار هابرای شارژ، حتما از آداپتور ۱ آمپر استفاده شود. هرگز از فست شارژ و شارژ سریع برای شارژ کردن ساعت هوشمند استفاده نکنید. نوع کاربریروزمره رسمی ورزشی قابلیت‌های ساعت هوشمندکنترل موسیقی (Music Player) قابلیت مکالمه از طریق بلوتوث پشتیبانی از زبان فارسی در منو و سیستم‌عامل سایز قاب ساعت هوشمند۴۶ میلی‌متر وزن۴۰ گرمفرم صفحهمستطیل قابلیت‌های مقاومتیمقاوم در برابر نفوذ گرد و غبار جنس بدنهفلز قابلیت تعویض بنددارد جنس بندسیلیکون نوع قفل بندسگکی ساده اندازه صفحه نمایش۴۶ mm اینچحسگرهای حرکتی و محیطیپشتیبانی از فرمان‌های حرکتی سنسورهای ورزشی و سلامتیتشخیص حرکات دست نحوه شارژ ساعت هوشمندشارژ بی‌سیم اقلام همراه۷ بند سیلیکونی
هدفون بلوتوثی
کاور محافظ 
کابل وایرلس
دفترچه","متفرقه"
"1771408868-379","https://www.digikala.com/search/category-wearable-gadget/","ساعت هوشمند 46 میلی‌متری هیوامی مدل Alvin با بند سیلیکونی","۱,۹۹۰,۰۰۰","۲,۱۸۹,۰۰۰","۹٪","۵","تنها ۱ عدد در انبار باقی مانده","","","","ساعت هوشمند 46 میلی‌متری هیوامی مدل Alvin با بند سیلیکونیتنها ۱ عدد در انبار باقی مانده
۵۹٪۱,۹۹۰,۰۰۰۲,۱۸۹,۰۰۰","https://www.digikala.com/product/dkp-21311453/%D8%B3%D8%A7%D8%B9%D8%AA-%D9%87%D9%88%D8%B4%D9%85%D9%86%D8%AF-46-%D9%85%DB%8C%D9%84%DB%8C%D9%85%D8%AA%D8%B1%DB%8C-%D9%87%DB%8C%D9%88%D8%A7%D9%85%DB%8C-%D9%85%D8%AF%D9%84-alvin-%D8%A8%D8%A7-%D8%A8%D9%86%D8%AF-%D8%B3%DB%8C%D9%84%DB%8C%DA%A9%D9%88%D9%86%DB%8C/","۵","","عالی","ساعت هوشمند 46 میلی‌متری هیوامی مدل Alvin با بند سیلیکونی","۲,۱۸۹,۰۰۰","۱۰۰%","https://dkstatics-public.digikala.com/digikala-products/768b9a2b5e6807875b5479657e1c08dc4ad09c39_1769347554.jpg?x-oss-process=image/resize,m_lfit,h_800,w_800/quality,q_90
https://dkstatics-public.digikala.com/digikala-products/e57e297aa893c054e0a350603c5cb58cc1ead5ab_1769257268.jpg?x-oss-process=image/resize,m_lfit,h_800,w_800/quality,q_90
https://dkstatics-public.digikala.com/digikala-products/b9546b84652fd25b11b3dd6eeed0a716a0720cf8_1769257268.jpg?x-oss-process=image/resize,m_lfit,h_800,w_800/quality,q_90
https://dkstatics-public.digikala.com/digikala-products/768b9a2b5e6807875b5479657e1c08dc4ad09c39_1769347554.jpg?x-oss-process=image/resize,m_lfit,h_800,w_800/quality,q_90","","مشکی","ویژگی‌هانوع کاربریورزشی، روزمره، رسمیورزشی، روزمره، رسمیفرم صفحهمستطیلمستطیلجنس بندسیلیکونسیلیکونمشاهده همه ویژگی‌ها","ساعت هوشمند هیوامی مدل Alvin نسل جدید ساعت های هیوامی با ظاهر مینیمال و صفحه ی مستطیلی میباشد که به نسبت مدل های قبلی با این ظاهر پیشرفت های زیادی داشته است که از جمله ی آن میتوان به صفحه نمایش AMOLED، قابلیت دستیار هوشمند، سنسورهای سنجش سلامت، ارتفاع سنج، مختلف و ... اشاره کرد که در ادامه به آن ها از جنبه های مختلف میپردازیم.ساعت هوشمند هیوامی Alvin دارای یک صفحه نمایش 2.1 اینچی با پنل AMOLED از نوع رنگی است.رزولوشن تصویر این ساعت 420*486 پیکسل میباشد که با کمک سخت افزار قدر ...","مشخصاتمناسب برایآقایان و بانوان سازگار با سیستم عاملAndroid iOS توضیحات سازگاریios ۹ به بالا , Android ورژن ۵ به بالا نوع کاربریورزشی روزمره رسمی قابلیت‌های ساعت هوشمندکنترل موسیقی (Music Player) قابلیت مکالمه از طریق بلوتوث پشتیبانی از زبان فارسی در منو و سیستم‌عامل قابلیت تغییر طرح ساعت یا تم سایز قاب ساعت هوشمند۴۶ میلی‌متر وزن۴۱ گرمفرم صفحهمستطیل قابلیت‌های مقاومتیمقاوم در برابر نفوذ گرد و غبار مقاومت در برابر پاشش آب و گرد و غبار جنس بدنهآلیاژ روی قابلیت تعویض بنددارد جنس بندسیلیکون نوع قفل بندقفل مخفی اندازه صفحه نمایش۲.۱ اینچحسگرهای حرکتی و محیطیگام‌شمار (Pedometer) سنسورهای ورزشی و سلامتیشمارنده ضربان قلب سنجش اکسیژن خون سنجش کیفیت خواب اندازه‌گیری فشار خون تشخیص حرکات دست نحوه شارژ ساعت هوشمندکابل USB","هیوامی"
"1771408871-380","https://www.digikala.com/search/category-wearable-gadget/","ساعت هوشمند وستار مدل ULTRA 9","۱۱,۰۰۰,۰۰۰","","","۳.۲","&nbsp;","","","","ساعت هوشمند وستار مدل ULTRA 9&nbsp;
۳.۲۱۱,۰۰۰,۰۰۰","https://www.digikala.com/product/dkp-18020060/%D8%B3%D8%A7%D8%B9%D8%AA-%D9%87%D9%88%D8%B4%D9%85%D9%86%D8%AF-%D9%88%D8%B3%D8%AA%D8%A7%D8%B1-%D9%85%D8%AF%D9%84-ultra-9/","۳.۲","۱۱ دیدگاه","عالی","ساعت هوشمند وستار مدل ULTRA 9","۱۱,۰۰۰,۰۰۰","۱۰۰%","https://dkstatics-public.digikala.com/digikala-products/f3d4b1331dabd91bd7b729048c618d57d97891aa_1754239404.jpg?x-oss-process=image/resize,m_lfit,h_800,w_800/quality,q_90
https://dkstatics-public.digikala.com/digikala-products/10fb2a05b2cf563cf7f97aa220cc8f400998719d_1738747843.jpg?x-oss-process=image/resize,m_lfit,h_800,w_800/quality,q_90
https://dkstatics-public.digikala.com/digikala-products/95dc2afda278fe3a98b83b21fdc73ee89dc31c63_1736867838.jpg?x-oss-process=image/resize,m_lfit,h_800,w_800/quality,q_90
https://dkstatics-public.digikala.com/digikala-products/f3d4b1331dabd91bd7b729048c618d57d97891aa_1754239404.jpg?x-oss-process=image/resize,m_lfit,h_800,w_800/quality,q_90","","نارنجیمشکی","ویژگی‌هانوع کاربریورزشی، رسمی، روزمرهورزشی، رسمی، روزمرهفرم صفحهمربعمربعجنس بندسیلیکونسیلیکونمشاهده همه ویژگی‌ها","ساعت هوشمند وستار مدل ULTRA 9 با طراحی مدرن و کیفیت ساخت بالا، به‌عنوان یکی از پیشرفته‌ترین گزینه‌های موجود در بازار، تجربه‌ای متفاوت و بی‌نقص را برای کاربران به ارمغان می‌آورد. این ساعت با پردازنده قدرتمند X482 ، به‌راحتی تمامی عملیات را با سرعتی بالا و بدون هیچ تأخیری انجام می‌دهد و انتخابی ایده‌آل برای استفاده‌های روزمره، فعالیت‌های ورزشی و حتی کارهای حرفه‌ای است.

یکی از ویژگی‌های قابل‌توجه این مدل، پشتیبانی کامل از زبان فارسی است. این قابلیت امکان مشاهده اعلان‌ها، پیام‌ه ...","مشخصاتنوع کاربریورزشی رسمی روزمره قابلیت‌های ساعت هوشمندصفحه نمایش رنگی صفحه نمایش لمسی کنترل سطح اکسیژن خون قابلیت مکالمه مستقیم قابلیت مکالمه از طریق بلوتوث پشتیبانی از زبان فارسی در منو و سیستم‌عامل قابلیت تغییر طرح ساعت یا تم کنترل موسیقی (Music Player) فرم صفحهمربع جنس بدنهفلز قابلیت تعویض بنددارد جنس بندسیلیکون نوع قفل بندسگکی ساده اندازه صفحه نمایش۴۹mm اینچ","وستار"
"1771408873-381","https://www.digikala.com/search/category-wearable-gadget/","ساعت هوشمند 46 میلی متری گلوریمی مدل Loop با بند سیلیکونی","۵,۸۵۰,۰۰۰","","","۴.۴","تنها ۲ عدد در انبار باقی مانده","","","","ساعت هوشمند 46 میلی متری گلوریمی مدل Loop با بند سیلیکونیتنها ۲ عدد در انبار باقی مانده
۴.۴۵,۸۵۰,۰۰۰","https://www.digikala.com/product/dkp-20717460/%D8%B3%D8%A7%D8%B9%D8%AA-%D9%87%D9%88%D8%B4%D9%85%D9%86%D8%AF-46-%D9%85%DB%8C%D9%84%DB%8C-%D9%85%D8%AA%D8%B1%DB%8C-%DA%AF%D9%84%D9%88%D8%B1%DB%8C%D9%85%DB%8C-%D9%85%D8%AF%D9%84-loop-%D8%A8%D8%A7-%D8%A8%D9%86%D8%AF-%D8%B3%DB%8C%D9%84%DB%8C%DA%A9%D9%88%D9%86%DB%8C/","۴.۴","۲۴ دیدگاه","عالی","ساعت هوشمند 46 میلی متری گلوریمی مدل Loop با بند سیلیکونی","۵,۶۴۹,۰۰۰","۸۰%","https://dkstatics-public.digikala.com/digikala-products/3771808270d5e2ff4e3b14836eb6c88947fb63c6_1760878223.jpg?x-oss-process=image/resize,m_lfit,h_800,w_800/quality,q_90
https://dkstatics-public.digikala.com/digikala-products/65a98264a550670ffe36ff13c2e420eef11aeb69_1760878224.jpg?x-oss-process=image/resize,m_lfit,h_800,w_800/quality,q_90
https://dkstatics-public.digikala.com/digikala-products/a99c8cfb9946a1a946b96b46398c8e2c8333d42e_1760878224.jpg?x-oss-process=image/resize,m_lfit,h_800,w_800/quality,q_90
https://dkstatics-public.digikala.com/digikala-products/3771808270d5e2ff4e3b14836eb6c88947fb63c6_1760878223.jpg?x-oss-process=image/resize,m_lfit,h_800,w_800/quality,q_90","","قهوه ایمشکیسرمه ای","ویژگی‌هانوع کاربریورزشی، رسمی، روزمرهورزشی، رسمی، روزمرهفرم صفحهدایرهدایرهجنس بندسیلیکونسیلیکونمشاهده همه ویژگی‌ها","ساعت هوشمند گلوریمی مدل Loop، با سایز قاب ۴۶ میلی‌متری و فرم صفحه دایره‌ای، یک گجت پوشیدنی شیک است که برای کاربری‌های ورزشی، رسمی و روزمره آقایان و بانوان طراحی شده؛ بدنه این ساعت با ابعاد ۴۶.۴x۴۶.۴x۱۱.۶۵ میلی‌متر از جنس آلیاژ روی ساخته شده که در برابر نفوذ آب و گرد و غبار مقاومت دارد و بند آن از جنس سیلیکون با قفل سگکی ساده است و قابلیت تعویض بند دارد؛ در اقلام همراه این محصول دو عدد بند سیلیکونی و مگنتی ارائه می‌شود؛

صفحه نمایش این ساعت از نوع AMOLED با اندازه ۱.۴۳ اینچ اس ...","مشخصاتمناسب برایآقایان و بانوان سازگار با سیستم عاملAndroid iOS توضیحات سازگاریسازگار با گوشی‌های اندروید و iOS زبان‌های قابل پشتیبانی در اعلان و پیامفارسی انگلیسی چینی عربی نوع کاربریورزشی رسمی روزمره قابلیت‌های ساعت هوشمندکنترل موسیقی (Music Player) قابلیت مکالمه از طریق بلوتوث پشتیبانی از زبان فارسی در منو و سیستم‌عامل قابلیت تغییر طرح ساعت یا تم صفحه همیشه روشن (Always-on Display) سایز قاب ساعت هوشمند۴۶ میلی‌متر ابعاد قاب۴۶.۴x۴۶.۴x۱۱.۶۵ میلی‌مترضخامت قاب۱۱.۶۵ میلی‌مترعرض قاب۴۶.۴ میلی‌مترفرم صفحهدایره قابلیت‌های مقاومتیمقاوم در برابر نفوذ گرد و غبار مقاوم در برابر نفوذ آب جنس بدنهآلیاژ روی قابلیت تعویض بنددارد توضیحات جنس بدنهبدنه ساخته شده از آلیاژ روی جنس بندسیلیکون نوع قفل بندسگکی ساده توضیحات رنگ بند و بدنهدارای دو عدد بند سیلیکونی و مگنتی نوع صفحه نمایش اصلیAMOLED اندازه صفحه نمایش۱.۴۳ اینچروشنایی صفحه نمایش۱۳۵۰ نیتسایر مشخصات صفحه نمایشصفحه ۲.۵D، نرخ نوسازی ۶۰ هرتز، رزولوشن ۴۶۶x۴۶۶ پیکسل حسگرهای حرکتی و محیطیفشار سنج (Barometer) گام‌شمار (Pedometer) امکانات ورزشیپشتیبانی از تمرینات مختلف ورزشی سنسورهای ورزشی و سلامتیشمارنده ضربان قلب سنجش اکسیژن خون نسخه بلوتوث۵.۳ اتصالاتBluetooth ظرفیت باتری۳۶۰ میلی آمپر ساعتنحوه شارژ ساعت هوشمندکابل مغناطیسی اقلام همراهمحافظ صفحه نمایش - کابل شارژ مگنتی - دفترچه راهنما","گلوریمی"
"1771408875-382","https://www.digikala.com/search/category-wearable-gadget/","ساعت هوشمند ۴۹ میلی متری ویسمی مدل WISME-M1 با بند سیلیکونی به همراه هدفون","۱,۵۷۰,۰۰۰","۲,۲۰۰,۰۰۰","۲۹٪","۴.۴","تنها ۲ عدد در انبار باقی مانده","","","","ساعت هوشمند ۴۹ میلی متری ویسمی مدل WISME-M1 با بند سیلیکونی به همراه هدفونتنها ۲ عدد در انبار باقی مانده
۴.۴۲۹٪۱,۵۷۰,۰۰۰۲,۲۰۰,۰۰۰","https://www.digikala.com/product/dkp-21075638/%D8%B3%D8%A7%D8%B9%D8%AA-%D9%87%D9%88%D8%B4%D9%85%D9%86%D8%AF-%DB%B4%DB%B9-%D9%85%DB%8C%D9%84%DB%8C-%D9%85%D8%AA%D8%B1%DB%8C-%D9%88%DB%8C%D8%B3%D9%85%DB%8C-%D9%85%D8%AF%D9%84-wisme-m1-%D8%A8%D8%A7-%D8%A8%D9%86%D8%AF-%D8%B3%DB%8C%D9%84%DB%8C%DA%A9%D9%88%D9%86%DB%8C-%D8%A8%D9%87-%D9%87%D9%85%D8%B1%D8%A7%D9%87-%D9%87%D8%AF%D9%81%D9%88%D9%86/","۴.۴","۶ دیدگاه","عالی","ساعت هوشمند ۴۹ میلی متری ویسمی مدل WISME-M1 با بند سیلیکونی به همراه هدفون","۲,۲۰۰,۰۰۰","۶۰%","https://dkstatics-public.digikala.com/digikala-products/1d490cfada71d201ee88735fdcbaa227b8edbfee_1765465810.jpg?x-oss-process=image/resize,m_lfit,h_800,w_800/quality,q_90
https://dkstatics-public.digikala.com/digikala-products/b1d9112ae66ea26726cf4de6bd08a06807d6fdb5_1765465823.jpg?x-oss-process=image/resize,m_lfit,h_800,w_800/quality,q_90
https://dkstatics-public.digikala.com/digikala-products/20e14a234683979195107b091ba2e7878fe5624f_1765465825.jpg?x-oss-process=image/resize,m_lfit,h_800,w_800/quality,q_90
https://dkstatics-public.digikala.com/digikala-products/1d490cfada71d201ee88735fdcbaa227b8edbfee_1765465810.jpg?x-oss-process=image/resize,m_lfit,h_800,w_800/quality,q_90","","نقره ایمشکیآفتابیمشکی براقطلایی","ویژگی‌هانوع کاربریرسمی، ورزشی، روزمرهرسمی، ورزشی، روزمرهفرم صفحهمستطیلمستطیلجنس بندسیلیکونسیلیکونمشاهده همه ویژگی‌ها","ساعت هوشمند WISME-M1 مناسب برای آقایان و بانوان با کاربری روزمره، رسمی و ورزشی است. این ساعت دارای صفحه نمایش لمسی رنگی، سیستم‌ عامل Watch OS، و سازگار با اندروید و iOS می‌باشد. مجهز به سنسورهای سلامت (ضربان قلب، اکسیژن خون، فشار خون، پایش خواب و…)، قابلیت مکالمه مستقیم و بلوتوثی، پشتیبانی از منو و اعلان فارسی، میکروفون و ضبط صدا، NFC و بلوتوث و رمزگذاری اختصاصی. همراه با ۵ بند متنوع، ایرپاد  و شارژر وایرلسی","مشخصاتمناسب برایآقایان و بانوان سازگار با سیستم عاملAndroid iOS توضیحات سازگاریANDROID 
IOS زبان‌های قابل پشتیبانی در اعلان و پیامفارسی انگلیسی چینی عربی نوع کاربریرسمی ورزشی روزمره قابلیت‌های ساعت هوشمندکنترل موسیقی (Music Player) قابلیت مکالمه از طریق بلوتوث پشتیبانی از زبان فارسی در منو و سیستم‌عامل قابلیت تغییر طرح ساعت یا تم صفحه همیشه روشن (Always-on Display) سایز قاب ساعت هوشمند۴۹ میلی‌متر وزن۳۰ گرمفرم صفحهمستطیل قابلیت‌های مقاومتیمقاوم در برابر نفوذ گرد و غبار مقاوم در برابر سرما مقاوم در برابر لرزش مقاومت در برابر پاشش آب و گرد و غبار جنس بدنهآلومینیوم قابلیت تعویض بنددارد جنس بندسیلیکون نوع قفل بندقفل مخفی اندازه صفحه نمایش۲ اینچحسگرهای حرکتی و محیطیشتاب سنج (Accelerometer) ژیروسکوپ (Gyroscope) فشار سنج (Barometer) ارتفاع سنج (Altimeter) گام‌شمار (Pedometer) امکانات ورزشیپشتیبانی از تمرینات مختلف ورزشی محاسبه میزان کالری مصرفی محاسبه مسافت طی شده سنسورهای ورزشی و سلامتیشمارنده ضربان قلب سنجش کیفیت خواب سنجش سطح استرس اندازه‌گیری فشار خون سیستم عاملWatchOS اتصالاتBluetooth NFC نحوه شارژ ساعت هوشمندشارژ بی‌سیم قابلیت های ویژهصفحه نمایش لمسی
صفحه نمایش رنگی
پشتیبانی از زبان فارسی
تغییر حالت‌ واچ‌ فیس‌
اضافه کردن پس‌ زمینه‌
نمایش اعلان ها
قابلیت تعویض بند
دارای قفل بند (پین بند)
نمایشگر همیشه روشن
اتصالات بلوتوث و NFC
مکالمه از طریق بلوتوث
قابلیت مکالمه مستقیم
قابلیت پخش و کنترل موسیقی
پردازنده ۲ هسته ای
دارای میکروفون و قابلیت ضبط صدا
روشن شدن با بالا آوردن دست
کنترل دوربین گوشی
کورنومتر، تایمر، ماشین حساب
رمزگذاری روی ساعت اقلام همراهدفترچه راهنما، کابل شارژ وایرلس، ایرپاد، ۵ عدد بند","ویسمی"
"1771408877-383","https://www.digikala.com/search/category-wearable-gadget/","ساعت هوشمند 42 میلی متری اپل مدل Series 11 Aluminum Case با بند سیلیکونی","۵۶,۴۶۰,۰۰۰","","","۴.۷","ارسال فروشنده","","","","ساعت هوشمند 42 میلی متری اپل مدل Series 11 Aluminum Case با بند سیلیکونیارسال فروشنده
۴.۷۵۶,۴۶۰,۰۰۰","https://www.digikala.com/product/dkp-20550201/%D8%B3%D8%A7%D8%B9%D8%AA-%D9%87%D9%88%D8%B4%D9%85%D9%86%D8%AF-42-%D9%85%DB%8C%D9%84%DB%8C-%D9%85%D8%AA%D8%B1%DB%8C-%D8%A7%D9%BE%D9%84-%D9%85%D8%AF%D9%84-series-11-aluminum-case-%D8%A8%D8%A7-%D8%A8%D9%86%D8%AF-%D8%B3%DB%8C%D9%84%DB%8C%DA%A9%D9%88%D9%86%DB%8C/","۴.۷","۲۹ دیدگاه","عالی","ساعت هوشمند 42 میلی متری اپل مدل Series 11 Aluminum Case با بند سیلیکونی","۶۷,۲۰۶,۴۰۰","","https://dkstatics-public.digikala.com/digikala-products/a6cb33395a13dda38514ac7274a041a681ae3ab8_1764512787.jpg?x-oss-process=image/resize,m_lfit,h_800,w_800/quality,q_90
https://dkstatics-public.digikala.com/digikala-products/a6cb33395a13dda38514ac7274a041a681ae3ab8_1764512787.jpg?x-oss-process=image/resize,m_lfit,h_800,w_800/quality,q_90
https://dkstatics-public.digikala.com/digikala-products/cdbccc24115b87ee04d3f78bae153f1b219ef9a2_1759064153.jpg?x-oss-process=image/resize,m_lfit,h_800,w_800/quality,q_90
https://dkstatics-public.digikala.com/digikala-products/8eec1300d55016f63be3a13d9aacc3584cb0def9_1759064153.jpg?x-oss-process=image/resize,m_lfit,h_800,w_800/quality,q_90
https://dkstatics-public.digikala.com/digikala-products/a6cb33395a13dda38514ac7274a041a681ae3ab8_1764512787.jpg?x-oss-process=image/resize,m_lfit,h_800,w_800/quality,q_90","","مشکیرز گلدخاکسترینقره ای","ویژگی‌هانوع کاربریورزشی، روزمرهورزشی، روزمرهفرم صفحهمستطیلمستطیلجنس بندسیلیکونسیلیکونمشاهده همه ویژگی‌ها","اپل واچ سری ۱۱ آلومینیومی جدیدترین نسل از ساعت‌های هوشمند اپل است که با تمرکز بر تکامل هوشمندانه، تجربه‌ای کامل‌تر، دقیق‌تر و پایدارتر را برای کاربران آیفون فراهم می‌کند. این مدل با حفظ زبان طراحی مینیمال اپل، در دو اندازه ۴۲ و ۴۶ میلی‌متری عرضه شده و به لطف حاشیه‌های باریک‌تر، فضای نمایشی بزرگ‌تری را بدون افزایش محسوس ابعاد در اختیار کاربر قرار می‌دهد. بدنه آلومینیومی سبک با پوشش مات، علاوه بر زیبایی، حس راحتی بالایی در استفاده روزمره و حتی هنگام خواب ایجاد می‌کند.
نمایشگر W ...","مشخصاتمناسب برایآقایان و بانوان سازگار با سیستم عاملiOS توضیحات سازگارینیاز به iPhone ۱۱ یا بعدتر با iOS ۲۶ یا جدیدتر زبان‌های قابل پشتیبانی در اعلان و پیامفارسی انگلیسی هشدار هاویژگی‌های ECG (نوار قلب)، تشخیص سقوط، سنجش اکسیژن خون درون کشور فعال نیست. نوع کاربریورزشی روزمره قابلیت‌های ساعت هوشمندکنترل موسیقی (Music Player) قابلیت مکالمه از طریق بلوتوث قابلیت تغییر طرح ساعت یا تم صفحه همیشه روشن (Always-on Display) پشتیبانی از دستیار صوتی قابلیت نصب اپلیکیشن تشخیص سقوط تشخیص تصادف سایز قاب ساعت هوشمند۴۲ میلی‌متر ابعاد قاب۴۲x۳۶x۹.۷ میلی‌مترضخامت قاب۹.۷ میلی‌مترتکنولوژی‌های مکان‌یابی (GPS)GPS QZSS GALILEO Beidou|BDS عرض قاب۴۲ میلی‌متروزن۳۰.۳ گرمفرم صفحهمستطیل قابلیت‌های مقاومتیمقاوم در برابر نفوذ آب مقاوم در برابر ضربه جنس شیشهIon-X Glass جنس بدنهآلومینیوم قابلیت تعویض بنددارد توضیحات جنس بدنهآلومینیوم بازیافتی جنس بندسیلیکون نوع قفل بندسگکی ساده نوع صفحه نمایش اصلیLTPO OLED اندازه صفحه نمایش۱.۶۵ اینچرزولوشن صفحه نمایش۴۴۶x۳۷۴ روشنایی صفحه نمایش۲۰۰۰ نیتتراکم پیکسلی صفحه نمایش۳۲۶ پیکسل بر اینچسایر مشخصات صفحه نمایشنمایشگر Always-On Retina با OLED و LTPO۳ ؛ شیشه جلویی Ion-X با پوشش ضد خش ۲ برابری نسبت به سری ۱۰ حسگرهای حرکتی و محیطیشتاب سنج (Accelerometer) ژیروسکوپ (Gyroscope) دماسنج (Thermometer) گام‌شمار (Pedometer) ارتفاع سنج (Altimeter) پشتیبانی از فرمان‌های حرکتی فشار سنج (Barometer) تشخیص نور محیط امکانات ورزشیمحاسبه مسافت طی شده امکان ارائه برنامه تمرینی محاسبه میزان کالری مصرفی تشخیص هوشمند نوع رشته ورزشی پشتیبانی از تمرینات مختلف ورزشی سنسورهای ورزشی و سلامتیشمارنده ضربان قلب سنجش دمای بدن سنجش اکسیژن خون تشخیص حرکات دست نوار قلب (الکتروکاردیوگرام) سنجش سطح استرس سنجش کیفیت خواب اندازه‌گیری فشار خون نظارت بر سیکل ماهیانه بانوان سیستم عاملWatchOS پردازندهApple S۱۰ Chip ۶۴-bit حافظه داخلی۶۴ نسخه بلوتوث۵.۳ اتصالاتBluetooth نوع باتریلیتیون یون نحوه شارژ ساعت هوشمندکابل مغناطیسی مدت زمان شارژ شدناز ۰ تا ۸۰ در ۳۰ دقیقه قابلیت های ویژهبرنامه‌های سلامت: ECG، Blood Oxygen، برنامه دارو، Sleep stages و امتیاز خواب، هشدار ضربان بالا/پایین، هشدار ریتم نامنظم، برنامه چرخه قاعدگی با تخمین تخمک‌گذاری مجدد، نظارت بر سلامت محیطی (صدای محیط)، صفحه نمایش با روشنایی بسیار بالا، حسگر دما و سنسور دمای آب، مقاومت IP۶X در برابر گرد و غبار، امکانات ایمنی مانند تشخیص تصادف، برنامه دارویی، نظارت بر فشار خون (اعلان فشار بالا) توضیحات شارژدهیاستفاده روزمره تا ۲۴ ساعت؛ حالت کم‌مصرف تا ۳۸ ساعت ‎","اپل"
"1771408879-384","https://www.digikala.com/search/category-wearable-gadget/","ساعت هوشمند دبلیو اِس مدل WS-X10 دارای قابلیت های صفحه همیشه روشن (Always-on Display)، کنترل موسیقی (Music Player) بند سیلیکون","۸۸۵,۰۴۰","","","۳.۸","&nbsp;","","","","ساعت هوشمند دبلیو اِس مدل WS-X10 دارای قابلیت های صفحه همیشه روشن (Always-on Display)، کنترل موسیقی (Music Player) بند سیلیکون&nbsp;
۳.۸۸۸۵,۰۴۰","https://www.digikala.com/product/dkp-17198303/%D8%B3%D8%A7%D8%B9%D8%AA-%D9%87%D9%88%D8%B4%D9%85%D9%86%D8%AF-%D8%AF%D8%A8%D9%84%DB%8C%D9%88-%D8%A7%D8%B3-%D9%85%D8%AF%D9%84-ws-x10-%D8%AF%D8%A7%D8%B1%D8%A7%DB%8C-%D9%82%D8%A7%D8%A8%D9%84%DB%8C%D8%AA-%D9%87%D8%A7%DB%8C-%D8%B5%D9%81%D8%AD%D9%87-%D9%87%D9%85%DB%8C%D8%B4%D9%87-%D8%B1%D9%88%D8%B4%D9%86-always-on-display-%DA%A9%D9%86%D8%AA%D8%B1%D9%84-%D9%85%D9%88%D8%B3%DB%8C%D9%82%DB%8C-music-player-%D8%A8%D9%86%D8%AF-%D8%B3%DB%8C%D9%84%DB%8C%DA%A9%D9%88%D9%86/","۳.۸","۷۱ دیدگاه","خوب","ساعت هوشمند دبلیو اِس مدل WS-X10 دارای قابلیت های صفحه همیشه روشن (Always-on Display)، کنترل موسیقی (Music Player) بند سیلیکون","۸۳۳,۸۴۰","۷۳.۴%","https://dkstatics-public.digikala.com/digikala-products/1e8fc293b5505e01c343c9038e8ac6e8fd27bd1b_1754237391.jpg?x-oss-process=image/resize,m_lfit,h_800,w_800/quality,q_90
https://dkstatics-public.digikala.com/digikala-products/1e8fc293b5505e01c343c9038e8ac6e8fd27bd1b_1754237391.jpg?x-oss-process=image/resize,m_lfit,h_800,w_800/quality,q_90
https://dkstatics-public.digikala.com/digikala-products/029597e5e50b5f856ac26bd0eea38fc7e8833b03_1730197559.jpg?x-oss-process=image/resize,m_lfit,h_800,w_800/quality,q_90
https://dkstatics-public.digikala.com/digikala-products/4278c5ce6467e0f10f85f1df115b995bcbc37996_1730197561.jpg?x-oss-process=image/resize,m_lfit,h_800,w_800/quality,q_90
https://dkstatics-public.digikala.com/digikala-products/1e8fc293b5505e01c343c9038e8ac6e8fd27bd1b_1754237391.jpg?x-oss-process=image/resize,m_lfit,h_800,w_800/quality,q_90","","مشکیطلاییطلایی مات","ویژگی‌هانوع کاربریورزشی، روزمرهورزشی، روزمرهفرم صفحهمستطیلمستطیلجنس بندسیلیکونسیلیکونمشاهده همه ویژگی‌ها","ساعت هوشمند مدل WS-X10 از برند دبلیو اِس، با طراحی ساده و عملکرد قدرتمند، گزینه‌ای مناسب برای آقایان و بانوان است که عنوان ابزاری روزمره و ورزشی استفاده می‌شود. بدنه‌ی ساعت که از آلومینیوم ساخته شده، نه تنها به آن ظاهری خوش‌چشم می‌دهد بلکه مقاومت بالایی در برابر شرایط مختلف زندگی روزمره نیز فراهم می‌آورد. بند ساعت که از سیلیکون تولید شده، راحتی استفاده را برای کاربران افزایش می‌دهد و امکان تعویض آن با انواع دیگر بند‌ها را نیز فراهم می‌کند.

صفحه نمایش لمسی و رنگی این ساعت با  ...","مشخصاتمناسب برایآقایان و بانوان سازگار با سیستم عاملAndroid توضیحات سازگاریسازگار با انواع مختلف گوشی‌های هوشمند زبان‌های قابل پشتیبانی در اعلان و پیامفارسی انگلیسی نوع کاربریورزشی روزمره قابلیت‌های ساعت هوشمندصفحه همیشه روشن (Always-on Display) کنترل موسیقی (Music Player) سایز قاب ساعت هوشمند۴۹ میلی‌متر وزن۷۰ گرمفرم صفحهمستطیل جنس بدنهآلومینیوم قابلیت تعویض بنددارد جنس بندسیلیکون نوع قفل بندسگکی ساده اندازه صفحه نمایش۲ اینچحسگرهای حرکتی و محیطیژیروسکوپ (Gyroscope) شتاب سنج (Accelerometer) سنسورهای ورزشی و سلامتیشمارنده ضربان قلب سنجش اکسیژن خون اتصالاتBluetooth نوع باتریلیتیوم-یون نحوه شارژ ساعت هوشمندکابل مغناطیسی شارژ بی‌سیم اقلام همراهکابل شارژ /
بند سیلیکونی","دبلیو اِس"
"1771408881-385","https://www.digikala.com/search/category-wearable-gadget/","ساعت هوشمند 46 میلی متری هیوامی مدل Basil با بند سیلیکونی","۱,۸۹۰,۰۰۰","۲,۲۸۹,۰۰۰","۱۷٪","","تنها ۲ عدد در انبار باقی مانده","","","","ساعت هوشمند 46 میلی متری هیوامی مدل Basil با بند سیلیکونیتنها ۲ عدد در انبار باقی مانده
۱۷٪۱,۸۹۰,۰۰۰۲,۲۸۹,۰۰۰","https://www.digikala.com/product/dkp-19690505/%D8%B3%D8%A7%D8%B9%D8%AA-%D9%87%D9%88%D8%B4%D9%85%D9%86%D8%AF-46-%D9%85%DB%8C%D9%84%DB%8C-%D9%85%D8%AA%D8%B1%DB%8C-%D9%87%DB%8C%D9%88%D8%A7%D9%85%DB%8C-%D9%85%D8%AF%D9%84-basil-%D8%A8%D8%A7-%D8%A8%D9%86%D8%AF-%D8%B3%DB%8C%D9%84%DB%8C%DA%A9%D9%88%D9%86%DB%8C/","","۴ دیدگاه","عالی","ساعت هوشمند 46 میلی متری هیوامی مدل Basil با بند سیلیکونی","۱,۸۹۰,۰۰۰","","https://dkstatics-public.digikala.com/digikala-products/e9c274e3d379108fd5cbcb78adbb275ef0231ca7_1752407390.jpg?x-oss-process=image/resize,m_lfit,h_800,w_800/quality,q_90
https://dkstatics-public.digikala.com/digikala-products/b31c02d754c7228a6b10f0d674d77b927a27ecf4_1751462427.jpg?x-oss-process=image/resize,m_lfit,h_800,w_800/quality,q_90
https://dkstatics-public.digikala.com/digikala-products/635eedc194db2f0132eb1575675069fbd05f2998_1751462310.jpg?x-oss-process=image/resize,m_lfit,h_800,w_800/quality,q_90
https://dkstatics-public.digikala.com/digikala-products/e9c274e3d379108fd5cbcb78adbb275ef0231ca7_1752407390.jpg?x-oss-process=image/resize,m_lfit,h_800,w_800/quality,q_90","","سبز تیرهمشکی","ویژگی‌هانوع کاربریورزشی، رسمی، روزمرهورزشی، رسمی، روزمرهفرم صفحهمستطیلمستطیلجنس بندسیلیکونسیلیکونمشاهده همه ویژگی‌ها","ساعت هوشمند هیوامی Basil یکی از جدیدترین ساعت های هوشمند هیوامی است که با طراحی زیبا و قابلیت های منحصر به فرد در رنگ مشکی توانسته است توجه بسیاری از افراد را به خود جلب کند. این ساعت هوشمند دارای صفحه نمایش با فرم مستطیل 2.1 اینچ AMOLED، رزولوشن 420*486 پیکسل و لمس روان است.  
برخی از ویژگی‌های ساعت هوشمند هیوامی Basil عبارتند از  قابلیت مکالمه و بلوتوث کال، سنسورهای سنجش سلامتی، نمایش اعلان و پیام، امکان پخش موسیقی و کنترل پخش موسیقی در گوشی، فعالیت های ورزشی متنوع، مقاوم د ...","مشخصاتمناسب برایآقایان و بانوان سازگار با سیستم عاملAndroid iOS توضیحات سازگاریسازگار با 
ios ۹ به بالا
Android ورژن ۵ به بالا زبان‌های قابل پشتیبانی در اعلان و پیامفارسی انگلیسی چینی هشدار هابرای اولین بار ساعت را به مدت ۳ ساعت به شارژ بزنید - هرگز برای شارژ کردن ساعت از فست شارژ ها استفاده نکنید و حتما از آداپتور های زیر ۱ آمپر استفاده کنید چون در طول زمان باعث آسیب دیدن ساعت می شود - برای جلوگیری از اتصالات و خراب شدن شارژر بعد از اتمام شارژ، کابل شارژر را کاملا از برق جدا کنید - ساعت را برای مدت طولانی مقابل تابش مستقیم نور خورشید و فضای خیلی گرم قرار ندهید. نوع کاربریورزشی رسمی روزمره قابلیت‌های ساعت هوشمندکنترل موسیقی (Music Player) قابلیت مکالمه از طریق بلوتوث قابلیت تغییر طرح ساعت یا تم پشتیبانی از زبان فارسی در منو و سیستم‌عامل پشتیبانی از دستیار صوتی سایز قاب ساعت هوشمند۴۵ میلی‌متر فرم صفحهمستطیل قابلیت‌های مقاومتیمقاوم در برابر نفوذ گرد و غبار مقاومت در برابر پاشش آب و گرد و غبار جنس بدنهآلیاژ روی قابلیت تعویض بنددارد توضیحات جنس بدنهآلیاژ روی جنس بندسیلیکون نوع قفل بندقفل مخفی نوع صفحه نمایش اصلیAMOLED اندازه صفحه نمایش۲.۱ اینچ اینچسایر مشخصات صفحه نمایشصفحه نمایش با فرم مستطیل ۲.۱ اینچ AMOLED، رزولوشن ۴۲۰*۴۸۶ پیکسل و لمس روان حسگرهای حرکتی و محیطیگام‌شمار (Pedometer) ارتفاع سنج (Altimeter) امکانات ورزشیمحاسبه میزان کالری مصرفی پشتیبانی از تمرینات مختلف ورزشی سنسورهای ورزشی و سلامتیشمارنده ضربان قلب سنجش اکسیژن خون تشخیص حرکات دست نظارت بر سیکل ماهیانه بانوان اندازه‌گیری فشار خون سنجش کیفیت خواب سیستم عاملبدون سیستم عامل حافظه داخلیندارد نسخه بلوتوثنسخه ۵.۲ توضیحات دوربینندارد اتصالاتBluetooth نوع باتریلیتیوم پلیمری ظرفیت باتری۲۵۰ میلی آمپر ساعتنحوه شارژ ساعت هوشمندکابل مغناطیسی مدت زمان شارژ شدن۶۰ الی ۹۰ دقیقه قابلیت های ویژهارتفاع و فشار سنج اقلام همراهبند اضافه  -دفترچه راهنما فارسی و انگلیسی -کابل شارژر","هیوامی"
"1771408884-386","https://www.digikala.com/search/category-wearable-gadget/","ساعت هوشمند 46 میلی‌متری شیائومی مدل Smart Band 9 Active، کنترل موسیقی، کنترل سطح اکسیژن خون، شمارش ضربان قلب، پایش وضعیت خواب، با بند پلاستیکی","۳,۳۵۰,۰۰۰","","","۴.۳","&nbsp;","","https://dkstatics-public.digikala.com/digikala-products/85a986705252548e703d11a1e135653543d41162_1747411553.jpg?x-oss-process=image/resize,m_lfit,h_300,w_300/quality,q_80","","ساعت هوشمند 46 میلی‌متری شیائومی مدل Smart Band 9 Active، کنترل موسیقی، کنترل سطح اکسیژن خون، شمارش ضربان قلب، پایش وضعیت خواب، با بند پلاستیکی&nbsp;
۴.۳۳,۳۵۰,۰۰۰","https://www.digikala.com/product/dkp-17681122/%D8%B3%D8%A7%D8%B9%D8%AA-%D9%87%D9%88%D8%B4%D9%85%D9%86%D8%AF-46-%D9%85%DB%8C%D9%84%DB%8C%D9%85%D8%AA%D8%B1%DB%8C-%D8%B4%DB%8C%D8%A7%D8%A6%D9%88%D9%85%DB%8C-%D9%85%D8%AF%D9%84-smart-band-9-active-%DA%A9%D9%86%D8%AA%D8%B1%D9%84-%D9%85%D9%88%D8%B3%DB%8C%D9%82%DB%8C-%DA%A9%D9%86%D8%AA%D8%B1%D9%84-%D8%B3%D8%B7%D8%AD-%D8%A7%DA%A9%D8%B3%DB%8C%DA%98%D9%86-%D8%AE%D9%88%D9%86-%D8%B4%D9%85%D8%A7%D8%B1%D8%B4-%D8%B6%D8%B1%D8%A8%D8%A7%D9%86-%D9%82%D9%84%D8%A8-%D9%BE%D8%A7%DB%8C%D8%B4-%D9%88%D8%B6%D8%B9%DB%8C%D8%AA-%D8%AE%D9%88%D8%A7%D8%A8-%D8%A8%D8%A7-%D8%A8%D9%86%D8%AF-%D9%BE%D9%84%D8%A7%D8%B3%D8%AA%DB%8C%DA%A9%DB%8C/","۴.۳","۱۸۲ دیدگاه","عالی","ساعت هوشمند 46 میلی‌متری شیائومی مدل Smart Band 9 Active، کنترل موسیقی، کنترل سطح اکسیژن خون، شمارش ضربان قلب، پایش وضعیت خواب، با بند پلاستیکی","۳,۴۰۰,۰۰۰","۱۰۰%","https://dkstatics-public.digikala.com/digikala-products/85a986705252548e703d11a1e135653543d41162_1747411553.jpg?x-oss-process=image/resize,m_lfit,h_800,w_800/quality,q_90
https://dkstatics-public.digikala.com/digikala-products/85a986705252548e703d11a1e135653543d41162_1747411553.jpg?x-oss-process=image/resize,m_lfit,h_800,w_800/quality,q_90
https://dkstatics-public.digikala.com/digikala-products/f92bda26708dba2eac856c72cea309bb099c7fe5_1733903101.jpg?x-oss-process=image/resize,m_lfit,h_800,w_800/quality,q_90
https://dkstatics-public.digikala.com/digikala-products/10bcd8ed3e855e9ac8ef39ceb0a14b98b7f6ed8f_1739982854.jpg?x-oss-process=image/resize,m_lfit,h_800,w_800/quality,q_90
https://dkstatics-public.digikala.com/digikala-products/85a986705252548e703d11a1e135653543d41162_1747411553.jpg?x-oss-process=image/resize,m_lfit,h_800,w_800/quality,q_90","","صورتیمشکیسفیدسبزبنفش","ویژگی‌هانوع کاربریروزمره، ورزشیروزمره، ورزشیفرم صفحهمستطیلمستطیلجنس بندپلاستیکپلاستیکمشاهده همه ویژگی‌ها","ساعت هوشمند شیائومی مدل Smart Band 9 Active با طراحی ظریف و امکانات کاربردی، گزینه‌ای ایده‌آل برای استفاده روزمره، ورزشی و رسمی است. این ساعت با وزن تنها 16.5 گرم و ضخامت 9.99 میلی‌متر، یکی از سبک‌ترین و راحت‌ترین ساعت‌های هوشمند موجود در بازار محسوب می‌شود و در طول روز هیچ احساس سنگینی روی مچ دست ایجاد نمی‌کند. صفحه نمایش 1.47 اینچی TFT این ساعت با رزولوشن 172x320 پیکسل و تراکم 247 پیکسل بر اینچ، محتوای بصری واضح و رنگ‌های زنده‌ای را به نمایش می‌گذارد. نرخ تازه‌سازی 60 هرتزی ...","مشخصاتمناسب برایآقایان و بانوان سازگار با سیستم عاملAndroid iOS توضیحات سازگاریسازگار با اندروید ۸ و بالاتر / ios ۱۲.۰ و بالاتر نوع کاربریروزمره ورزشی قابلیت‌های ساعت هوشمندکنترل موسیقی (Music Player) سایز قاب ساعت هوشمند۴۶ میلی‌متر ابعاد قاب۴۵.۹x۲۶.۹۴x۹.۹۹ میلی‌مترضخامت قاب۹.۹۹ میلی‌متروزن۱۶.۵ گرمفرم صفحهمستطیل جنس بدنهآلومینیوم قابلیت تعویض بنددارد جنس بندپلاستیک نوع قفل بندسگکی ساده توضیحات رنگ بند و بدنهجنس بند از پلاستیک TPU نوع صفحه نمایش اصلیTFT اندازه صفحه نمایش۱.۴۷ اینچ اینچرزولوشن صفحه نمایش۱۷۲x۳۲۰ پیکسل تراکم پیکسلی صفحه نمایش۲۴۷ پیکسل بر اینچسایر مشخصات صفحه نمایشنرخ تازه سازی ۶۰ هرتزی حسگرهای حرکتی و محیطیشتاب سنج (Accelerometer) تشخیص نور محیط گام‌شمار (Pedometer) امکانات ورزشیپشتیبانی از تمرینات مختلف ورزشی محاسبه میزان کالری مصرفی سنسورهای ورزشی و سلامتیشمارنده ضربان قلب سنجش اکسیژن خون سنجش سطح استرس سنجش کیفیت خواب سایر مشخصات سخت افزاریشارژدهی در استفاده روزمره تا ۱۸ روز /
ضد آب تا عمق ۵۰ متری /
بلوتوث نسخه ۵.۳ اتصالاتBluetooth ظرفیت باتری۳۰۰ میلی آمپر ساعتنحوه شارژ ساعت هوشمندکابل مغناطیسی مدت زمان شارژ شدنتا ۲ ساعت قابلیت های ویژهدارای ۵۰ حالت ورزشی /
پایش وضیعت خواب /
بررسی وضیعت استرس اقلام همراهکابل شارژ / 
دفترچه راهنما","شیائومی"
"1771408886-387","https://www.digikala.com/search/category-wearable-gadget/","ساعت هوشمند 46 میلی‌متری سامسونگ مدل Galaxy Watch 8 Classic با بند چرمی","۴۳,۹۹۰,۰۰۰","","","۴.۵","ارسال فروشنده","","https://dkstatics-public.digikala.com/digikala-products/9160274c7d1977e8df1f90bc5655e4b7f7726154_1764429369.jpg?x-oss-process=image/resize,m_lfit,h_300,w_300/quality,q_80","","ساعت هوشمند 46 میلی‌متری سامسونگ مدل Galaxy Watch 8 Classic با بند چرمیارسال فروشنده
۴.۵۴۳,۹۹۰,۰۰۰","https://www.digikala.com/product/dkp-19926091/%D8%B3%D8%A7%D8%B9%D8%AA-%D9%87%D9%88%D8%B4%D9%85%D9%86%D8%AF-46-%D9%85%DB%8C%D9%84%DB%8C%D9%85%D8%AA%D8%B1%DB%8C-%D8%B3%D8%A7%D9%85%D8%B3%D9%88%D9%86%DA%AF-%D9%85%D8%AF%D9%84-galaxy-watch-8-classic-%D8%A8%D8%A7-%D8%A8%D9%86%D8%AF-%DA%86%D8%B1%D9%85%DB%8C/","۴.۵","۵۵ دیدگاه","عالی","ساعت هوشمند 46 میلی‌متری سامسونگ مدل Galaxy Watch 8 Classic با بند چرمی","۳۷,۴۲۸,۱۰۰","۹۷.۶%","https://dkstatics-public.digikala.com/digikala-products/9160274c7d1977e8df1f90bc5655e4b7f7726154_1764429369.jpg?x-oss-process=image/resize,m_lfit,h_800,w_800/quality,q_90
https://dkstatics-public.digikala.com/digikala-products/9160274c7d1977e8df1f90bc5655e4b7f7726154_1764429369.jpg?x-oss-process=image/resize,m_lfit,h_800,w_800/quality,q_90
https://dkstatics-public.digikala.com/digikala-products/10367b7e64d3e6d15c88357e7108279b91d6d054_1753269800.jpg?x-oss-process=image/resize,m_lfit,h_800,w_800/quality,q_90
https://dkstatics-public.digikala.com/digikala-products/0461f9eef2a3825afd63879cb7754f2beb8fcf35_1753269800.jpg?x-oss-process=image/resize,m_lfit,h_800,w_800/quality,q_90
https://dkstatics-public.digikala.com/digikala-products/9160274c7d1977e8df1f90bc5655e4b7f7726154_1764429369.jpg?x-oss-process=image/resize,m_lfit,h_800,w_800/quality,q_90","","سفیدمشکی","ویژگی‌هانوع کاربریروزمرهروزمرهفرم صفحهدایرهدایرهجنس بندچرمچرممشاهده همه ویژگی‌ها","ساعت هوشمند Galaxy Watch 8 Classic نسخه کلاسیک سری واچ ۸ است که با بند چرمی و طراحی لوکس، تجربه‌ای شیک و حرفه‌ای برای کاربران فراهم می‌کند. این ساعت با قاب ۴۶ میلی‌متری فولاد ضدزنگ، ضخامت ۱۰.۶ میلی‌متر و وزن ۶۳.۵ گرم، ترکیبی از ظرافت و استحکام را ارائه می‌دهد. فرم دایره‌ای صفحه و شیشه یاقوتی، مقاومت بالا در برابر خط و خش، ضربه، نفوذ آب و گرد و غبار را تضمین می‌کند، در حالی که بند چرمی قابل تعویض با سگکی ساده، امکان شخصی‌سازی و ست کردن با لباس را فراهم می‌آورد.
صفحه نمایش ۱.۳۴ ...","مشخصاتمناسب برایآقایان و بانوان سازگار با سیستم عاملAndroid توضیحات سازگاریسازگار با گوشی‌های اندروید با نسخه ۱۲ و بالاتر نوع کاربریروزمره قابلیت‌های ساعت هوشمندکنترل موسیقی (Music Player) قابلیت مکالمه از طریق بلوتوث قابلیت تغییر طرح ساعت یا تم صفحه همیشه روشن (Always-on Display) قابلیت نصب اپلیکیشن پشتیبانی از دستیار صوتی سایز قاب ساعت هوشمند۴۶ میلی‌متر ضخامت قاب۱۰.۶ میلی‌مترتکنولوژی‌های مکان‌یابی (GPS)Dual-band A-GPS GLONASS GALILEO BDS(Beidou) وزن۶۳.۵ گرمفرم صفحهدایره قابلیت‌های مقاومتیمقاوم در برابر نفوذ آب مقاوم در برابر نفوذ گرد و غبار مقاوم در برابر خط و خش مقاوم در برابر ضربه جنس شیشهیاقوت جنس بدنهفولاد ضدزنگ قابلیت تعویض بنددارد جنس بندچرم نوع قفل بندسگکی ساده نوع صفحه نمایش اصلیSuper AMOLED اندازه صفحه نمایش۱.۳۴ اینچرزولوشن صفحه نمایش۴۳۸x۴۳۸ پیکسل روشنایی صفحه نمایش۳۰۰۰ نیتتراکم پیکسلی صفحه نمایش۳۲۷ پیکسل بر اینچحسگرهای حرکتی و محیطیشتاب سنج (Accelerometer) ژیروسکوپ (Gyroscope) تشخیص نور محیط فشار سنج (Barometer) گام‌شمار (Pedometer) پشتیبانی از فرمان‌های حرکتی دماسنج (Thermometer) ارتفاع سنج (Altimeter) امکانات ورزشیپشتیبانی از تمرینات مختلف ورزشی تشخیص هوشمند نوع رشته ورزشی محاسبه میزان کالری مصرفی امکان ارائه برنامه تمرینی محاسبه مسافت طی شده سنسورهای ورزشی و سلامتیشمارنده ضربان قلب سنجش دمای بدن سنجش اکسیژن خون تشخیص حرکات دست سنجش سطح استرس سنجش کیفیت خواب نظارت بر سیکل ماهیانه بانوان نوار قلب (الکتروکاردیوگرام) سیستم عاملWatchOS پردازندهExynos W۱۰۰۰ حافظه داخلی۶۴ گیگابایت به همراه ۲ گیگابایت رم نسخه بلوتوث۵.۳ سایر مشخصات سخت افزاریدارای گواهی IP۶۸ و مقاوم در برابر نفوذ آب تا فشار ۵ اتمسفر (عمق ۵۰ متری آب)، مقاوم در نفوذ آب به مدت ۳۰ دقیقه در عمیق ۱.۵ متری آب / دارای استاندارد نظامی MIL-STD-۸۱۰H / اتصالاتWiFi Bluetooth NFC نوع باتریلیتیوم یون ظرفیت باتری۴۴۵ میلی آمپر ساعتنحوه شارژ ساعت هوشمندکابل مغناطیسی شارژ بی‌سیم توضیحات شارژدهیشارژدهی تا ۳۰ ساعت در حالت Alaways-On Display روشن / 
پشتیبانی از شارژ بی‌سیم با توان ۱۰ وات","سامسونگ"
"1771408888-388","https://www.digikala.com/search/category-wearable-gadget/","ساعت هوشمند ۴۹ میلیمتری آی اسمارت مدل MS15 با دو بند سیلیکونی","۳,۴۲۰,۰۰۰","۳,۸۰۰,۰۰۰","۱۰٪","۳.۷","تنها ۳ عدد در انبار باقی مانده","","https://dkstatics-public.digikala.com/digikala-products/c48e87194c268605554f31c1df94c4ec82a82912_1763486964.jpg?x-oss-process=image/resize,m_lfit,h_300,w_300/quality,q_80","https://www.digikala.com/statics/img/svg/productCard/topBadge/SpecialSell.svg","ساعت هوشمند ۴۹ میلیمتری آی اسمارت مدل MS15 با دو بند سیلیکونیتنها ۳ عدد در انبار باقی مانده
۳.۷۱۰٪۳,۴۲۰,۰۰۰۳,۸۰۰,۰۰۰","https://www.digikala.com/product/dkp-20922608/%D8%B3%D8%A7%D8%B9%D8%AA-%D9%87%D9%88%D8%B4%D9%85%D9%86%D8%AF-%DB%B4%DB%B9-%D9%85%DB%8C%D9%84%DB%8C%D9%85%D8%AA%D8%B1%DB%8C-%D8%A2%DB%8C-%D8%A7%D8%B3%D9%85%D8%A7%D8%B1%D8%AA-%D9%85%D8%AF%D9%84-ms15-%D8%A8%D8%A7-%D8%AF%D9%88-%D8%A8%D9%86%D8%AF-%D8%B3%DB%8C%D9%84%DB%8C%DA%A9%D9%88%D9%86%DB%8C/","۳.۷","۲۵ دیدگاه","عالی","ساعت هوشمند ۴۹ میلیمتری آی اسمارت مدل MS15 با دو بند سیلیکونی","۳,۸۵۰,۰۰۰","۸۲.۸%","https://dkstatics-public.digikala.com/digikala-products/c48e87194c268605554f31c1df94c4ec82a82912_1763486964.jpg?x-oss-process=image/resize,m_lfit,h_800,w_800/quality,q_90
https://dkstatics-public.digikala.com/digikala-products/ac70a37a836b489d2f766c6868a2855f1b296ae1_1763486711.jpg?x-oss-process=image/resize,m_lfit,h_800,w_800/quality,q_90
https://dkstatics-public.digikala.com/digikala-products/b42d48b14e7e2d957f37735f8333a377caa97607_1763486714.jpg?x-oss-process=image/resize,m_lfit,h_800,w_800/quality,q_90
https://dkstatics-public.digikala.com/digikala-products/c48e87194c268605554f31c1df94c4ec82a82912_1763486964.jpg?x-oss-process=image/resize,m_lfit,h_800,w_800/quality,q_90","","نقره ایمشکی","ویژگی‌هانوع کاربریورزشی، رسمی، روزمرهورزشی، رسمی، روزمرهفرم صفحهمستطیلمستطیلجنس بندسیلیکونسیلیکونمشاهده همه ویژگی‌ها","","مشخصاتمناسب برایآقایان و بانوان سازگار با سیستم عاملAndroid iOS توضیحات سازگاریسازگار با اندروید و ios زبان‌های قابل پشتیبانی در اعلان و پیامفارسی انگلیسی چینی عربی هشدار هابرای جلوگیری از آسیب به باتری، با آداپتور ۱ آمپر شارژ شود. نوع کاربریورزشی رسمی روزمره قابلیت‌های ساعت هوشمندکنترل موسیقی (Music Player) قابلیت مکالمه از طریق بلوتوث پشتیبانی از زبان فارسی در منو و سیستم‌عامل قابلیت تغییر طرح ساعت یا تم صفحه همیشه روشن (Always-on Display) قابلیت نصب اپلیکیشن پشتیبانی از دستیار صوتی سایز قاب ساعت هوشمند۴۹ میلی‌متر فرم صفحهمستطیل قابلیت‌های مقاومتیمقاوم در برابر نفوذ گرد و غبار جنس بدنهفلز قابلیت تعویض بنددارد جنس بندسیلیکون نوع قفل بندسگکی ساده اندازه صفحه نمایش۲ اینچحسگرهای حرکتی و محیطیدماسنج (Thermometer) فشار سنج (Barometer) امکانات ورزشیمحاسبه مسافت طی شده پشتیبانی از تمرینات مختلف ورزشی سنسورهای ورزشی و سلامتیشمارنده ضربان قلب سنجش اکسیژن خون اندازه‌گیری فشار خون نحوه شارژ ساعت هوشمندشارژ بی‌سیم مدت زمان شارژ شدن۲. ساعت اقلام همراهدو عدد بند سیلیکونی، دفترچه راهنما، شارژر","متفرقه"
"1771408890-389","https://www.digikala.com/search/category-wearable-gadget/","ساعت هوشمند تسکو مدل TSW 8 Ultramax N","۳,۶۷۹,۵۰۰","","","۴","ارسال فروشنده","","https://dkstatics-public.digikala.com/digikala-products/6363e9e9bb38b249654ad5904ca8889fe195a6f7_1754238749.jpg?x-oss-process=image/resize,m_lfit,h_300,w_300/quality,q_80","","ساعت هوشمند تسکو مدل TSW 8 Ultramax Nارسال فروشنده
۴۳,۶۷۹,۵۰۰","https://www.digikala.com/product/dkp-17822368/%D8%B3%D8%A7%D8%B9%D8%AA-%D9%87%D9%88%D8%B4%D9%85%D9%86%D8%AF-%D8%AA%D8%B3%DA%A9%D9%88-%D9%85%D8%AF%D9%84-tsw-8-ultramax-n/","۴","۵ دیدگاه","عالی","ساعت هوشمند تسکو مدل TSW 8 Ultramax N","۳,۶۷۹,۵۰۰","۱۰۰%","https://dkstatics-public.digikala.com/digikala-products/6363e9e9bb38b249654ad5904ca8889fe195a6f7_1754238749.jpg?x-oss-process=image/resize,m_lfit,h_800,w_800/quality,q_90
https://dkstatics-public.digikala.com/digikala-products/7a1181c0e2803aab465487b0ed0564c07539caf4_1735626502.jpg?x-oss-process=image/resize,m_lfit,h_800,w_800/quality,q_90
https://dkstatics-public.digikala.com/digikala-products/68c345369fd5065dcf97ee28fef638e12a3efbff_1735198406.jpg?x-oss-process=image/resize,m_lfit,h_800,w_800/quality,q_90
https://dkstatics-public.digikala.com/digikala-products/6363e9e9bb38b249654ad5904ca8889fe195a6f7_1754238749.jpg?x-oss-process=image/resize,m_lfit,h_800,w_800/quality,q_90","","مشکی","ویژگی‌هانوع کاربریروزمره، ورزشیروزمره، ورزشیفرم صفحهمستطیلمستطیلجنس بندسیلیکونسیلیکونمشاهده همه ویژگی‌ها","ساعت هوشمند TSW 8UltraMax N از تسکو، با طراحی چشم‌نواز و امکانات پیشرفته، گزینه‌ای ایده‌آل برای علاقه‌مندان به فناوری‌های هوشمند است. این محصول، علاوه بر ظاهری الهام ‌گرفته از ساعت‌های اپل، مجموعه‌ای از قابلیت‌های کارآمد را در خود جای داده است که نیازهای روزمره و ورزشی شما را به خوبی پوشش می‌دهد.
این ساعت با فناوری بلوتوث BLE5.3+BT3.0 سازگاری کاملی با اندروید 5.0 و iOS 11.0 به بالا دارد. به لطف اپلیکیشن Smart-Time Pro، مدیریت عملکردهای ساعت به ساده‌ترین شکل ممکن امکان‌پذیر اس ...","مشخصاتمناسب برایآقایان و بانوان توضیحات سازگاریاندروید ۵ و آی او اس ۱۱ به بالا زبان‌های قابل پشتیبانی در اعلان و پیامفارسی انگلیسی نوع کاربریروزمره ورزشی قابلیت‌های ساعت هوشمندصفحه نمایش رنگی صفحه نمایش لمسی کنترل موسیقی (Music Player) کنترل سطح اکسیژن خون قابلیت مکالمه مستقیم پشتیبانی از زبان فارسی در منو و سیستم‌عامل قابلیت تغییر طرح ساعت یا تم ضد آب ابعاد قاب۴۸*۴۰.۲*۱۱.۷ میلی‌متروزن۶۳.۵ گرمفرم صفحهمستطیل جنس بدنهفلز قابلیت تعویض بنددارد توضیحات جنس بدنهALLOY + IML جنس بندسیلیکون نوع قفل بندسگکی قلاب‌دار نوع صفحه نمایش اصلیquadrangular اندازه صفحه نمایش۲.۰۱ اینچ اینچرزولوشن صفحه نمایش۳۲۰ در ۳۸۵ تراکم پیکسلی صفحه نمایش۳۲۰ در ۳۸۵ پیکسل بر اینچسایر مشخصات صفحه نمایش۲.۰۱ اینچی TFT با رزولیشن ۳۲۰ در ۳۸۵ سایر مشخصات سخت افزاریچیپست : AC۷۰۱۲/F۶ / چیپست سنسورها : LC۱۱S توضیحات دوربینامکان کنترل دوربین اتصالاتNFC Bluetooth نوع باتریLithium-ion Polymer ظرفیت باتری۲۶۰ میلی آمپر ساعتقابلیت های ویژهورژن بلوتوث : BLE۵.۳ + BT۳.۰ / نام نرم افزار : Smart Time Pro / قابلیت کنترل موزیک / قابلیت کنترل دوربین / دارای ۱۰۰ حالت ورزشی / دارای سنسور دویدن ، پیاده روی ، دوچرخه سواری ، نظارت بر خواب ، عملکرد تماس ، ضربان قلب ، سطح اکسیژن خون ، نور / اطلاع رسانی پیام کوتاه و پیام های شبکه های اجتماعی / پشتیبانی از مکامله (میکروفون و اسپیکر) / استاندارد IP۶۵ / ماشین حساب / ساعت هشدار / تقویم / دارای دستیار صوتی","تسکو"
"1771408892-390","https://www.digikala.com/search/category-wearable-gadget/","ساعت هوشمند مدل T1000 ULTRA","۷۵۰,۰۰۰","","","۳.۴","&nbsp;","","","","ساعت هوشمند مدل T1000 ULTRA&nbsp;
۳.۴۷۵۰,۰۰۰","https://www.digikala.com/product/dkp-13310149/%D8%B3%D8%A7%D8%B9%D8%AA-%D9%87%D9%88%D8%B4%D9%85%D9%86%D8%AF-%D9%85%D8%AF%D9%84-t1000-ultra/","۳.۴","۷۴۷ دیدگاه","عالی","ساعت هوشمند مدل T1000 ULTRA","۶۵۰,۰۰۰","","https://dkstatics-public.digikala.com/digikala-products/c5acca7fe5fb87c2c19363de9fa2c90a4d36b0f7_1754251776.jpg?x-oss-process=image/resize,m_lfit,h_800,w_800/quality,q_90
https://dkstatics-public.digikala.com/digikala-products/9c9e597345f34e22ea87aa3b8bf5b375bed9cd87_1699614219.jpg?x-oss-process=image/resize,m_lfit,h_800,w_800/quality,q_90
https://dkstatics-public.digikala.com/digikala-products/ce046311ab8cfae559a612e365838ae1bd3b3e19_1699614231.jpg?x-oss-process=image/resize,m_lfit,h_800,w_800/quality,q_90
https://dkstatics-public.digikala.com/digikala-products/c5acca7fe5fb87c2c19363de9fa2c90a4d36b0f7_1754251776.jpg?x-oss-process=image/resize,m_lfit,h_800,w_800/quality,q_90","","نارنجینارنجی فلورسنتمشکیمشکی براقنقره ایتیتانیومی","ویژگی‌هانوع کاربریورزشی، رسمی، روزمرهورزشی، رسمی، روزمرهفرم صفحهمستطیلمستطیلجنس بندسیلیکونسیلیکونمشاهده همه ویژگی‌ها","T1000 ULTRA یکی  از جدید ترین کلون های  اپل واچ اولترا 2023 است که با قیمت بسیار ارزان در بازار موجود است. این یک ساعت هوشمند اسپرت است که طراحی مربعی با صفحه نمایش LCD بزرگ 1.99 اینچی دارد و به چندین ویژگی از جمله نمایشگر ضربان قلب، مانیتور اکسیژن خون SPO2، حالت های Multisport، ضد آب IP67 و پشتیبانی از تماس بلوتوث مجهز است این ساعت هوشمند مربع شکل و به ابعاد 4/5x38/5x1/4 است وزن آن 55 گرم و در رنگ های متنوع مشکی زرد نارنجی و نقره ای موجود میباشد نمایشگر lcd واندازه صفحه نمای ...","مشخصاتمناسب برایآقایان و بانوان زبان‌های قابل پشتیبانی در اعلان و پیامفارسی انگلیسی چینی نوع کاربریورزشی رسمی روزمره قابلیت‌های ساعت هوشمندصفحه نمایش رنگی صفحه نمایش لمسی کنترل موسیقی (Music Player) کنترل سطح اکسیژن خون قابلیت مکالمه مستقیم قابلیت مکالمه از طریق بلوتوث پشتیبانی از زبان فارسی در منو و سیستم‌عامل وزن۵۵ گرمفرم صفحهمستطیل جنس بدنهآلومینیوم قابلیت تعویض بنددارد جنس بندسیلیکون نوع قفل بندسگکی قلاب‌دار توضیحات رنگ بند و بدنهاین ساعت در رنگ مشکی هم کیس یا بدنه مشکی دارد و هم بند مشکی و در بقیه رنگ ها  کیس دستگاه با رنگ معمولی که در عکس میبینید هست و بند رنگ با توجه به رنگ انتخابی شما تغییر میکند  اندازه صفحه نمایش۱.۹۹ اینچرزولوشن صفحه نمایشHD قابلیت های ویژهطراحی ضد آب با گواهی IP۶۷ اقلام همراهشارژر وایرلس","متفرقه"
"1771408895-391","https://www.digikala.com/search/category-wearable-gadget/","ساعت هوشمند سامسونگ مدل Galaxy Watch 7 44mm دارای قابلیت های کنترل موسیقی (Music Player) بند پلاستیک","۲۵,۹۹۰,۰۰۰","","","۴.۶","تنها ۲ عدد در انبار باقی مانده","","","","ساعت هوشمند سامسونگ مدل Galaxy Watch 7 44mm دارای قابلیت های کنترل موسیقی (Music Player) بند پلاستیکتنها ۲ عدد در انبار باقی مانده
۴.۶۲۵,۹۹۰,۰۰۰","https://www.digikala.com/product/dkp-16073844/%D8%B3%D8%A7%D8%B9%D8%AA-%D9%87%D9%88%D8%B4%D9%85%D9%86%D8%AF-%D8%B3%D8%A7%D9%85%D8%B3%D9%88%D9%86%DA%AF-%D9%85%D8%AF%D9%84-galaxy-watch-7-44mm-%D8%AF%D8%A7%D8%B1%D8%A7%DB%8C-%D9%82%D8%A7%D8%A8%D9%84%DB%8C%D8%AA-%D9%87%D8%A7%DB%8C-%DA%A9%D9%86%D8%AA%D8%B1%D9%84-%D9%85%D9%88%D8%B3%DB%8C%D9%82%DB%8C-music-player-%D8%A8%D9%86%D8%AF-%D9%BE%D9%84%D8%A7%D8%B3%D8%AA%DB%8C%DA%A9/","۴.۶","۷۱۱ دیدگاه","عالی","ساعت هوشمند سامسونگ مدل Galaxy Watch 7 44mm دارای قابلیت های کنترل موسیقی (Music Player) بند پلاستیک","۲۵,۰۰۰,۰۰۰","۹۵.۶%","https://dkstatics-public.digikala.com/digikala-products/0729b5a31e4e18a4a60b379878e446bae7c258ef_1747411212.jpg?x-oss-process=image/resize,m_lfit,h_800,w_800/quality,q_90
https://dkstatics-public.digikala.com/digikala-products/0729b5a31e4e18a4a60b379878e446bae7c258ef_1747411212.jpg?x-oss-process=image/resize,m_lfit,h_800,w_800/quality,q_90
https://dkstatics-public.digikala.com/digikala-products/c3628decb8a559dd4da1b758e1cd255c126d30aa_1721150583.jpg?x-oss-process=image/resize,m_lfit,h_800,w_800/quality,q_90
https://dkstatics-public.digikala.com/digikala-products/8b6bfe07631b3011ec6bfb57847cdcf672e13be7_1721150583.jpg?x-oss-process=image/resize,m_lfit,h_800,w_800/quality,q_90
https://dkstatics-public.digikala.com/digikala-products/0729b5a31e4e18a4a60b379878e446bae7c258ef_1747411212.jpg?x-oss-process=image/resize,m_lfit,h_800,w_800/quality,q_90","","سبزنقره ای","ویژگی‌هانوع کاربریرسمی، روزمرهرسمی، روزمرهفرم صفحهدایرهدایرهجنس بندپلاستیکپلاستیکمشاهده همه ویژگی‌ها","ساعت هوشمند سامسونگ مدل Galaxy Watch 7، یک انتخاب عالی برای افرادی است که به دنبال ساعت هوشمندی با طراحی زیبا و ویژگی‌های پیشرفته هستند. این ساعت با ابعاد  44.4x44.4میلی‌متر و وزن سبک 33.8 گرم، راحتی زیادی را هنگام استفاده فراهم می‌آورد. بدنه آن از آلومینیوم ساخته‌شده است و شیشه یاقوتی آن مقاومت بالایی در برابر خط‌وخش دارد. بند آن قابلیت تعویض داشته و به‌راحتی می‌توان آن را باسلیقه‌های مختلف هماهنگ کرد.
صفحه‌نمایش Super AMOLED این ساعت با اندازه‌ 1.5 اینچ و رزولوشن 480 در 480 ...","مشخصاتمناسب برایآقایان و بانوان سازگار با سیستم عاملAndroid توضیحات سازگاریسازگار با اندروید نسخه ۱۱ و بالاتر نوع کاربریرسمی روزمره قابلیت‌های ساعت هوشمندکنترل موسیقی (Music Player) سایز قاب ساعت هوشمند۴۴ میلی‌متر ابعاد قاب۴۴.۴x۴۴.۴ میلی‌مترضخامت قاب۹.۷ میلی‌متروزن۳۳.۸ گرمفرم صفحهدایره قابلیت‌های مقاومتیمقاوم در برابر خط و خش مقاوم در برابر ضربه مقاوم در برابر نفوذ آب مقاوم در برابر نفوذ گرد و غبار جنس شیشهیاقوت جنس بدنهآلومینیوم قابلیت تعویض بنددارد جنس بندپلاستیک نوع قفل بندسگکی ساده توضیحات رنگ بند و بدنهارائه شده در سه رنگ کرمی، سبز و طوسی نوع صفحه نمایش اصلیSuper AMOLED اندازه صفحه نمایش۱.۵ اینچرزولوشن صفحه نمایش۴۸۰x۴۸۰ پیکسل تراکم پیکسلی صفحه نمایش۳۲۷ پیکسل بر اینچحسگرهای حرکتی و محیطیفشار سنج (Barometer) گام‌شمار (Pedometer) ژیروسکوپ (Gyroscope) ارتفاع سنج (Altimeter) سنسورهای ورزشی و سلامتیاندازه‌گیری فشار خون شمارنده ضربان قلب سنجش دمای بدن سنجش اکسیژن خون پردازندهExynos W۱۰۰۰ (سه نانومتری) / پنج هسته‌ای  حافظه داخلی۳۲ گیگابایت به همراه ۲ گیگابایت رم سایر مشخصات سخت افزاریدارای گواهی IP۶۸ و مقاوم در برابر آب و گرد و غبار / ضدآب تا فشار ۵ اتمسفر (عمق ۵۰ متری) و تا عمق ۱ متر به مدت ۳۰ دقیقه اتصالاتBluetooth نوع باتریلیتیوم-یون ظرفیت باتری۴۲۵ میلی آمپر ساعتنحوه شارژ ساعت هوشمندکابل مغناطیسی قابلیت های ویژهپشتیبانی از eSIM /
سیستم عامل WearOS ۵ /
پشتیبانی از شارژ بی‌سیم/
پشتیبانی از حالت‌های ورزشی مختلف/ 
پایش وضعیت خواب/
 پایش سلامت بانوان/
قابلیت شخصی‌سازی واچ فیس/ 
پشتیبانی از هوش مصنوعی Galaxy","سامسونگ"
"1771408898-392","https://www.digikala.com/search/category-wearable-gadget/","ساعت هوشمند تسکو مدل TSW 8 Promax Mini","۳,۵۰۵,۰۰۰","","","۴.۶","&nbsp;","","","","ساعت هوشمند تسکو مدل TSW 8 Promax Mini&nbsp;
۴.۶۳,۵۰۵,۰۰۰","https://www.digikala.com/product/dkp-17930358/%D8%B3%D8%A7%D8%B9%D8%AA-%D9%87%D9%88%D8%B4%D9%85%D9%86%D8%AF-%D8%AA%D8%B3%DA%A9%D9%88-%D9%85%D8%AF%D9%84-tsw-8-promax-mini/","۴.۶","۴۱ دیدگاه","عالی","ساعت هوشمند تسکو مدل TSW 8 Promax Mini","۳,۵۰۵,۰۰۰","۸۸.۸%","https://dkstatics-public.digikala.com/digikala-products/6999b3df4305701b99b4b631d9fe8231f3b33866_1754239044.jpg?x-oss-process=image/resize,m_lfit,h_800,w_800/quality,q_90
https://dkstatics-public.digikala.com/digikala-products/2c3fc62cbbf7d32d1d7585e34eba838df9a07f71_1736149376.jpg?x-oss-process=image/resize,m_lfit,h_800,w_800/quality,q_90
https://dkstatics-public.digikala.com/digikala-products/ad78b6d27ab63b57ad7a485a54115e7c26adedb7_1736149376.jpg?x-oss-process=image/resize,m_lfit,h_800,w_800/quality,q_90
https://dkstatics-public.digikala.com/digikala-products/6999b3df4305701b99b4b631d9fe8231f3b33866_1754239044.jpg?x-oss-process=image/resize,m_lfit,h_800,w_800/quality,q_90","","مشکی","ویژگی‌هانوع کاربریورزشی، رسمی، روزمرهورزشی، رسمی، روزمرهفرم صفحهمستطیلمستطیلجنس بندسیلیکونسیلیکونمشاهده همه ویژگی‌ها","ساعت هوشمند TSW 8Promax Mini از نظر مشخصات فنی، نمایانگر یک ترکیب ایده‌آل از نوآوری و کارایی است. این ساعت با بهره‌گیری از چیپست پیشرفته AC7012/A6S عملکردی روان و پایدار را ارائه می‌دهد. چیپست AC7012/A6S یکی از جدیدترین تراشه‌های مورد استفاده در دستگاه‌های پوشیدنی است که از فناوری پردازش بهینه برای کاهش مصرف انرژی و افزایش سرعت پاسخگویی بهره می‌برد.
در بخش حرکتی، ساعت به سنسور G-Sensor SC7A20H مجهز شده که از حسگرهای چندمحوره برای اندازه‌گیری حرکات دقیق بدن استفاده می‌کند. این ...","مشخصاتمناسب برایبانوان توضیحات سازگاریاندروید ۵ و آی او اس ۱۱ به بالا زبان‌های قابل پشتیبانی در اعلان و پیامفارسی انگلیسی نوع کاربریورزشی رسمی روزمره قابلیت‌های ساعت هوشمندصفحه نمایش رنگی صفحه نمایش لمسی کنترل موسیقی (Music Player) کنترل سطح اکسیژن خون قابلیت مکالمه مستقیم پشتیبانی از زبان فارسی در منو و سیستم‌عامل قابلیت تغییر طرح ساعت یا تم ضد آب ابعاد قاب۴۱.۱۴*۳۴.۹۴*۱۱.۱ میلی‌متروزن۴۸.۷ گرمفرم صفحهمستطیل جنس بدنهپلاستیک قابلیت تعویض بنددارد توضیحات جنس بدنهALLOY + IML جنس بندسیلیکون نوع قفل بندپین‌بند توضیحات رنگ بند و بدنهطراحی شبیه به اپل واچ - سایز مینی مناسب برای خانم ها - رنگ سیلور برای بدنه نوع صفحه نمایش اصلیquadrangular اندازه صفحه نمایش۱.۷۵ اینچ اینچرزولوشن صفحه نمایش۴۵۰ در ۳۹۰ تراکم پیکسلی صفحه نمایش۳۹۰*۴۵۰ پیکسل بر اینچپردازندهAC۷۰۱۲/A۶S سایر مشخصات سخت افزاریچیپست : AC۷۰۱۲/A۶S / چیپست سنسورها : VC۳۰FS توضیحات دوربینامکان کنترل دوربین اتصالاتBluetooth نوع باتریLithium-ion Polymer ظرفیت باتری۱۸۰ میلی آمپر ساعتقابلیت های ویژهورژن بلوتوث : BLE۵.۳ + BT۳.۰ / نام نرم افزار : Smart Time Pro / قابلیت کنترل موزیک / قابلیت کنترل دوربین / دارای ۱۰۰ حالت ورزشی / دارای سنسور دویدن ، پیاده روی ، دوچرخه سواری ، نظارت بر خواب ، عملکرد تماس ، ضربان قلب ، سطح اکسیژن خون ، نور / اطلاع رسانی پیام کوتاه و پیام های شبکه های اجتماعی / پشتیبانی از مکامله (میکروفون و اسپیکر) / استاندارد IP۶۷ / ماشین حساب / ساعت هشدار / تقویم / دارای دستیار صوتی","تسکو"
"1771408900-393","https://www.digikala.com/search/category-wearable-gadget/","ساعت هوشمند گیفت کالکشن مدل GS Series","۵,۹۷۰,۰۰۰","","","۳.۶","تنها ۱ عدد در انبار باقی مانده","","","","ساعت هوشمند گیفت کالکشن مدل GS Seriesتنها ۱ عدد در انبار باقی مانده
۳.۶۵,۹۷۰,۰۰۰","https://www.digikala.com/product/dkp-14873980/%D8%B3%D8%A7%D8%B9%D8%AA-%D9%87%D9%88%D8%B4%D9%85%D9%86%D8%AF-%DA%AF%DB%8C%D9%81%D8%AA-%DA%A9%D8%A7%D9%84%DA%A9%D8%B4%D9%86-%D9%85%D8%AF%D9%84-gs-series/","۳.۶","۳ دیدگاه","عالی","ساعت هوشمند گیفت کالکشن مدل GS Series","۵,۹۷۰,۰۰۰","۶۰%","https://dkstatics-public.digikala.com/digikala-products/1e96149fdcd945e84363c4dc5efbd94e10b0f22e_1710790655.jpg?x-oss-process=image/resize,m_lfit,h_800,w_800/quality,q_90
https://dkstatics-public.digikala.com/digikala-products/1e96149fdcd945e84363c4dc5efbd94e10b0f22e_1710790655.jpg?x-oss-process=image/resize,m_lfit,h_800,w_800/quality,q_90
https://dkstatics-public.digikala.com/digikala-products/51fe947cbaa8219c51f11feda9091623a5985f6d_1710790658.jpg?x-oss-process=image/resize,m_lfit,h_800,w_800/quality,q_90
https://dkstatics-public.digikala.com/digikala-products/313ee348ff192351f6910bd9308258e05dcf442e_1710790661.jpg?x-oss-process=image/resize,m_lfit,h_800,w_800/quality,q_90
https://dkstatics-public.digikala.com/digikala-products/1e96149fdcd945e84363c4dc5efbd94e10b0f22e_1710790655.jpg?x-oss-process=image/resize,m_lfit,h_800,w_800/quality,q_90","","مشکیپلاتینیومطلایی مات","ویژگی‌هانوع کاربریرسمی، روزمرهرسمی، روزمرهفرم صفحهمستطیلمستطیلجنس بندفلزفلزمشاهده همه ویژگی‌ها","ساعت هوشمند گیفت کالکشن مدل GS Series با جعبه منحصر به فرد یکی از بهترین ساعت های هوشمند تولید شده در رده ساعت های با قابلیت مکالمه و با کارایی بالاست.این ساعت از بهترین متریال ساخت بدنه،صفحه نمایش AMOLED و بالاترین درجه کیفی ساخته شده است.قابلیت های ویژه این ساعت هوشمند پاسخ دهی و شماره گیری تماس از داخل ساعت ،نمایش اعلانات فارسی و انگلیسی-صفحه نمایش بدون حاشیه و تمام صفحه،قابلیت تعویض بند و قابلیت NFC که امروزه درچین و کشورهای پیشرفته برای مصارف گوناگون در حال گسترش است و م ...","مشخصاتمناسب برایبانوان توضیحات سازگاریسازگار با سیستم عامل های اندروید و آی او اس با نسخه های Android ۷.۰ و iOS ۱۰.۰ به بالا زبان‌های قابل پشتیبانی در اعلان و پیامفارسی انگلیسی چینی هشدار هابمنظور شارژ،حتما از آداپتورهای استاندارد یک آمپر استفاده گردد و به هیچ عنوان از شارژر های فست (آداپتورهای جدید موبایل) استفاده نگردد. 
xx کالای اصلی فقط در بسته بندی و جعبه نمایش داده شده در تصاویر و فیلم ارائه میگردد لذا از دریافت کالای متفرقه خودداری فرمایید xx
سنسورهای اندازه گیری ضربان قلب و فشار خون کاربرد پزشکی ندارد و مورد تایید نیست. نوع کاربریرسمی روزمره قابلیت‌های ساعت هوشمندصفحه نمایش رنگی کنترل موسیقی (Music Player) کنترل سطح اکسیژن خون قابلیت مکالمه از طریق بلوتوث پشتیبانی از زبان فارسی در منو و سیستم‌عامل ابعاد قاب۴۱x۳۸x۱۰ میلی‌مترضخامت قاب۴۱ میلی‌مترعرض قاب۳۸ میلی‌متروزن۳۰ گرمفرم صفحهمستطیل جنس شیشهIon-X Glass جنس بدنهآلومینیوم جنس بندفلز نوع قفل بندمغناطیسی توضیحات رنگ بند و بدنهساعت با بدنه مشکی با بند های سیلیکونی و میلانس مشکی و بدنه رزگلد با بند های سیلیکونی و میلانس صورتی ارسال میشود. نوع صفحه نمایش اصلیAMOLED اندازه صفحه نمایش۱.۶۷ اینچ اینچرزولوشن صفحه نمایش۳۲۰x۳۸۵ تراکم پیکسلی صفحه نمایش۳۰۰ پیکسل بر اینچپردازندهJL۷۰۱۲F۶ حافظه داخلیدارد توضیحات کارت حافظه دارای ۲ گیگ حافظه داخلی اتصالاتBluetooth NFC نوع باتریلیتیوم یون ظرفیت باتری۲۶۰ میلی آمپر میلی آمپر ساعتاقلام همراهیک عدد بند فلزی میلانس - یک عدد بند سیلیکونی - محافظ صفحه نمایش - یک عدد گردنبند هدیه - شارژر ساعت هوشمند و راهنمای نصب نرم افزار به صورت فارسی","گیفت کالکشن"
"1771408902-394","https://www.digikala.com/search/category-wearable-gadget/","ساعت هوشمند ویسمی مدل WS-X17 به همراه هدفون بلوتوثی","۹۰۸,۰۰۰","","","۳.۶","تنها ۲ عدد در انبار باقی مانده","","","","ساعت هوشمند ویسمی مدل WS-X17 به همراه هدفون بلوتوثیتنها ۲ عدد در انبار باقی مانده
۳.۶۹۰۸,۰۰۰","https://www.digikala.com/product/dkp-18211345/%D8%B3%D8%A7%D8%B9%D8%AA-%D9%87%D9%88%D8%B4%D9%85%D9%86%D8%AF-%D9%88%DB%8C%D8%B3%D9%85%DB%8C-%D9%85%D8%AF%D9%84-ws-x17-%D8%A8%D9%87-%D9%87%D9%85%D8%B1%D8%A7%D9%87-%D9%87%D8%AF%D9%81%D9%88%D9%86-%D8%A8%D9%84%D9%88%D8%AA%D9%88%D8%AB%DB%8C/","۳.۶","۵۰ دیدگاه","عالی","ساعت هوشمند ویسمی مدل WS-X17 به همراه هدفون بلوتوثی","۹۰۸,۰۰۰","۱۰۰%","https://dkstatics-public.digikala.com/digikala-products/269a93af2f130e60305ae919b7e5bf8bc3b30ec0_1754239835.jpg?x-oss-process=image/resize,m_lfit,h_800,w_800/quality,q_90
https://dkstatics-public.digikala.com/digikala-products/269a93af2f130e60305ae919b7e5bf8bc3b30ec0_1754239835.jpg?x-oss-process=image/resize,m_lfit,h_800,w_800/quality,q_90
https://dkstatics-public.digikala.com/digikala-products/927daac4fe83e69d80f0fa82c1ed53942d18436f_1738742210.jpg?x-oss-process=image/resize,m_lfit,h_800,w_800/quality,q_90
https://dkstatics-public.digikala.com/digikala-products/adfc725575e7d17183234543a4b20775a05ad5e4_1738742201.jpg?x-oss-process=image/resize,m_lfit,h_800,w_800/quality,q_90
https://dkstatics-public.digikala.com/digikala-products/269a93af2f130e60305ae919b7e5bf8bc3b30ec0_1754239835.jpg?x-oss-process=image/resize,m_lfit,h_800,w_800/quality,q_90","","طلاییطلایی براقمشکی براقمشکی","ویژگی‌هانوع کاربریروزمره، ورزشیروزمره، ورزشیفرم صفحهمستطیلمستطیلجنس بندپلاستیکپلاستیکمشاهده همه ویژگی‌ها","","مشخصاتمناسب برایکاربری عمومی توضیحات سازگاریسازگاری با اندروید و iOS / دارای بلوتوث نسخه ۵.۳ نوع کاربریروزمره ورزشی قابلیت‌های ساعت هوشمندصفحه نمایش لمسی کنترل موسیقی (Music Player) کنترل سطح اکسیژن خون قابلیت تغییر طرح ساعت یا تم قابلیت مکالمه از طریق بلوتوث وزن۳۵ گرمفرم صفحهمستطیل جنس بدنهفلز قابلیت تعویض بنددارد جنس بندپلاستیک نوع قفل بندپین‌بند اندازه صفحه نمایش۲ اینچ اینچاتصالاتBluetooth نوع باتریلیتیومی قابلیت های ویژهدارای برنامه مدیریت مخصوص /
قابلیت اعلام اعلان‌ها /
قابلیت تعویض تم دلخواه ساعت /
قابلیت کنترل موزیک توسط ساعت هوشمند /
قابلیت ثبت و اعلام فعالیت روزانه /
دارای قابلیت مختص سلامت بانوان /
قابلیت پیدا کردن تلفن متصل بوسیله ساعت هوشمند /
حالت مدیریت مقدار و کیفیت خواب اقلام همراههدفون بلوتوثی /
سیم شارژ Type-C مخصوص هدفون /
سیم شارژر مخصوص ساعت هوشمند /
۵ عدد بند ساعت متنوع","ویسمی"
"1771408904-395","https://www.digikala.com/search/category-wearable-gadget/","ساعت هوشمند 49 میلی‌متری مدل KW31 ULTRA3 با بند فلزی","۱,۴۰۰,۰۰۰","","","۳.۸","تنها ۱ عدد در انبار باقی مانده","","","","ساعت هوشمند 49 میلی‌متری مدل KW31 ULTRA3 با بند فلزیتنها ۱ عدد در انبار باقی مانده
۳.۸۱,۴۰۰,۰۰۰","https://www.digikala.com/product/dkp-20788484/%D8%B3%D8%A7%D8%B9%D8%AA-%D9%87%D9%88%D8%B4%D9%85%D9%86%D8%AF-49-%D9%85%DB%8C%D9%84%DB%8C%D9%85%D8%AA%D8%B1%DB%8C-%D9%85%D8%AF%D9%84-kw31-ultra3-%D8%A8%D8%A7-%D8%A8%D9%86%D8%AF-%D9%81%D9%84%D8%B2%DB%8C/","۳.۸","۳۴ دیدگاه","عالی","ساعت هوشمند 49 میلی‌متری مدل KW31 ULTRA3 با بند فلزی","۷۸۰,۰۰۰","","https://dkstatics-public.digikala.com/digikala-products/bb298173db656fbcb2ef41262f49771c10a19c5b_1762100816.jpg?x-oss-process=image/resize,m_lfit,h_800,w_800/quality,q_90
https://dkstatics-public.digikala.com/digikala-products/316cac6185278d4278ed9ad9c764c95443779762_1761768419.jpg?x-oss-process=image/resize,m_lfit,h_800,w_800/quality,q_90
https://dkstatics-public.digikala.com/digikala-products/8f8d071a8a9419bda5aafa87ba8d734938eb3a0c_1761768420.jpg?x-oss-process=image/resize,m_lfit,h_800,w_800/quality,q_90
https://dkstatics-public.digikala.com/digikala-products/bb298173db656fbcb2ef41262f49771c10a19c5b_1762100816.jpg?x-oss-process=image/resize,m_lfit,h_800,w_800/quality,q_90","","مشکینقره ایچند رنگطلاییبژتیتانیومی","ویژگی‌هانوع کاربریورزشی، رسمی، روزمرهورزشی، رسمی، روزمرهفرم صفحهمستطیلمستطیلجنس بندسیلیکونسیلیکونمشاهده همه ویژگی‌ها","ساعت هوشمند KW31 Ultra یکی از خاص‌ترین محصولات موجود در بازار است که با طراحی شیک و بدنه تیتانیومی عرضه شده و برای افرادی ساخته شده که به استایل، تکنولوژی و کیفیت اهمیت می‌دهند. این ساعت با ظاهر لوکس و منحصربه‌فردش به سرعت توجه اطرافیان را جلب می‌کند. از ویژگی‌های برجسته KW31 Ultra، ارائه ۷ بند متنوع شامل ۶ بند سیلیکونی رنگی برای استفاده روزمره و ورزشی و یک بند فلزی با طراحی مشابه رولکس و کارتیر برای موقعیت‌های رسمی و مهمانی‌هاست که امکان ست‌کردن آن با لباس‌ها و موقعیت‌های مخ ...","مشخصاتمناسب برایآقایان و بانوان سازگار با سیستم عاملAndroid iOS توضیحات سازگاریارتباط بلوتوثی با اندروید و آیفون زبان‌های قابل پشتیبانی در اعلان و پیامعربی چینی فارسی انگلیسی نوع کاربریورزشی رسمی روزمره قابلیت‌های ساعت هوشمندکنترل موسیقی (Music Player) قابلیت مکالمه از طریق بلوتوث پشتیبانی از زبان فارسی در منو و سیستم‌عامل قابلیت تغییر طرح ساعت یا تم پشتیبانی از دستیار صوتی سایز قاب ساعت هوشمند۴۴ میلی‌متر وزن۵۰ گرمفرم صفحهمستطیل قابلیت‌های مقاومتیمقاومت در برابر پاشش آب و گرد و غبار جنس بدنهآلومینیوم قابلیت تعویض بنددارد جنس بندسیلیکون نوع قفل بندسگکی ساده اندازه صفحه نمایش۲.۲ اینچحسگرهای حرکتی و محیطیفشار سنج (Barometer) پشتیبانی از فرمان‌های حرکتی گام‌شمار (Pedometer) امکانات ورزشیپشتیبانی از تمرینات مختلف ورزشی محاسبه میزان کالری مصرفی محاسبه مسافت طی شده سنسورهای ورزشی و سلامتیشمارنده ضربان قلب تشخیص حرکات دست سنجش کیفیت خواب اندازه‌گیری فشار خون سنجش اکسیژن خون اتصالاتBluetooth نحوه شارژ ساعت هوشمندکابل مغناطیسی قابلیت های ویژهاین ساعت از معدود ساعت های دارای بازی و سرگرمی و سنجش اکسیژن خون و دارای سنسور هشدار دهنده نشستن طولانی مدت و هشدار یاداوری نوشیدن آب است. همچنین دارای قابلیت کمک به تنفس و کاهش استرس و مکان یاب است. سنجش آب و هوا به همراه ۸ مدل نمایش آیکن ها را نیز داراست.
دارای بازی 
ماشین حساب پس زمینه دلخواه آلارم های هوشمند سنسور تشخیص حرکت دست و کلی قابلیت های دیگه
قابلیت های کلیدی
مکالمه و تماس دریافت پیامک های مختلف موبایل سنسور های سلامتی و ورزشی کنترل دوربین موبایل پخش موزیک
اتصال به تمامی گوشی های اندروید و آیفون اقلام همراه۷عدد بند ساعت هوشمند (بند فلزی طرح رولکس و بندهای سیلیکونی)
۱ عدد کابل شارژ وایرلس","متفرقه"
"1771408910-396","https://www.digikala.com/search/category-wearable-gadget/","ساعت هوشمند 46میلی متری مدل KW55 MAX با بند سیلیکون و ایرپاد","۱,۰۹۸,۰۰۰","","","۳.۹","تنها ۱ عدد در انبار باقی مانده","","","","ساعت هوشمند 46میلی متری مدل KW55 MAX با بند سیلیکون و ایرپادتنها ۱ عدد در انبار باقی مانده
۳.۹۱,۰۹۸,۰۰۰","https://www.digikala.com/product/dkp-20428110/%D8%B3%D8%A7%D8%B9%D8%AA-%D9%87%D9%88%D8%B4%D9%85%D9%86%D8%AF-46%D9%85%DB%8C%D9%84%DB%8C-%D9%85%D8%AA%D8%B1%DB%8C-%D9%85%D8%AF%D9%84-kw55-max-%D8%A8%D8%A7-%D8%A8%D9%86%D8%AF-%D8%B3%DB%8C%D9%84%DB%8C%DA%A9%D9%88%D9%86-%D9%88-%D8%A7%DB%8C%D8%B1%D9%BE%D8%A7%D8%AF/","۳.۹","۳۶ دیدگاه","عالی","ساعت هوشمند 46میلی متری مدل KW55 MAX با بند سیلیکون و ایرپاد","۱,۱۳۹,۰۰۰","۷۲%","https://dkstatics-public.digikala.com/digikala-products/c44866a43cf472aa1a8e13d3d225f2d5118a2e4d_1757861926.jpg?x-oss-process=image/resize,m_lfit,h_800,w_800/quality,q_90
https://dkstatics-public.digikala.com/digikala-products/e164a991a31e25157404df745ca77bda28d7d42d_1757788368.jpg?x-oss-process=image/resize,m_lfit,h_800,w_800/quality,q_90
https://dkstatics-public.digikala.com/digikala-products/18230f7e4cba65fb5fc4719b1700cd10de8598bd_1757788443.jpg?x-oss-process=image/resize,m_lfit,h_800,w_800/quality,q_90
https://dkstatics-public.digikala.com/digikala-products/c44866a43cf472aa1a8e13d3d225f2d5118a2e4d_1757861926.jpg?x-oss-process=image/resize,m_lfit,h_800,w_800/quality,q_90","","نقره‌ای ماتمشکینقره ایطلایی","ویژگی‌هانوع کاربریورزشی، رسمی، روزمرهورزشی، رسمی، روزمرهفرم صفحهمربعمربعجنس بندفلزفلزمشاهده همه ویژگی‌ها","ساعت هوشمند KEQIWEAR KW55 MAX با طراحی مدرن، قابلیت مکالمه بلوتوثی، پایش سلامتی و نمایش اعلان‌ها عرضه می‌شود. به همراه این ساعت یک جفت هندزفری بی‌سیم نیز در بسته‌بندی قرار دارد تا تجربه‌ای کامل‌تر از موسیقی و مکالمه داشته باشید.","مشخصاتمناسب برایآقایان و بانوان سازگار با سیستم عاملAndroid iOS توضیحات سازگاریسازگار با اندروید و ios نوع کاربریورزشی رسمی روزمره قابلیت‌های ساعت هوشمندکنترل موسیقی (Music Player) قابلیت مکالمه از طریق بلوتوث پشتیبانی از زبان فارسی در منو و سیستم‌عامل قابلیت تغییر طرح ساعت یا تم صفحه همیشه روشن (Always-on Display) قابلیت نصب اپلیکیشن پشتیبانی از دستیار صوتی سایز قاب ساعت هوشمند۴۶ میلی‌متر فرم صفحهمربع قابلیت‌های مقاومتیبدون قابلیت مقاومتی جنس بدنهفلز قابلیت تعویض بنددارد جنس بندفلز نوع قفل بندسگکی ساده اندازه صفحه نمایش۴۶ اینچحسگرهای حرکتی و محیطیگام‌شمار (Pedometer) فشار سنج (Barometer) سنسورهای ورزشی و سلامتیشمارنده ضربان قلب سنجش اکسیژن خون نحوه شارژ ساعت هوشمندکابل مغناطیسی","متفرقه"
"1771408912-397","https://www.digikala.com/search/category-wearable-gadget/","ساعت هوشمند ایمیکی مدل IMIKI TG1","۲,۴۹۰,۰۰۰","","","۴.۴","ارسال سریع دیجی‌کالا","","","","ساعت هوشمند ایمیکی مدل IMIKI TG1ارسال سریع دیجی‌کالا
۴.۴۲,۴۹۰,۰۰۰","https://www.digikala.com/product/dkp-11475250/%D8%B3%D8%A7%D8%B9%D8%AA-%D9%87%D9%88%D8%B4%D9%85%D9%86%D8%AF-%D8%A7%DB%8C%D9%85%DB%8C%DA%A9%DB%8C-%D9%85%D8%AF%D9%84-imiki-tg1/","۴.۴","۴۳۵ دیدگاه","عالی","ساعت هوشمند ایمیکی مدل IMIKI TG1","۲,۴۹۰,۰۰۰","۹۱%","https://dkstatics-public.digikala.com/digikala-products/31d7734d47a86a2719b4fce6260a90b0d01b129e_1754248138.jpg?x-oss-process=image/resize,m_lfit,h_800,w_800/quality,q_90
https://dkstatics-public.digikala.com/digikala-products/8ae610dea51973c82c991eb0d3f74f5c9488ad03_1741376659.jpg?x-oss-process=image/resize,m_lfit,h_800,w_800/quality,q_90
https://dkstatics-public.digikala.com/digikala-products/4f57b0fbb804a5dd231ce76b5d49097649e38b48_1685272889.jpg?x-oss-process=image/resize,m_lfit,h_800,w_800/quality,q_90
https://dkstatics-public.digikala.com/digikala-products/31d7734d47a86a2719b4fce6260a90b0d01b129e_1754248138.jpg?x-oss-process=image/resize,m_lfit,h_800,w_800/quality,q_90","","نقره ایمشکیآبی","ویژگی‌هانوع کاربریورزشی، رسمی، روزمرهورزشی، رسمی، روزمرهفرم صفحهدایرهدایرهجنس بندسیلیکونسیلیکونمشاهده همه ویژگی‌ها","ساعت هوشمند ایمیکی مدل IMIKI TG1 با طراحی مدرن و امکانات پیشرفته، گزینه‌ای مناسب برای استفاده در موقعیت‌های رسمی، ورزشی و روزمره محسوب می‌شود. این ساعت با ابعاد ۲۵۶x۴۵.۳x۱۰.۶ میلی‌متر و وزن ۴۶.۷ گرم، ترکیبی از راحتی و استحکام را ارائه می‌دهد. صفحه نمایش Super-Retina AMOLED با اندازه ۱.۴۳ اینچ و رزولوشن ۴۴۶x۴۴۶ پیکسل، کیفیت تصویری بی‌نظیری را فراهم کرده و تجربه کاربری مطلوبی ارائه می‌دهد.
قاب دایره‌ای شکل این ساعت در کنار بند سیلیکونی قابل تعویض، طراحی انعطاف‌پذیری دارد که می‌ ...","مشخصاتمناسب برایآقایان توضیحات سازگاریپشتیبانی از سیستم عامل اندروید ۴.۴ و بالاتر / پشتیبانی از سیستم عامل iOS نسخه ۹.۰ و بالاتر نوع کاربریورزشی رسمی روزمره قابلیت‌های ساعت هوشمندصفحه نمایش رنگی صفحه نمایش لمسی ابعاد قاب۲۵۶x۴۵.۳x۱۰.۶ میلی‌مترضخامت قاب۴۵.۳ میلی‌متروزن۴۶.۷ گرمفرم صفحهدایره جنس بدنهفلز قابلیت تعویض بنددارد جنس بندسیلیکون نوع قفل بندسگکی ساده توضیحات رنگ بند و بدنهبند با رنگ‌بندی مختلف نوع صفحه نمایش اصلیSuper-Retina AMOLED اندازه صفحه نمایش۱.۴۳ اینچ اینچرزولوشن صفحه نمایش۴۴۶x۴۴۶ پیکسل سایر مشخصات سخت افزاریدارای استاندارد مقاومت در برابر نفوذ آب IP۶۸ / دارای اسپیکر داخلی / پشتیبانی از بیش از ۱۰۰ حالت ورزشی ظرفیت باتری۳۰۰ میلی آمپر ساعت","ایمیکی"
"1771408914-398","https://www.digikala.com/search/category-wearable-gadget/","ساعت هوشمند میبرو مدل Lite 3 Pro بند چرمی، ضد آب، صفحه نمایش AMOLED، روشنایی 1000 نیتی، دارای قابلیت صفحه همیشه روشن، سنسور اکسیژن خون، سنسور ضربان قلب","۸,۸۹۵,۰۰۰","","","۴.۲","تنها ۱ عدد در انبار باقی مانده","","","","ساعت هوشمند میبرو مدل Lite 3 Pro بند چرمی، ضد آب، صفحه نمایش AMOLED، روشنایی 1000 نیتی، دارای قابلیت صفحه همیشه روشن، سنسور اکسیژن خون، سنسور ضربان قلبتنها ۱ عدد در انبار باقی مانده
۴.۲۸,۸۹۵,۰۰۰","https://www.digikala.com/product/dkp-16740022/%D8%B3%D8%A7%D8%B9%D8%AA-%D9%87%D9%88%D8%B4%D9%85%D9%86%D8%AF-%D9%85%DB%8C%D8%A8%D8%B1%D9%88-%D9%85%D8%AF%D9%84-lite-3-pro-%D8%A8%D9%86%D8%AF-%DA%86%D8%B1%D9%85%DB%8C-%D8%B6%D8%AF-%D8%A2%D8%A8-%D8%B5%D9%81%D8%AD%D9%87-%D9%86%D9%85%D8%A7%DB%8C%D8%B4-amoled-%D8%B1%D9%88%D8%B4%D9%86%D8%A7%DB%8C%DB%8C-1000-%D9%86%DB%8C%D8%AA%DB%8C-%D8%AF%D8%A7%D8%B1%D8%A7%DB%8C-%D9%82%D8%A7%D8%A8%D9%84%DB%8C%D8%AA-%D8%B5%D9%81%D8%AD%D9%87-%D9%87%D9%85%DB%8C%D8%B4%D9%87-%D8%B1%D9%88%D8%B4%D9%86-%D8%B3%D9%86%D8%B3%D9%88%D8%B1-%D8%A7%DA%A9%D8%B3%DB%8C%DA%98%D9%86-%D8%AE%D9%88%D9%86-%D8%B3%D9%86%D8%B3%D9%88%D8%B1-%D8%B6%D8%B1%D8%A8%D8%A7%D9%86-%D9%82%D9%84%D8%A8/","۴.۲","۱۶۰ دیدگاه","خیلی خوب","ساعت هوشمند میبرو مدل Lite 3 Pro بند چرمی، ضد آب، صفحه نمایش AMOLED، روشنایی 1000 نیتی، دارای قابلیت صفحه همیشه روشن، سنسور اکسیژن خون، سنسور ضربان قلب","۸,۶۰۰,۰۰۰","۸۶.۶%","https://dkstatics-public.digikala.com/digikala-products/b9b40006caa1b625c6f2f9283657a8ff7bd81c91_1754236655.jpg?x-oss-process=image/resize,m_lfit,h_800,w_800/quality,q_90
https://dkstatics-public.digikala.com/digikala-products/b9b40006caa1b625c6f2f9283657a8ff7bd81c91_1754236655.jpg?x-oss-process=image/resize,m_lfit,h_800,w_800/quality,q_90
https://dkstatics-public.digikala.com/digikala-products/7b53fe86f2e210d49e7b6a8f7ecdca0190b6161a_1726645528.jpg?x-oss-process=image/resize,m_lfit,h_800,w_800/quality,q_90
https://dkstatics-public.digikala.com/digikala-products/0260b29125c0866245974769d3e91a2ead354836_1726645528.jpg?x-oss-process=image/resize,m_lfit,h_800,w_800/quality,q_90
https://dkstatics-public.digikala.com/digikala-products/b9b40006caa1b625c6f2f9283657a8ff7bd81c91_1754236655.jpg?x-oss-process=image/resize,m_lfit,h_800,w_800/quality,q_90","","سبز تیرهخاکستری","ویژگی‌هانوع کاربریورزشی، رسمی، روزمرهورزشی، رسمی، روزمرهفرم صفحهگردگردجنس بندچرمچرممشاهده همه ویژگی‌ها","ساعت هوشمند میبرو مدل Lite 3 Pro یک انتخاب ایده‌آل برای آقایان و بانوانی است که به دنبال ترکیب شیک و عملکرد حرفه‌ای در یک محصول هستند. این ساعت هوشمند با بدنه فلزی زیبا و روکش سرامیکی طراحی‌شده که علاوه بر جلوه زیبا و مقاوم، جذابیت خاصی را برای استفاده در موقعیت‌های رسمی و ورزشی به ارمغان می‌آورد. صفحه‌نمایش ۱.۳۲ اینچی AMOLED UHD با رزولوشن بالا و روشنایی ۱۰۰۰ نیت، تصویری شفاف و دقیق ارائه می‌دهد که در شرایط نوری مختلف، ازجمله زیر نور خورشید، وضوح‌بالایی دارد. این ساعت با بند ...","مشخصاتمناسب برایآقایان و بانوان توضیحات سازگاریاندروید ۵ و بالاتر / 
ios ۱۰ و بالاتر نوع کاربریورزشی رسمی روزمره قابلیت‌های ساعت هوشمندصفحه نمایش رنگی صفحه نمایش لمسی قابلیت مکالمه از طریق بلوتوث ضد آب ابعاد قاب۴۴.۷x۴۴.۷x۱۱.۹ میلی‌مترفرم صفحهگرد جنس بدنهفلز قابلیت تعویض بنددارد توضیحات جنس بدنهبدنه فلزی براق با روکش سرامیکی  جنس بندچرم نوع قفل بندسگکی ساده نوع صفحه نمایش اصلیAMOLED UHD اندازه صفحه نمایش۱.۳۲ اینچ اینچرزولوشن صفحه نمایش۴۶۶x۴۶۶ تراکم پیکسلی صفحه نمایش۳۵۳ پیکسل بر اینچسایر مشخصات صفحه نمایشروشنایی ۱۰۰۰ نیتی / 
طیف رنگی ۱۶.۷۷ میلیونی /
نرخ بروزرسانی ۶۰ هرتزی 
 اتصالاتBluetooth ظرفیت باتری۳۵۰ میلی آمپر ساعتقابلیت های ویژهدارای قابلیت Always on display / 
مجهز به سیستم تشخیص ضربان قلب ۲۴ ساعته /
تحلیل خواب /
نظارت بر استرس /
دارای ۱۵۰ حالت ورزشی /
ضد آب ۵ATM /
مجهز به NFC /
مجهز به سیستم های موقعیت یاب جهانی ماهواره‌ای GPS / Beidou / GLONASS / Galileo /QZSS ۵ /
عمر باتری فوق العاده و بهینه شده / حالت استندبای تا ۵۰ روز / حالت روزانه تا ۱۵ روز / حالت تماس تا ۷ ساعت / حالت GPS تا ۱۵ ساعت /
قابلیت کنترل و پخش موسیقی /
بلوتوث نسخه ۵.۳ /","میبرو"
"1771408916-399","https://www.digikala.com/search/category-wearable-gadget/","ساعت هوشمند 45 میلی‌متری ناتینگ مدل CMF Watch Pro 2 با بند سیلیکونی","۷,۲۵۰,۰۰۰","","","۴.۶","&nbsp;","","","","ساعت هوشمند 45 میلی‌متری ناتینگ مدل CMF Watch Pro 2 با بند سیلیکونی&nbsp;
۴.۶۷,۲۵۰,۰۰۰","https://www.digikala.com/product/dkp-16026610/%D8%B3%D8%A7%D8%B9%D8%AA-%D9%87%D9%88%D8%B4%D9%85%D9%86%D8%AF-45-%D9%85%DB%8C%D9%84%DB%8C%D9%85%D8%AA%D8%B1%DB%8C-%D9%86%D8%A7%D8%AA%DB%8C%D9%86%DA%AF-%D9%85%D8%AF%D9%84-cmf-watch-pro-2-%D8%A8%D8%A7-%D8%A8%D9%86%D8%AF-%D8%B3%DB%8C%D9%84%DB%8C%DA%A9%D9%88%D9%86%DB%8C/","۴.۶","۳۷۸ دیدگاه","عالی","ساعت هوشمند 45 میلی‌متری ناتینگ مدل CMF Watch Pro 2 با بند سیلیکونی","۵,۶۴۹,۰۰۰","","https://dkstatics-public.digikala.com/digikala-products/d521e3987ace50241bff0c1351e891f3064d3d0a_1747410964.jpg?x-oss-process=image/resize,m_lfit,h_800,w_800/quality,q_90
https://dkstatics-public.digikala.com/digikala-products/d521e3987ace50241bff0c1351e891f3064d3d0a_1747410964.jpg?x-oss-process=image/resize,m_lfit,h_800,w_800/quality,q_90
https://dkstatics-public.digikala.com/digikala-products/87eae01b9fe90eb0f27ccaaf3e24e600bb6638dd_1720611502.jpg?x-oss-process=image/resize,m_lfit,h_800,w_800/quality,q_90
https://dkstatics-public.digikala.com/digikala-products/7a7dd4096e554a54d8bd005039fa8cbc07bfe9f3_1720609895.jpg?x-oss-process=image/resize,m_lfit,h_800,w_800/quality,q_90
https://dkstatics-public.digikala.com/digikala-products/d521e3987ace50241bff0c1351e891f3064d3d0a_1747410964.jpg?x-oss-process=image/resize,m_lfit,h_800,w_800/quality,q_90","","آبیخاکستری روشنمشکی","ویژگی‌هانوع کاربریورزشی، روزمرهورزشی، روزمرهفرم صفحهدایرهدایرهجنس بندسیلیکونسیلیکونمشاهده همه ویژگی‌ها","","مشخصاتمناسب برایآقایان و بانوان سازگار با سیستم عاملAndroid iOS توضیحات سازگاریاندروید نسخه ۸.۰ و بالاتر / 
iOS نسخه ۱۳ و بالاتر نوع کاربریورزشی روزمره قابلیت‌های ساعت هوشمندکنترل موسیقی (Music Player) قابلیت مکالمه از طریق بلوتوث پشتیبانی از دستیار صوتی سایز قاب ساعت هوشمند۴۵ میلی‌متر فرم صفحهدایره جنس بدنهآلومینیوم قابلیت تعویض بنددارد جنس بندسیلیکون نوع قفل بندسگکی ساده توضیحات رنگ بند و بدنهدارای بدنه آلومینیونی و بند سیلیکونی، که هم رنگ بدنه و هم بند ها قابل تعویض اند.  نوع صفحه نمایش اصلیAMOLED اندازه صفحه نمایش۱.۳۲ اینچ اینچرزولوشن صفحه نمایش۴۶۶x۴۶۶ روشنایی صفحه نمایش۶۵۰ نیتتراکم پیکسلی صفحه نمایش۳۵۳ پیکسل بر اینچسایر مشخصات صفحه نمایشنرخ به روزرسانی ۶۰ فریم حسگرهای حرکتی و محیطیگام‌شمار (Pedometer) تشخیص نور محیط امکانات ورزشیپشتیبانی از تمرینات مختلف ورزشی محاسبه میزان کالری مصرفی امکان ارائه برنامه تمرینی سنسورهای ورزشی و سلامتیتشخیص حرکات دست سنجش سطح استرس شمارنده ضربان قلب سنجش اکسیژن خون سنجش کیفیت خواب اتصالاتBluetooth نحوه شارژ ساعت هوشمندکابل مغناطیسی مدت زمان شارژ شدن۱۰۰ دقیقه","ناتینگ"
"1771408918-400","https://www.digikala.com/search/category-wearable-gadget/","ساعت هوشمند مدل اولترا T1000 دارای قابلیت های قابلیت مکالمه مستقیم، قابلیت مکالمه از طریق بلوتوث، ضد آب بند سیلیکون","۶۶۳,۰۰۰","","","۳.۵","&nbsp;","","","","ساعت هوشمند مدل اولترا T1000 دارای قابلیت های قابلیت مکالمه مستقیم، قابلیت مکالمه از طریق بلوتوث، ضد آب بند سیلیکون&nbsp;
۳.۵۶۶۳,۰۰۰","https://www.digikala.com/product/dkp-15985727/%D8%B3%D8%A7%D8%B9%D8%AA-%D9%87%D9%88%D8%B4%D9%85%D9%86%D8%AF-%D9%85%D8%AF%D9%84-%D8%A7%D9%88%D9%84%D8%AA%D8%B1%D8%A7-t1000-%D8%AF%D8%A7%D8%B1%D8%A7%DB%8C-%D9%82%D8%A7%D8%A8%D9%84%DB%8C%D8%AA-%D9%87%D8%A7%DB%8C-%D9%82%D8%A7%D8%A8%D9%84%DB%8C%D8%AA-%D9%85%DA%A9%D8%A7%D9%84%D9%85%D9%87-%D9%85%D8%B3%D8%AA%D9%82%DB%8C%D9%85-%D9%82%D8%A7%D8%A8%D9%84%DB%8C%D8%AA-%D9%85%DA%A9%D8%A7%D9%84%D9%85%D9%87-%D8%A7%D8%B2-%D8%B7%D8%B1%DB%8C%D9%82-%D8%A8%D9%84%D9%88%D8%AA%D9%88%D8%AB-%D8%B6%D8%AF-%D8%A2%D8%A8-%D8%A8%D9%86%D8%AF-%D8%B3%DB%8C%D9%84%DB%8C%DA%A9%D9%88%D9%86/","۳.۵","۷۶۳ دیدگاه","ضعیف","ساعت هوشمند مدل اولترا T1000 دارای قابلیت های قابلیت مکالمه مستقیم، قابلیت مکالمه از طریق بلوتوث، ضد آب بند سیلیکون","۵۵۰,۰۰۰","۲۰%","https://dkstatics-public.digikala.com/digikala-products/4dd06ca0400eed1b47e0b3a4aaf74ae757df0dde_1738582830.jpg?x-oss-process=image/resize,m_lfit,h_800,w_800/quality,q_90
https://dkstatics-public.digikala.com/digikala-products/8d09b51fa342776b58737e6f9e0f99e5d094463b_1720192603.jpg?x-oss-process=image/resize,m_lfit,h_800,w_800/quality,q_90
https://dkstatics-public.digikala.com/digikala-products/8aa402b2ed67e9b4b45513dadf230a9248467f5d_1720193288.jpg?x-oss-process=image/resize,m_lfit,h_800,w_800/quality,q_90
https://dkstatics-public.digikala.com/digikala-products/4dd06ca0400eed1b47e0b3a4aaf74ae757df0dde_1738582830.jpg?x-oss-process=image/resize,m_lfit,h_800,w_800/quality,q_90","","نارنجی فلورسنتمشکیمشکی براقنارنجی فسفرینارنجی","ویژگی‌هانوع کاربریورزشی، رسمی، روزمرهورزشی، رسمی، روزمرهفرم صفحهمستطیلمستطیلجنس بندسیلیکونسیلیکونمشاهده همه ویژگی‌ها","ساعت هوشمند T1000 ULTRA محصولی است که با طراحی مدرن و پیشرفته خود، توانسته توجه بسیاری از کاربران را به خود جلب کند. این ساعت هوشمند، برآیند سال‌ها تجربه و تلاش شرکت پیشرو در زمینه فناوری‌های پوشیدنی است که با هدف ارائه محصولی جذاب، کارآمد و چندکاره به بازار عرضه شده است. از نظر ظاهری، T1000 ULTRA با بهره‌گیری از مواد با کیفیت بالا و طراحی زیبا و مدرن، به عنوان یک اکسسوری جذاب در کنار هر پوشش و سبک لباسی ظاهر می‌شود. صفحه‌نمایش AMOLED با وضوح بالای این ساعت، امکان نمایش رنگ‌ه ...","مشخصاتنوع کاربریورزشی رسمی روزمره قابلیت‌های ساعت هوشمندقابلیت مکالمه مستقیم قابلیت مکالمه از طریق بلوتوث ضد آب فرم صفحهمستطیل جنس بدنهاستیل قابلیت تعویض بنددارد جنس بندسیلیکون نوع قفل بندسگکی ساده توضیحات رنگ بند و بدنهبدنه در چند رنگ اندازه صفحه نمایش۱.۹۹ اینچ","متفرقه"
"1771408921-401","https://www.digikala.com/search/category-wearable-gadget/","ساعت هوشمند مدل T1000 ULTRA","۵۹۹,۰۰۰","","","۳.۶","تنها ۱ عدد در انبار باقی مانده","","","","ساعت هوشمند مدل T1000 ULTRAتنها ۱ عدد در انبار باقی مانده
۳.۶۵۹۹,۰۰۰","https://www.digikala.com/product/dkp-13102138/%D8%B3%D8%A7%D8%B9%D8%AA-%D9%87%D9%88%D8%B4%D9%85%D9%86%D8%AF-%D9%85%D8%AF%D9%84-t1000-ultra/","۳.۶","۲۳۲۷ دیدگاه","عالی","ساعت هوشمند مدل T1000 ULTRA","۵۹۷,۰۰۰","۵۰%","https://dkstatics-public.digikala.com/digikala-products/1ef076fe0994e00da8db2048036d75b44afdbfb0_1754251576.jpg?x-oss-process=image/resize,m_lfit,h_800,w_800/quality,q_90
https://dkstatics-public.digikala.com/digikala-products/1ef076fe0994e00da8db2048036d75b44afdbfb0_1754251576.jpg?x-oss-process=image/resize,m_lfit,h_800,w_800/quality,q_90
https://dkstatics-public.digikala.com/digikala-products/cc0dc2fd17bd3a5a8a1ec30c2bc647675869521f_1698074604.jpg?x-oss-process=image/resize,m_lfit,h_800,w_800/quality,q_90
https://dkstatics-public.digikala.com/digikala-products/1d6f392a34cee9424aacd7310748070449a0f477_1698074606.jpg?x-oss-process=image/resize,m_lfit,h_800,w_800/quality,q_90
https://dkstatics-public.digikala.com/digikala-products/1ef076fe0994e00da8db2048036d75b44afdbfb0_1754251576.jpg?x-oss-process=image/resize,m_lfit,h_800,w_800/quality,q_90","","نارنجیمشکیمشکی براقنارنجی فلورسنتمرجانی","ویژگی‌هانوع کاربریورزشی، رسمی، روزمرهورزشی، رسمی، روزمرهفرم صفحهمستطیلمستطیلجنس بندسیلیکونسیلیکونمشاهده همه ویژگی‌ها","ساعت هوشمند T1000 ULTRA محصولی است که با طراحی مدرن و پیشرفته خود، توانسته توجه بسیاری از کاربران را به خود جلب کند. این ساعت هوشمند، برآیند سال‌ها تجربه و تلاش شرکت پیشرو در زمینه فناوری‌های پوشیدنی است که با هدف ارائه محصولی جذاب، کارآمد و چندکاره به بازار عرضه شده است.
از نظر ظاهری، T1000 ULTRA با بهره‌گیری از مواد با کیفیت بالا و طراحی زیبا و مدرن، به عنوان یک اکسسوری جذاب در کنار هر پوشش و سبک لباسی ظاهر می‌شود. صفحه‌نمایش AMOLED با وضوح بالای این ساعت، امکان نمایش رنگ‌ ...","مشخصاتمناسب برایآقایان و بانوان توضیحات سازگاریبا تمام گوشی های اندرویدی و آیفون (نسخه‌های سازگار) زبان‌های قابل پشتیبانی در اعلان و پیامفارسی انگلیسی نوع کاربریورزشی رسمی روزمره قابلیت‌های ساعت هوشمندصفحه نمایش رنگی صفحه نمایش لمسی کنترل موسیقی (Music Player) پشتیبانی از زبان فارسی در منو و سیستم‌عامل فرم صفحهمستطیل جنس بدنهاستیل جنس بندسیلیکون نوع قفل بندسگکی ساده توضیحات رنگ بند و بدنهبدنه در چند رنگ اندازه صفحه نمایش۱.۹۹ اینچاتصالاتBluetooth قابلیت های ویژهپشتیبانی از شبکه های اجتماعی /
سنسورهای ورزش‌های مانند دویدن، دوچرخه سواری، فوتبال، تنیس، بسکتبال و والیبال اقلام همراهدفترچه راهنما /
شارژر وایرلس","متفرقه"
"1771408923-402","https://www.digikala.com/search/category-wearable-gadget/","ساعت هوشمند 41 میلی متری ککیو ویر مدل ULTRA 3 mini با بند سیلیکونی","۱,۹۸۰,۰۰۰","","","۴","&nbsp;","","","","ساعت هوشمند 41 میلی متری ککیو ویر مدل ULTRA 3 mini با بند سیلیکونی&nbsp;
۴۱,۹۸۰,۰۰۰","https://www.digikala.com/product/dkp-21008879/%D8%B3%D8%A7%D8%B9%D8%AA-%D9%87%D9%88%D8%B4%D9%85%D9%86%D8%AF-41-%D9%85%DB%8C%D9%84%DB%8C-%D9%85%D8%AA%D8%B1%DB%8C-%DA%A9%DA%A9%DB%8C%D9%88-%D9%88%DB%8C%D8%B1-%D9%85%D8%AF%D9%84-ultra-3-mini-%D8%A8%D8%A7-%D8%A8%D9%86%D8%AF-%D8%B3%DB%8C%D9%84%DB%8C%DA%A9%D9%88%D9%86%DB%8C/","۴","۲۲ دیدگاه","عالی","ساعت هوشمند 41 میلی متری ککیو ویر مدل ULTRA 3 mini با بند سیلیکونی","۱,۸۸۰,۰۰۰","","https://dkstatics-public.digikala.com/digikala-products/20efcd7476910c3f63f0aff9558a0c3d0ec070b1_1764617321.jpg?x-oss-process=image/resize,m_lfit,h_800,w_800/quality,q_90
https://dkstatics-public.digikala.com/digikala-products/a632850accb93012be587ecd863dda5637b7d02a_1764617101.jpg?x-oss-process=image/resize,m_lfit,h_800,w_800/quality,q_90
https://dkstatics-public.digikala.com/digikala-products/0a9d3cf82f8bda76100c30f5dd29e8904beb22a2_1764702847.jpg?x-oss-process=image/resize,m_lfit,h_800,w_800/quality,q_90
https://dkstatics-public.digikala.com/digikala-products/20efcd7476910c3f63f0aff9558a0c3d0ec070b1_1764617321.jpg?x-oss-process=image/resize,m_lfit,h_800,w_800/quality,q_90","","نقره ایمشکیصورتی","ویژگی‌هانوع کاربریروزمره، رسمی، ورزشیروزمره، رسمی، ورزشیفرم صفحهمستطیلمستطیلجنس بندسیلیکونسیلیکونمشاهده همه ویژگی‌ها","ساعت هوشمند مینی مدل اولترا 3
این مدل با طراحی جمع‌وجور و سه بند سیلیکونی سبک، گزینه‌ای مناسب برای استفاده روزمره است؛ مخصوصاً برای افرادی که مچ دست ظریف دارند و همین‌طور کودکان که به دنبال یک ساعت سبک، خوش‌دست و کاربردی هستند.

از نظر کیفیت ساخت و ظاهر، با توجه ب قیمت اقتصادی اش واقعاً عملکرد خوبی دارد. بدنه تمیز و خوش‌فرم، نمایشگر روشن و واضح و شارژدهی مناسب، باعث می‌شود در این رنج قیمت یک انتخاب قابل‌اعتماد محسوب شود.

در بخش سلامتی، قابلیت‌های کاملی مثل اندازه‌گیری ضربان  ...","مشخصاتمناسب برایکاربری عمومی سازگار با سیستم عاملAndroid iOS توضیحات سازگاریسازکار با دستگاه‌های اندروید و iIS زبان‌های قابل پشتیبانی در اعلان و پیامعربی فارسی انگلیسی چینی نوع کاربریروزمره رسمی ورزشی قابلیت‌های ساعت هوشمندکنترل موسیقی (Music Player) قابلیت مکالمه از طریق بلوتوث پشتیبانی از زبان فارسی در منو و سیستم‌عامل قابلیت تغییر طرح ساعت یا تم صفحه همیشه روشن (Always-on Display) سایز قاب ساعت هوشمند۴۱ میلی‌متر وزن۳۵ گرمفرم صفحهمستطیل قابلیت‌های مقاومتیمقاوم در برابر نفوذ گرد و غبار مقاوم در برابر سرما مقاوم در برابر شوک مقاوم در برابر گرما جنس بدنهفلز قابلیت تعویض بنددارد جنس بندسیلیکون نوع قفل بندسگکی ساده اندازه صفحه نمایش۱.۵ اینچحسگرهای حرکتی و محیطیفشار سنج (Barometer) گام‌شمار (Pedometer) امکانات ورزشیپشتیبانی از تمرینات مختلف ورزشی محاسبه میزان کالری مصرفی محاسبه مسافت طی شده سنسورهای ورزشی و سلامتیسنجش اکسیژن خون شمارنده ضربان قلب اندازه‌گیری فشار خون اتصالاتBluetooth نحوه شارژ ساعت هوشمندشارژ بی‌سیم اقلام همراهسه عدد بند سیلیکونی 
کابل وایرلس توضیحات شارژدهیمعمولاً شارژ اولیه دستگاه حدود ۲ تا ۳ ساعت زمان می‌برد تا کامل پر شود.
برای جلوگیری از آسیب دیدن باتری، حتماً از آداپتور ۱ آمپر استفاده کنید و به هیچ عنوان از فست‌شارژ یا شارژرهای سریع استفاده نکنید؛ چون با گذشت زمان باتری را ضعیف می‌کنند.
همچنین توصیه می‌شود ساعت را بیشتر از ۳ تا ۴ ساعت در شارژ نگذارید تا عمر باتری کاهش پیدا نکند.","متفرقه"
"1771408925-403","https://www.digikala.com/search/category-wearable-gadget/","ساعت هوشمند ۴۱ میلی‌متری مدل KEQIWEAR kw61 max با بند سیلیکونی","۷۸۵,۰۰۰","۱,۰۵۸,۰۰۰","۲۶٪","۴","تنها ۳ عدد در انبار باقی مانده","","","","ساعت هوشمند ۴۱ میلی‌متری مدل KEQIWEAR kw61 max با بند سیلیکونی تنها ۳ عدد در انبار باقی مانده
۴۲۶٪۷۸۵,۰۰۰۱,۰۵۸,۰۰۰","https://www.digikala.com/product/dkp-20592596/%D8%B3%D8%A7%D8%B9%D8%AA-%D9%87%D9%88%D8%B4%D9%85%D9%86%D8%AF-%DB%B4%DB%B1-%D9%85%DB%8C%D9%84%DB%8C%D9%85%D8%AA%D8%B1%DB%8C-%D9%85%D8%AF%D9%84-keqiwear-kw61-max-%D8%A8%D8%A7-%D8%A8%D9%86%D8%AF-%D8%B3%DB%8C%D9%84%DB%8C%DA%A9%D9%88%D9%86%DB%8C/","۴","۵۱ دیدگاه","خوب","ساعت هوشمند ۴۱ میلی‌متری مدل KEQIWEAR kw61 max با بند سیلیکونی","۶۹۰,۰۰۰","","https://dkstatics-public.digikala.com/digikala-products/16fd12f991e9568028e51dc5162e68d0aeeac300_1759605647.jpg?x-oss-process=image/resize,m_lfit,h_800,w_800/quality,q_90
https://dkstatics-public.digikala.com/digikala-products/b841a8ae42535a4dd5050f09cd0159cdf95dcd66_1759587660.jpg?x-oss-process=image/resize,m_lfit,h_800,w_800/quality,q_90
https://dkstatics-public.digikala.com/digikala-products/387b7421abd2099f2c55a2da50558cce718df8c2_1759587740.jpg?x-oss-process=image/resize,m_lfit,h_800,w_800/quality,q_90","","بژنقره ایمشکیمشکی براق","ویژگی‌هانوع کاربریورزشی، روزمرهورزشی، روزمرهفرم صفحهمستطیلمستطیلجنس بندسیلیکونسیلیکونمشاهده همه ویژگی‌ها","ساعت هوشمند KW61 Max با طراحی مدرن و کیفیت ساخت ممتاز، تجربه‌ای پیشرفته و کامل از فناوری پوشیدنی را ارائه می‌دهد. این ساعت در بسته‌بندی خود شامل دو بند سیلیکونی جذاب است و امکان استفاده از انواع بندهای اصلی اپل واچ سایز ۴۱ را نیز فراهم می‌کند.
ساعت قادر است اعلانات دریافتی را به زبان فارسی نمایش دهد و تجربه کاربری آسانی را فراهم می‌کند.
امکان مکالمه مستقیم از طریق ساعت و اتصال بی‌سیم به انواع گوشی‌های اندروید و آیفون فراهم شده است.
نرم‌افزار ساعت به صورت روان و پایدار عمل می‌ ...","مشخصاتمناسب برایکاربری عمومی سازگار با سیستم عاملAndroid iOS توضیحات سازگاریسازگاری با اندروید و IOS نوع کاربریورزشی روزمره قابلیت‌های ساعت هوشمندکنترل موسیقی (Music Player) قابلیت تغییر طرح ساعت یا تم قابلیت مکالمه از طریق بلوتوث پشتیبانی از زبان فارسی در منو و سیستم‌عامل سایز قاب ساعت هوشمند۴۱ میلی‌متر فرم صفحهمستطیل قابلیت‌های مقاومتیمقاوم در برابر نفوذ گرد و غبار جنس بدنهفلز قابلیت تعویض بنددارد جنس بندسیلیکون نوع قفل بندسگکی ساده اندازه صفحه نمایش۱/۶ اینچحسگرهای حرکتی و محیطیگام‌شمار (Pedometer) امکانات ورزشیپشتیبانی از تمرینات مختلف ورزشی محاسبه میزان کالری مصرفی سنسورهای ورزشی و سلامتیشمارنده ضربان قلب نحوه شارژ ساعت هوشمندشارژ بی‌سیم کابل مغناطیسی","کانکت دیوایس"
"1771408927-404","https://www.digikala.com/search/category-wearable-gadget/","ساعت هوشمند 45 میلی‌متری کیوکویر مدل KW25 MAX series 10 با بند سیلیکونی","۷۲۰,۰۰۰","","","۴.۱","تنها ۲ عدد در انبار باقی مانده","","","","ساعت هوشمند 45 میلی‌متری کیوکویر مدل KW25 MAX series 10 با بند سیلیکونیتنها ۲ عدد در انبار باقی مانده
۴.۱۷۲۰,۰۰۰","https://www.digikala.com/product/dkp-19223382/%D8%B3%D8%A7%D8%B9%D8%AA-%D9%87%D9%88%D8%B4%D9%85%D9%86%D8%AF-45-%D9%85%DB%8C%D9%84%DB%8C%D9%85%D8%AA%D8%B1%DB%8C-%DA%A9%DB%8C%D9%88%DA%A9%D9%88%DB%8C%D8%B1-%D9%85%D8%AF%D9%84-kw25-max-series-10-%D8%A8%D8%A7-%D8%A8%D9%86%D8%AF-%D8%B3%DB%8C%D9%84%DB%8C%DA%A9%D9%88%D9%86%DB%8C/","۴.۱","۱۰۲ دیدگاه","عالی","ساعت هوشمند 45 میلی‌متری کیوکویر مدل KW25 MAX series 10 با بند سیلیکونی","۶۱۵,۰۰۰","۶۴%","https://dkstatics-public.digikala.com/digikala-products/7539cc1408a884d79ba46ac5fcd3833381b9ed69_1747483919.jpg?x-oss-process=image/resize,m_lfit,h_800,w_800/quality,q_90
https://dkstatics-public.digikala.com/digikala-products/7539cc1408a884d79ba46ac5fcd3833381b9ed69_1747483919.jpg?x-oss-process=image/resize,m_lfit,h_800,w_800/quality,q_90
https://dkstatics-public.digikala.com/digikala-products/9217d305571934b304bbcf56e9fe18d0147c3c26_1747483919.jpg?x-oss-process=image/resize,m_lfit,h_800,w_800/quality,q_90
https://dkstatics-public.digikala.com/digikala-products/1ebd898a154f2f3fec31c4dfe3184eff659e950e_1747483919.jpg?x-oss-process=image/resize,m_lfit,h_800,w_800/quality,q_90
https://dkstatics-public.digikala.com/digikala-products/7539cc1408a884d79ba46ac5fcd3833381b9ed69_1747483919.jpg?x-oss-process=image/resize,m_lfit,h_800,w_800/quality,q_90","","مشکینقره ای","ویژگی‌هانوع کاربریورزشیورزشیفرم صفحهمستطیلمستطیلجنس بندسیلیکونسیلیکونمشاهده همه ویژگی‌ها","","مشخصاتمناسب برایکاربری عمومی سازگار با سیستم عاملAndroid iOS توضیحات سازگاریسازگار با سیستم‌عامل‌های اندروید و iOS نوع کاربریورزشی قابلیت‌های ساعت هوشمندکنترل موسیقی (Music Player) قابلیت مکالمه از طریق بلوتوث قابلیت تغییر طرح ساعت یا تم سایز قاب ساعت هوشمند۴۵ میلی‌متر وزن۳۵ گرمفرم صفحهمستطیل جنس بدنهفلز قابلیت تعویض بنددارد جنس بندسیلیکون نوع قفل بندسگکی ساده اندازه صفحه نمایش۲.۰۱ اینچحسگرهای حرکتی و محیطیشتاب سنج (Accelerometer) دماسنج (Thermometer) گام‌شمار (Pedometer) امکانات ورزشیپشتیبانی از تمرینات مختلف ورزشی سنسورهای ورزشی و سلامتیشمارنده ضربان قلب سنجش دمای بدن سنجش کیفیت خواب سنجش سطح استرس اتصالاتBluetooth نحوه شارژ ساعت هوشمندکابل مغناطیسی اقلام همراهسیم شارژ مغناطیسی مخصوص / دو عدد بند اضافی علاوه بر بند اصلی","کیکویر"
"1771408929-405","https://www.digikala.com/search/category-wearable-gadget/","ساعت هوشمند 49 میلی متری Z11 ULTRA مدل 3Straps با بند سیلیکونی","۱,۵۸۹,۰۰۰","۳,۹۵۰,۰۰۰","۶۰٪","۳.۴","تنها ۲ عدد در انبار باقی مانده","","","","ساعت هوشمند 49 میلی متری Z11 ULTRA مدل 3Straps با بند سیلیکونیتنها ۲ عدد در انبار باقی مانده
۳.۴۶۰٪۱,۵۸۹,۰۰۰۳,۹۵۰,۰۰۰","https://www.digikala.com/product/dkp-21100332/%D8%B3%D8%A7%D8%B9%D8%AA-%D9%87%D9%88%D8%B4%D9%85%D9%86%D8%AF-49-%D9%85%DB%8C%D9%84%DB%8C-%D9%85%D8%AA%D8%B1%DB%8C-z11-ultra-%D9%85%D8%AF%D9%84-3straps-%D8%A8%D8%A7-%D8%A8%D9%86%D8%AF-%D8%B3%DB%8C%D9%84%DB%8C%DA%A9%D9%88%D9%86%DB%8C/","۳.۴","۸ دیدگاه","عالی","ساعت هوشمند 49 میلی متری Z11 ULTRA مدل 3Straps با بند سیلیکونی","۳,۹۵۰,۰۰۰","۸۶.۶%","https://dkstatics-public.digikala.com/digikala-products/54e0f8207e05faa34ac03e05d6c8cbf3fd965abe_1765867636.jpg?x-oss-process=image/resize,m_lfit,h_800,w_800/quality,q_90
https://dkstatics-public.digikala.com/digikala-products/70840ce0c86390e0462cc945c03df7abf863b1ea_1765828045.jpg?x-oss-process=image/resize,m_lfit,h_800,w_800/quality,q_90
https://dkstatics-public.digikala.com/digikala-products/fcc7ebd6ced3f4d27435f7e6fd8d32c6076f997e_1765828058.jpg?x-oss-process=image/resize,m_lfit,h_800,w_800/quality,q_90
https://dkstatics-public.digikala.com/digikala-products/54e0f8207e05faa34ac03e05d6c8cbf3fd965abe_1765867636.jpg?x-oss-process=image/resize,m_lfit,h_800,w_800/quality,q_90","","نقره ایمشکی","ویژگی‌هانوع کاربریروزمره، رسمی، ورزشیروزمره، رسمی، ورزشیفرم صفحهمستطیلمستطیلجنس بندسیلیکونسیلیکونمشاهده همه ویژگی‌ها","","مشخصاتمناسب برایکاربری عمومی سازگار با سیستم عاملiOS Android توضیحات سازگاریسازگار با اندروید و iOS زبان‌های قابل پشتیبانی در اعلان و پیامعربی چینی انگلیسی فارسی هشدار هامیزان نگهداری شارژ در صورت استفاده و اتصال به گوشی حدود یک روز و در صورت عدم اتصال به گوشی و استفاده فقط به عنوان ساعت تا ۳ روز میباشد.
ساعت هوشمند فقط با آداپتور ۱ آمپر شارژ شود و از فست‌شارژر استفاده نشود چون به باتری آسیب می‌زند. در اولین استفاده، ساعت نیاز به شارژ اولیه ۲ تا ۳ ساعته دارد. عدم رعایت این موارد باعث کاهش عمر باتری می‌شود. نوع کاربریروزمره رسمی ورزشی قابلیت‌های ساعت هوشمندکنترل موسیقی (Music Player) قابلیت مکالمه از طریق بلوتوث پشتیبانی از زبان فارسی در منو و سیستم‌عامل قابلیت تغییر طرح ساعت یا تم سایز قاب ساعت هوشمند۴۹ میلی‌متر وزن۲۰۰ گرمفرم صفحهمستطیل قابلیت‌های مقاومتیمقاوم در برابر نفوذ گرد و غبار جنس بدنهفلز قابلیت تعویض بنددارد جنس بندسیلیکون نوع قفل بندسگکی ساده اندازه صفحه نمایش۲.۲ اینچحسگرهای حرکتی و محیطیگام‌شمار (Pedometer) امکانات ورزشیپشتیبانی از تمرینات مختلف ورزشی سنسورهای ورزشی و سلامتیتشخیص حرکات دست اتصالاتBluetooth نحوه شارژ ساعت هوشمندشارژ بی‌سیم اقلام همراهسه عدد بند شامل یک بند سیلیکونی، یک بند پارچه‌‌ای و یک بند کشی توضیحات شارژدهیساعت هوشمند فقط با آداپتور ۱ آمپر شارژ شود و از فست‌شارژر استفاده نشود چون به باتری آسیب می‌زند.
در اولین استفاده، ساعت نیاز به شارژ اولیه ۲ تا ۳ ساعته دارد.
عدم رعایت این موارد باعث کاهش عمر باتری می‌شود.","متفرقه"
"1771408932-406","https://www.digikala.com/search/category-wearable-gadget/","ساعت هوشمند شیائومای مدل SM","۱,۲۵۰,۰۰۰","","","۳.۶","تنها ۱ عدد در انبار باقی مانده","","","","ساعت هوشمند شیائومای مدل SMتنها ۱ عدد در انبار باقی مانده
۳.۶۱,۲۵۰,۰۰۰","https://www.digikala.com/product/dkp-18292912/%D8%B3%D8%A7%D8%B9%D8%AA-%D9%87%D9%88%D8%B4%D9%85%D9%86%D8%AF-%D8%B4%DB%8C%D8%A7%D8%A6%D9%88%D9%85%D8%A7%DB%8C-%D9%85%D8%AF%D9%84-sm/","۳.۶","۲۷ دیدگاه","عالی","ساعت هوشمند شیائومای مدل SM","۱,۲۵۰,۰۰۰","۷۳.۴%","https://dkstatics-public.digikala.com/digikala-products/b63d0b608e17acf7c6a97ce354b3e46d9a9cc789_1754240115.jpg?x-oss-process=image/resize,m_lfit,h_800,w_800/quality,q_90
https://dkstatics-public.digikala.com/digikala-products/84a7e8796f1d36ec5be59c789b08bd23c310ae2e_1739696890.jpg?x-oss-process=image/resize,m_lfit,h_800,w_800/quality,q_90
https://dkstatics-public.digikala.com/digikala-products/5011b79034acfe512d60bca67ca8388d1facb71c_1739696886.jpg?x-oss-process=image/resize,m_lfit,h_800,w_800/quality,q_90
https://dkstatics-public.digikala.com/digikala-products/b63d0b608e17acf7c6a97ce354b3e46d9a9cc789_1754240115.jpg?x-oss-process=image/resize,m_lfit,h_800,w_800/quality,q_90","","مشکینقره ای","ویژگی‌هانوع کاربریروزمرهروزمرهفرم صفحهمستطیلمستطیلجنس بندسیلیکونسیلیکونمشاهده همه ویژگی‌ها","","مشخصاتمناسب برایآقایان و بانوان توضیحات سازگاریاندروید نسخه ۵.۰ به بالا /
IOS نسخه ۹.۰ و بالاتر نوع کاربریروزمره قابلیت‌های ساعت هوشمندصفحه نمایش رنگی صفحه نمایش لمسی قابلیت مکالمه از طریق بلوتوث کنترل موسیقی (Music Player) ابعاد قاب۴۹x۴۴x۱۴.۴ میلی‌مترضخامت قاب۴۹ میلی‌متروزن۳۵ گرمفرم صفحهمستطیل جنس بدنهسیلیکون قابلیت تعویض بنددارد جنس بندسیلیکون نوع قفل بندسگکی ساده نوع صفحه نمایش اصلیAMOLED اندازه صفحه نمایش۱.۸۲ اینچ اینچسایر مشخصات سخت افزاریبلوتوث نسخه ۴.۰ اتصالاتBluetooth WiFi نوع باتریلیتیوم‌پلیمری قابلیت های ویژهپشتیبانی از حالت ورزشی /
قابلیت پایش کیفیت خواب /
قابلیت آلارم اقلام همراهدو عدد بند سیلیکونی /
شارژر /
دفترچه‌راهنما","متفرقه"
"1771408934-407","https://www.digikala.com/search/category-wearable-gadget/","ساعت هوشمند ورنا مدل Ultra pack 01 به همراه هندزفری بیسیم دارای قابلیت های قابلیت مکالمه از طریق بلوتوث، کنترل موسیقی (Music Player)، پشتیبانی از زبان فارسی در منو و سیستم‌عامل بند سیلیکون","۱,۳۹۸,۰۰۰","۱,۸۴۰,۰۰۰","۲۴٪","۳.۸","ارسال سریع دیجی‌کالا","فروش رفته","","","ساعت هوشمند ورنا مدل Ultra pack 01 به همراه هندزفری بیسیم دارای قابلیت های قابلیت مکالمه از طریق بلوتوث، کنترل موسیقی (Music Player)، پشتیبانی از زبان فارسی در منو و سیستم‌عامل بند سیلیکونارسال سریع دیجی‌کالا
۳.۸۲۴٪۱,۳۹۸,۰۰۰۱,۸۴۰,۰۰۰%فروش رفته۵۵ : ۳۶ : ۳۴","https://www.digikala.com/product/dkp-11283890/%D8%B3%D8%A7%D8%B9%D8%AA-%D9%87%D9%88%D8%B4%D9%85%D9%86%D8%AF-%D9%88%D8%B1%D9%86%D8%A7-%D9%85%D8%AF%D9%84-ultra-pack-01-%D8%A8%D9%87-%D9%87%D9%85%D8%B1%D8%A7%D9%87-%D9%87%D9%86%D8%AF%D8%B2%D9%81%D8%B1%DB%8C-%D8%A8%DB%8C%D8%B3%DB%8C%D9%85-%D8%AF%D8%A7%D8%B1%D8%A7%DB%8C-%D9%82%D8%A7%D8%A8%D9%84%DB%8C%D8%AA-%D9%87%D8%A7%DB%8C-%D9%82%D8%A7%D8%A8%D9%84%DB%8C%D8%AA-%D9%85%DA%A9%D8%A7%D9%84%D9%85%D9%87-%D8%A7%D8%B2-%D8%B7%D8%B1%DB%8C%D9%82-%D8%A8%D9%84%D9%88%D8%AA%D9%88%D8%AB-%DA%A9%D9%86%D8%AA%D8%B1%D9%84-%D9%85%D9%88%D8%B3%DB%8C%D9%82%DB%8C-music-player-%D9%BE%D8%B4%D8%AA%DB%8C%D8%A8%D8%A7%D9%86%DB%8C-%D8%A7%D8%B2-%D8%B2%D8%A8%D8%A7%D9%86-%D9%81%D8%A7%D8%B1%D8%B3%DB%8C-%D8%AF%D8%B1-%D9%85%D9%86%D9%88-%D9%88-%D8%B3%DB%8C%D8%B3%D8%AA%D9%85%D8%B9%D8%A7%D9%85%D9%84-%D8%A8%D9%86%D8%AF-%D8%B3%DB%8C%D9%84%DB%8C%DA%A9%D9%88%D9%86/","۳.۸","۲۱۰ دیدگاه","عالی","ساعت هوشمند ورنا مدل Ultra pack 01 به همراه هندزفری بیسیم دارای قابلیت های قابلیت مکالمه از طریق بلوتوث، کنترل موسیقی (Music Player)، پشتیبانی از زبان فارسی در منو و سیستم‌عامل بند سیلیکون","۱,۸۴۰,۰۰۰","۷۵.۲%","https://dkstatics-public.digikala.com/digikala-products/115e6ebadfb11b4c3cdd84b4fb88dbc2cbedb19c_1766217380.jpg?x-oss-process=image/resize,m_lfit,h_800,w_800/quality,q_90
https://dkstatics-public.digikala.com/digikala-products/115e6ebadfb11b4c3cdd84b4fb88dbc2cbedb19c_1766217380.jpg?x-oss-process=image/resize,m_lfit,h_800,w_800/quality,q_90
https://dkstatics-public.digikala.com/digikala-products/7b5767b08d296cdf2295c7451e76f6000f401b97_1754245956.jpg?x-oss-process=image/resize,m_lfit,h_800,w_800/quality,q_90
https://dkstatics-public.digikala.com/digikala-products/42392ebcb3e95a78b75e33249fb906be23e5fcd3_1683542579.jpg?x-oss-process=image/resize,m_lfit,h_800,w_800/quality,q_90
https://dkstatics-public.digikala.com/digikala-products/115e6ebadfb11b4c3cdd84b4fb88dbc2cbedb19c_1766217380.jpg?x-oss-process=image/resize,m_lfit,h_800,w_800/quality,q_90","","مشکی","ویژگی‌هانوع کاربریورزشی، رسمی، روزمرهورزشی، رسمی، روزمرهفرم صفحهمستطیلمستطیلجنس بندسیلیکونسیلیکونمشاهده همه ویژگی‌ها","ساعت هوشمند و هندزفری بی‌سیم از پرطرفدارترین گزینه‌ها برای خرید هدیه به شمار می‌روند. شرکت «ورنا» با ترکیب این دو محصول پرکاربرد، بسته‌ای ویژه و اقتصادی با عنوان Ultra Pack 01 را عرضه کرده است که انتخاب هدیه را بسیار ساده‌تر می‌کند. این پک شامل یک ساعت هوشمند و یک هندزفری بی‌سیم است. همچنین دو بند متنوع در بساه بندی قرار داده شده است، یک بند اصلی اوشن و یک بند ساده سیلیکونی. ساعت هوشمند موجود در این مجموعه، علاوه بر طراحی زیبا و شباهت چشمگیر به آخرین نسخه اپل واچ سری اولترا،  ...","مشخصاتمناسب برایآقایان و بانوان سازگار با سیستم عاملAndroid iOS توضیحات سازگاریسازگار با اندروید و IOS زبان‌های قابل پشتیبانی در اعلان و پیامفارسی انگلیسی چینی هشدار هایک راهنمایی صادقانه در مورد ساعت طرح اپل یا متفرقه: در نظر داشته باشید، با توجه به قیمت و اینکه این محصول نمونه های-کپی از ساعتهای اصلی مانند اپل یا سامسونگ میباشد، دقت برخی سنسورها (مانند قدم شمار) کمی با خطا همراه است و طبق تست انجام گرفته، الباقی سنسورها مانند فشار یا اکسیژن خون نیز مقادیر درستی نشان نمیدهد و بیشتر جنبه تزئینی دارند.  نوع کاربریورزشی رسمی روزمره قابلیت‌های ساعت هوشمندقابلیت مکالمه از طریق بلوتوث کنترل موسیقی (Music Player) پشتیبانی از زبان فارسی در منو و سیستم‌عامل سایز قاب ساعت هوشمند۴۹ میلی‌متر وزن۵۲ گرمفرم صفحهمستطیل قابلیت‌های مقاومتیمقاوم در برابر ضربه جنس بدنهفلز قابلیت تعویض بنددارد جنس بندسیلیکون نوع قفل بندسگکی ساده توضیحات رنگ بند و بدنهساعت: فریم فلزی و بند سیلیکونی ocean با رنگ مشکی (به همراه بند سیلیکونی ساده اضافه) هندزفری: طرح ایرپاد پرو اپل سفید اندازه صفحه نمایش۴۹ میلیمتر اینچحسگرهای حرکتی و محیطیژیروسکوپ (Gyroscope) سنسورهای ورزشی و سلامتیتشخیص حرکات دست اتصالاتBluetooth نحوه شارژ ساعت هوشمندشارژ بی‌سیم اقلام همراهیک بند سیلیکونی ocean، 
یک بند سیلیکونی ساده،
 کابل شارژ وایرلس برای ساعت،
کابل شارژ لایتنینگ برای هندزفری،
کارت راهنمای فارسی","ورنا"
"1771408936-408","https://www.digikala.com/search/category-wearable-gadget/","ساعت هوشمند 45 میلی متری کیکویر مدل kw30 max with 7 band با بند سیلیکونی","۷۱۹,۳۰۰","","","۳.۷","تنها ۲ عدد در انبار باقی مانده","","https://dkstatics-public.digikala.com/digikala-products/7c5873984c1c7ee813412f15e4761070aaaab1fe_1749659397.jpg?x-oss-process=image/resize,m_lfit,h_300,w_300/quality,q_80","","ساعت هوشمند 45 میلی متری کیکویر مدل kw30 max with 7 band با بند سیلیکونیتنها ۲ عدد در انبار باقی مانده
۳.۷۷۱۹,۳۰۰","https://www.digikala.com/product/dkp-19522923/%D8%B3%D8%A7%D8%B9%D8%AA-%D9%87%D9%88%D8%B4%D9%85%D9%86%D8%AF-45-%D9%85%DB%8C%D9%84%DB%8C-%D9%85%D8%AA%D8%B1%DB%8C-%DA%A9%DB%8C%DA%A9%D9%88%DB%8C%D8%B1-%D9%85%D8%AF%D9%84-kw30-max-with-7-band-%D8%A8%D8%A7-%D8%A8%D9%86%D8%AF-%D8%B3%DB%8C%D9%84%DB%8C%DA%A9%D9%88%D9%86%DB%8C/","۳.۷","۳۸ دیدگاه","خوب","ساعت هوشمند 45 میلی متری کیکویر مدل kw30 max with 7 band با بند سیلیکونی","۷۱۹,۳۰۰","۸۰%","https://dkstatics-public.digikala.com/digikala-products/7c5873984c1c7ee813412f15e4761070aaaab1fe_1749659397.jpg?x-oss-process=image/resize,m_lfit,h_800,w_800/quality,q_90
https://dkstatics-public.digikala.com/digikala-products/9cf199c99f059bd4b148b02d41c64fe6b6d53877_1749659352.jpg?x-oss-process=image/resize,m_lfit,h_800,w_800/quality,q_90
https://dkstatics-public.digikala.com/digikala-products/91ec84750f01b65e756f84d7c24c4b47460ade7c_1749659351.jpg?x-oss-process=image/resize,m_lfit,h_800,w_800/quality,q_90
https://dkstatics-public.digikala.com/digikala-products/7c5873984c1c7ee813412f15e4761070aaaab1fe_1749659397.jpg?x-oss-process=image/resize,m_lfit,h_800,w_800/quality,q_90","","مشکی","ویژگی‌هانوع کاربریروزمره، رسمی، ورزشیروزمره، رسمی، ورزشیفرم صفحهبیضیبیضیجنس بندسیلیکونسیلیکونمشاهده همه ویژگی‌ها","","مشخصاتمناسب برایکاربری عمومی سازگار با سیستم عاملAndroid iOS توضیحات سازگاریاین ساعت هوشمند با تمامی مدل های موبایل موجود در بازار سازگار میباشد نوع کاربریروزمره رسمی ورزشی قابلیت‌های ساعت هوشمندکنترل موسیقی (Music Player) قابلیت مکالمه از طریق بلوتوث پشتیبانی از زبان فارسی در منو و سیستم‌عامل قابلیت تغییر طرح ساعت یا تم صفحه همیشه روشن (Always-on Display) قابلیت نصب اپلیکیشن سایز قاب ساعت هوشمند۴۵ میلی‌متر فرم صفحهبیضی قابلیت‌های مقاومتیمقاوم در برابر نفوذ گرد و غبار جنس بدنهآلومینیوم قابلیت تعویض بنددارد جنس بندسیلیکون نوع قفل بندسگکی ساده اندازه صفحه نمایش۴۵ اینچحسگرهای حرکتی و محیطیشتاب سنج (Accelerometer) گام‌شمار (Pedometer) سنسورهای ورزشی و سلامتیشمارنده ضربان قلب سنجش کیفیت خواب نحوه شارژ ساعت هوشمندکابل مغناطیسی","کیکویر"
"1771408938-409","https://www.digikala.com/search/category-wearable-gadget/","ساعت هوشمند 49 میلی متر کیکویر مدل KE20 Ultra با بند سیلیکونی","۸۹۰,۰۰۰","","","۴.۵","&nbsp;","","https://dkstatics-public.digikala.com/digikala-products/9bbf0788f8438cf4c58b09b61590a3a40f08deb0_1750511469.jpg?x-oss-process=image/resize,m_lfit,h_300,w_300/quality,q_80","","ساعت هوشمند 49 میلی متر کیکویر مدل KE20 Ultra با بند سیلیکونی&nbsp;
۴.۵۸۹۰,۰۰۰","https://www.digikala.com/product/dkp-19606331/%D8%B3%D8%A7%D8%B9%D8%AA-%D9%87%D9%88%D8%B4%D9%85%D9%86%D8%AF-49-%D9%85%DB%8C%D9%84%DB%8C-%D9%85%D8%AA%D8%B1-%DA%A9%DB%8C%DA%A9%D9%88%DB%8C%D8%B1-%D9%85%D8%AF%D9%84-ke20-ultra-%D8%A8%D8%A7-%D8%A8%D9%86%D8%AF-%D8%B3%DB%8C%D9%84%DB%8C%DA%A9%D9%88%D9%86%DB%8C/","۴.۵","۳ دیدگاه","خیلی خوب","ساعت هوشمند 49 میلی متر کیکویر مدل KE20 Ultra با بند سیلیکونی","۸۹۰,۰۰۰","۹۶.۶%","https://dkstatics-public.digikala.com/digikala-products/9bbf0788f8438cf4c58b09b61590a3a40f08deb0_1750511469.jpg?x-oss-process=image/resize,m_lfit,h_800,w_800/quality,q_90
https://dkstatics-public.digikala.com/digikala-products/9bbf0788f8438cf4c58b09b61590a3a40f08deb0_1750511469.jpg?x-oss-process=image/resize,m_lfit,h_800,w_800/quality,q_90
https://dkstatics-public.digikala.com/digikala-products/35fbe164479763d45d4110366db60001d6c84115_1750511640.jpg?x-oss-process=image/resize,m_lfit,h_800,w_800/quality,q_90
https://dkstatics-public.digikala.com/digikala-products/58a308db3e14557a9d11f4226512bb04410382b3_1750513321.jpg?x-oss-process=image/resize,m_lfit,h_800,w_800/quality,q_90
https://dkstatics-public.digikala.com/digikala-products/9bbf0788f8438cf4c58b09b61590a3a40f08deb0_1750511469.jpg?x-oss-process=image/resize,m_lfit,h_800,w_800/quality,q_90","","مشکیتیتانیومی","ویژگی‌هانوع کاربریروزمره، رسمی، ورزشیروزمره، رسمی، ورزشیفرم صفحهمستطیلمستطیلجنس بندسیلیکونسیلیکونمشاهده همه ویژگی‌ها","ساعت هوشمند کیکویر مدل KE20 Ultra یکی از مدل‌های خوش‌ساخت و قدرتمند در بازار است که با طراحی جذاب و امکانات گسترده‌اش، نیاز کاربران را در شرایط مختلف به‌خوبی برآورده می‌کند. در بخش سخت‌افزاری، این ساعت به پردازنده توانمند YQ23 مجهز شده که باعث اجرای سریع و روان اپلیکیشن‌ها می‌شود. به لطف این پردازنده، تجربه کاربری بدون تأخیر و بسیار دلنشین خواهد بود؛ چه هنگام دریافت نوتیفیکیشن‌ها، چه در زمان استفاده از قابلیت‌های ورزشی و سلامتی. ساعت هوشمند KE20 ultra نه تنها برای استفاده روز ...","مشخصاتمناسب برایآقایان و بانوان سازگار با سیستم عاملAndroid iOS توضیحات سازگاریسازگاری کامل با تمامی دستگاه های اندروید و IOS نوع کاربریروزمره رسمی ورزشی قابلیت‌های ساعت هوشمندکنترل موسیقی (Music Player) قابلیت مکالمه از طریق بلوتوث پشتیبانی از زبان فارسی در منو و سیستم‌عامل قابلیت تغییر طرح ساعت یا تم قابلیت نصب اپلیکیشن سایز قاب ساعت هوشمند۴۹ میلی‌متر فرم صفحهمستطیل قابلیت‌های مقاومتیمقاومت در برابر پاشش آب و گرد و غبار مقاوم در برابر نفوذ گرد و غبار جنس بدنهفلز قابلیت تعویض بنددارد جنس بندسیلیکون نوع قفل بندسگکی ساده اندازه صفحه نمایش۲ اینچحسگرهای حرکتی و محیطیگام‌شمار (Pedometer) سنسورهای ورزشی و سلامتیشمارنده ضربان قلب سنجش اکسیژن خون نوار قلب (الکتروکاردیوگرام) سنجش کیفیت خواب نحوه شارژ ساعت هوشمندکابل مغناطیسی","کیکویر"
"1771408941-410","https://www.digikala.com/search/category-wearable-gadget/","ساعت هومشند الترا مدل T8000","۵۴۹,۰۰۰","","","۴.۳","تنها ۲ عدد در انبار باقی مانده","","","","ساعت هومشند الترا مدل T8000تنها ۲ عدد در انبار باقی مانده
۴.۳۵۴۹,۰۰۰","https://www.digikala.com/product/dkp-17860520/%D8%B3%D8%A7%D8%B9%D8%AA-%D9%87%D9%88%D9%85%D8%B4%D9%86%D8%AF-%D8%A7%D9%84%D8%AA%D8%B1%D8%A7-%D9%85%D8%AF%D9%84-t8000/","۴.۳","۱۲ دیدگاه","عالی","ساعت هومشند الترا مدل T8000","۵۳۹,۰۰۰","۸۸%","https://dkstatics-public.digikala.com/digikala-products/1be3f8af8975c30acb9eee42a0f47da6907bcffc_1754238893.jpg?x-oss-process=image/resize,m_lfit,h_800,w_800/quality,q_90
https://dkstatics-public.digikala.com/digikala-products/0da62919df61ff7abd655a838b7eb5502a743ff4_1735887940.jpg?x-oss-process=image/resize,m_lfit,h_800,w_800/quality,q_90
https://dkstatics-public.digikala.com/digikala-products/59a912f0a7afdd1f2c11b44fd6aa203a9588c073_1735565183.jpg?x-oss-process=image/resize,m_lfit,h_800,w_800/quality,q_90","","مشکی","ویژگی‌هانوع کاربریورزشی، روزمرهورزشی، روزمرهفرم صفحهمستطیلمستطیلجنس بندسیلیکونسیلیکونمشاهده همه ویژگی‌ها","ساعت هوشمند T8000 یک اسمارت واچ شگفت انگیز HSJ که از قابلیت های نرم افزاری بالایی برخوردار است و کیفیت ساخت بالایی دارد. با پشتیبانی از سیستم عامل اندروید و با دنیایی از امکانات روانه بازار شده است","مشخصاتنوع کاربریورزشی روزمره قابلیت‌های ساعت هوشمندصفحه نمایش رنگی صفحه نمایش لمسی کنترل موسیقی (Music Player) قابلیت مکالمه از طریق بلوتوث ضد آب فرم صفحهمستطیل جنس بدنهفلز قابلیت تعویض بنددارد جنس بندسیلیکون نوع قفل بندسگکی قلاب‌دار اندازه صفحه نمایش۴۹mm اینچ","متفرقه"
"1771408944-411","https://www.digikala.com/search/category-wearable-gadget/","ساعت هوشمند 49 میلی متر رکست مدل Prime با بند سیلیکونی","۱,۸۷۰,۰۰۰","۱۸,۷۰۰,۰۰۰","۹۰٪","۲.۱","&nbsp;","","","","ساعت هوشمند 49 میلی متر رکست مدل Prime با بند سیلیکونی&nbsp;
۲.۱۹۰٪۱,۸۷۰,۰۰۰۱۸,۷۰۰,۰۰۰","https://www.digikala.com/product/dkp-21147027/%D8%B3%D8%A7%D8%B9%D8%AA-%D9%87%D9%88%D8%B4%D9%85%D9%86%D8%AF-49-%D9%85%DB%8C%D9%84%DB%8C-%D9%85%D8%AA%D8%B1-%D8%B1%DA%A9%D8%B3%D8%AA-%D9%85%D8%AF%D9%84-prime-%D8%A8%D8%A7-%D8%A8%D9%86%D8%AF-%D8%B3%DB%8C%D9%84%DB%8C%DA%A9%D9%88%D9%86%DB%8C/","۲.۱","۱۳۴ دیدگاه","خیلی خوب","ساعت هوشمند 49 میلی متر رکست مدل Prime با بند سیلیکونی","۱۸,۰۰۰,۰۰۰","","https://dkstatics-public.digikala.com/digikala-products/57437e9addc4b9b5974ab736368c86390cbbfa10_1766595911.jpg?x-oss-process=image/resize,m_lfit,h_800,w_800/quality,q_90
https://dkstatics-public.digikala.com/digikala-products/57437e9addc4b9b5974ab736368c86390cbbfa10_1766595920.jpg?x-oss-process=image/resize,m_lfit,h_800,w_800/quality,q_90
https://dkstatics-public.digikala.com/digikala-products/2c71b69f42181a5ada4d5c5b576cdec85e38b6b0_1766595924.jpg?x-oss-process=image/resize,m_lfit,h_800,w_800/quality,q_90
https://dkstatics-public.digikala.com/digikala-products/57437e9addc4b9b5974ab736368c86390cbbfa10_1766595911.jpg?x-oss-process=image/resize,m_lfit,h_800,w_800/quality,q_90","","نارنجیمشکی","ویژگی‌هانوع کاربریروزمره، رسمی، ورزشیروزمره، رسمی، ورزشیفرم صفحهمربعمربعجنس بندسیلیکونسیلیکونمشاهده همه ویژگی‌ها","این مدل ساعتی است که از همان استفاده اول، حس راحتی و کیفیت را منتقل می‌کند. طراحی خوش‌فرم، بندهای نرم و مقاوم و صفحه‌نمایش بزرگ باعث شده این مدل برای استفاده روزمره، محل کار، دانشگاه و حتی سفر گزینه‌ای عالی باشد. بدنه فلزی ساعت علاوه بر زیبایی، مقاومت خوبی در برابر استفاده مداوم دارد.
این ساعت امکاناتی را ارائه می‌دهد که زندگی روزانه را ساده‌تر می‌کند؛ تماس بلوتوثی و مکالمه مستقیم، کنترل موسیقی گوشی، مشاهده پیام‌ها و اعلان‌ها، واچ‌فیس‌های متنوع، آلارم و اتصال سریع به گوشی‌های ...","مشخصاتمناسب برایآقایان و بانوان سازگار با سیستم عاملAndroid iOS توضیحات سازگاریتمامی دستگاه های اندروید و IOS نوع کاربریروزمره رسمی ورزشی قابلیت‌های ساعت هوشمندکنترل موسیقی (Music Player) قابلیت مکالمه از طریق بلوتوث پشتیبانی از زبان فارسی در منو و سیستم‌عامل صفحه همیشه روشن (Always-on Display) قابلیت تغییر طرح ساعت یا تم سایز قاب ساعت هوشمند۴۹ میلی‌متر وزن۶۰ گرمفرم صفحهمربع قابلیت‌های مقاومتیمقاوم در برابر خط و خش مقاوم در برابر ضربه مقاوم در برابر نفوذ آب مقاوم در برابر نفوذ گرد و غبار مقاوم در برابر سرما مقاوم در برابر شوک مقاوم در برابر گرما مقاوم در برابر لرزش جنس بدنهفلز قابلیت تعویض بنددارد جنس بندسیلیکون نوع قفل بندسگکی ساده اندازه صفحه نمایش۲ اینچحسگرهای حرکتی و محیطیگام‌شمار (Pedometer) سنسورهای ورزشی و سلامتیسنجش سطح استرس نحوه شارژ ساعت هوشمندشارژ بی‌سیم اقلام همراهکابل شارژ وایرلس و قلم لمسی","رکست"
"1771408947-412","https://www.digikala.com/search/category-wearable-gadget/","ساعت هوشمند مدل d20","۱۹۹,۰۰۰","۲۵۰,۰۰۰","۲۰٪","۲.۶","&nbsp;","","","","ساعت هوشمند مدل d20&nbsp;
۲.۶۲۰٪۱۹۹,۰۰۰۲۵۰,۰۰۰","https://www.digikala.com/product/dkp-11219329/%D8%B3%D8%A7%D8%B9%D8%AA-%D9%87%D9%88%D8%B4%D9%85%D9%86%D8%AF-%D9%85%D8%AF%D9%84-d20/","۲.۶","۹ دیدگاه","عالی","ساعت هوشمند مدل d20","۲۵۰,۰۰۰","","https://dkstatics-public.digikala.com/digikala-products/73aa5122d16faad8fc8fa87aaa6b922e8d05b4df_1682954974.jpg?x-oss-process=image/resize,m_lfit,h_800,w_800/quality,q_90
https://dkstatics-public.digikala.com/digikala-products/5a5c92b70800c5ed436b2cec58c8f6d6924e41cf_1682955983.jpg?x-oss-process=image/resize,m_lfit,h_800,w_800/quality,q_90
https://dkstatics-public.digikala.com/digikala-products/5ee4256957531e9eaa4a528da7fef13966961d1f_1682956014.jpg?x-oss-process=image/resize,m_lfit,h_800,w_800/quality,q_90","","مشکی","ویژگی‌هانوع کاربریورزشی، رسمی، روزمرهورزشی، رسمی، روزمرهفرم صفحهمستطیلمستطیلجنس بندسیلیکونسیلیکونمشاهده همه ویژگی‌ها","ساعت D20 یکی از بهترین و خاص ترین ساعتهای سنسور سلامتی میباشد. ویژگیهای خاص این ساعت عبارتند از: 1- کابل شارژ آن بی سیم بوده و بصورت یک زبانه به خود ساعت وصل است و این امتیاز را دارد که نیازی نیست همیشه با خود یک کابل شارژ داشته باشید. هرگاه شارژ ساعت تمام شد، کافیست زبانه ساعت را وارد کلگی کنید. 2- یکی از ویژگیهای خاص این ساعت اینست که دکمه ندارد و برای استفاده از اپشنهای مختلف کافیست از تاچ آن استفاده کنید.ساعتهای دکمه دار بعد از مدتی دکمه اش لق شده و می افتد یا کارایی خود  ...","مشخصاتتوضیحات سازگاریاین ساعت با گوشی های اندروید و ایفون سازگار است. نوع کاربریورزشی رسمی روزمره فرم صفحهمستطیل جنس بندسیلیکون نوع قفل بندپین‌بند توضیحات رنگ بند و بدنهرنگ بند و قاب ساعت همرنگ است. اقلام همراهفقط صفحه ۴گوش ساعت، یک جفت بند و دفترچه. کابل شارژ جدا ندارد و کابل شارژ آن بصورت یک زبانه به خود صفحه ساعت وصل است. نحوه شارژ کردن در فیلم امده است.","متفرقه"
"1771408949-413","https://www.digikala.com/search/category-wearable-gadget/","ساعت هوشمند ورنا مدل  W49 Ultra","۸۹۷,۰۰۰","۱,۰۵۰,۰۰۰","۱۵٪","۳.۹","ارسال سریع دیجی‌کالا","","","","ساعت هوشمند ورنا مدل  W49 Ultraارسال سریع دیجی‌کالا
۳.۹۱۵٪۸۹۷,۰۰۰۱,۰۵۰,۰۰۰","https://www.digikala.com/product/dkp-14387612/%D8%B3%D8%A7%D8%B9%D8%AA-%D9%87%D9%88%D8%B4%D9%85%D9%86%D8%AF-%D9%88%D8%B1%D9%86%D8%A7-%D9%85%D8%AF%D9%84-w49-ultra/","۳.۹","۵۸۲ دیدگاه","عالی","ساعت هوشمند ورنا مدل  W49 Ultra","۱,۰۵۰,۰۰۰","۷۹.۶%","https://dkstatics-public.digikala.com/digikala-products/1ea4587f3b9fc2878e0471b9e04754108ef248fe_1738569472.jpg?x-oss-process=image/resize,m_lfit,h_800,w_800/quality,q_90
https://dkstatics-public.digikala.com/digikala-products/c0842c295c19f3b88e8491777eb5314379641645_1718703653.jpg?x-oss-process=image/resize,m_lfit,h_800,w_800/quality,q_90
https://dkstatics-public.digikala.com/digikala-products/3abd2564ca6d8c8f8f9b1951c6618fcac359f8c9_1708005107.jpg?x-oss-process=image/resize,m_lfit,h_800,w_800/quality,q_90
https://dkstatics-public.digikala.com/digikala-products/1ea4587f3b9fc2878e0471b9e04754108ef248fe_1738569472.jpg?x-oss-process=image/resize,m_lfit,h_800,w_800/quality,q_90","","مشکی","ویژگی‌هانوع کاربریورزشی، رسمی، روزمرهورزشی، رسمی، روزمرهفرم صفحهمستطیلمستطیلجنس بندسیلیکونسیلیکونمشاهده همه ویژگی‌ها","ساعت هوشمند ورنا مدل W49 Ultra با طراحی مستطیلی و بدنه استیل، انتخابی عالی برای کسانی است که به دنبال ساعت هوشمندی با ظاهر شیک و امکانات پیشرفته هستند. این مدل دارای بند سیلیکونی با طراحی اوشن است که راحتی استفاده طولانی‌مدت را تضمین می‌کند و رنگ‌های مختلف آن به کاربران امکان انتخاب متناسب با سلیقه خود را می‌دهد.
از نظر فنی، ساعت ورنا W49 Ultra از صفحه‌نمایش رنگی و لمسی بهره می‌برد که کاربری آسان و لذت‌بخشی را فراهم می‌آورد. این ساعت قابلیت مکالمه از طریق بلوتوث و کنترل موسی ...","مشخصاتمناسب برایآقایان و بانوان سازگار با سیستم عاملAndroid iOS توضیحات سازگاریسازگار با اندروید و IOS زبان‌های قابل پشتیبانی در اعلان و پیامفارسی انگلیسی نوع کاربریورزشی رسمی روزمره قابلیت‌های ساعت هوشمندکنترل موسیقی (Music Player) قابلیت مکالمه از طریق بلوتوث پشتیبانی از زبان فارسی در منو و سیستم‌عامل سایز قاب ساعت هوشمند۴۹ میلی‌متر وزن۵۰ گرمفرم صفحهمستطیل قابلیت‌های مقاومتیبدون قابلیت مقاومتی جنس بدنهاستیل قابلیت تعویض بنددارد جنس بندسیلیکون نوع قفل بندسگکی ساده اندازه صفحه نمایش نامشخص اینچحسگرهای حرکتی و محیطیگام‌شمار (Pedometer) سنسورهای ورزشی و سلامتیشمارنده ضربان قلب اتصالاتBluetooth نحوه شارژ ساعت هوشمندکابل مغناطیسی اقلام همراهکابل شارژ /
دفترچه راهنما","ورنا"
"1771408953-414","https://www.digikala.com/search/category-wearable-gadget/","ساعت هوشمند مدل ساعت هوشمند D20 _ 2022","۳۵۰,۰۰۰","","","۲.۹","&nbsp;","","","","ساعت هوشمند مدل ساعت هوشمند D20 _ 2022&nbsp;
۲.۹۳۵۰,۰۰۰","https://www.digikala.com/product/dkp-9262141/%D8%B3%D8%A7%D8%B9%D8%AA-%D9%87%D9%88%D8%B4%D9%85%D9%86%D8%AF-%D9%85%D8%AF%D9%84-%D8%B3%D8%A7%D8%B9%D8%AA-%D9%87%D9%88%D8%B4%D9%85%D9%86%D8%AF-d20-2022/","۲.۹","۴۵ دیدگاه","عالی","ساعت هوشمند مدل ساعت هوشمند D20 _ 2022","۳۵۰,۰۰۰","۱۰۰%","https://dkstatics-public.digikala.com/digikala-products/12d71375760646b3d9826aff751dcdc574b3ccb3_1661188924.jpg?x-oss-process=image/resize,m_lfit,h_800,w_800/quality,q_90
https://dkstatics-public.digikala.com/digikala-products/12d71375760646b3d9826aff751dcdc574b3ccb3_1661188924.jpg?x-oss-process=image/resize,m_lfit,h_800,w_800/quality,q_90
https://dkstatics-public.digikala.com/digikala-products/9605330b9579418949cf080b116626616eb184b4_1662128799.jpg?x-oss-process=image/resize,m_lfit,h_800,w_800/quality,q_90
https://dkstatics-public.digikala.com/digikala-products/5928e9137ae56b0bd339a0df2b8725fd488e49b3_1662128857.jpg?x-oss-process=image/resize,m_lfit,h_800,w_800/quality,q_90
https://dkstatics-public.digikala.com/digikala-products/12d71375760646b3d9826aff751dcdc574b3ccb3_1661188924.jpg?x-oss-process=image/resize,m_lfit,h_800,w_800/quality,q_90","","مشکی","ویژگی‌هانوع کاربریرسمی، روزمره، ورزشیرسمی، روزمره، ورزشیفرم صفحهمربعمربعجنس بندسیلیکونسیلیکونمشاهده همه ویژگی‌ها","ساعت هوشمند مدل D20 در اوایل سال میلادی 2020 تولید شد و بازار هدف آن برای کسانی بود که استفاده های ورشی، روزمره و همچنین رسمی دارند البته این محصول تا به امروز در هر سال مدل جدیدتری ارائه داده است که باگ های نرم افزاری و همچنین سخت افزاری ورژن های قبلی را برطرف کرده است. محصولی که در وبسایت آرسام سافت به فروش میرسد آخرین ورژن آن بوده که البته این ساعت تا به اینجا قرار است که تا سال 2025 آپدیت های جدید نرم افزاری خود را برای کاربران خود به صورت منظم ارائه دهد.

ساعت هوشمند م ...","مشخصاتمناسب برایآقایان و بانوان توضیحات سازگاریاین ساعت هوشمند با انواع سیستم عامل ها از جمله اندروید و آیفون سازگار میباشد نوع کاربریرسمی روزمره ورزشی قابلیت‌های ساعت هوشمنددوربین صفحه نمایش رنگی کنترل سطح اکسیژن خون کنترل موسیقی (Music Player) ابعاد قاب۹cmx۹cmx۸cm میلی‌مترضخامت قاب۲ میلی‌مترعرض قاب۹ میلی‌متروزن۸۵ گرمفرم صفحهمربع جنس بدنهپلاستیک توضیحات جنس بدنهبدنه ساعت پلاستیکی میباشد و بند آن از جنس سیلیکون ضد حساسیت میباشد جنس بندسیلیکون نوع قفل بندپین‌بند نوع صفحه نمایش اصلیصفحه نمایش رنگی اتصالاتUSB نوع باتریلیتیوم قابلیت های ویژهیکی از بهترین انتخاب ها در میان ساعت های هوشمند میان رده با قیمت مناسب میباشد. از ویژگی های ظاهری این محصول میتوان به مواردی زیر اشاره کرد

صفحه رنگی با کیفیت
بدنه سیلیکونی ضد حساسیت
ضد آب بودن به همراه IP۷۶
قابلیت شارژ بدون نیاز به سیم
اتصال به انواع سیستم عامل های تلفن همراه(Android , IOS)","متفرقه"
"1771408955-415","https://www.digikala.com/search/category-wearable-gadget/","ساعت هوشمند مدل W26 PRO MAX به همراه هدفون","۷۸۶,۰۰۰","۱,۱۴۰,۴۹۰","۳۱٪","۳.۱","ارسال سریع دیجی‌کالا","","","","ساعت هوشمند مدل W26 PRO MAX به همراه هدفون ارسال سریع دیجی‌کالا
۳.۱۳۱٪۷۸۶,۰۰۰۱,۱۴۰,۴۹۰","https://www.digikala.com/product/dkp-12130889/%D8%B3%D8%A7%D8%B9%D8%AA-%D9%87%D9%88%D8%B4%D9%85%D9%86%D8%AF-%D9%85%D8%AF%D9%84-w26-pro-max-%D8%A8%D9%87-%D9%87%D9%85%D8%B1%D8%A7%D9%87-%D9%87%D8%AF%D9%81%D9%88%D9%86/","۳.۱","۴۸۰ دیدگاه","عالی","ساعت هوشمند مدل W26 PRO MAX به همراه هدفون","۱,۱۴۰,۴۹۰","۵۴.۲%","https://dkstatics-public.digikala.com/digikala-products/92cc96c2927b04c5bf2fee4b9725ae2f542a5fe0_1754250449.jpg?x-oss-process=image/resize,m_lfit,h_800,w_800/quality,q_90
https://dkstatics-public.digikala.com/digikala-products/e3d831f77a0730705a6250636f3b6b5e5be0172c_1690276510.jpg?x-oss-process=image/resize,m_lfit,h_800,w_800/quality,q_90
https://dkstatics-public.digikala.com/digikala-products/d8f2c20d438c72ef5d1bcefe7bba6d1b5c183bc5_1690124250.jpg?x-oss-process=image/resize,m_lfit,h_800,w_800/quality,q_90
https://dkstatics-public.digikala.com/digikala-products/92cc96c2927b04c5bf2fee4b9725ae2f542a5fe0_1754250449.jpg?x-oss-process=image/resize,m_lfit,h_800,w_800/quality,q_90","","مشکیآبینقره ایسفید","ویژگی‌هانوع کاربریورزشی، رسمی، روزمرهورزشی، رسمی، روزمرهفرم صفحهمستطیلمستطیلجنس بندسیلیکونسیلیکونمشاهده همه ویژگی‌ها","محصول جدید ساعت هوشمند W26 PRO MAX، ترکیبی از طراحی جذاب و امکانات هوشمندانه است که می‌تواند به بهبود سبک زندگی شما کمک کند. این ساعت هوشمند با تمرکز بر نیازهای کاربران، مجموعه‌ای از ویژگی‌های پیشرفته را در خود گنجانده است.
یکی از برجسته‌ترین ویژگی‌های W26 PRO MAX، قابلیت های پایش سلامت و تناسب اندام است. با بهره‌گیری از سنسورهای پیشرفته، این ساعت می‌تواند ضربان قلب، فعالیت بدنی و میزان اکسیژن خون را به طور مداوم ردیابی کند. این اطلاعات به کاربران کمک می‌کند تا بر سلامت و آم ...","مشخصاتمناسب برایآقایان و بانوان توضیحات سازگاریاندروید ۵ به بالا
 ios ۹ به بالا  نوع کاربریورزشی رسمی روزمره قابلیت‌های ساعت هوشمندصفحه نمایش رنگی فرم صفحهمستطیل جنس بدنهپلاستیک جنس بندسیلیکون نوع قفل بندپین‌بند توضیحات رنگ بند و بدنهبدنه مشکی اندازه صفحه نمایش  اینچاقلام همراهایرپاد
شارژر ساعت 
شارژر ایرپاد","متفرقه"
"1771408957-416","https://www.digikala.com/search/category-wearable-gadget/","ساعت هوشمند ورنا مدل W45 Max","۹۴۷,۰۰۰","۱,۰۸۰,۰۰۰","۱۲٪","۳.۸","ارسال فروشنده","","","","ساعت هوشمند ورنا مدل W45 Maxارسال فروشنده
۳.۸۱۲٪۹۴۷,۰۰۰۱,۰۸۰,۰۰۰","https://www.digikala.com/product/dkp-14398244/%D8%B3%D8%A7%D8%B9%D8%AA-%D9%87%D9%88%D8%B4%D9%85%D9%86%D8%AF-%D9%88%D8%B1%D9%86%D8%A7-%D9%85%D8%AF%D9%84-w45-max/","۳.۸","۸۳۳ دیدگاه","عالی","ساعت هوشمند ورنا مدل W45 Max","۱,۰۸۰,۰۰۰","۷۴%","https://dkstatics-public.digikala.com/digikala-products/740164578bcd184b5f6f41fd0eb92dac20d453e0_1738580917.jpg?x-oss-process=image/resize,m_lfit,h_800,w_800/quality,q_90
https://dkstatics-public.digikala.com/digikala-products/909cfdc10ef07d8d541229026525fc60a91df42a_1718703751.jpg?x-oss-process=image/resize,m_lfit,h_800,w_800/quality,q_90
https://dkstatics-public.digikala.com/digikala-products/5a78c3cc0b1a12a2434b5e4124a9964b9facaa09_1708005224.jpg?x-oss-process=image/resize,m_lfit,h_800,w_800/quality,q_90
https://dkstatics-public.digikala.com/digikala-products/740164578bcd184b5f6f41fd0eb92dac20d453e0_1738580917.jpg?x-oss-process=image/resize,m_lfit,h_800,w_800/quality,q_90","","طلایینقره ایمشکی","ویژگی‌هانوع کاربریورزشی، رسمی، روزمرهورزشی، رسمی، روزمرهفرم صفحهمستطیلمستطیلجنس بندسیلیکونسیلیکونمشاهده همه ویژگی‌ها","ساعت هوشمند ورنا مدل W45 Max یک گجت پوشیدنی شیک و مدرن است که طراحی آن شباهت زیادی به ساعت‌های هوشمند پیشرفته بازار دارد. این مدل دارای بدنه‌ای از جنس فلز و بندی سیلیکونی است که علاوه بر زیبایی، راحتی زیادی را برای کاربر به همراه دارد. امکان تعویض بند باعث شده که کاربران بتوانند ظاهر ساعت را بر اساس سلیقه و نیاز خود تغییر دهند.
از نظر فنی، این ساعت از طریق بلوتوث به گوشی‌های اندروید و iOS متصل شده و امکان مکالمه بلوتوثی را فراهم می‌کند. همچنین، قابلیت کنترل موسیقی و نمایش اع ...","مشخصاتمناسب برایآقایان و بانوان توضیحات سازگاریسازگار با اندروید و IOS زبان‌های قابل پشتیبانی در اعلان و پیامفارسی انگلیسی نوع کاربریورزشی رسمی روزمره قابلیت‌های ساعت هوشمندصفحه نمایش رنگی صفحه نمایش لمسی کنترل موسیقی (Music Player) قابلیت مکالمه از طریق بلوتوث پشتیبانی از زبان فارسی در منو و سیستم‌عامل فرم صفحهمستطیل جنس بدنهاستیل قابلیت تعویض بنددارد جنس بندسیلیکون نوع قفل بندپین‌بند اندازه صفحه نمایشنامشخص اینچاتصالاتBluetooth اقلام همراهکابل شارژ وایرلس /
راهنمای فارسی طریقه استفاده","ورنا"
"1771408959-417","https://www.digikala.com/search/category-wearable-gadget/","ساعت هوشمند 49 میلی متری کیکویر مدل kw23 ultra3 با بند سیلیکونی","۶۸۹,۰۰۰","","","۴","ارسال سریع دیجی‌کالا","","","","ساعت هوشمند 49 میلی متری کیکویر مدل kw23 ultra3 با بند سیلیکونیارسال سریع دیجی‌کالا
۴۶۸۹,۰۰۰","https://www.digikala.com/product/dkp-19552942/%D8%B3%D8%A7%D8%B9%D8%AA-%D9%87%D9%88%D8%B4%D9%85%D9%86%D8%AF-49-%D9%85%DB%8C%D9%84%DB%8C-%D9%85%D8%AA%D8%B1%DB%8C-%DA%A9%DB%8C%DA%A9%D9%88%DB%8C%D8%B1-%D9%85%D8%AF%D9%84-kw23-ultra3-%D8%A8%D8%A7-%D8%A8%D9%86%D8%AF-%D8%B3%DB%8C%D9%84%DB%8C%DA%A9%D9%88%D9%86%DB%8C/","۴","۲۵۸ دیدگاه","عالی","ساعت هوشمند 49 میلی متری کیکویر مدل kw23 ultra3 با بند سیلیکونی","۶۴۵,۰۰۰","۸۰%","https://dkstatics-public.digikala.com/digikala-products/9bbf0788f8438cf4c58b09b61590a3a40f08deb0_1749892142.jpg?x-oss-process=image/resize,m_lfit,h_800,w_800/quality,q_90
https://dkstatics-public.digikala.com/digikala-products/9bbf0788f8438cf4c58b09b61590a3a40f08deb0_1749892142.jpg?x-oss-process=image/resize,m_lfit,h_800,w_800/quality,q_90
https://dkstatics-public.digikala.com/digikala-products/338a5721a45d86785b6b489d61c7416fb7e4e227_1749892142.jpg?x-oss-process=image/resize,m_lfit,h_800,w_800/quality,q_90
https://dkstatics-public.digikala.com/digikala-products/b44536b520ea72911a6bca2b934a0cbedc379427_1749892142.jpg?x-oss-process=image/resize,m_lfit,h_800,w_800/quality,q_90
https://dkstatics-public.digikala.com/digikala-products/9bbf0788f8438cf4c58b09b61590a3a40f08deb0_1749892142.jpg?x-oss-process=image/resize,m_lfit,h_800,w_800/quality,q_90","","مشکیمشکی براقبژطلایینقره ای","ویژگی‌هانوع کاربریروزمره، رسمی، ورزشیروزمره، رسمی، ورزشیفرم صفحهمستطیلمستطیلجنس بندسیلیکونسیلیکونمشاهده همه ویژگی‌ها","ساعت هوشمند کیکویر مدل w23 ultra 3 یکی از مدل‌های خوش‌ساخت و قدرتمند در بازار است که با طراحی جذاب و امکانات گسترده‌اش، نیاز کاربران را در شرایط مختلف به‌خوبی برآورده می‌کند. در بخش سخت‌افزاری، این ساعت به پردازنده توانمند YQ23 مجهز شده که باعث اجرای سریع و روان اپلیکیشن‌ها می‌شود. به لطف این پردازنده، تجربه کاربری بدون تأخیر و بسیار دلنشین خواهد بود؛ چه هنگام دریافت نوتیفیکیشن‌ها، چه در زمان استفاده از قابلیت‌های ورزشی و سلامتی. ساعت هوشمند ULTRA 9 نه تنها برای استفاده روزمر ...","مشخصاتمناسب برایآقایان و بانوان سازگار با سیستم عاملiOS Android توضیحات سازگاریبا اندروید و ios نوع کاربریروزمره رسمی ورزشی قابلیت‌های ساعت هوشمندکنترل موسیقی (Music Player) قابلیت مکالمه از طریق بلوتوث پشتیبانی از زبان فارسی در منو و سیستم‌عامل قابلیت تغییر طرح ساعت یا تم قابلیت نصب اپلیکیشن سایز قاب ساعت هوشمند۴۹ میلی‌متر وزن۶۵ گرمفرم صفحهمستطیل قابلیت‌های مقاومتیمقاوم در برابر نفوذ گرد و غبار جنس بدنهآلومینیوم قابلیت تعویض بنددارد جنس بندسیلیکون نوع قفل بندسگکی ساده نوع صفحه نمایش اصلیAMOLED اندازه صفحه نمایش۲.۰۴ اینچرزولوشن صفحه نمایش۳۸۵x۳۲۰ حسگرهای حرکتی و محیطیگام‌شمار (Pedometer) سنسورهای ورزشی و سلامتیشمارنده ضربان قلب سنجش اکسیژن خون سنجش کیفیت خواب اتصالاتBluetooth نحوه شارژ ساعت هوشمندکابل مغناطیسی","کیکویر"
"1771408961-418","https://www.digikala.com/search/category-wearable-gadget/","ساعت هوشمند مدل HK9 MINI","۲,۶۲۰,۰۰۰","","","۴","ارسال سریع دیجی‌کالا","","","","ساعت هوشمند مدل HK9 MINIارسال سریع دیجی‌کالا
۴۲,۶۲۰,۰۰۰","https://www.digikala.com/product/dkp-16008071/%D8%B3%D8%A7%D8%B9%D8%AA-%D9%87%D9%88%D8%B4%D9%85%D9%86%D8%AF-%D9%85%D8%AF%D9%84-hk9-mini/","۴","۶۲ دیدگاه","عالی","ساعت هوشمند مدل HK9 MINI","۲,۴۴۰,۰۰۰","","https://dkstatics-public.digikala.com/digikala-products/7670bba4d35a81794ceb06767bad19e2022af102_1738571255.jpg?x-oss-process=image/resize,m_lfit,h_800,w_800/quality,q_90
https://dkstatics-public.digikala.com/digikala-products/acf70e668321138b2df83bf243a5aad84156a71c_1720443181.jpg?x-oss-process=image/resize,m_lfit,h_800,w_800/quality,q_90
https://dkstatics-public.digikala.com/digikala-products/07cb8c75874556df4296d5ca206f1c43b6556764_1720443181.jpg?x-oss-process=image/resize,m_lfit,h_800,w_800/quality,q_90
https://dkstatics-public.digikala.com/digikala-products/7670bba4d35a81794ceb06767bad19e2022af102_1738571255.jpg?x-oss-process=image/resize,m_lfit,h_800,w_800/quality,q_90","","مشکینارنجیتیتانیومی","ویژگی‌هانوع کاربریروزمرهروزمرهفرم صفحهمستطیلمستطیلجنس بندسیلیکونسیلیکونمشاهده همه ویژگی‌ها","صفحه نمایش کار شده در ساعت هوشمندHK9 MINI  از نوع AMOLED سایز 45 میلیمتری با رزولیشن تصویر 520 در 485 پیکسل و ابعاد تصویر 1.75 اینچ 90 هرتزی است که نسبت به قیمت اقتصادی ای که دارد کیفیت فوق العاده ای را در تصویر میتوانید مشاهده کنید.صفحه نمایش تمام لمسی با حساسیت لمس بالا و منو های روان یکی دیگر از ویژگی های این ساعت هوشمند سری 9 به حساب می آید.نرم افزار استفاده شده به عنوان رابط کاربری بین گوشی همراه و ساعت هوشمند شما ، نرم افزار RD Fit است که تمام قابلیت ها و تنظیمات و حدود ...","مشخصاتمناسب برایآقایان و بانوان توضیحات سازگاریسازگار با سیستم عامل اندروید و iOS زبان‌های قابل پشتیبانی در اعلان و پیامفارسی انگلیسی نوع کاربریروزمره قابلیت‌های ساعت هوشمندصفحه نمایش لمسی صفحه نمایش رنگی کنترل سطح اکسیژن خون قابلیت مکالمه مستقیم قابلیت تغییر طرح ساعت یا تم ضد آب پشتیبانی از زبان فارسی در منو و سیستم‌عامل فرم صفحهمستطیل جنس بدنهآلومینیوم قابلیت تعویض بنددارد توضیحات جنس بدنهبدنه تیتانیوم خاکستری با بند مشکی 
بدنه تیتانیوم صورتی با بند صورتی  جنس بندسیلیکون نوع قفل بندسگکی ساده توضیحات رنگ بند و بدنهرنگ بدنه مشکی با بند مشکی 
رنگ بدنه صورتی با بند صورتی  نوع صفحه نمایش اصلیAMOLED اندازه صفحه نمایش۱.۷۵ اینچ اینچرزولوشن صفحه نمایش۵۲۰x۴۸۵ پیکسل بر اینچ اتصالاتBluetooth ظرفیت باتری۳۰۰ میلی آمپر ساعتمدت زمان شارژ شدن۲ ساعت  قابلیت های ویژه	ردیابی سلامت و تناسب اندام: ردیاب فعالیت، ردیاب خواب، مانیتور ضربان قلب، ساعت زنگ دار، گام شمار، ردیاب تناسب اندام، یادآور تماس، یادآوری کم تحرکی، تقویم، ضربان سنج، ECG+PPG، فشار خون، شاخص BMI، اکسیژن خون، قند خونویژگی ها: ضد آب، صفحه نمایش همیشه روشن، صفحه نمایش سفارشی، ردیاب گام، یادآوری پیام، حالت آماده به کار طولانی، قطب نما، تماس با هندزفری، کنترل رسانه اقلام همراهدارای ۲ بند، کابل شارژ، دفترچه راهنما","متفرقه"
"1771408964-419","https://www.digikala.com/search/category-wearable-gadget/","ساعت هوشمند ۴۱ میلی متری ککیو ویر مدل 3+1 MINI با ۳ بند سیلیکونی","۱,۲۷۹,۰۰۰","۳,۳۹۰,۰۰۰","۶۲٪","۴.۱","تنها ۳ عدد در انبار باقی مانده","","","","ساعت هوشمند ۴۱ میلی متری ککیو ویر مدل 3+1 MINI با ۳ بند سیلیکونیتنها ۳ عدد در انبار باقی مانده
۴.۱۶۲٪۱,۲۷۹,۰۰۰۳,۳۹۰,۰۰۰","https://www.digikala.com/product/dkp-21015468/%D8%B3%D8%A7%D8%B9%D8%AA-%D9%87%D9%88%D8%B4%D9%85%D9%86%D8%AF-%DB%B4%DB%B1-%D9%85%DB%8C%D9%84%DB%8C-%D9%85%D8%AA%D8%B1%DB%8C-%DA%A9%DA%A9%DB%8C%D9%88-%D9%88%DB%8C%D8%B1-%D9%85%D8%AF%D9%84-31-mini-%D8%A8%D8%A7-%DB%B3-%D8%A8%D9%86%D8%AF-%D8%B3%DB%8C%D9%84%DB%8C%DA%A9%D9%88%D9%86%DB%8C/","۴.۱","۲۵ دیدگاه","خیلی خوب","ساعت هوشمند ۴۱ میلی متری ککیو ویر مدل 3+1 MINI با ۳ بند سیلیکونی","۳,۳۹۰,۰۰۰","۹۰%","https://dkstatics-public.digikala.com/digikala-products/82d88fc4fd50842108f5bd1aab36d55f8671b4e9_1764701780.jpg?x-oss-process=image/resize,m_lfit,h_800,w_800/quality,q_90
https://dkstatics-public.digikala.com/digikala-products/a3216cc0dd6573a162a24eb1c8578bdb299bbfe0_1764701776.jpg?x-oss-process=image/resize,m_lfit,h_800,w_800/quality,q_90
https://dkstatics-public.digikala.com/digikala-products/5b54cc1420316708e492d7b6b7a637577072b3ab_1764701781.jpg?x-oss-process=image/resize,m_lfit,h_800,w_800/quality,q_90
https://dkstatics-public.digikala.com/digikala-products/82d88fc4fd50842108f5bd1aab36d55f8671b4e9_1764701780.jpg?x-oss-process=image/resize,m_lfit,h_800,w_800/quality,q_90","","مشکینقره ایمشکی براقصورتی","ویژگی‌هانوع کاربریورزشی، رسمی، روزمرهورزشی، رسمی، روزمرهفرم صفحهمستطیلمستطیلجنس بندسیلیکونسیلیکونمشاهده همه ویژگی‌ها","","مشخصاتمناسب برایکاربری عمومی سازگار با سیستم عاملAndroid iOS توضیحات سازگاریسازگار با اندروید و ios زبان‌های قابل پشتیبانی در اعلان و پیامفارسی انگلیسی چینی عربی هشدار هابرای جلوگیری از آسیب به باتری ساعت، حتما از آداپتور ۱ آمپر برای شارژ کردن استفاده شود. نوع کاربریورزشی رسمی روزمره قابلیت‌های ساعت هوشمندپشتیبانی از زبان فارسی در منو و سیستم‌عامل قابلیت مکالمه از طریق بلوتوث کنترل موسیقی (Music Player) قابلیت تغییر طرح ساعت یا تم سایز قاب ساعت هوشمند۴۱ میلی‌متر وزن۱۷۰ گرمفرم صفحهمستطیل قابلیت‌های مقاومتیمقاوم در برابر نفوذ گرد و غبار جنس بدنهفلز قابلیت تعویض بنددارد جنس بندسیلیکون نوع قفل بندسگکی ساده اندازه صفحه نمایش۲ اینچحسگرهای حرکتی و محیطیگام‌شمار (Pedometer) امکانات ورزشیپشتیبانی از تمرینات مختلف ورزشی سنسورهای ورزشی و سلامتیتشخیص حرکات دست نحوه شارژ ساعت هوشمندشارژ بی‌سیم مدت زمان شارژ شدن۲ ساعت اقلام همراهشارژر، سه عدد بند سیلیکونی","متفرقه"
"1771408968-420","https://www.digikala.com/search/category-wearable-gadget/","ساعت هوشمند 49 میلی متری مدل D8000 7+2 با 7 بند متنوع به همراه هدفون بلوتوثی","۳,۵۱۰,۰۰۰","۳,۹۰۰,۰۰۰","۱۰٪","۴","تنها ۳ عدد در انبار باقی مانده","","","","ساعت هوشمند 49 میلی متری مدل D8000 7+2 با 7 بند متنوع به همراه هدفون بلوتوثیتنها ۳ عدد در انبار باقی مانده
۴۱۰٪۳,۵۱۰,۰۰۰۳,۹۰۰,۰۰۰","https://www.digikala.com/product/dkp-21325356/%D8%B3%D8%A7%D8%B9%D8%AA-%D9%87%D9%88%D8%B4%D9%85%D9%86%D8%AF-49-%D9%85%DB%8C%D9%84%DB%8C-%D9%85%D8%AA%D8%B1%DB%8C-%D9%85%D8%AF%D9%84-d8000-72-%D8%A8%D8%A7-7-%D8%A8%D9%86%D8%AF-%D9%85%D8%AA%D9%86%D9%88%D8%B9-%D8%A8%D9%87-%D9%87%D9%85%D8%B1%D8%A7%D9%87-%D9%87%D8%AF%D9%81%D9%88%D9%86-%D8%A8%D9%84%D9%88%D8%AA%D9%88%D8%AB%DB%8C/","۴","۶ دیدگاه","عالی","ساعت هوشمند 49 میلی متری مدل D8000 7+2 با 7 بند متنوع به همراه هدفون بلوتوثی","۳,۸۸۰,۰۰۰","۹۲%","https://dkstatics-public.digikala.com/digikala-products/44a36baa54441d4f87dd9717da6ceed488327423_1769443209.jpg?x-oss-process=image/resize,m_lfit,h_800,w_800/quality,q_90
https://dkstatics-public.digikala.com/digikala-products/3a6a3d214490e67b6de4dc631207fe2210f57ec1_1769427233.jpg?x-oss-process=image/resize,m_lfit,h_800,w_800/quality,q_90
https://dkstatics-public.digikala.com/digikala-products/e96053ec8710b81db9ce76427ae17a5f71b46ea4_1769433068.jpg?x-oss-process=image/resize,m_lfit,h_800,w_800/quality,q_90
https://dkstatics-public.digikala.com/digikala-products/44a36baa54441d4f87dd9717da6ceed488327423_1769443209.jpg?x-oss-process=image/resize,m_lfit,h_800,w_800/quality,q_90","","نقره ایمشکی","ویژگی‌هانوع کاربریورزشی، رسمی، روزمرهورزشی، رسمی، روزمرهفرم صفحهمستطیلمستطیلجنس بندسیلیکونسیلیکونمشاهده همه ویژگی‌ها","","مشخصاتمناسب برایکاربری عمومی سازگار با سیستم عاملAndroid iOS توضیحات سازگاریسازگار با اندروید و ios زبان‌های قابل پشتیبانی در اعلان و پیامفارسی انگلیسی چینی عربی هشدار هابرای جلوگیری از آسیب رسیدن به باتری ساعت هوشمند و ایرپاد, حتما از آداپتور ۱ آمپر برای شارژ کردن استفاده شود.
میزان نگهداری شارژ در صورت استفاده و اتصال به گوشی حدود یک روز و در صورت عدم اتصال به گوشی و استفاده فقط به عنوان ساعت تا ۳ روز میباشد. نوع کاربریورزشی رسمی روزمره قابلیت‌های ساعت هوشمندکنترل موسیقی (Music Player) قابلیت مکالمه از طریق بلوتوث پشتیبانی از زبان فارسی در منو و سیستم‌عامل سایز قاب ساعت هوشمند۴۹ میلی‌متر وزن۳۰۰ گرمفرم صفحهمستطیل قابلیت‌های مقاومتیمقاوم در برابر نفوذ گرد و غبار جنس بدنهفلز قابلیت تعویض بنددارد جنس بندسیلیکون نوع قفل بندسگکی ساده اندازه صفحه نمایش۲.۰۲ اینچحسگرهای حرکتی و محیطیگام‌شمار (Pedometer) امکانات ورزشیپشتیبانی از تمرینات مختلف ورزشی سنسورهای ورزشی و سلامتیتشخیص حرکات دست نحوه شارژ ساعت هوشمندشارژ بی‌سیم مدت زمان شارژ شدن۲ ساعت اقلام همراههفت عدد بند برزنت و سیلیکونی، شارژر، ایرپاد، دفترچه راهنما","متفرقه"
"1771408970-421","https://www.digikala.com/search/category-wearable-gadget/","ساعت هوشمند شیائومی مدل Redmi Watch 5 Lite دارای قابلیت های قابلیت مکالمه از طریق بلوتوث بند سیلیکون","۶,۵۰۰,۰۰۰","","","۴.۵","تنها ۳ عدد در انبار باقی مانده","","","","ساعت هوشمند شیائومی مدل Redmi Watch 5 Lite دارای قابلیت های قابلیت مکالمه از طریق بلوتوث بند سیلیکونتنها ۳ عدد در انبار باقی مانده
۴.۵۶,۵۰۰,۰۰۰","https://www.digikala.com/product/dkp-17359131/%D8%B3%D8%A7%D8%B9%D8%AA-%D9%87%D9%88%D8%B4%D9%85%D9%86%D8%AF-%D8%B4%DB%8C%D8%A7%D8%A6%D9%88%D9%85%DB%8C-%D9%85%D8%AF%D9%84-redmi-watch-5-lite-%D8%AF%D8%A7%D8%B1%D8%A7%DB%8C-%D9%82%D8%A7%D8%A8%D9%84%DB%8C%D8%AA-%D9%87%D8%A7%DB%8C-%D9%82%D8%A7%D8%A8%D9%84%DB%8C%D8%AA-%D9%85%DA%A9%D8%A7%D9%84%D9%85%D9%87-%D8%A7%D8%B2-%D8%B7%D8%B1%DB%8C%D9%82-%D8%A8%D9%84%D9%88%D8%AA%D9%88%D8%AB-%D8%A8%D9%86%D8%AF-%D8%B3%DB%8C%D9%84%DB%8C%DA%A9%D9%88%D9%86/","۴.۵","۱۰۹۹ دیدگاه","عالی","ساعت هوشمند شیائومی مدل Redmi Watch 5 Lite دارای قابلیت های قابلیت مکالمه از طریق بلوتوث بند سیلیکون","۷,۸۵۲,۱۰۰","۸۸.۸%","https://dkstatics-public.digikala.com/digikala-products/15dd27ab66d9bba87be16756266331adef840511_1747411472.jpg?x-oss-process=image/resize,m_lfit,h_800,w_800/quality,q_90
https://dkstatics-public.digikala.com/digikala-products/15dd27ab66d9bba87be16756266331adef840511_1747411472.jpg?x-oss-process=image/resize,m_lfit,h_800,w_800/quality,q_90
https://dkstatics-public.digikala.com/digikala-products/c49b5822e1d49d5e34f82ad79b61c3becdf12f85_1731400324.jpg?x-oss-process=image/resize,m_lfit,h_800,w_800/quality,q_90
https://dkstatics-public.digikala.com/digikala-products/f60ea5fa2f5984aa293d14546e8e8a071ff222b6_1731400324.jpg?x-oss-process=image/resize,m_lfit,h_800,w_800/quality,q_90
https://dkstatics-public.digikala.com/digikala-products/15dd27ab66d9bba87be16756266331adef840511_1747411472.jpg?x-oss-process=image/resize,m_lfit,h_800,w_800/quality,q_90","","طلاییمشکی","ویژگی‌هانوع کاربریورزشی، روزمرهورزشی، روزمرهفرم صفحهمستطیلمستطیلجنس بندسیلیکونسیلیکونمشاهده همه ویژگی‌ها","ساعت هوشمند شیائومی مدل Redmi Watch 5 Lite، ترکیبی هوشمندانه از طراحی مدرن، امکانات کاربردی و قیمت مناسب است که برای استفاده روزمره و ورزشی آقایان و بانوان طراحی شده است. این ساعت با سیستم‌عامل Xiaomi HyperOS و بلوتوث نسخه ۵.۳، تجربه‌ای روان و سریع از اتصال به گوشی‌های اندروید ۸ و iOS ۱۲ به بالا را فراهم می‌کند. یکی از ویژگی‌های برجسته آن، قابلیت مکالمه از طریق بلوتوث است که به شما اجازه می‌دهد تا بدون نیاز به بیرون آوردن گوشی، تماس‌های خود را پاسخ بدهید. صفحه ‌نمایش AMOLED م ...","مشخصاتمناسب برایآقایان و بانوان سازگار با سیستم عاملAndroid iOS توضیحات سازگاریبا گوشی‌های اندروید ۸ و بالاتر /
گوشی‌های IOS ۱۲.۰ و بالاتر نوع کاربریورزشی روزمره قابلیت‌های ساعت هوشمندقابلیت مکالمه از طریق بلوتوث سایز قاب ساعت هوشمند۴۸ میلی‌متر ابعاد قاب۴۸.۱x۳۹.۲x۱۰.۶ میلی‌متروزن۲۹.۲ گرمفرم صفحهمستطیل جنس بدنهپلاستیک قابلیت تعویض بنددارد جنس بندسیلیکون نوع قفل بندسگکی ساده نوع صفحه نمایش اصلیSquare AMOLED display اندازه صفحه نمایش۱.۹۶ اینچرزولوشن صفحه نمایش۴۱۰x۵۰۲ پیکسل تراکم پیکسلی صفحه نمایش۳۳۲ پیکسل بر اینچحسگرهای حرکتی و محیطیشتاب سنج (Accelerometer) ژیروسکوپ (Gyroscope) امکانات ورزشیپشتیبانی از تمرینات مختلف ورزشی محاسبه میزان کالری مصرفی سنسورهای ورزشی و سلامتیشمارنده ضربان قلب سنجش اکسیژن خون سنجش کیفیت خواب سنجش سطح استرس سایر مشخصات سخت افزاریمقاوم در برابر نفوذ آب تا فشار ۵ اتمسفر (۵۰ متری آب) / 
مجهز به فناوری‌های مکان‌یابی Galileo / Glonass / BeiDou / QZSS /
شارژدهی باتری در استفاده روزمره تا ۱۸ روز  ظرفیت باتری۴۷۰ میلی آمپر ساعتنحوه شارژ ساعت هوشمندکابل مغناطیسی قابلیت های ویژهپشتیبانی از GNSS /
بلوتوث نسخه ۵.۳ /
سیستم عامل Xiaomi HyperOS  اقلام همراهدفترچه راهنما /
کابل شارژ مگنتی","شیائومی"
"1771408972-422","https://www.digikala.com/search/category-wearable-gadget/","ساعت هوشمند شیائومی مدل Redmi Watch 5 Active دارای قابلیت های قابلیت مکالمه از طریق بلوتوث، قابلیت تغییر طرح ساعت یا تم بند پلاستیک","۴,۲۵۰,۰۰۰","","","۴.۴","تنها ۲ عدد در انبار باقی مانده","","","","ساعت هوشمند شیائومی مدل Redmi Watch 5 Active دارای قابلیت های قابلیت مکالمه از طریق بلوتوث، قابلیت تغییر طرح ساعت یا تم بند پلاستیکتنها ۲ عدد در انبار باقی مانده
۴.۴۴,۲۵۰,۰۰۰","https://www.digikala.com/product/dkp-16835001/%D8%B3%D8%A7%D8%B9%D8%AA-%D9%87%D9%88%D8%B4%D9%85%D9%86%D8%AF-%D8%B4%DB%8C%D8%A7%D8%A6%D9%88%D9%85%DB%8C-%D9%85%D8%AF%D9%84-redmi-watch-5-active-%D8%AF%D8%A7%D8%B1%D8%A7%DB%8C-%D9%82%D8%A7%D8%A8%D9%84%DB%8C%D8%AA-%D9%87%D8%A7%DB%8C-%D9%82%D8%A7%D8%A8%D9%84%DB%8C%D8%AA-%D9%85%DA%A9%D8%A7%D9%84%D9%85%D9%87-%D8%A7%D8%B2-%D8%B7%D8%B1%DB%8C%D9%82-%D8%A8%D9%84%D9%88%D8%AA%D9%88%D8%AB-%D9%82%D8%A7%D8%A8%D9%84%DB%8C%D8%AA-%D8%AA%D8%BA%DB%8C%DB%8C%D8%B1-%D8%B7%D8%B1%D8%AD-%D8%B3%D8%A7%D8%B9%D8%AA-%DB%8C%D8%A7-%D8%AA%D9%85-%D8%A8%D9%86%D8%AF-%D9%BE%D9%84%D8%A7%D8%B3%D8%AA%DB%8C%DA%A9/","۴.۴","۲۳۹۳ دیدگاه","عالی","ساعت هوشمند شیائومی مدل Redmi Watch 5 Active دارای قابلیت های قابلیت مکالمه از طریق بلوتوث، قابلیت تغییر طرح ساعت یا تم بند پلاستیک","۵,۴۰۵,۷۰۰","۸۹.۶%","https://dkstatics-public.digikala.com/digikala-products/9cb8e1239979d4d3766c3519fff4b5f3a0643d6d_1747411376.jpg?x-oss-process=image/resize,m_lfit,h_800,w_800/quality,q_90
https://dkstatics-public.digikala.com/digikala-products/9cb8e1239979d4d3766c3519fff4b5f3a0643d6d_1747411376.jpg?x-oss-process=image/resize,m_lfit,h_800,w_800/quality,q_90
https://dkstatics-public.digikala.com/digikala-products/446b864048e5dbab07262e6df982de57fdb03aa0_1748873324.jpg?x-oss-process=image/resize,m_lfit,h_800,w_800/quality,q_90
https://dkstatics-public.digikala.com/digikala-products/70035fe8d09092f46f0473ed211615be33afacb7_1748873197.jpg?x-oss-process=image/resize,m_lfit,h_800,w_800/quality,q_90
https://dkstatics-public.digikala.com/digikala-products/9cb8e1239979d4d3766c3519fff4b5f3a0643d6d_1747411376.jpg?x-oss-process=image/resize,m_lfit,h_800,w_800/quality,q_90","","مشکینقره ای","ویژگی‌هانوع کاربریورزشی، روزمرهورزشی، روزمرهفرم صفحهمستطیلمستطیلجنس بندپلاستیکپلاستیکمشاهده همه ویژگی‌ها","ساعت هوشمند شیائومی مدل Redmi Watch 5 Active انتخابی حرفه‌ای، کاربردی و در عین حال جذاب برای آقایان و بانوان است که به دنبال ترکیبی از زیبایی، عملکرد و امکانات متنوع در یک ساعت هوشمند هستند. این مدل با طراحی مستطیلی و صفحه‌ نمایش ۲ اینچی LCD، ظاهری مدرن دارد. این محصول شیائومی در عین سادگی، جلوه‌ای شیک برای استفاده روزمره، رسمی و ورزشی به همراه دارد. بدنه‌ی ساعت از آلیاژ مقاوم روی ساخته شده است و بند پلاستیکی با قفل مخفی، حس راحتی و ثبات را هنگام استفاده ایجاد می‌کند. پشتیبان ...","مشخصاتمناسب برایآقایان و بانوان سازگار با سیستم عاملAndroid iOS توضیحات سازگاریسازگار با اندروید نسخه‌ی ۸.۰ و بالاتر و iOS نسخه‌ی ۱۲.۰ و بالاتر /
پشتیبانی از اپلیکیشن Mi Fitness (Xiaomi Wear) /
سازگار با Strava و Apple Health App زبان‌های قابل پشتیبانی در اعلان و پیامفارسی انگلیسی نوع کاربریورزشی روزمره قابلیت‌های ساعت هوشمندقابلیت مکالمه از طریق بلوتوث قابلیت تغییر طرح ساعت یا تم سایز قاب ساعت هوشمند۴۹ میلی‌متر ابعاد قاب۴۹.۱x۴۰.۴x۱۱.۴ میلی‌مترضخامت قاب۱۱.۴ میلی‌متروزن۴۲.۲ گرمفرم صفحهمستطیل قابلیت‌های مقاومتیمقاوم در برابر نفوذ آب جنس بدنهآلیاژ روی قابلیت تعویض بنددارد توضیحات جنس بدنهقاب فلزی با پوشش مات، پشت پلاستیکی (محل قرارگیری حسگرها) جنس بندپلاستیک نوع قفل بندقفل مخفی توضیحات رنگ بند و بدنهبند با جنس TPU نوع صفحه نمایش اصلیIPS LCD اندازه صفحه نمایش۲ اینچرزولوشن صفحه نمایش۳۲۰x۳۸۵ روشنایی صفحه نمایش۵۰۰ نیتتراکم پیکسلی صفحه نمایش۲۵۰ پیکسل بر اینچسایر مشخصات صفحه نمایشروشنایی صفحه نمایش تا ۵۰۰ نیت حسگرهای حرکتی و محیطیشتاب سنج (Accelerometer) امکانات ورزشیپشتیبانی از تمرینات مختلف ورزشی محاسبه میزان کالری مصرفی سنسورهای ورزشی و سلامتیشمارنده ضربان قلب سنجش اکسیژن خون سنجش سطح استرس سنجش کیفیت خواب نظارت بر سیکل ماهیانه بانوان نسخه بلوتوث۵.۳ توضیحات دوربینفاقد دوربین اتصالاتBluetooth نوع باتریلیتیوم پلیمری ظرفیت باتری۴۷۰ میلی آمپر ساعتنحوه شارژ ساعت هوشمندکابل مغناطیسی قابلیت های ویژهقابلیت پاسخ یا رد کردن تماس /
ثبت سابقه تماس تا ۳۰ تماس ورودی /
 دارای ۱۴۰ حالت ورزشی /
مجهز به ۳ میکروفون /
دارای IPX۸ / مقاومت در برابر آب ۵ATM
دارای آهنگ های زنگ قابل تنظیم  اقلام همراهدفترچه راهنما / بند / کابل شارژ مغناطیسی  توضیحات شارژدهیتا ۱۸ روز در حالت استفاده عادی و تا ۱۲ روز در حالت استفاده سنگین","شیائومی"
"1771408974-423","https://www.digikala.com/search/category-wearable-gadget/","ساعت هوشمند 48.4 میلیمتری هایلو مدل Solar Neo با بند سیلیکونی","۵,۲۵۰,۰۰۰","","","۴.۲","تنها ۱ عدد در انبار باقی مانده","","","","ساعت هوشمند 48.4 میلیمتری هایلو مدل Solar Neo با بند سیلیکونیتنها ۱ عدد در انبار باقی مانده
۴.۲۵,۲۵۰,۰۰۰","https://www.digikala.com/product/dkp-16551973/%D8%B3%D8%A7%D8%B9%D8%AA-%D9%87%D9%88%D8%B4%D9%85%D9%86%D8%AF-484-%D9%85%DB%8C%D9%84%DB%8C%D9%85%D8%AA%D8%B1%DB%8C-%D9%87%D8%A7%DB%8C%D9%84%D9%88-%D9%85%D8%AF%D9%84-solar-neo-%D8%A8%D8%A7-%D8%A8%D9%86%D8%AF-%D8%B3%DB%8C%D9%84%DB%8C%DA%A9%D9%88%D9%86%DB%8C/","۴.۲","۵۷ دیدگاه","عالی","ساعت هوشمند 48.4 میلیمتری هایلو مدل Solar Neo با بند سیلیکونی","۳,۸۹۰,۰۰۰","","https://dkstatics-public.digikala.com/digikala-products/bd9e13d9a7b14412749bedf5606ae11d908650d8_1752496801.jpg?x-oss-process=image/resize,m_lfit,h_800,w_800/quality,q_90
https://dkstatics-public.digikala.com/digikala-products/1c32480024e892b786fb6d4019ec05eaf9ece3ce_1724750655.jpg?x-oss-process=image/resize,m_lfit,h_800,w_800/quality,q_90
https://dkstatics-public.digikala.com/digikala-products/9b89b04e9bfc87a6d6b92caa40f4ccb2ce556a10_1724750655.jpg?x-oss-process=image/resize,m_lfit,h_800,w_800/quality,q_90
https://dkstatics-public.digikala.com/digikala-products/bd9e13d9a7b14412749bedf5606ae11d908650d8_1752496801.jpg?x-oss-process=image/resize,m_lfit,h_800,w_800/quality,q_90","","نقره ایمشکی","ویژگی‌هانوع کاربریورزشی، رسمی، روزمرهورزشی، رسمی، روزمرهفرم صفحهدایرهدایرهجنس بندسیلیکونسیلیکونمشاهده همه ویژگی‌ها","","مشخصاتمناسب برایآقایان و بانوان سازگار با سیستم عاملAndroid iOS توضیحات سازگاریسازگاری با گوشی‌های دارای سیستم عامل اندروید ۶.۰ / iOS ۱۱.۰ به بالا نوع کاربریورزشی رسمی روزمره قابلیت‌های ساعت هوشمندقابلیت تغییر طرح ساعت یا تم قابلیت مکالمه از طریق بلوتوث سایز قاب ساعت هوشمند۴۸ میلی‌متر ابعاد قاب۴۸.۴x۴۸.۴ میلی‌مترضخامت قاب۱۱.۵ میلی‌متروزن۴۸ گرمفرم صفحهدایره قابلیت‌های مقاومتیمقاوم در برابر نفوذ آب مقاوم در برابر نفوذ گرد و غبار جنس بدنهفلز قابلیت تعویض بنددارد جنس بندسیلیکون نوع قفل بندسگکی ساده اندازه صفحه نمایش۱.۵۳ اینچرزولوشن صفحه نمایش۳۶۰x۳۶۰ سایر مشخصات صفحه نمایشنمایشگر TFT حسگرهای حرکتی و محیطیگام‌شمار (Pedometer) سنسورهای ورزشی و سلامتیشمارنده ضربان قلب سنجش اکسیژن خون تشخیص حرکات دست سایر مشخصات سخت افزاریمدت زمان شارژدهی تا ۷ روز (استفاده‌ی عادی)  اتصالاتBluetooth ظرفیت باتری۳۰۰ میلی آمپر ساعتنحوه شارژ ساعت هوشمندکابل مغناطیسی قابلیت های ویژهنسخه‌ی بلوتوث ۵.۳ /
تاج چرخشی ارتقا یافته /
گواهی IP۶۸ مقاومت در برابر آب /
۱۲۷ حالت مختلف ورزشی /
سنسور تشخیص حرکت /
 اقلام همراهدفترچه‌ راهنما /","هایلو"
"1771408977-424","https://www.digikala.com/search/category-wearable-gadget/","ساعت هوشمند 45 میلی‌متری کیویر مدل KW 27 Max با بند سیلیکونی","۷۲۰,۷۲۰","۹۳۶,۰۰۰","۲۳٪","۴.۲","ارسال فروشنده","","","","ساعت هوشمند 45 میلی‌متری کیویر مدل KW 27 Max با بند سیلیکونیارسال فروشنده
۴.۲۲۳٪۷۲۰,۷۲۰۹۳۶,۰۰۰","https://www.digikala.com/product/dkp-20785784/%D8%B3%D8%A7%D8%B9%D8%AA-%D9%87%D9%88%D8%B4%D9%85%D9%86%D8%AF-45-%D9%85%DB%8C%D9%84%DB%8C%D9%85%D8%AA%D8%B1%DB%8C-%DA%A9%DB%8C%D9%88%DB%8C%D8%B1-%D9%85%D8%AF%D9%84-kw-27-max-%D8%A8%D8%A7-%D8%A8%D9%86%D8%AF-%D8%B3%DB%8C%D9%84%DB%8C%DA%A9%D9%88%D9%86%DB%8C/","۴.۲","۱۲ دیدگاه","عالی","ساعت هوشمند 45 میلی‌متری کیویر مدل KW 27 Max با بند سیلیکونی","۶۸۹,۶۰۰","","https://dkstatics-public.digikala.com/digikala-products/63a0adc2d83d73286dcf148f79a214ab0bb70d90_1762611082.jpg?x-oss-process=image/resize,m_lfit,h_800,w_800/quality,q_90
https://dkstatics-public.digikala.com/digikala-products/73c880baf6728e495451ab3206919a50f2b5badb_1762611015.jpg?x-oss-process=image/resize,m_lfit,h_800,w_800/quality,q_90
https://dkstatics-public.digikala.com/digikala-products/61c2fb63477d76a74b583e8e62c7a37ddb9f2c84_1762611015.jpg?x-oss-process=image/resize,m_lfit,h_800,w_800/quality,q_90
https://dkstatics-public.digikala.com/digikala-products/63a0adc2d83d73286dcf148f79a214ab0bb70d90_1762611082.jpg?x-oss-process=image/resize,m_lfit,h_800,w_800/quality,q_90","","مشکیسرمه اینقره ایسبز تیرهمشکی براقیشمی","ویژگی‌هانوع کاربریورزشی، روزمرهورزشی، روزمرهفرم صفحهمستطیلمستطیلجنس بندسیلیکونسیلیکونمشاهده همه ویژگی‌ها","","مشخصاتمناسب برایآقایان و بانوان سازگار با سیستم عاملAndroid iOS توضیحات سازگاریاندروید و آیفون با اپلیکیشن Fere Fit زبان‌های قابل پشتیبانی در اعلان و پیامانگلیسی نوع کاربریورزشی روزمره قابلیت‌های ساعت هوشمندکنترل موسیقی (Music Player) پشتیبانی از دستیار صوتی قابلیت تغییر طرح ساعت یا تم قابلیت مکالمه از طریق بلوتوث سایز قاب ساعت هوشمند۴۵ میلی‌متر ابعاد قاب۵۰x۴۰ میلی‌مترضخامت قاب۱۰ میلی‌مترتکنولوژی‌های مکان‌یابی (GPS)GPS عرض قاب۴۰ میلی‌متروزن۳۵ گرمفرم صفحهمستطیل قابلیت‌های مقاومتیبدون قابلیت مقاومتی جنس بدنهفلز قابلیت تعویض بنددارد جنس بندسیلیکون نوع قفل بندسگکی ساده اندازه صفحه نمایش۱.۷۵ اینچحسگرهای حرکتی و محیطیگام‌شمار (Pedometer) امکانات ورزشیپشتیبانی از تمرینات مختلف ورزشی سنسورهای ورزشی و سلامتیشمارنده ضربان قلب سنجش اکسیژن خون سنجش کیفیت خواب اتصالاتBluetooth نحوه شارژ ساعت هوشمندکابل مغناطیسی اقلام همراهپنج عدد بند","کیکویر"
"1771408979-425","https://www.digikala.com/search/category-wearable-gadget/","مچ بند هوشمند 46 میلی‌متری شیائومی مدل Band 10 با بند سیلیکونی","۶,۴۲۰,۰۰۰","","","۴.۷","ارسال سریع دیجی‌کالا","","","","مچ بند هوشمند 46 میلی‌متری شیائومی مدل Band 10 با بند سیلیکونیارسال سریع دیجی‌کالا
۴.۷۶,۴۲۰,۰۰۰","https://www.digikala.com/product/dkp-20126816/%D9%85%DA%86-%D8%A8%D9%86%D8%AF-%D9%87%D9%88%D8%B4%D9%85%D9%86%D8%AF-46-%D9%85%DB%8C%D9%84%DB%8C%D9%85%D8%AA%D8%B1%DB%8C-%D8%B4%DB%8C%D8%A7%D8%A6%D9%88%D9%85%DB%8C-%D9%85%D8%AF%D9%84-band-10-%D8%A8%D8%A7-%D8%A8%D9%86%D8%AF-%D8%B3%DB%8C%D9%84%DB%8C%DA%A9%D9%88%D9%86%DB%8C/","۴.۷","۲۱۲ دیدگاه","عالی","مچ بند هوشمند 46 میلی‌متری شیائومی مدل Band 10 با بند سیلیکونی","۶,۳۴۹,۰۰۰","۹۱.۴%","https://dkstatics-public.digikala.com/digikala-products/62e388f430d5545e174c7ebff928914fb1df3fbf_1755702342.jpg?x-oss-process=image/resize,m_lfit,h_800,w_800/quality,q_90
https://dkstatics-public.digikala.com/digikala-products/c12adfe98eba7270a83a6301a056bd4eca02b742_1754920095.jpg?x-oss-process=image/resize,m_lfit,h_800,w_800/quality,q_90
https://dkstatics-public.digikala.com/digikala-products/d3621d2779e199355ce54a0203bba083629c635e_1754920096.jpg?x-oss-process=image/resize,m_lfit,h_800,w_800/quality,q_90
https://dkstatics-public.digikala.com/digikala-products/62e388f430d5545e174c7ebff928914fb1df3fbf_1755702342.jpg?x-oss-process=image/resize,m_lfit,h_800,w_800/quality,q_90","","مشکینقره ای","ویژگی‌هانوع کاربریروزمره، ورزشیروزمره، ورزشیجنس بندسیلیکونسیلیکونفرم صفحهمستطیلمستطیلمشاهده همه ویژگی‌ها","","مشخصاتنوع مچ بند هوشمنددارای صفحه نمایش مناسب برایآقایان و بانوان نوع کاربریروزمره ورزشی سازگار با سیستم عاملAndroid iOS توضیحات سازگاریسازگار با اندروید ۸ یا iOS ۱۴ و بالاتر هشدار هاهشدار بی‌تحرکی، آلارم‌، نوتیفیکیشن تماس و پیام، ویبره قابل تنظیم قابلیت‌های مقاومتیمقاوم در برابر نفوذ آب مقاوم در برابر نفوذ گرد و غبار ابعاد قاب۴۶.۵۷×۲۲.۵۴×۱۰.۹۵ میلی‌مترضخامت قاب۱۰.۹۵ میلی‌مترعرض قاب۲۲.۵۴ میلی متروزن۱۵.۹۵ گرمجنس بدنهآلومینیوم جنس بندسیلیکون نوع قفل بندسگکی ساده قابلیت تعویض بنددارد فرم صفحهمستطیل نوع صفحه نمایشصفحه نمایش AMOLED لمسی با نرخ نوسازی ۶۰ هرتز اندازه صفحه نمایش بر اساس اینچ۱.۷۲ اینچتراکم پیکسلی صفحه نمایش۳۲۶ پیکسل بر اینچروشنایی صفحه نمایش۱۵۰۰ نیتنحوه شارژ مچ‌بند هوشمندکابل مغناطیسی منبع شارژشارژر مغناطیسی یا داک اختصاصی + کابل USB اتصالاتBluetooth حسگرهای حرکتی و محیطیشتاب سنج (Accelerometer) ژیروسکوپ (Gyroscope) تشخیص نور محیط رزولوشن صفحه نمایش۲۱۲ × ۵۲۰ سنسورهای ورزشی و سلامتیشمارنده ضربان قلب سنجش کیفیت خواب سنجش سطح استرس ظرفیت باتری۲۳۳ میلی آمپر ساعتنوع باتریلیتیوم پلیمری سایر ویژگی‌هابیش از ۱۵۰ حالت ورزشی با تشخیص خودکار ۶ فعالیت؛ مانیتورینگ پیشرفته خواب با راهنمایی شخصی‌سازی‌شده؛ کنترل دستگاه‌های هوشمند با HyperOS ۲ و Smart Hub؛ نوتیفیکیشن، زنگ هشدار، یادآور، ویبره قابل تنظیم، بازی‌های کوچک، بیش از ۲۰۰ واچ‌فیس قابل انتخاب مدت زمان شارژ شدن۱ ساعت","شیائومی"
"1771408981-426","https://www.digikala.com/search/category-wearable-gadget/","مچ بند هوشمند شیائومی مدل Mi Band 8 گلوبال","۴,۴۶۱,۰۰۰","","","۴.۵","ارسال سریع دیجی‌کالا","","","","مچ بند هوشمند شیائومی مدل Mi Band 8 گلوبالارسال سریع دیجی‌کالا
۴.۵۴,۴۶۱,۰۰۰","https://www.digikala.com/product/dkp-14359898/%D9%85%DA%86-%D8%A8%D9%86%D8%AF-%D9%87%D9%88%D8%B4%D9%85%D9%86%D8%AF-%D8%B4%DB%8C%D8%A7%D8%A6%D9%88%D9%85%DB%8C-%D9%85%D8%AF%D9%84-mi-band-8-%DA%AF%D9%84%D9%88%D8%A8%D8%A7%D9%84/","۴.۵","۱۱۷۴ دیدگاه","عالی","مچ بند هوشمند شیائومی مدل Mi Band 8 گلوبال","۴,۴۶۱,۰۰۰","۸۹.۶%","https://dkstatics-public.digikala.com/digikala-products/fe24e46c2ed3e72590144384308cfc14e84b4605_1707326921.jpg?x-oss-process=image/resize,m_lfit,h_800,w_800/quality,q_90
https://dkstatics-public.digikala.com/digikala-products/fe24e46c2ed3e72590144384308cfc14e84b4605_1707326921.jpg?x-oss-process=image/resize,m_lfit,h_800,w_800/quality,q_90
https://dkstatics-public.digikala.com/digikala-products/a2cdb44c459e59eb09164cd80b385fb8ef41b595_1707326921.jpg?x-oss-process=image/resize,m_lfit,h_800,w_800/quality,q_90
https://dkstatics-public.digikala.com/digikala-products/c25f1decbe40c6efdfcbaccefe58e730c16bfbca_1707326921.jpg?x-oss-process=image/resize,m_lfit,h_800,w_800/quality,q_90
https://dkstatics-public.digikala.com/digikala-products/fe24e46c2ed3e72590144384308cfc14e84b4605_1707326921.jpg?x-oss-process=image/resize,m_lfit,h_800,w_800/quality,q_90","","مشکیطلایی","ویژگی‌هانوع کاربریورزشی، رسمی، روزمرهورزشی، رسمی، روزمرهجنس بندسیلیکونسیلیکونفرم صفحهبیضیبیضیمشاهده همه ویژگی‌ها","در دنیای فناوری امروز، دستبندهای هوشمند نقش مهمی را در زندگی افراد ایفا می‌کنند. این ابزارهای پوشیدنی با ارائه طیف گسترده‌ای از ویژگی‌ها و قابلیت‌ها، به کاربران کمک می‌کنند تا به طور موثرتری به مدیریت سلامت، ورزش و ارتباطات خود بپردازند. در میان این دستبندهای هوشمند، Mi Band 8 شیائومی به‌عنوان یکی از پیشرفته‌ترین و کاربردی‌ترین محصولات در این زمینه شناخته می‌شود.
Mi Band 8 با طراحی زیبا و مدرن خود، از اولین نگاه نظر هر بیننده‌ای را به خود جلب می‌کند. این دستبند هوشمند با است ...","مشخصاتنوع مچ بند هوشمنددارای صفحه نمایش نوع کاربریورزشی رسمی روزمره قابلیت‌های مقاومتیمقاوم در برابر نفوذ آب جنس بندسیلیکون نوع قفل بندپین‌بند قابلیت تعویض بنددارد فرم صفحهبیضی نوع صفحه نمایشAMOLED اندازه صفحه نمایش بر اساس اینچ۱.۶۲ اینچتراکم پیکسلی صفحه نمایش۳۲۶ پیکسل بر اینچاتصالاتBluetooth ابعاد۴.۸x۲.۲۵x۱.۱ سانتی‌متر اقلام همراهشارژر / دفترچه راهنما حس‌گرهاشمارنده ضربان قلب (Heart Rate) سنجش اکسیژن خون (SPO۲) رزولوشن صفحه نمایش۱۹۲x۴۹۰ پیکسل ظرفیت باتری۱۹۰ میلی آمپر ساعتنوع باتریلیتیوم پلیمری سایر ویژگی‌هانسخه گلوبال و پشتیبانی از زبان فارسی /
وزن: ۲۷ گرم /
جنس بدنه: پنل پشتی پلاستیک، پنل لمسی شیشه‌ ای، فریم آلیاژ آلومینیوم /
گواهی IP۶۵ مقاومت در برابر آب تا عمق ۵۰ متری (۵ATM) /
قابلیت تغییر طرح ساعت (Watch Face) /
روشنایی: ۶۰۰ نیت /
بلوتوث نسخه ۵.۱ /
زمان شارژ شدن: یک ساعت /
شارژدهی: استفاده معمولی تا ۱۶ روز، با روشن بودن عملکرد AOD حدود ۶ روز /
پشتیبانی از بیش از ۱۵۰ حالت ورزشی /
پایش وضعیت خواب، پایش وضعیت سلامت بانوان، پایش وضعیت تناسب اندام /
دارای بازی /
نمایش اعلان های گوشی و تقویم /
نمایش روز و ساعت","شیائومی"
"1771408983-427","https://www.digikala.com/search/category-wearable-gadget/","مچ بند هوشمند سامسونگ مدل Galaxy Fit3","۵,۸۹۰,۰۰۰","","","۴.۶","&nbsp;","","","","مچ بند هوشمند سامسونگ مدل Galaxy Fit3&nbsp;
۴.۶۵,۸۹۰,۰۰۰","https://www.digikala.com/product/dkp-14506046/%D9%85%DA%86-%D8%A8%D9%86%D8%AF-%D9%87%D9%88%D8%B4%D9%85%D9%86%D8%AF-%D8%B3%D8%A7%D9%85%D8%B3%D9%88%D9%86%DA%AF-%D9%85%D8%AF%D9%84-galaxy-fit3/","۴.۶","۹۰۹ دیدگاه","عالی","مچ بند هوشمند سامسونگ مدل Galaxy Fit3","۵,۲۷۰,۰۰۰","۸۰%","https://dkstatics-public.digikala.com/digikala-products/327bd87ee0231a686f7f3065d3f6b9715b70eac9_1708424773.jpg?x-oss-process=image/resize,m_lfit,h_800,w_800/quality,q_90
https://dkstatics-public.digikala.com/digikala-products/327bd87ee0231a686f7f3065d3f6b9715b70eac9_1708424773.jpg?x-oss-process=image/resize,m_lfit,h_800,w_800/quality,q_90
https://dkstatics-public.digikala.com/digikala-products/4f38e827ab01ae3d95f941069d38199bd3475fc9_1741377430.jpg?x-oss-process=image/resize,m_lfit,h_800,w_800/quality,q_90
https://dkstatics-public.digikala.com/digikala-products/1518bcacb945ae2f2f991e68953c2f7312050a17_1708424773.jpg?x-oss-process=image/resize,m_lfit,h_800,w_800/quality,q_90
https://dkstatics-public.digikala.com/digikala-products/327bd87ee0231a686f7f3065d3f6b9715b70eac9_1708424773.jpg?x-oss-process=image/resize,m_lfit,h_800,w_800/quality,q_90","","خاکسترینقره ایرز گلدصورتیمشکی","ویژگی‌هانوع کاربریورزشی، روزمرهورزشی، روزمرهجنس بندسیلیکونسیلیکونفرم صفحهمستطیلمستطیلمشاهده همه ویژگی‌ها","مچ بند هوشمند گلکسی فیت 3 از سری محصولات هوشمند سامسونگ است که به کاربران امکانات متنوعی را ارائه می‌دهد. این مچ بند با طراحی زیبا و قابلیت‌های متنوع، مخصوصاً برای علاقمندان به فعالیت‌های ورزشی و ردیابی فعالیت‌های روزمره، گزینه‌ی جذابی به نظر می‌رسد.
یکی از ویژگی‌های برجسته‌ی مچ بند Galaxy Fit3، صفحه نمایش AMOLED با رزولوشن بالا است که به کاربر امکان مشاهده‌ی اطلاعات با کیفیت بالا را می‌دهد. این ویژگی مخصوصاً در زمان استفاده در شرایط نوری متنوع، تجربه‌ی کاربری را بهبود می‌بخ ...","مشخصاتنوع کاربریورزشی روزمره قابلیت‌های مقاومتیمقاوم در برابر نفوذ آب مقاوم در برابر نفوذ گرد و غبار جنس بندسیلیکون نوع قفل بندسگکی ساده فرم صفحهمستطیل نوع صفحه نمایشAMOLED اندازه صفحه نمایش بر اساس اینچ۱.۶ اینچاتصالاتBluetooth ابعاد۴۲.۹x۲۸.۸x۹.۹ میلی متر اقلام همراهشارژر وایرلس /
دفترچه راهنما حس‌گرهاقطب‌نما (Compass) شتاب‌سنج (Accelerometer) فشارسنج (Barometer) ژیروسکوپ (Gyro) ارتفاع سنج (Altimeter) گام شمار رزولوشن صفحه نمایش۲۵۶x۴۰۲ فناوری‌های مکان‌یابیGPS ظرفیت باتری۲۰۰ میلی آمپر ساعتنوع باتریلیتیوم یونی سایر ویژگی‌هامقاومت در برابر آب و گرد و غبار","سامسونگ"
"1771408985-428","https://www.digikala.com/search/category-wearable-gadget/","ساعت هوشمند 46 میلی متر وونک مدل Galaxy 8a-26 با بند سیلیکونی","۴,۱۰۰,۰۰۰","۷,۱۸۰,۰۰۰","۴۳٪","","ارسال سریع دیجی‌کالا","سفارشی","","","سفارشی

ساعت هوشمند 46 میلی متر وونک مدل Galaxy 8a-26 با بند سیلیکونیارسال سریع دیجی‌کالا
۴۳٪۴,۱۰۰,۰۰۰۷,۱۸۰,۰۰۰","https://www.digikala.com/product/dkp-21236988/%D8%B3%D8%A7%D8%B9%D8%AA-%D9%87%D9%88%D8%B4%D9%85%D9%86%D8%AF-46-%D9%85%DB%8C%D9%84%DB%8C-%D9%85%D8%AA%D8%B1-%D9%88%D9%88%D9%86%DA%A9-%D9%85%D8%AF%D9%84-galaxy-8a-26-%D8%A8%D8%A7-%D8%A8%D9%86%D8%AF-%D8%B3%DB%8C%D9%84%DB%8C%DA%A9%D9%88%D9%86%DB%8C/?ad_variant_id=76195831","۴.۲","۵۰ دیدگاه","عالی","ساعت هوشمند 46 میلی متر وونک مدل Galaxy 8a-26 با بند سیلیکونی","۷,۱۸۰,۰۰۰","۸۱.۴%","https://dkstatics-public.digikala.com/digikala-products/daa2335c9403f35ce28d184a34330f941e7c1bfd_1767771420.jpg?x-oss-process=image/resize,m_lfit,h_800,w_800/quality,q_90
https://dkstatics-public.digikala.com/digikala-products/daa2335c9403f35ce28d184a34330f941e7c1bfd_1767771420.jpg?x-oss-process=image/resize,m_lfit,h_800,w_800/quality,q_90
https://dkstatics-public.digikala.com/digikala-products/d2581430c3ccd5aded505f1df47feba895d86991_1767775191.jpg?x-oss-process=image/resize,m_lfit,h_800,w_800/quality,q_90
https://dkstatics-public.digikala.com/digikala-products/b9ee2f7f4fa15a364e9b8e84e9927d1234da46ff_1767775190.jpg?x-oss-process=image/resize,m_lfit,h_800,w_800/quality,q_90
https://dkstatics-public.digikala.com/digikala-products/daa2335c9403f35ce28d184a34330f941e7c1bfd_1767771420.jpg?x-oss-process=image/resize,m_lfit,h_800,w_800/quality,q_90","","سفیدمشکی","ویژگی‌هانوع کاربریورزشی، رسمی، روزمرهورزشی، رسمی، روزمرهفرم صفحهدایرهدایرهجنس بندسیلیکونسیلیکونمشاهده همه ویژگی‌ها","ساعت هوشمند Galaxy Watch 8 از برند VONK که با بند سیلیکونی سگکی و فیس واچ های متفاوت, تجربه‌ای شیک و حرفه‌ای برای کاربران فراهم می‌کند. این ساعت با قاب ۴۶ میلی‌متری فلز، ضخامت ۱۰.۶ میلی‌متر و وزن 38 گرم، ترکیبی از ظرافت و استحکام را ارائه می‌دهد. فرم دایره‌ای صفحه و شیشه ای، مقاومت بالا در برابر خط و خش، پاشش آب و گرد و غبار را تضمین می‌کند، در حالی که سیلیکونی قابل تعویض با بند های چرمی و...،  امکان شخصی‌سازی و ست کردن با لباس را فراهم می‌آورد. صفحه نمایش ۱.۳۴ اینچی، تصاویر  ...","مشخصاتمناسب برایآقایان و بانوان سازگار با سیستم عاملAndroid iOS توضیحات سازگاریسازگار با Android و iOS زبان‌های قابل پشتیبانی در اعلان و پیامفارسی انگلیسی چینی عربی هشدار هادر محیط‌های مرطوب یا دارای آب، شارژ نکنید.
اطمینان حاصل کنید که قسمت پشت ساعت تمیز بوده و به‌طور کامل با سطح شارژر بی‌سیم در تماس است.
به‌طور منظم پشت ساعت و سطح شارژر بی‌سیم را با یک پارچه‌ی نرم و تمیز (مثل فلانل) پاک کنید تا تماس کامل و شارژ طبیعی برقرار شود.
این محصول آداپتور برق ندارد. برای ایمنی، می‌توانید از درگاه USB کامپیوتر استفاده کنید یا آداپتوری با ولتاژ خروجی حداکثر ۵ ولت و ۱ آمپر تهیه کنید. لطفاً آداپتور را از منابع معتبر بخرید و از آداپتورهای بی‌کیفیت یا تقلبی خودداری کنید تا از خطر آتش‌سوزی یا انفجار جلوگیری شود.
باتری یا پک باتری نباید در معرض دمای بالا قرار گیرد.
در صورت تعویض باتری با نوع نامناسب، خطر انفجار وجود دارد. باتری‌های مصرف‌شده را مطابق دستورالعمل‌های مربوطه دور بیندازید. نوع کاربریورزشی رسمی روزمره قابلیت‌های ساعت هوشمندکنترل موسیقی (Music Player) قابلیت مکالمه از طریق بلوتوث پشتیبانی از زبان فارسی در منو و سیستم‌عامل قابلیت تغییر طرح ساعت یا تم صفحه همیشه روشن (Always-on Display) پشتیبانی از دستیار صوتی سایز قاب ساعت هوشمند۴۶ میلی‌متر وزن۳۸ گرمفرم صفحهدایره قابلیت‌های مقاومتیمقاوم در برابر خط و خش مقاوم در برابر نفوذ آب مقاوم در برابر نفوذ گرد و غبار مقاومت در برابر پاشش آب و گرد و غبار جنس بدنهفلز قابلیت تعویض بنددارد توضیحات جنس بدنهآلومینیوم (Aluminum) مقاوم و سبک جنس بندسیلیکون نوع قفل بندسگکی ساده توضیحات رنگ بند و بدنهانتخاب در دو رنگ سفید و مشکی نوع صفحه نمایش اصلیAMOLED اندازه صفحه نمایش۱.۳۴ اینچرزولوشن صفحه نمایش۳۶۰*۳۶۰ حسگرهای حرکتی و محیطیگام‌شمار (Pedometer) پشتیبانی از فرمان‌های حرکتی امکانات ورزشیپشتیبانی از تمرینات مختلف ورزشی محاسبه میزان کالری مصرفی محاسبه مسافت طی شده سنسورهای ورزشی و سلامتیشمارنده ضربان قلب سنجش اکسیژن خون تشخیص حرکات دست سنجش کیفیت خواب اندازه‌گیری فشار خون سیستم عاملWatchOS اتصالاتBluetooth نوع باتریلیتیوم یون نحوه شارژ ساعت هوشمندکابل مغناطیسی مدت زمان شارژ شدن۱ اقلام همراهکابل شارژ وایرلس
دفترچه ی راهنما","وونک"
"1771408988-429","https://www.digikala.com/search/category-wearable-gadget/","ساعت هوشمند 47 میلی متر ریولینک مدل RL-2 pro با سه عدد بند","۳,۱۵۰,۰۰۰","۷,۱۰۰,۰۰۰","۵۶٪","","ارسال سریع دیجی‌کالا","سفارشی","","","سفارشی

ساعت هوشمند 47 میلی متر ریولینک مدل RL-2 pro با سه عدد بندارسال سریع دیجی‌کالا
۵۶٪۳,۱۵۰,۰۰۰۷,۱۰۰,۰۰۰","https://www.digikala.com/product/dkp-20800044/%D8%B3%D8%A7%D8%B9%D8%AA-%D9%87%D9%88%D8%B4%D9%85%D9%86%D8%AF-47-%D9%85%DB%8C%D9%84%DB%8C-%D9%85%D8%AA%D8%B1-%D8%B1%DB%8C%D9%88%D9%84%DB%8C%D9%86%DA%A9-%D9%85%D8%AF%D9%84-rl-2-pro-%D8%A8%D8%A7-%D8%B3%D9%87-%D8%B9%D8%AF%D8%AF-%D8%A8%D9%86%D8%AF/?ad_variant_id=74222101","۴.۱","۵۸ دیدگاه","عالی","ساعت هوشمند 47 میلی متر ریولینک مدل RL-2 pro با سه عدد بند","۷,۱۰۰,۰۰۰","۸۶.۶%","https://dkstatics-public.digikala.com/digikala-products/bc26a91b64d2bfa08fbfaaa1f34902e627c745a4_1761983003.jpg?x-oss-process=image/resize,m_lfit,h_800,w_800/quality,q_90
https://dkstatics-public.digikala.com/digikala-products/c265ca7845b7fc21b930ac0caa445057c739e22c_1761982947.jpg?x-oss-process=image/resize,m_lfit,h_800,w_800/quality,q_90
https://dkstatics-public.digikala.com/digikala-products/2a1e1e62feb4e28e81be422c3e8813d610f686da_1761982947.jpg?x-oss-process=image/resize,m_lfit,h_800,w_800/quality,q_90
https://dkstatics-public.digikala.com/digikala-products/bc26a91b64d2bfa08fbfaaa1f34902e627c745a4_1761983003.jpg?x-oss-process=image/resize,m_lfit,h_800,w_800/quality,q_90","","قرمزمشکیسرمه ای","ویژگی‌هانوع کاربریورزشی، رسمی، روزمرهورزشی، رسمی، روزمرهفرم صفحهدایرهدایرهجنس بندسیلیکونسیلیکونمشاهده همه ویژگی‌ها","","مشخصاتمناسب برایآقایان و بانوان سازگار با سیستم عاملAndroid iOS توضیحات سازگاریسازگار با سیستم عامل های Android و iOS زبان‌های قابل پشتیبانی در اعلان و پیامفارسی انگلیسی چینی هشدار هابرای شارژ این ساعت به هیچ عنوان از شارژر های فست استفاده نکنید و در هنگام حمام کردن و شنا کردن از این ساعت استفاده نکنید نوع کاربریورزشی رسمی روزمره قابلیت‌های ساعت هوشمندکنترل موسیقی (Music Player) قابلیت مکالمه از طریق بلوتوث پشتیبانی از زبان فارسی در منو و سیستم‌عامل قابلیت تغییر طرح ساعت یا تم صفحه همیشه روشن (Always-on Display) قابلیت نصب اپلیکیشن سایز قاب ساعت هوشمند۴۷ میلی‌متر وزن۴۵ گرمفرم صفحهدایره قابلیت‌های مقاومتیمقاومت در برابر پاشش آب و گرد و غبار جنس بدنهآلومینیوم قابلیت تعویض بنددارد توضیحات جنس بدنهزیر از پلاستیک محکم و بزل از جنس فلز جنس بندسیلیکون نوع قفل بندسگکی ساده توضیحات رنگ بند و بدنهرنگ این ساعت مشکی است و انتخاب رنگ به خاطر بند اضافه ی آن است نوع صفحه نمایش اصلیTFT اندازه صفحه نمایش۱.۴۶ اینچرزولوشن صفحه نمایش۳۶۰*۳۶۰ تراکم پیکسلی صفحه نمایش۳۶۰*۳۶۰ پیکسل بر اینچسایر مشخصات صفحه نمایشصفحه نمایش ۳۷ میلیمتر با رزولیشن ۳۶۰*۳۶۰ چند لمسی با قابلیت تغییر نور صفحه نمایش حسگرهای حرکتی و محیطیفشار سنج (Barometer) دماسنج (Thermometer) گام‌شمار (Pedometer) سنسورهای ورزشی و سلامتیشمارنده ضربان قلب سنجش دمای بدن اندازه‌گیری فشار خون پردازندهJL۷۰۱۲F سایر مشخصات سخت افزاریدارای سنسور ضربان قلب
دما سنج
ردیاب
 سنسور خواب
گشتاور برای ردیابی فعالیت فیزیکی و حرکات بدن
اسپیکر
ویبراتور اتصالاتBluetooth نوع باتریلیتیوم یون نحوه شارژ ساعت هوشمندکابل مغناطیسی مدت زمان شارژ شدن۱ قابلیت های ویژه- صفحه نمایش رنگی
- صفحه نمایش لمسی
- کنترل موسیقی Music Player
- دارای اسپیکر
- کنترل سطح اکسیژن خون
- قابلیت مکالمه مستقیم 
- قابلیت مکالمه از طریق بلوتوث
- قابلیت استفاده از زبان فارسی در منو سیستم عامل
- قابلیت تغییر طرح ساعت یا تم
- صلوات شمار
- ماشین حساب
- زنگ هشدار
- زمان سنج اقلام همراهساعت هوشمند RL۲ pro
 دو عدد بند سیلیکونی ضد حساسیت و یک عدد بند چرمی
کابل شارژ وایرلس 
دفترچه راهنما","ریولینک"
"1771408990-430","https://www.digikala.com/search/category-wearable-gadget/","گام شمار ماراتن مدل دیجیتال","۲۹۹,۰۰۰","","","۳.۵","&nbsp;","","https://dkstatics-public.digikala.com/digikala-products/9a7ddac7ed8699f16f07f35e7bc72408f0143b4b_1621938758.jpg?x-oss-process=image/resize,m_lfit,h_300,w_300/quality,q_80","","گام شمار ماراتن مدل دیجیتال&nbsp;
۳.۵۲۹۹,۰۰۰","https://www.digikala.com/product/dkp-5219426/%DA%AF%D8%A7%D9%85-%D8%B4%D9%85%D8%A7%D8%B1-%D9%85%D8%A7%D8%B1%D8%A7%D8%AA%D9%86-%D9%85%D8%AF%D9%84-%D8%AF%DB%8C%D8%AC%DB%8C%D8%AA%D8%A7%D9%84/","۳.۵","۳۳ دیدگاه","عالی","گام شمار ماراتن مدل دیجیتال","۲۹۹,۰۰۰","۶۶.۶%","https://dkstatics-public.digikala.com/digikala-products/9a7ddac7ed8699f16f07f35e7bc72408f0143b4b_1621938758.jpg?x-oss-process=image/resize,m_lfit,h_800,w_800/quality,q_90
https://dkstatics-public.digikala.com/digikala-products/aab54d5369196048190bb814ec8836c6c34413a2_1621938775.jpg?x-oss-process=image/resize,m_lfit,h_800,w_800/quality,q_90
https://dkstatics-public.digikala.com/digikala-products/8d52fc5a06e059863344fbb72e1a73c56fa1dd7a_1621938791.jpg?x-oss-process=image/resize,m_lfit,h_800,w_800/quality,q_90
https://dkstatics-public.digikala.com/digikala-products/9a7ddac7ed8699f16f07f35e7bc72408f0143b4b_1621938758.jpg?x-oss-process=image/resize,m_lfit,h_800,w_800/quality,q_90","","سفید","","با ماراتن برای هر گام خود برنامه ریزی كرده و اشتیاق خود را برای پیاده روی بیشتر نمائید اگر می خواهید وزن کم کنید و یا خود را برای مسابقات آماده کنید این دستگاه ارزان و ساده بسیار به کمک شما خواهد آمد. این دستگاه كوچك و پر قابلیت با بهره گیری از یك شتاب سنج حساس این توانایی را دارد كه تعداد گامهایی كه برداشته اید و همچنین مسافتی را كه پیموده‌اید بطور دقیق اندازه گیری كرده و در نهایت به شما این امکان را می دهد که با توجه به اطلاعاتی مانند وزن و طول گامها میزان كالری مصرف شده خو ...","مشخصاتوزن۲۰ گرمنرم افزار یا اپلیکیشن سازگارندارد لوازم جانبیراهنمای فارسی استفاده از محصول","متفرقه"
"1771408992-431","https://www.digikala.com/search/category-wearable-gadget/","ساعت هوشمند 45 میلی متری مدل KW80 Max با بند سیلیکونی","۸۴۵,۰۰۰","۳,۹۵۰,۰۰۰","۷۹٪","۳.۵","ارسال سریع دیجی‌کالا","","https://dkstatics-public.digikala.com/digikala-products/84cf57a6c7bf45d8b8057f7698122665712e1662_1766585215.jpg?x-oss-process=image/resize,m_lfit,h_300,w_300/quality,q_80","https://www.digikala.com/statics/img/svg/productCard/topBadge/SpecialSell.svg","ساعت هوشمند 45 میلی متری مدل KW80 Max با بند سیلیکونیارسال سریع دیجی‌کالا
۳.۵۷۹٪۸۴۵,۰۰۰۳,۹۵۰,۰۰۰","https://www.digikala.com/product/dkp-21152417/%D8%B3%D8%A7%D8%B9%D8%AA-%D9%87%D9%88%D8%B4%D9%85%D9%86%D8%AF-45-%D9%85%DB%8C%D9%84%DB%8C-%D9%85%D8%AA%D8%B1%DB%8C-%D9%85%D8%AF%D9%84-kw80-max-%D8%A8%D8%A7-%D8%A8%D9%86%D8%AF-%D8%B3%DB%8C%D9%84%DB%8C%DA%A9%D9%88%D9%86%DB%8C/","۳.۵","۱۴۷ دیدگاه","عالی","ساعت هوشمند 45 میلی متری مدل KW80 Max با بند سیلیکونی","۳,۹۵۰,۰۰۰","۶۶.۶%","https://dkstatics-public.digikala.com/digikala-products/84cf57a6c7bf45d8b8057f7698122665712e1662_1766585215.jpg?x-oss-process=image/resize,m_lfit,h_800,w_800/quality,q_90
https://dkstatics-public.digikala.com/digikala-products/0f90950c2d151af132aecf6a4ce9713a90d10260_1766585143.jpg?x-oss-process=image/resize,m_lfit,h_800,w_800/quality,q_90
https://dkstatics-public.digikala.com/digikala-products/f7f611c682302b8b8e50e1d8b6344a9bad11a4b8_1766585175.jpg?x-oss-process=image/resize,m_lfit,h_800,w_800/quality,q_90
https://dkstatics-public.digikala.com/digikala-products/84cf57a6c7bf45d8b8057f7698122665712e1662_1766585215.jpg?x-oss-process=image/resize,m_lfit,h_800,w_800/quality,q_90","","مشکیطلاییمشکی براقصورتینقره ای","ویژگی‌هانوع کاربریورزشی، رسمی، روزمرهورزشی، رسمی، روزمرهفرم صفحهمستطیلمستطیلجنس بندسیلیکونسیلیکونمشاهده همه ویژگی‌ها","ساعت هوشمند KW80 MAX یکی از جدیدترین و پیشرفته‌ترین محصولات این برند است که توانسته با امکانات فراوان و کیفیت ساخت عالی، توجه کاربران را به خود جلب کند. این محصول با طراحی مدرن و ظاهری جذاب، ترکیبی از فناوری پیشرفته و زیبایی را در اختیار شما قرار می‌دهد و با توجه به قیمت مناسب خود، ارزش خرید بالایی دارد. حتی با اینکه مدت زمان زیادی از عرضه آن نمی‌گذرد، استقبال گسترده‌ای از این ساعت هوشمند شده و به سرعت در بازار به یکی از پرفروش‌ترین مدل‌ها تبدیل شده است. یکی از ویژگی‌های برجس ...","مشخصاتمناسب برایکاربری عمومی سازگار با سیستم عاملAndroid iOS توضیحات سازگاریسازگار با سیستم عامل اندروید و IOS (برنامه fere fit) نوع کاربریورزشی رسمی روزمره قابلیت‌های ساعت هوشمندکنترل موسیقی (Music Player) قابلیت مکالمه از طریق بلوتوث پشتیبانی از زبان فارسی در منو و سیستم‌عامل قابلیت تغییر طرح ساعت یا تم سایز قاب ساعت هوشمند۴۵ میلی‌متر وزن۳۹ گرمفرم صفحهمستطیل قابلیت‌های مقاومتیمقاوم در برابر خط و خش مقاوم در برابر نفوذ گرد و غبار جنس بدنهفلز قابلیت تعویض بنددارد جنس بندسیلیکون نوع قفل بندسگکی ساده اندازه صفحه نمایش۲ اینچحسگرهای حرکتی و محیطیگام‌شمار (Pedometer) سنسورهای ورزشی و سلامتیشمارنده ضربان قلب پردازندهدو هسته ای ظرفیت باتری۲۲۰ میلی آمپر میلی آمپر ساعتنحوه شارژ ساعت هوشمندشارژ بی‌سیم مدت زمان شارژ شدن۲ ساعت اقلام همراه۳ عدد بند سیلیکونی در طرح و رنگ های گوناگون ، کابل شارژ وایرلس","متفرقه"
